ISO-10303-21;
HEADER;
FILE_DESCRIPTION ((), '1');
FILE_NAME ('export_illumination.stp', '2019-09-27T11:24:14', ('Unknown'), ('Unknown'), 'HarmonyWare STEP v1.1.9', 'HarmonyWare Translators', '');
FILE_SCHEMA (('CONFIG_CONTROL_DESIGN'));
ENDSEC;

DATA;
#10 = CARTESIAN_POINT ('', (0., 0., 0.));
#20 = CARTESIAN_POINT ('', (0., 0., 100.));
#30 = B_SPLINE_CURVE_WITH_KNOTS ('', 1, (#10, #20), .UNSPECIFIED., .F., .U., (2, 2), (0., 1.), .UNSPECIFIED.);
#40 = CARTESIAN_POINT ('', (0., 0., 100.));
#50 = CARTESIAN_POINT ('', (0., 0., 140.));
#60 = B_SPLINE_CURVE_WITH_KNOTS ('', 1, (#40, #50), .UNSPECIFIED., .F., .U., (2, 2), (0., 1.), .UNSPECIFIED.);
#70 = CARTESIAN_POINT ('', (0., 0., 140.));
#80 = CARTESIAN_POINT ('', (0., 0., 340.));
#90 = B_SPLINE_CURVE_WITH_KNOTS ('', 1, (#70, #80), .UNSPECIFIED., .F., .U., (2, 2), (0., 1.), .UNSPECIFIED.);
#100 = CARTESIAN_POINT ('', (0., 0., 340.));
#110 = CARTESIAN_POINT ('', (0., 0., 380.));
#120 = B_SPLINE_CURVE_WITH_KNOTS ('', 1, (#100, #110), .UNSPECIFIED., .F., .U., (2, 2), (0., 1.), .UNSPECIFIED.);
#130 = CARTESIAN_POINT ('', (0., 0., 380.));
#140 = CARTESIAN_POINT ('', (0., 5.6843418860808E-14, 600.));
#150 = B_SPLINE_CURVE_WITH_KNOTS ('', 1, (#130, #140), .UNSPECIFIED., .F., .U., (2, 2), (0., 1.), .UNSPECIFIED.);
#160 = CARTESIAN_POINT ('', (0., 5.6843418860808E-14, 600.));
#170 = CARTESIAN_POINT ('', (0., -335.814035802347, 653.187718113679));
#180 = B_SPLINE_CURVE_WITH_KNOTS ('', 1, (#160, #170), .UNSPECIFIED., .F., .U., (2, 2), (0., 1.), .UNSPECIFIED.);
#190 = CARTESIAN_POINT ('', (0., -335.814035802347, 653.187718113679));
#200 = CARTESIAN_POINT ('', (0., -335.814035802347, 953.187718113679));
#210 = B_SPLINE_CURVE_WITH_KNOTS ('', 1, (#190, #200), .UNSPECIFIED., .F., .U., (2, 2), (0., 1.), .UNSPECIFIED.);
#220 = CARTESIAN_POINT ('', (0., 1.00503781519379E-7, 0.));
#230 = CARTESIAN_POINT ('', (0., 10.0251100843714, 99.7485848956038));
#240 = B_SPLINE_CURVE_WITH_KNOTS ('', 1, (#220, #230), .UNSPECIFIED., .F., .U., (2, 2), (0., 1.), .UNSPECIFIED.);
#250 = CARTESIAN_POINT ('', (0., 10.0251100843714, 99.7485848956038));
#260 = CARTESIAN_POINT ('', (0., 13.3266606690412, 140.444493647977));
#270 = B_SPLINE_CURVE_WITH_KNOTS ('', 1, (#250, #260), .UNSPECIFIED., .F., .U., (2, 2), (0., 1.), .UNSPECIFIED.);
#280 = CARTESIAN_POINT ('', (0., 13.3266606690412, 140.444493647977));
#290 = CARTESIAN_POINT ('', (0., 48.7297051088986, 341.320181688717));
#300 = B_SPLINE_CURVE_WITH_KNOTS ('', 1, (#280, #290), .UNSPECIFIED., .F., .U., (2, 2), (0., 1.), .UNSPECIFIED.);
#310 = CARTESIAN_POINT ('', (0., 48.7297051088986, 341.320181688717));
#320 = CARTESIAN_POINT ('', (0., 51.9309427446381, 378.500515962931));
#330 = B_SPLINE_CURVE_WITH_KNOTS ('', 1, (#310, #320), .UNSPECIFIED., .F., .U., (2, 2), (0., 1.), .UNSPECIFIED.);
#340 = CARTESIAN_POINT ('', (0., 51.9309427446381, 378.500515962931));
#350 = CARTESIAN_POINT ('', (0., 66.8065288228967, 521.779604714227));
#360 = B_SPLINE_CURVE_WITH_KNOTS ('', 1, (#340, #350), .UNSPECIFIED., .F., .U., (2, 2), (0., 1.), .UNSPECIFIED.);
#370 = CARTESIAN_POINT ('', (0., 66.8065288228967, 521.779604714227));
#380 = CARTESIAN_POINT ('', (0., -237.533828980042, 538.116380598332));
#390 = B_SPLINE_CURVE_WITH_KNOTS ('', 1, (#370, #380), .UNSPECIFIED., .F., .U., (2, 2), (0., 1.), .UNSPECIFIED.);
#400 = CARTESIAN_POINT ('', (0., -237.533828980042, 538.116380598332));
#410 = CARTESIAN_POINT ('', (0., -194.440105648614, 953.187718113679));
#420 = B_SPLINE_CURVE_WITH_KNOTS ('', 1, (#400, #410), .UNSPECIFIED., .F., .U., (2, 2), (0., 1.), .UNSPECIFIED.);
#430 = CARTESIAN_POINT ('', (0., -1.00503781519379E-7, 0.));
#440 = CARTESIAN_POINT ('', (0., -10.0251100843714, 99.7485848956038));
#450 = B_SPLINE_CURVE_WITH_KNOTS ('', 1, (#430, #440), .UNSPECIFIED., .F., .U., (2, 2), (0., 1.), .UNSPECIFIED.);
#460 = CARTESIAN_POINT ('', (0., -10.0251100843714, 99.7485848956038));
#470 = CARTESIAN_POINT ('', (0., -13.3266606690412, 140.444493647977));
#480 = B_SPLINE_CURVE_WITH_KNOTS ('', 1, (#460, #470), .UNSPECIFIED., .F., .U., (2, 2), (0., 1.), .UNSPECIFIED.);
#490 = CARTESIAN_POINT ('', (0., -13.3266606690412, 140.444493647977));
#500 = CARTESIAN_POINT ('', (0., -48.7297051088986, 341.320181688717));
#510 = B_SPLINE_CURVE_WITH_KNOTS ('', 1, (#490, #500), .UNSPECIFIED., .F., .U., (2, 2), (0., 1.), .UNSPECIFIED.);
#520 = CARTESIAN_POINT ('', (0., -48.7297051088986, 341.320181688717));
#530 = CARTESIAN_POINT ('', (0., -51.9309427446381, 378.500515962931));
#540 = B_SPLINE_CURVE_WITH_KNOTS ('', 1, (#520, #530), .UNSPECIFIED., .F., .U., (2, 2), (0., 1.), .UNSPECIFIED.);
#550 = CARTESIAN_POINT ('', (0., -51.9309427446381, 378.500515962931));
#560 = CARTESIAN_POINT ('', (0., -85.2962093015644, 699.869029651781));
#570 = B_SPLINE_CURVE_WITH_KNOTS ('', 1, (#550, #560), .UNSPECIFIED., .F., .U., (2, 2), (0., 1.), .UNSPECIFIED.);
#580 = CARTESIAN_POINT ('', (0., -85.2962093015644, 699.869029651781));
#590 = CARTESIAN_POINT ('', (0., -461.294722181659, 800.1067253164));
#600 = B_SPLINE_CURVE_WITH_KNOTS ('', 1, (#580, #590), .UNSPECIFIED., .F., .U., (2, 2), (0., 1.), .UNSPECIFIED.);
#610 = CARTESIAN_POINT ('', (0., -461.294722181659, 800.1067253164));
#620 = CARTESIAN_POINT ('', (0., -477.18796595608, 953.187718113679));
#630 = B_SPLINE_CURVE_WITH_KNOTS ('', 1, (#610, #620), .UNSPECIFIED., .F., .U., (2, 2), (0., 1.), .UNSPECIFIED.);
#640 = CARTESIAN_POINT ('', (1.00503781519379E-7, 0., 0.));
#650 = CARTESIAN_POINT ('', (10.0631022901209, 0., 100.12660256989));
#660 = B_SPLINE_CURVE_WITH_KNOTS ('', 1, (#640, #650), .UNSPECIFIED., .F., .U., (2, 2), (0., 1.), .UNSPECIFIED.);
#670 = CARTESIAN_POINT ('', (10.0631022901209, 0., 100.12660256989));
#680 = CARTESIAN_POINT ('', (12.12533655008, 0., 139.816178028788));
#690 = B_SPLINE_CURVE_WITH_KNOTS ('', 1, (#670, #680), .UNSPECIFIED., .F., .U., (2, 2), (0., 1.), .UNSPECIFIED.);
#700 = CARTESIAN_POINT ('', (12.12533655008, 0., 139.816178028788));
#710 = CARTESIAN_POINT ('', (25.2320154390172, 0., 340.));
#720 = B_SPLINE_CURVE_WITH_KNOTS ('', 1, (#700, #710), .UNSPECIFIED., .F., .U., (2, 2), (0., 1.), .UNSPECIFIED.);
#730 = CARTESIAN_POINT ('', (25.2320154390172, 0., 340.));
#740 = CARTESIAN_POINT ('', (26.8430614540824, 0., 380.));
#750 = B_SPLINE_CURVE_WITH_KNOTS ('', 1, (#730, #740), .UNSPECIFIED., .F., .U., (2, 2), (0., 1.), .UNSPECIFIED.);
#760 = CARTESIAN_POINT ('', (26.8430614540824, 0., 380.));
#770 = CARTESIAN_POINT ('', (41.1860812366955, 5.6843418860808E-14, 599.066976693516));
#780 = B_SPLINE_CURVE_WITH_KNOTS ('', 1, (#760, #770), .UNSPECIFIED., .F., .U., (2, 2), (0., 1.), .UNSPECIFIED.);
#790 = CARTESIAN_POINT ('', (41.1860812366955, 5.6843418860808E-14, 599.066976693516));
#800 = CARTESIAN_POINT ('', (50.358170267185, -334.190554730558, 651.288818390227));
#810 = B_SPLINE_CURVE_WITH_KNOTS ('', 1, (#790, #800), .UNSPECIFIED., .F., .U., (2, 2), (0., 1.), .UNSPECIFIED.);
#820 = CARTESIAN_POINT ('', (50.358170267185, -334.190554730558, 651.288818390227));
#830 = CARTESIAN_POINT ('', (58.5248534036645, -333.56513414448, 953.187718113679));
#840 = B_SPLINE_CURVE_WITH_KNOTS ('', 1, (#820, #830), .UNSPECIFIED., .F., .U., (2, 2), (0., 1.), .UNSPECIFIED.);
#850 = CARTESIAN_POINT ('', (-1.00503781519379E-7, 0., 0.));
#860 = CARTESIAN_POINT ('', (-10.0631022901209, 0., 100.12660256989));
#870 = B_SPLINE_CURVE_WITH_KNOTS ('', 1, (#850, #860), .UNSPECIFIED., .F., .U., (2, 2), (0., 1.), .UNSPECIFIED.);
#880 = CARTESIAN_POINT ('', (-10.0631022901209, 0., 100.12660256989));
#890 = CARTESIAN_POINT ('', (-12.12533655008, 0., 139.816178028788));
#900 = B_SPLINE_CURVE_WITH_KNOTS ('', 1, (#880, #890), .UNSPECIFIED., .F., .U., (2, 2), (0., 1.), .UNSPECIFIED.);
#910 = CARTESIAN_POINT ('', (-12.12533655008, 0., 139.816178028788));
#920 = CARTESIAN_POINT ('', (-25.2320154390172, 0., 340.));
#930 = B_SPLINE_CURVE_WITH_KNOTS ('', 1, (#910, #920), .UNSPECIFIED., .F., .U., (2, 2), (0., 1.), .UNSPECIFIED.);
#940 = CARTESIAN_POINT ('', (-25.2320154390172, 0., 340.));
#950 = CARTESIAN_POINT ('', (-26.8430614540824, 0., 380.));
#960 = B_SPLINE_CURVE_WITH_KNOTS ('', 1, (#940, #950), .UNSPECIFIED., .F., .U., (2, 2), (0., 1.), .UNSPECIFIED.);
#970 = CARTESIAN_POINT ('', (-26.8430614540824, 0., 380.));
#980 = CARTESIAN_POINT ('', (-41.1860812366955, 5.6843418860808E-14, 599.066976693516));
#990 = B_SPLINE_CURVE_WITH_KNOTS ('', 1, (#970, #980), .UNSPECIFIED., .F., .U., (2, 2), (0., 1.), .UNSPECIFIED.);
#1000 = CARTESIAN_POINT ('', (-41.1860812366955, 5.6843418860808E-14, 599.066976693516));
#1010 = CARTESIAN_POINT ('', (-50.358170267185, -334.190554730558, 651.288818390227));
#1020 = B_SPLINE_CURVE_WITH_KNOTS ('', 1, (#1000, #1010), .UNSPECIFIED., .F., .U., (2, 2), (0., 1.), .UNSPECIFIED.);
#1030 = CARTESIAN_POINT ('', (-50.358170267185, -334.190554730558, 651.288818390227));
#1040 = CARTESIAN_POINT ('', (-58.5248534036645, -333.56513414448, 953.187718113679));
#1050 = B_SPLINE_CURVE_WITH_KNOTS ('', 1, (#1030, #1040), .UNSPECIFIED., .F., .U., (2, 2), (0., 1.), .UNSPECIFIED.);
#1060 = CARTESIAN_POINT ('', (-90., 90., 151.671165067994));
#1070 = VERTEX_POINT ('', #1060);
#1080 = CARTESIAN_POINT ('', (90., 90., 151.671165067995));
#1090 = VERTEX_POINT ('', #1080);
#1100 = CARTESIAN_POINT ('', (-90., 90., 151.671165067995));
#1110 = CARTESIAN_POINT ('', (-45.525217611493, 90., 161.39429059782));
#1120 = CARTESIAN_POINT ('', (-2.58029584579795E-14, 90., 161.39429059782));
#1130 = CARTESIAN_POINT ('', (45.525217611493, 90., 161.39429059782));
#1140 = CARTESIAN_POINT ('', (90., 90., 151.671165067995));
#1150 = (
   BOUNDED_CURVE ()
   B_SPLINE_CURVE (2, (#1100, #1110, #1120, #1130, #1140), .UNSPECIFIED., .F., .U.)
   B_SPLINE_CURVE_WITH_KNOTS ((3, 2, 3), (0.426879991293978, 0.5, 0.573120008706022), .UNSPECIFIED.)
   CURVE ()
   GEOMETRIC_REPRESENTATION_ITEM ()
   RATIONAL_B_SPLINE_CURVE ((0.926862293504225, 0.957167290580851, 1., 0.957167290580851, 0.926862293504225))
   REPRESENTATION_ITEM ('')
);
#1160 = EDGE_CURVE ('', #1070, #1090, #1150, .T.);
#1170 = ORIENTED_EDGE ('', *, *, #1160, .T.);
#1180 = CARTESIAN_POINT ('', (90., 90., 88.3288349320054));
#1190 = VERTEX_POINT ('', #1180);
#1200 = CARTESIAN_POINT ('', (90., 90., 88.3288349320054));
#1210 = CARTESIAN_POINT ('', (90., 90., 151.671165067995));
#1220 = B_SPLINE_CURVE_WITH_KNOTS ('', 1, (#1200, #1210), .UNSPECIFIED., .F., .U., (2, 2), (0., 1.), .UNSPECIFIED.);
#1230 = EDGE_CURVE ('', #1190, #1090, #1220, .T.);
#1240 = ORIENTED_EDGE ('', *, *, #1230, .F.);
#1250 = CARTESIAN_POINT ('', (-90., 90., 88.3288349320054));
#1260 = VERTEX_POINT ('', #1250);
#1270 = CARTESIAN_POINT ('', (90., 90., 88.3288349320054));
#1280 = CARTESIAN_POINT ('', (88.7113958470625, 90., 88.0471188838454));
#1290 = CARTESIAN_POINT ('', (87.4251489770971, 90., 87.7722336627879));
#1300 = CARTESIAN_POINT ('', (86.1339586210098, 90., 87.5026190135091));
#1310 = CARTESIAN_POINT ('', (84.84283932167, 90., 87.2330192016554));
#1320 = CARTESIAN_POINT ('', (83.5539742685456, 90., 86.9701933207787));
#1330 = CARTESIAN_POINT ('', (82.2603825737058, 90., 86.7127178253998));
#1340 = CARTESIAN_POINT ('', (80.9668619306007, 90., 86.4552564721036));
#1350 = CARTESIAN_POINT ('', (79.6754922014641, 90., 86.2045147987994));
#1360 = CARTESIAN_POINT ('', (78.3796131713276, 90., 85.9591996100468));
#1370 = CARTESIAN_POINT ('', (77.0838051908412, 90., 85.7138978712829));
#1380 = CARTESIAN_POINT ('', (75.7900445115561, 90., 85.4752641968857));
#1390 = CARTESIAN_POINT ('', (74.4919923432971, 90., 85.2421293993733));
#1400 = CARTESIAN_POINT ('', (73.1940112255249, 90., 85.0090073627817));
#1410 = CARTESIAN_POINT ('', (71.8979735305638, 90., 84.7825044010014));
#1420 = CARTESIAN_POINT ('', (70.5978626050207, 90., 84.5615690092663));
#1430 = CARTESIAN_POINT ('', (69.297822733716, 90., 84.34064569219));
#1440 = CARTESIAN_POINT ('', (67.9996221560369, 90., 84.1262950776339));
#1450 = CARTESIAN_POINT ('', (66.6975670276403, 90., 83.917577034269));
#1460 = CARTESIAN_POINT ('', (65.3955829601418, 90., 83.7088703818901));
#1470 = CARTESIAN_POINT ('', (64.0953338210519, 90., 83.5066926686736));
#1480 = CARTESIAN_POINT ('', (62.7914492077359, 90., 83.3102088425583));
#1490 = CARTESIAN_POINT ('', (61.4876356648793, 90., 83.1137357261298));
#1500 = CARTESIAN_POINT ('', (60.1854524638859, 90., 82.9237503865781));
#1510 = CARTESIAN_POINT ('', (58.8798532369832, 90., 82.7395165712055));
#1520 = CARTESIAN_POINT ('', (57.5743250929958, 90., 82.5552927863815));
#1530 = CARTESIAN_POINT ('', (56.270322497645, 90., 82.3775182098207));
#1540 = CARTESIAN_POINT ('', (54.9631236717672, 90., 82.2055491217218));
#1550 = CARTESIAN_POINT ('', (53.6559959441485, 90., 82.0335893869841));
#1560 = CARTESIAN_POINT ('', (52.3502887798532, 90., 81.8680428786234));
#1570 = CARTESIAN_POINT ('', (51.0416055027561, 90., 81.7083521558899));
#1580 = CARTESIAN_POINT ('', (49.7329933421437, 90., 81.5486701110717));
#1590 = CARTESIAN_POINT ('', (48.4256965820008, 90., 81.3953678909772));
#1600 = CARTESIAN_POINT ('', (47.1156441244381, 90., 81.2479680918798));
#1610 = CARTESIAN_POINT ('', (45.8056628044603, 90., 81.1005762967869));
#1620 = CARTESIAN_POINT ('', (44.496891559059, 90., 80.9595334989456));
#1630 = CARTESIAN_POINT ('', (43.185585304622, 90., 80.824436100651));
#1640 = CARTESIAN_POINT ('', (41.8743502117384, 90., 80.6893460337793));
#1650 = CARTESIAN_POINT ('', (40.5642197189593, 90., 80.5605767052565));
#1660 = CARTESIAN_POINT ('', (39.2517751539063, 90., 80.4377921026404));
#1670 = CARTESIAN_POINT ('', (37.9394017772375, 90., 80.3150141599912));
#1680 = CARTESIAN_POINT ('', (36.628027392044, 90., 80.1985312601793));
#1690 = CARTESIAN_POINT ('', (35.3145600951192, 90., 80.088068764737));
#1700 = CARTESIAN_POINT ('', (34.0011640162649, 90., 79.9776122587288));
#1710 = CARTESIAN_POINT ('', (32.6886612004877, 90., 79.8734276586883));
#1720 = CARTESIAN_POINT ('', (31.3742868327301, 90., 79.7752954975426));
#1730 = CARTESIAN_POINT ('', (30.059983715579, 90., 79.6771686560199));
#1740 = CARTESIAN_POINT ('', (28.7464680276943, 90., 79.5852931379142));
#1750 = CARTESIAN_POINT ('', (27.4313023222385, 90., 79.4994984529198));
#1760 = CARTESIAN_POINT ('', (26.1162079027687, 90., 79.4137084182586));
#1770 = CARTESIAN_POINT ('', (24.8017949876714, 90., 79.3341516748814));
#1780 = CARTESIAN_POINT ('', (23.4859537395405, 90., 79.2607005218265));
#1790 = CARTESIAN_POINT ('', (22.1701838156128, 90., 79.1872533501371));
#1800 = CARTESIAN_POINT ('', (20.8549893943844, 90., 79.1200239845332));
#1810 = CARTESIAN_POINT ('', (19.5385884502763, 90., 79.0589213324378));
#1820 = CARTESIAN_POINT ('', (18.2222588714204, 90., 78.9978219928637));
#1830 = CARTESIAN_POINT ('', (16.9063987310947, 90., 78.9429275180445));
#1840 = CARTESIAN_POINT ('', (15.5895539791621, 90., 78.8941772485557));
#1850 = CARTESIAN_POINT ('', (14.272780636357, 90., 78.8454296226695));
#1860 = CARTESIAN_POINT ('', (12.9563706196815, 90., 78.8028764614212));
#1870 = CARTESIAN_POINT ('', (11.639197979308, 90., 78.7664813683051));
#1880 = CARTESIAN_POINT ('', (10.3220967947579, 90., 78.7300882496008));
#1890 = CARTESIAN_POINT ('', (9.00525278995445, 90., 78.6998817343882));
#1900 = CARTESIAN_POINT ('', (7.68786820152507, 90., 78.6758435231182));
#1910 = CARTESIAN_POINT ('', (6.37055511843064, 90., 78.6518066166002));
#1920 = CARTESIAN_POINT ('', (5.0533930489547, 90., 78.6339509895647));
#1930 = CARTESIAN_POINT ('', (3.73591246362494, 90., 78.6222702770065));
#1940 = CARTESIAN_POINT ('', (2.85736580412897, 90., 78.6144811292097));
#1950 = CARTESIAN_POINT ('', (1.97884731128458, 90., 78.6094398106877));
#1960 = CARTESIAN_POINT ('', (1.10026911821983, 90., 78.6071458172226));
#1970 = CARTESIAN_POINT ('', (0.839838102162195, 90., 78.606465824191));
#1980 = CARTESIAN_POINT ('', (0.579407812228348, 90., 78.6060272621312));
#1990 = CARTESIAN_POINT ('', (0.318975983042347, 90., 78.6058301272284));
#2000 = CARTESIAN_POINT ('', (0.0585096983247209, 90., 78.6056329662443));
#2010 = CARTESIAN_POINT ('', (-0.201956680488823, 90., 78.6056772989655));
#2020 = CARTESIAN_POINT ('', (-0.462422882999508, 90., 78.605963125346));
#2030 = CARTESIAN_POINT ('', (-4.92705079210425, 90., 78.610862449799));
#2040 = CARTESIAN_POINT ('', (-9.3939825384718, 90., 78.6867742796613));
#2050 = CARTESIAN_POINT ('', (-13.8561988765413, 90., 78.8335793286296));
#2060 = CARTESIAN_POINT ('', (-16.8267162969935, 90., 78.9313081078575));
#2070 = CARTESIAN_POINT ('', (-19.7997659219458, 90., 79.0606327004616));
#2080 = CARTESIAN_POINT ('', (-22.7675493276708, 90., 79.2212138830522));
#2090 = CARTESIAN_POINT ('', (-24.744600342045, 90., 79.3281883978762));
#2100 = CARTESIAN_POINT ('', (-26.7232210689289, 90., 79.4492447059434));
#2110 = CARTESIAN_POINT ('', (-28.6985671078298, 90., 79.5840864163234));
#2120 = CARTESIAN_POINT ('', (-30.6736708439979, 90., 79.7189115865558));
#2130 = CARTESIAN_POINT ('', (-32.650703401406, 90., 79.8678791993778));
#2140 = CARTESIAN_POINT ('', (-34.6237097069348, 90., 80.0305405454226));
#2150 = CARTESIAN_POINT ('', (-36.5964740020756, 90., 80.1931819393084));
#2160 = CARTESIAN_POINT ('', (-38.5715255313796, 90., 80.3700394182878));
#2170 = CARTESIAN_POINT ('', (-40.5418004871278, 90., 80.5604804483703));
#2180 = CARTESIAN_POINT ('', (-42.5118337025511, 90., 80.7508981125382));
#2190 = CARTESIAN_POINT ('', (-44.4845117600147, 90., 80.9556185179548));
#2200 = CARTESIAN_POINT ('', (-46.4516643512883, 90., 81.1737937671101));
#2210 = CARTESIAN_POINT ('', (-48.4185754500045, 90., 81.3919422325277));
#2220 = CARTESIAN_POINT ('', (-50.38848808405, 90., 81.6244931343772));
#2230 = CARTESIAN_POINT ('', (-52.3521279753449, 90., 81.8703516313473));
#2240 = CARTESIAN_POINT ('', (-54.3155265995382, 90., 82.1161799203515));
#2250 = CARTESIAN_POINT ('', (-56.2822824278606, 90., 82.3765234103143));
#2260 = CARTESIAN_POINT ('', (-58.2420200402272, 90., 82.650008685667));
#2270 = CARTESIAN_POINT ('', (-60.2015165886191, 90., 82.9234603200634));
#2280 = CARTESIAN_POINT ('', (-62.1647248751296, 90., 83.2115530246082));
#2290 = CARTESIAN_POINT ('', (-64.1201714634118, 90., 83.5126031199231));
#2300 = CARTESIAN_POINT ('', (-66.0753771684976, 90., 83.8136161301498));
#2310 = CARTESIAN_POINT ('', (-68.0346479000806, 90., 84.1294092247763));
#2320 = CARTESIAN_POINT ('', (-69.9854156300138, 90., 84.4579567028936));
#2330 = CARTESIAN_POINT ('', (-71.9359426351608, 90., 84.786463638244));
#2340 = CARTESIAN_POINT ('', (-73.8908865982263, 90., 85.1299028628691));
#2350 = CARTESIAN_POINT ('', (-75.8365886233809, 90., 85.485874819195));
#2360 = CARTESIAN_POINT ('', (-77.1336303042795, 90., 85.7231724416554));
#2370 = CARTESIAN_POINT ('', (-78.4327629156268, 90., 85.9671649770459));
#2380 = CARTESIAN_POINT ('', (-79.727517992306, 90., 86.2166375707856));
#2390 = CARTESIAN_POINT ('', (-81.0222018527296, 90., 86.4660964426221));
#2400 = CARTESIAN_POINT ('', (-82.319080170401, 90., 86.7223020481673));
#2410 = CARTESIAN_POINT ('', (-83.6113633079394, 90., 86.9839130563704));
#2420 = CARTESIAN_POINT ('', (-84.903575244757, 90., 87.245509650633));
#2430 = CARTESIAN_POINT ('', (-86.1980848496676, 90., 87.5139074330417));
#2440 = CARTESIAN_POINT ('', (-87.4877821736647, 90., 87.7876322588399));
#2450 = CARTESIAN_POINT ('', (-88.325219973468, 90., 87.9653697105681));
#2460 = CARTESIAN_POINT ('', (-89.163661690681, 90., 88.1459937368338));
#2470 = CARTESIAN_POINT ('', (-90., 90., 88.3288349320054));
#2480 = B_SPLINE_CURVE_WITH_KNOTS ('', 3, (#1270, #1280, #1290, #1300, #1310, #1320, #1330, #1340, #1350, #1360, #1370, #1380, #1390, #1400, #1410, #1420, #1430, #1440, #1450, #1460, #1470, #1480, #1490, #1500, #1510, #1520, #1530, #1540, #1550, #1560, #1570, #1580, #1590, #1600, #1610, #1620, #1630, #1640, #1650, #1660, #1670, #1680, #1690, #1700, #1710, #1720, #1730, #1740, #1750, #1760, #1770, #1780, #1790, #1800, #1810, #1820, #1830, #1840, #1850, #1860, #1870, #1880, #1890, #1900, #1910, #1920, #1930, #1940, #1950, #1960, #1970, #1980, #1990, #2000, #2010, #2020, #2030, #2040, #2050, #2060, #2070, #2080, #2090, #2100, #2110, #2120, #2130, #2140, #2150, #2160, #2170, #2180, #2190, #2200, #2210, #2220, #2230, #2240, #2250, #2260, #2270, #2280, #2290, #2300, #2310, #2320, #2330, #2340, #2350, #2360, #2370, #2380, #2390, #2400, #2410, #2420, #2430, #2440, #2450, #2460, #2470), .UNSPECIFIED., .F., .U., (4, 3, 3, 3, 3, 3, 3, 3, 3, 3, 3, 3, 3, 3, 3, 3, 3, 3, 3, 3, 3, 3, 3, 3, 3, 3, 3, 3, 3, 3, 3, 3, 3, 3, 3, 3, 3, 3, 3, 3, 4), (0., 3.95711780881331, 7.91401784964228, 11.8707005540326, 15.8271663238828, 19.7834155316982, 23.7394485208288, 27.695265605693, 31.6508670719861, 35.6062531768742, 39.5614241491743, 43.5163801895191, 47.4711214705089, 51.4256481368485, 55.3799603054706, 59.3340580656459, 63.2879414790792, 67.2416105799915, 71.1950653751898, 75.1483058441225, 79.1013319389219, 83.0541435844333, 87.0067406782313, 89.6424842419367, 90.4237799533278, 91.2051790313433, 104.599070823173, 113.515444634061, 119.455273616644, 125.394373999394, 131.332745887773, 137.270389175331, 143.207303542993, 149.143488458108, 155.07894317326, 161.013666724844, 166.947657931396, 170.903368430475, 174.858861351037, 178.814136336427, 181.382410860806), .UNSPECIFIED.);
#2490 = EDGE_CURVE ('', #1190, #1260, #2480, .T.);
#2500 = ORIENTED_EDGE ('', *, *, #2490, .T.);
#2510 = CARTESIAN_POINT ('', (-90., 90., 88.3288349320054));
#2520 = CARTESIAN_POINT ('', (-90., 90., 151.671165067994));
#2530 = B_SPLINE_CURVE_WITH_KNOTS ('', 1, (#2510, #2520), .UNSPECIFIED., .F., .U., (2, 2), (0., 1.), .UNSPECIFIED.);
#2540 = EDGE_CURVE ('', #1260, #1070, #2530, .T.);
#2550 = ORIENTED_EDGE ('', *, *, #2540, .T.);
#2560 = EDGE_LOOP ('', (#1170, #1240, #2500, #2550));
#2570 = FACE_OUTER_BOUND ('', #2560, .T.);
#2580 = CARTESIAN_POINT ('', (-90., 90., 78.6056329662443));
#2590 = CARTESIAN_POINT ('', (90., 90., 78.6056329662443));
#2600 = CARTESIAN_POINT ('', (-90., 90., 161.39429059782));
#2610 = CARTESIAN_POINT ('', (90., 90., 161.39429059782));
#2620 = B_SPLINE_SURFACE_WITH_KNOTS ('', 1, 1, ((#2580, #2590), (#2600, #2610)), .UNSPECIFIED., .F., .F., .U., (2, 2), (2, 2), (0.445610354740037, 0.554389544827858), (0., 1.), .UNSPECIFIED.);
#2630 = ADVANCED_FACE ('', (#2570), #2620, .T.);
#2640 = CARTESIAN_POINT ('', (-90., -90., 151.671182232266));
#2650 = VERTEX_POINT ('', #2640);
#2660 = CARTESIAN_POINT ('', (90., -90., 151.671182232266));
#2670 = VERTEX_POINT ('', #2660);
#2680 = CARTESIAN_POINT ('', (-89.9999999999999, -90., 151.671182232266));
#2690 = CARTESIAN_POINT ('', (-45.5252175687066, -90., 161.394307366049));
#2700 = CARTESIAN_POINT ('', (-2.58029594847374E-14, -90., 161.394307366049));
#2710 = CARTESIAN_POINT ('', (45.5252175687066, -90., 161.394307366049));
#2720 = CARTESIAN_POINT ('', (90., -90., 151.671182232266));
#2730 = (
   BOUNDED_CURVE ()
   B_SPLINE_CURVE (2, (#2680, #2690, #2700, #2710, #2720), .UNSPECIFIED., .F., .U.)
   B_SPLINE_CURVE_WITH_KNOTS ((3, 2, 3), (0.426879994144739, 0.5, 0.573120005855261), .UNSPECIFIED.)
   CURVE ()
   GEOMETRIC_REPRESENTATION_ITEM ()
   RATIONAL_B_SPLINE_CURVE ((0.926862295867253, 0.957167292250788, 1., 0.957167292250788, 0.926862295867253))
   REPRESENTATION_ITEM ('')
);
#2740 = EDGE_CURVE ('', #2650, #2670, #2730, .T.);
#2750 = ORIENTED_EDGE ('', *, *, #2740, .F.);
#2760 = CARTESIAN_POINT ('', (-90., -90., 88.3288177677336));
#2770 = VERTEX_POINT ('', #2760);
#2780 = CARTESIAN_POINT ('', (-90., -90., 88.3288177677336));
#2790 = CARTESIAN_POINT ('', (-90., -90., 151.671182232266));
#2800 = B_SPLINE_CURVE_WITH_KNOTS ('', 1, (#2780, #2790), .UNSPECIFIED., .F., .U., (2, 2), (0., 1.), .UNSPECIFIED.);
#2810 = EDGE_CURVE ('', #2770, #2650, #2800, .T.);
#2820 = ORIENTED_EDGE ('', *, *, #2810, .F.);
#2830 = CARTESIAN_POINT ('', (90., -90., 88.3288177677335));
#2840 = VERTEX_POINT ('', #2830);
#2850 = CARTESIAN_POINT ('', (-90., -90., 88.3288177677336));
#2860 = CARTESIAN_POINT ('', (-88.7113958446908, -90., 88.047101730801));
#2870 = CARTESIAN_POINT ('', (-87.4251489721665, -90., 87.7722165206463));
#2880 = CARTESIAN_POINT ('', (-86.1339586139135, -90., 87.5026018821348));
#2890 = CARTESIAN_POINT ('', (-84.8428393124023, -90., 87.2330020810466));
#2900 = CARTESIAN_POINT ('', (-83.5539742569275, -90., 86.9701762106178));
#2910 = CARTESIAN_POINT ('', (-82.2603825601135, -90., 86.7127007255417));
#2920 = CARTESIAN_POINT ('', (-80.9668619150285, -90., 86.4552393825464));
#2930 = CARTESIAN_POINT ('', (-79.6754921837409, -90., 86.2044977192321));
#2940 = CARTESIAN_POINT ('', (-78.3796131518129, -90., 85.9591825403151));
#2950 = CARTESIAN_POINT ('', (-77.0838051695291, -90., 85.7138808113852));
#2960 = CARTESIAN_POINT ('', (-75.7900444882837, -90., 85.4752471465171));
#2970 = CARTESIAN_POINT ('', (-74.4919923184068, -90., 85.2421123583708));
#2980 = CARTESIAN_POINT ('', (-73.1940111990111, -90., 85.0089903311436));
#2990 = CARTESIAN_POINT ('', (-71.8979735022714, -90., 84.782487378429));
#3000 = CARTESIAN_POINT ('', (-70.5978625752751, -90., 84.561551995588));
#3010 = CARTESIAN_POINT ('', (-69.2978227025115, -90., 84.3406286874046));
#3020 = CARTESIAN_POINT ('', (-67.9996221232266, -90., 84.1262780814479));
#3030 = CARTESIAN_POINT ('', (-66.6975669935325, -90., 83.9175600465034));
#3040 = CARTESIAN_POINT ('', (-65.3955829247309, -90., 83.7088534025433));
#3050 = CARTESIAN_POINT ('', (-64.0953337841991, -90., 83.5066756974577));
#3060 = CARTESIAN_POINT ('', (-62.7914491697323, -90., 83.3101918792867));
#3070 = CARTESIAN_POINT ('', (-61.4876356257192, -90., 83.1137187708012));
#3080 = CARTESIAN_POINT ('', (-60.1854524234387, -90., 82.9237334389095));
#3090 = CARTESIAN_POINT ('', (-58.8798531955229, -90., 82.7394996310032));
#3100 = CARTESIAN_POINT ('', (-57.5743250505167, -90., 82.5552758536444));
#3110 = CARTESIAN_POINT ('', (-56.2703224540247, -90., 82.3775012842704));
#3120 = CARTESIAN_POINT ('', (-54.9631236272623, -90., 82.2055322031583));
#3130 = CARTESIAN_POINT ('', (-53.6559958987534, -90., 82.0335724754062));
#3140 = CARTESIAN_POINT ('', (-52.3502887334537, -90., 81.8680259737572));
#3150 = CARTESIAN_POINT ('', (-51.0416054555916, -90., 81.7083352575291));
#3160 = CARTESIAN_POINT ('', (-49.7329932942084, -90., 81.5486532192154));
#3170 = CARTESIAN_POINT ('', (-48.4256965331889, -90., 81.3953510053553));
#3180 = CARTESIAN_POINT ('', (-47.1156440749715, -90., 81.2479512122806));
#3190 = CARTESIAN_POINT ('', (-45.8056627543333, -90., 81.1005594232094));
#3200 = CARTESIAN_POINT ('', (-44.4968915081742, -90., 80.9595166311236));
#3210 = CARTESIAN_POINT ('', (-43.1855852531837, -90., 80.8244192383675));
#3220 = CARTESIAN_POINT ('', (-41.8743501597411, -90., 80.6893291770334));
#3230 = CARTESIAN_POINT ('', (-40.5642196663137, -90., 80.5605598537854));
#3240 = CARTESIAN_POINT ('', (-39.2517751007994, -90., 80.4377752562223));
#3250 = CARTESIAN_POINT ('', (-37.9394017236636, -90., 80.3149973186254));
#3260 = CARTESIAN_POINT ('', (-36.6280273379223, -90., 80.198514423606));
#3270 = CARTESIAN_POINT ('', (-35.3145600406191, -90., 80.0880519327303));
#3280 = CARTESIAN_POINT ('', (-34.0011639613808, -90., 79.9775954312879));
#3290 = CARTESIAN_POINT ('', (-32.6886611451471, -90., 79.8734108355562));
#3300 = CARTESIAN_POINT ('', (-31.3742867770849, -90., 79.7752786784895));
#3310 = CARTESIAN_POINT ('', (-30.0599836596236, -90., 79.6771518410451));
#3320 = CARTESIAN_POINT ('', (-28.7464679713646, -90., 79.5852763267633));
#3330 = CARTESIAN_POINT ('', (-27.4313022656689, -90., 79.4994816453594));
#3340 = CARTESIAN_POINT ('', (-26.1162078459535, -90., 79.4136916142882));
#3350 = CARTESIAN_POINT ('', (-24.8017949305548, -90., 79.3341348742487));
#3360 = CARTESIAN_POINT ('', (-23.4859536822394, -90., 79.2606837242951));
#3370 = CARTESIAN_POINT ('', (-22.1701837581216, -90., 79.1872365557066));
#3380 = CARTESIAN_POINT ('', (-20.8549893366557, -90., 79.1200071929533));
#3390 = CARTESIAN_POINT ('', (-19.5385883924093, -90., 79.0589045434695));
#3400 = CARTESIAN_POINT ('', (-18.2222588134094, -90., 78.9978052065066));
#3410 = CARTESIAN_POINT ('', (-16.9063986729008, -90., 78.9429107340498));
#3420 = CARTESIAN_POINT ('', (-15.589553920867, -90., 78.8941604666823));
#3430 = CARTESIAN_POINT ('', (-14.272780577955, -90., 78.8454128429171));
#3440 = CARTESIAN_POINT ('', (-12.9563705611421, -90., 78.8028596835423));
#3450 = CARTESIAN_POINT ('', (-11.639197920695, -90., 78.7664645920569));
#3460 = CARTESIAN_POINT ('', (-10.3220967360657, -90., 78.7300714749832));
#3470 = CARTESIAN_POINT ('', (-9.00525273116119, -90., 78.6998649611546));
#3480 = CARTESIAN_POINT ('', (-7.68786814267692, -90., 78.6758267510245));
#3490 = CARTESIAN_POINT ('', (-6.37055505952192, -90., 78.6517898456463));
#3500 = CARTESIAN_POINT ('', (-5.05339298997181, -90., 78.6339342195047));
#3510 = CARTESIAN_POINT ('', (-3.73591240459654, -90., 78.6222535075955));
#3520 = CARTESIAN_POINT ('', (-2.85736574507666, -90., 78.6144643602316));
#3530 = CARTESIAN_POINT ('', (-1.97884725220538, -90., 78.6094230420332));
#3540 = CARTESIAN_POINT ('', (-1.10026905912001, -90., 78.6071290487825));
#3550 = CARTESIAN_POINT ('', (-0.839838043060305, -90., 78.6064490558145));
#3560 = CARTESIAN_POINT ('', (-0.579407753124318, -90., 78.6060104938087));
#3570 = CARTESIAN_POINT ('', (-0.318975923936383, -90., 78.6058133589502));
#3580 = CARTESIAN_POINT ('', (-0.0585096392092359, -90., 78.6056161980105));
#3590 = CARTESIAN_POINT ('', (0.20195673961389, -90., 78.6056605307665));
#3600 = CARTESIAN_POINT ('', (0.462422942134036, -90., 78.6059463571721));
#3610 = CARTESIAN_POINT ('', (4.92705085068814, -90., 78.6108456820562));
#3620 = CARTESIAN_POINT ('', (9.39398259633907, -90., 78.6867575095024));
#3630 = CARTESIAN_POINT ('', (13.8561989340309, -90., 78.83356255322));
#3640 = CARTESIAN_POINT ('', (16.8267163544466, -90., 78.9312913289596));
#3650 = CARTESIAN_POINT ('', (19.7997659791685, -90., 79.0606159168037));
#3660 = CARTESIAN_POINT ('', (22.7675493850665, -90., 79.221197093401));
#3670 = CARTESIAN_POINT ('', (24.7446003996167, -90., 79.3281716042357));
#3680 = CARTESIAN_POINT ('', (26.7232211265552, -90., 79.4492279077433));
#3690 = CARTESIAN_POINT ('', (28.6985671657641, -90., 79.5840696130271));
#3700 = CARTESIAN_POINT ('', (30.6736709022595, -90., 79.7188947781654));
#3710 = CARTESIAN_POINT ('', (32.6507034598449, -90., 79.8678623853154));
#3720 = CARTESIAN_POINT ('', (34.6237097658642, -90., 80.0305237251627));
#3730 = CARTESIAN_POINT ('', (36.5964740615147, -90., 80.1931651128534));
#3740 = CARTESIAN_POINT ('', (38.5715255911501, -90., 80.3700225850513));
#3750 = CARTESIAN_POINT ('', (40.5418005476023, -90., 80.5604636078397));
#3760 = CARTESIAN_POINT ('', (42.5118337637488, -90., 80.7508812647162));
#3770 = CARTESIAN_POINT ('', (44.484511821729, -90., 80.9556016622449));
#3780 = CARTESIAN_POINT ('', (46.451664413951, -90., 81.1737769030148));
#3790 = CARTESIAN_POINT ('', (48.4185755136349, -90., 81.3919253600503));
#3800 = CARTESIAN_POINT ('', (50.3884881484132, -90., 81.6244762529092));
#3810 = CARTESIAN_POINT ('', (52.3521280409319, -90., 81.8703347404088));
#3820 = CARTESIAN_POINT ('', (54.3155266663683, -90., 82.116163019946));
#3830 = CARTESIAN_POINT ('', (56.282282495671, -90., 82.3765064998201));
#3840 = CARTESIAN_POINT ('', (58.2420201095675, -90., 82.6499917646237));
#3850 = CARTESIAN_POINT ('', (60.2015166595084, -90., 82.923443388475));
#3860 = CARTESIAN_POINT ('', (62.1647249472775, -90., 83.211536081838));
#3870 = CARTESIAN_POINT ('', (64.1201715374264, -90., 83.5125861655326));
#3880 = CARTESIAN_POINT ('', (66.075377244398, -90., 83.8135991641434));
#3890 = CARTESIAN_POINT ('', (68.0346479775486, -90., 84.1293922465007));
#3900 = CARTESIAN_POINT ('', (69.9854157097157, -90., 84.4579397119346));
#3910 = CARTESIAN_POINT ('', (71.9359427171156, -90., 84.7864466346063));
#3920 = CARTESIAN_POINT ('', (73.8908866820885, -90., 85.1298858458813));
#3930 = CARTESIAN_POINT ('', (75.8365887098744, -90., 85.4858577884691));
#3940 = CARTESIAN_POINT ('', (77.1336303925098, -90., 85.7231554017684));
#3950 = CARTESIAN_POINT ('', (78.4327630054304, -90., 85.967147927692));
#3960 = CARTESIAN_POINT ('', (79.7275180840256, -90., 86.216620511803));
#3970 = CARTESIAN_POINT ('', (81.022201946371, -90., 86.4660793740122));
#3980 = CARTESIAN_POINT ('', (82.3190802657927, -90., 86.7222849696184));
#3990 = CARTESIAN_POINT ('', (83.6113634054411, -90., 86.9838959677296));
#4000 = CARTESIAN_POINT ('', (84.9035753443742, -90., 87.2454925519019));
#4010 = CARTESIAN_POINT ('', (86.1980849512211, -90., 87.513890323902));
#4020 = CARTESIAN_POINT ('', (87.4877822775308, -90., 87.7876151391478));
#4030 = CARTESIAN_POINT ('', (88.3252200427068, -90., 87.9653525763562));
#4040 = CARTESIAN_POINT ('', (89.1636617251267, -90., 88.1459765877159));
#4050 = CARTESIAN_POINT ('', (90., -90., 88.3288177677336));
#4060 = B_SPLINE_CURVE_WITH_KNOTS ('', 3, (#2850, #2860, #2870, #2880, #2890, #2900, #2910, #2920, #2930, #2940, #2950, #2960, #2970, #2980, #2990, #3000, #3010, #3020, #3030, #3040, #3050, #3060, #3070, #3080, #3090, #3100, #3110, #3120, #3130, #3140, #3150, #3160, #3170, #3180, #3190, #3200, #3210, #3220, #3230, #3240, #3250, #3260, #3270, #3280, #3290, #3300, #3310, #3320, #3330, #3340, #3350, #3360, #3370, #3380, #3390, #3400, #3410, #3420, #3430, #3440, #3450, #3460, #3470, #3480, #3490, #3500, #3510, #3520, #3530, #3540, #3550, #3560, #3570, #3580, #3590, #3600, #3610, #3620, #3630, #3640, #3650, #3660, #3670, #3680, #3690, #3700, #3710, #3720, #3730, #3740, #3750, #3760, #3770, #3780, #3790, #3800, #3810, #3820, #3830, #3840, #3850, #3860, #3870, #3880, #3890, #3900, #3910, #3920, #3930, #3940, #3950, #3960, #3970, #3980, #3990, #4000, #4010, #4020, #4030, #4040, #4050), .UNSPECIFIED., .F., .U., (4, 3, 3, 3, 3, 3, 3, 3, 3, 3, 3, 3, 3, 3, 3, 3, 3, 3, 3, 3, 3, 3, 3, 3, 3, 3, 3, 3, 3, 3, 3, 3, 3, 3, 3, 3, 3, 3, 3, 3, 4), (0., 3.95711780857069, 7.91401784917477, 11.8707005533578, 15.8271663230184, 19.7834155306616, 23.7394485196374, 27.6952656043642, 31.6508670705372, 35.6062531753225, 39.561424147537, 43.5163801878135, 47.4711214687521, 51.4256481350575, 55.3799603036626, 59.334058063838, 63.2879414772884, 67.2416105782349, 71.1950653734844, 75.1483058424852, 79.1013319373698, 83.0541435829835, 87.0067406769008, 89.6424842406664, 90.4237799520631, 91.2051790301071, 104.599070820286, 113.515444630721, 119.455273613185, 125.394373995874, 131.332745884249, 137.270389171863, 143.207303539638, 149.143488454924, 155.078943170307, 161.01366672218, 166.94765792908, 170.903368428338, 174.858861349096, 178.814136334701, 181.382410748418), .UNSPECIFIED.);
#4070 = EDGE_CURVE ('', #2770, #2840, #4060, .T.);
#4080 = ORIENTED_EDGE ('', *, *, #4070, .T.);
#4090 = CARTESIAN_POINT ('', (90., -90., 88.3288177677335));
#4100 = CARTESIAN_POINT ('', (90., -90., 151.671182232266));
#4110 = B_SPLINE_CURVE_WITH_KNOTS ('', 1, (#4090, #4100), .UNSPECIFIED., .F., .U., (2, 2), (0., 1.), .UNSPECIFIED.);
#4120 = EDGE_CURVE ('', #2840, #2670, #4110, .T.);
#4130 = ORIENTED_EDGE ('', *, *, #4120, .T.);
#4140 = EDGE_LOOP ('', (#2750, #2820, #4080, #4130));
#4150 = FACE_OUTER_BOUND ('', #4140, .T.);
#4160 = CARTESIAN_POINT ('', (90., -90., 78.6056161980105));
#4170 = CARTESIAN_POINT ('', (-90., -90., 78.6056161980105));
#4180 = CARTESIAN_POINT ('', (90., -90., 161.394307366049));
#4190 = CARTESIAN_POINT ('', (-90., -90., 161.394307366049));
#4200 = B_SPLINE_SURFACE_WITH_KNOTS ('', 1, 1, ((#4160, #4170), (#4180, #4190)), .UNSPECIFIED., .F., .F., .U., (2, 2), (2, 2), (0.445610332707612, 0.554389566860276), (0., 1.), .UNSPECIFIED.);
#4210 = ADVANCED_FACE ('', (#4150), #4200, .T.);
#4220 = CARTESIAN_POINT ('', (-90., 90., 151.671165067995));
#4230 = CARTESIAN_POINT ('', (-90., 89.4780226194983, 151.401927536716));
#4240 = CARTESIAN_POINT ('', (-90., 88.9581572467038, 151.13668066452));
#4250 = CARTESIAN_POINT ('', (-90., 88.4338206543844, 150.87206703683));
#4260 = CARTESIAN_POINT ('', (-90., 87.9094968090462, 150.607459842078));
#4270 = CARTESIAN_POINT ('', (-90., 87.3872510865201, 150.346791466038));
#4280 = CARTESIAN_POINT ('', (-90., 86.8606080947402, 150.086830658389));
#4290 = CARTESIAN_POINT ('', (-90., 86.3339780213291, 149.826876227487));
#4300 = CARTESIAN_POINT ('', (-90., 85.8093913818927, 149.570808977849));
#4310 = CARTESIAN_POINT ('', (-90., 85.2804829833576, 149.315521989686));
#4320 = CARTESIAN_POINT ('', (-90., 84.7516389921289, 149.060266088848));
#4330 = CARTESIAN_POINT ('', (-90., 84.2248044685819, 148.80884685387));
#4340 = CARTESIAN_POINT ('', (-90., 83.6937220867989, 148.55828140188));
#4350 = CARTESIAN_POINT ('', (-90., 83.1626548601759, 148.307723100116));
#4360 = CARTESIAN_POINT ('', (-90., 82.6335633400253, 148.060955121508));
#4370 = CARTESIAN_POINT ('', (-90., 82.1002972398824, 147.815111414626));
#4380 = CARTESIAN_POINT ('', (-90., 81.5670432702182, 147.569273300076));
#4390 = CARTESIAN_POINT ('', (-90., 81.0357304294211, 147.327179233144));
#4400 = CARTESIAN_POINT ('', (-90., 80.5003178892196, 147.086078452302));
#4410 = CARTESIAN_POINT ('', (-90., 79.964917653453, 146.84498321225));
#4420 = CARTESIAN_POINT ('', (-90., 79.431423181548, 146.607585913938));
#4430 = CARTESIAN_POINT ('', (-90., 78.8939054315444, 146.371249298777));
#4440 = CARTESIAN_POINT ('', (-90., 78.3564087737426, 146.134921957467));
#4450 = CARTESIAN_POINT ('', (-90., 77.8207820207211, 145.902246275292));
#4460 = CARTESIAN_POINT ('', (-90., 77.2812093573006, 145.67069798597));
#4470 = CARTESIAN_POINT ('', (-90., 76.7416799895941, 145.439168276256));
#4480 = CARTESIAN_POINT ('', (-90., 76.2039850213207, 145.211246745294));
#4490 = CARTESIAN_POINT ('', (-90., 75.6624206360142, 144.98451791681));
#4500 = CARTESIAN_POINT ('', (-90., 75.1208681954672, 144.757794089064));
#4510 = CARTESIAN_POINT ('', (-90., 74.5811141981295, 144.534636178809));
#4520 = CARTESIAN_POINT ('', (-90., 74.0375681063869, 144.312734430096));
#4530 = CARTESIAN_POINT ('', (-90., 73.4940341237998, 144.090837624925));
#4540 = CARTESIAN_POINT ('', (-90., 72.9522618972584, 143.87246466881));
#4550 = CARTESIAN_POINT ('', (-90., 72.4067763327115, 143.655409649879));
#4560 = CARTESIAN_POINT ('', (-90., 71.8613031334104, 143.438359551222));
#4570 = CARTESIAN_POINT ('', (-90., 71.3175542691877, 143.224791559849));
#4580 = CARTESIAN_POINT ('', (-90., 70.7701722607997, 143.012601330631));
#4590 = CARTESIAN_POINT ('', (-90., 70.2228715938206, 142.800442633052));
#4600 = CARTESIAN_POINT ('', (-90., 69.6772572446164, 142.591722095766));
#4610 = CARTESIAN_POINT ('', (-90., 69.1280911578208, 142.384439819274));
#4620 = CARTESIAN_POINT ('', (-90., 68.5789363240496, 142.177161790226));
#4630 = CARTESIAN_POINT ('', (-90., 68.0314316547732, 141.973285792897));
#4640 = CARTESIAN_POINT ('', (-90., 67.4804525741146, 141.770906778529));
#4650 = CARTESIAN_POINT ('', (-90., 66.9294849178926, 141.568531960447));
#4660 = CARTESIAN_POINT ('', (-90., 66.3801305319987, 141.369523192275));
#4670 = CARTESIAN_POINT ('', (-90., 65.8273805290821, 141.172068489945));
#4680 = CARTESIAN_POINT ('', (-90., 65.2746421131104, 140.974617926733));
#4690 = CARTESIAN_POINT ('', (-90., 64.7234793709535, 140.780497609887));
#4700 = CARTESIAN_POINT ('', (-90., 64.1690011948064, 140.587986743751));
#4710 = CARTESIAN_POINT ('', (-90., 63.6145347588723, 140.395479953732));
#4720 = CARTESIAN_POINT ('', (-90., 63.0616057378814, 140.206267815482));
#4730 = CARTESIAN_POINT ('', (-90., 62.5054427722396, 140.018718759421));
#4740 = CARTESIAN_POINT ('', (-90., 61.9492916905281, 139.831173710855));
#4750 = CARTESIAN_POINT ('', (-90., 61.3946391438488, 139.646887958157));
#4760 = CARTESIAN_POINT ('', (-90., 60.8368353631485, 139.464317113915));
#4770 = CARTESIAN_POINT ('', (-90., 60.2790436002596, 139.281750203139));
#4780 = CARTESIAN_POINT ('', (-90., 59.7227109139815, 139.102407499786));
#4790 = CARTESIAN_POINT ('', (-90., 59.1633108381857, 138.924829677813));
#4800 = CARTESIAN_POINT ('', (-90., 58.6039229039896, 138.747255710111));
#4810 = CARTESIAN_POINT ('', (-90., 58.0459540530805, 138.572871156511));
#4820 = CARTESIAN_POINT ('', (-90., 57.4850027014758, 138.400299559593));
#4830 = CARTESIAN_POINT ('', (-90., 57.1112136199493, 138.285306737979));
#4840 = CARTESIAN_POINT ('', (-90., 56.7380401497846, 138.171717875311));
#4850 = CARTESIAN_POINT ('', (-90., 56.363573310878, 138.058951687778));
#4860 = CARTESIAN_POINT ('', (-90., 55.5202960614038, 137.805008880096));
#4870 = CARTESIAN_POINT ('', (-90., 54.6800417895808, 137.558101210578));
#4880 = CARTESIAN_POINT ('', (-90., 53.8334359943985, 137.315486090238));
#4890 = CARTESIAN_POINT ('', (-90., 52.9868676416838, 137.07288169993));
#4900 = CARTESIAN_POINT ('', (-90., 52.1431907395515, 136.837220223692));
#4910 = CARTESIAN_POINT ('', (-90., 51.2934407707022, 136.606006347692));
#4920 = CARTESIAN_POINT ('', (-90., 50.4437289637928, 136.374802855418));
#4930 = CARTESIAN_POINT ('', (-90., 49.5967740880569, 136.150451164196));
#4940 = CARTESIAN_POINT ('', (-90., 48.7440305545047, 135.930692943357));
#4950 = CARTESIAN_POINT ('', (-90., 47.8913258279931, 135.710944723375));
#4960 = CARTESIAN_POINT ('', (-90., 47.0412408467309, 135.497958486938));
#4970 = CARTESIAN_POINT ('', (-90., 46.1856568985845, 135.289702062127));
#4980 = CARTESIAN_POINT ('', (-90., 45.3301123251116, 135.081455221447));
#4990 = CARTESIAN_POINT ('', (-90., 44.4770479828631, 134.879882014804));
#5000 = CARTESIAN_POINT ('', (-90., 43.6187789513483, 134.683165128404));
#5010 = CARTESIAN_POINT ('', (-90., 43.0469213421071, 134.552094282057));
#5020 = CARTESIAN_POINT ('', (-90., 42.4761136695068, 134.423955500622));
#5030 = CARTESIAN_POINT ('', (-90., 41.9031037883045, 134.298017547432));
#5040 = CARTESIAN_POINT ('', (-90., 41.3301973023914, 134.172102318791));
#5050 = CARTESIAN_POINT ('', (-90., 40.7582993139918, 134.049093344574));
#5060 = CARTESIAN_POINT ('', (-90., 40.1842864185868, 133.928322146378));
#5070 = CARTESIAN_POINT ('', (-90., 39.6102845138955, 133.807553260607));
#5080 = CARTESIAN_POINT ('', (-90., 39.0372503466442, 133.689671037997));
#5090 = CARTESIAN_POINT ('', (-90., 38.4621870639452, 133.574061647154));
#5100 = CARTESIAN_POINT ('', (-90., 37.8871348892051, 133.45845448943));
#5110 = CARTESIAN_POINT ('', (-90., 37.3130092080144, 133.345714659444));
#5120 = CARTESIAN_POINT ('', (-90., 36.7369411705019, 133.235280811612));
#5130 = CARTESIAN_POINT ('', (-90., 36.1608843479783, 133.124849113725));
#5140 = CARTESIAN_POINT ('', (-90., 35.5857123360208, 133.01726568298));
#5150 = CARTESIAN_POINT ('', (-90., 35.0086856025191, 132.912019440774));
#5160 = CARTESIAN_POINT ('', (-90., 34.4316701805744, 132.806775261728));
#5170 = CARTESIAN_POINT ('', (-90., 33.8554974928471, 132.704360581943));
#5180 = CARTESIAN_POINT ('', (-90., 33.2775585000782, 132.604312318479));
#5190 = CARTESIAN_POINT ('', (-90., 32.6996309047579, 132.504266028051));
#5200 = CARTESIAN_POINT ('', (-90., 32.1225036205287, 132.407030778444));
#5210 = CARTESIAN_POINT ('', (-90., 31.5436991338383, 132.312189163907));
#5220 = CARTESIAN_POINT ('', (-90., 30.9649061196288, 132.217349429226));
#5230 = CARTESIAN_POINT ('', (-90., 30.3868706939099, 132.125302601885));
#5240 = CARTESIAN_POINT ('', (-90., 29.8072477573163, 132.035674593167));
#5250 = CARTESIAN_POINT ('', (-90., 29.2276363572265, 131.946048368356));
#5260 = CARTESIAN_POINT ('', (-90., 28.6487395714225, 131.859197256634));
#5270 = CARTESIAN_POINT ('', (-90., 28.0683454571444, 131.774788090074));
#5280 = CARTESIAN_POINT ('', (-90., 27.6815289973441, 131.718531739123));
#5290 = CARTESIAN_POINT ('', (-90., 27.2950142927982, 131.66350155758));
#5300 = CARTESIAN_POINT ('', (-90., 26.9078675333578, 131.609565138996));
#5310 = CARTESIAN_POINT ('', (-90., 25.6002631512229, 131.427392627984));
#5320 = CARTESIAN_POINT ('', (-90., 24.2957775852147, 131.259093265502));
#5330 = CARTESIAN_POINT ('', (-90., 22.984751207705, 131.103446609835));
#5340 = CARTESIAN_POINT ('', (-90., 21.6738516669801, 130.947815012386));
#5350 = CARTESIAN_POINT ('', (-90., 20.3655828901563, 130.805932825208));
#5360 = CARTESIAN_POINT ('', (-90., 19.0517960734661, 130.676925072385));
#5370 = CARTESIAN_POINT ('', (-90., 17.73813771864, 130.54792993392));
#5380 = CARTESIAN_POINT ('', (-90., 16.4266161065557, 130.432568788463));
#5390 = CARTESIAN_POINT ('', (-90., 15.1106111284388, 130.330251065054));
#5400 = CARTESIAN_POINT ('', (-90., 14.5260636320035, 130.284803236167));
#5410 = CARTESIAN_POINT ('', (-90., 13.9418683637866, 130.242030614423));
#5420 = CARTESIAN_POINT ('', (-90., 13.3569350975513, 130.201851580204));
#5430 = CARTESIAN_POINT ('', (-90., 12.7720932202442, 130.161678823485));
#5440 = CARTESIAN_POINT ('', (-90., 12.1875600481922, 130.124170789358));
#5450 = CARTESIAN_POINT ('', (-90., 11.602379979926, 130.089268647039));
#5460 = CARTESIAN_POINT ('', (-90., 11.0172235928047, 130.054367917145));
#5470 = CARTESIAN_POINT ('', (-90., 10.4323326319771, 130.022127712597));
#5480 = CARTESIAN_POINT ('', (-90., 9.8468853389516, 129.992504656962));
#5490 = CARTESIAN_POINT ('', (-90., 9.26144918985684, 129.9628821652));
#5500 = CARTESIAN_POINT ('', (-90., 8.67623500935807, 129.935916508216));
#5510 = CARTESIAN_POINT ('', (-90., 8.09055542268326, 129.911577271631));
#5520 = CARTESIAN_POINT ('', (-90., 7.50488701764792, 129.887238499724));
#5530 = CARTESIAN_POINT ('', (-90., 6.9193969777284, 129.865553207094));
#5540 = CARTESIAN_POINT ('', (-90., 6.33353275297052, 129.846501524138));
#5550 = CARTESIAN_POINT ('', (-90., 5.74767973631168, 129.827450205659));
#5560 = CARTESIAN_POINT ('', (-90., 5.16196138443193, 129.811049350099));
#5570 = CARTESIAN_POINT ('', (-90., 4.57596026402627, 129.797287201015));
#5580 = CARTESIAN_POINT ('', (-90., 3.98997036686228, 129.783525315508));
#5590 = CARTESIAN_POINT ('', (-90., 3.40407138645635, 129.772411218489));
#5600 = CARTESIAN_POINT ('', (-90., 2.81798114797313, 129.76393882652));
#5610 = CARTESIAN_POINT ('', (-90., 2.23190213652514, 129.755466596847));
#5620 = CARTESIAN_POINT ('', (-90., 1.64587029539083, 129.749639824623));
#5630 = CARTESIAN_POINT ('', (-90., 1.05973869974924, 129.74645565658));
#5640 = CARTESIAN_POINT ('', (-90., 0.473618323591082, 129.743271549486));
#5650 = CARTESIAN_POINT ('', (-90., -0.112498577929415, 129.742730912348));
#5660 = CARTESIAN_POINT ('', (-90., -0.698623838134921, 129.744831682397));
#5670 = CARTESIAN_POINT ('', (-90., -1.08934367188934, 129.74623208702));
#5680 = CARTESIAN_POINT ('', (-90., -1.480077969605, 129.748806181208));
#5690 = CARTESIAN_POINT ('', (-90., -1.87078233762769, 129.752554037953));
#5700 = CARTESIAN_POINT ('', (-90., -3.84797512952201, 129.771520386804));
#5710 = CARTESIAN_POINT ('', (-90., -5.82657495759747, 129.820611452722));
#5720 = CARTESIAN_POINT ('', (-90., -7.8022737969406, 129.899764184361));
#5730 = CARTESIAN_POINT ('', (-90., -9.11937824258246, 129.952531545787));
#5740 = CARTESIAN_POINT ('', (-90., -10.4377242978154, 130.018766937135));
#5750 = CARTESIAN_POINT ('', (-90., -11.75348559583, 130.098269904428));
#5760 = CARTESIAN_POINT ('', (-90., -12.630719120156, 130.151275467289));
#5770 = CARTESIAN_POINT ('', (-90., -13.5086860840361, 130.21029096584));
#5780 = CARTESIAN_POINT ('', (-90., -14.3851223721122, 130.275157589301));
#5790 = CARTESIAN_POINT ('', (-90., -14.774713654568, 130.303991939688));
#5800 = CARTESIAN_POINT ('', (-90., -15.1644702379255, 130.334016068289));
#5810 = CARTESIAN_POINT ('', (-90., -15.5538813106307, 130.365189832616));
#5820 = CARTESIAN_POINT ('', (-90., -16.8671288748124, 130.470320048317));
#5830 = CARTESIAN_POINT ('', (-90., -18.1825857089382, 130.589048993837));
#5840 = CARTESIAN_POINT ('', (-90., -19.493432534294, 130.720776468332));
#5850 = CARTESIAN_POINT ('', (-90., -20.8041469824813, 130.852490640198));
#5860 = CARTESIAN_POINT ('', (-90., -22.1175643729966, 130.997946090301));
#5870 = CARTESIAN_POINT ('', (-90., -23.4253378036802, 131.156216876472));
#5880 = CARTESIAN_POINT ('', (-90., -24.7329831040021, 131.31447215591));
#5890 = CARTESIAN_POINT ('', (-90., -26.0438197865221, 131.48661993098));
#5900 = CARTESIAN_POINT ('', (-90., -27.3479888286339, 131.671346958025));
#5910 = CARTESIAN_POINT ('', (-90., -28.2177078955491, 131.794536983557));
#5920 = CARTESIAN_POINT ('', (-90., -29.0890225152391, 131.923959796962));
#5930 = CARTESIAN_POINT ('', (-90., -29.9570003027212, 132.058873095729));
#5940 = CARTESIAN_POINT ('', (-90., -30.8247339431411, 132.193748445731));
#5950 = CARTESIAN_POINT ('', (-90., -31.6942054498288, 132.334901944155));
#5960 = CARTESIAN_POINT ('', (-90., -32.5600415434589, 132.481465547146));
#5970 = CARTESIAN_POINT ('', (-90., -33.4258369555702, 132.628022263811));
#5980 = CARTESIAN_POINT ('', (-90., -34.2935142181401, 132.780924580604));
#5990 = CARTESIAN_POINT ('', (-90., -35.1572537301375, 132.939147910891));
#6000 = CARTESIAN_POINT ('', (-90., -36.0209545696461, 133.097364156993));
#6010 = CARTESIAN_POINT ('', (-90., -36.8866797458098, 133.261995161619));
#6020 = CARTESIAN_POINT ('', (-90., -37.7481677604149, 133.431847807728));
#6030 = CARTESIAN_POINT ('', (-90., -38.6096175207333, 133.601692911548));
#6040 = CARTESIAN_POINT ('', (-90., -39.4732322421954, 133.778023487063));
#6050 = CARTESIAN_POINT ('', (-90., -40.332314064147, 133.959466238465));
#6060 = CARTESIAN_POINT ('', (-90., -41.191358130797, 134.140901015742));
#6070 = CARTESIAN_POINT ('', (-90., -42.0527055724977, 134.32889338758));
#6080 = CARTESIAN_POINT ('', (-90., -42.9092287661786, 134.521878634526));
#6090 = CARTESIAN_POINT ('', (-90., -43.2901701845104, 134.607709437744));
#6100 = CARTESIAN_POINT ('', (-90., -43.6715859732008, 134.694846187439));
#6110 = CARTESIAN_POINT ('', (-90., -44.0520075703063, 134.782952370181));
#6120 = CARTESIAN_POINT ('', (-90., -44.4324044736003, 134.871052833802));
#6130 = CARTESIAN_POINT ('', (-90., -44.8132876905352, 134.960465315967));
#6140 = CARTESIAN_POINT ('', (-90., -45.1931515509492, 135.050836457805));
#6150 = CARTESIAN_POINT ('', (-90., -46.0470288993905, 135.253977316966));
#6160 = CARTESIAN_POINT ('', (-90., -46.9034689890932, 135.463819246945));
#6170 = CARTESIAN_POINT ('', (-90., -47.7545382972258, 135.678420662588));
#6180 = CARTESIAN_POINT ('', (-90., -48.6055678819513, 135.893012061775));
#6190 = CARTESIAN_POINT ('', (-90., -49.4592989844946, 136.11440004531));
#6200 = CARTESIAN_POINT ('', (-90., -50.3073664227285, 136.340414299042));
#6210 = CARTESIAN_POINT ('', (-90., -51.1553946549261, 136.566418104168));
#6220 = CARTESIAN_POINT ('', (-90., -52.0062608563094, 136.799315524657));
#6230 = CARTESIAN_POINT ('', (-90., -52.851175070501, 137.036696175074));
#6240 = CARTESIAN_POINT ('', (-90., -53.6960506745482, 137.27406597788));
#6250 = CARTESIAN_POINT ('', (-90., -54.5438980363223, 137.518427759215));
#6260 = CARTESIAN_POINT ('', (-90., -55.3855103413977, 137.767120214959));
#6270 = CARTESIAN_POINT ('', (-90., -56.2270847080043, 138.015801460064));
#6280 = CARTESIAN_POINT ('', (-90., -57.0717616325574, 138.271574181512));
#6290 = CARTESIAN_POINT ('', (-90., -57.9099263536665, 138.531515860519));
#6300 = CARTESIAN_POINT ('', (-90., -58.4689983180465, 138.704901952114));
#6310 = CARTESIAN_POINT ('', (-90., -59.0294969676632, 138.881476877625));
#6320 = CARTESIAN_POINT ('', (-90., -59.5869993782215, 139.059845205352));
#6330 = CARTESIAN_POINT ('', (-90., -60.1444191890491, 139.238187105972));
#6340 = CARTESIAN_POINT ('', (-90., -60.7033049396304, 139.419750477786));
#6350 = CARTESIAN_POINT ('', (-90., -61.2591111387649, 139.603059364705));
#6360 = CARTESIAN_POINT ('', (-90., -61.8149051463772, 139.786364230773));
#6370 = CARTESIAN_POINT ('', (-90., -62.3722046427843, 139.972927124869));
#6380 = CARTESIAN_POINT ('', (-90., -62.9263405430127, 140.161185077953));
#6390 = CARTESIAN_POINT ('', (-90., -63.4804643731829, 140.349438930448));
#6400 = CARTESIAN_POINT ('', (-90., -64.0361326869655, 140.54098766163));
#6410 = CARTESIAN_POINT ('', (-90., -64.5885544404119, 140.734179117085));
#6420 = CARTESIAN_POINT ('', (-90., -65.1409642553393, 140.927366397433));
#6430 = CARTESIAN_POINT ('', (-90., -65.6949569514268, 141.123885671655));
#6440 = CARTESIAN_POINT ('', (-90., -66.2456212919889, 141.321993503277));
#6450 = CARTESIAN_POINT ('', (-90., -66.7962738353989, 141.520097090737));
#6460 = CARTESIAN_POINT ('', (-90., -67.3485470183081, 141.721570021418));
#6470 = CARTESIAN_POINT ('', (-90., -67.8974113056763, 141.924575560703));
#6480 = CARTESIAN_POINT ('', (-90., -68.4462639468117, 142.127576792458));
#6490 = CARTESIAN_POINT ('', (-90., -68.9967743058718, 142.333984919578));
#6500 = CARTESIAN_POINT ('', (-90., -69.543796568308, 142.54186797847));
#6510 = CARTESIAN_POINT ('', (-90., -70.0908073446815, 142.749746672352));
#6520 = CARTESIAN_POINT ('', (-90., -70.6395121981407, 142.961069984288));
#6530 = CARTESIAN_POINT ('', (-90., -71.1846511738929, 143.173808880484));
#6540 = CARTESIAN_POINT ('', (-90., -71.7297788326772, 143.386543360266));
#6550 = CARTESIAN_POINT ('', (-90., -72.27663617056, 143.602760318272));
#6560 = CARTESIAN_POINT ('', (-90., -72.8198513477955, 143.820331902999));
#6570 = CARTESIAN_POINT ('', (-90., -73.1821637851684, 143.965447309323));
#6580 = CARTESIAN_POINT ('', (-90., -73.5452587408016, 144.112124914159));
#6590 = CARTESIAN_POINT ('', (-90., -73.9067052812413, 144.259383808056));
#6600 = CARTESIAN_POINT ('', (-90., -74.7187389641998, 144.590218851639));
#6610 = CARTESIAN_POINT ('', (-90., -75.5348212093426, 144.929062722308));
#6620 = CARTESIAN_POINT ('', (-90., -76.3423737620485, 145.27069030161));
#6630 = CARTESIAN_POINT ('', (-90., -77.1498850768386, 145.612300435597));
#6640 = CARTESIAN_POINT ('', (-90., -77.9615668016807, 145.962068662775));
#6650 = CARTESIAN_POINT ('', (-90., -78.764456718497, 146.314403430618));
#6660 = CARTESIAN_POINT ('', (-90., -79.300172032321, 146.549493107014));
#6670 = CARTESIAN_POINT ('', (-90., -79.8377857907367, 146.788266580604));
#6680 = CARTESIAN_POINT ('', (-90., -80.3713945588168, 147.02809930573));
#6690 = CARTESIAN_POINT ('', (-90., -80.9049358337456, 147.267901695774));
#6700 = CARTESIAN_POINT ('', (-90., -81.4404084936321, 147.511428047757));
#6710 = CARTESIAN_POINT ('', (-90., -81.9718049335708, 147.755946558188));
#6720 = CARTESIAN_POINT ('', (-90., -82.5031884994425, 148.000459144704));
#6730 = CARTESIAN_POINT ('', (-90., -83.0365393228194, 148.248745112759));
#6740 = CARTESIAN_POINT ('', (-90., -83.5657363401117, 148.497954695103));
#6750 = CARTESIAN_POINT ('', (-90., -84.0949206371169, 148.747158287206));
#6760 = CARTESIAN_POINT ('', (-90., -84.6261073233356, 149.000184925873));
#6770 = CARTESIAN_POINT ('', (-90., -85.153064053106, 149.254064927968));
#6780 = CARTESIAN_POINT ('', (-90., -85.68000822573, 149.507938880214));
#6790 = CARTESIAN_POINT ('', (-90., -86.2089891396392, 149.765685751496));
#6800 = CARTESIAN_POINT ('', (-90., -86.733665462187, 150.024214088916));
#6810 = CARTESIAN_POINT ('', (-90., -87.2583293997982, 150.282736323799));
#6820 = CARTESIAN_POINT ('', (-90., -87.7850636137193, 150.545181518735));
#6830 = CARTESIAN_POINT ('', (-90., -88.3074201937561, 150.808334699697));
#6840 = CARTESIAN_POINT ('', (-90., -88.8718032480104, 151.092660008661));
#6850 = CARTESIAN_POINT ('', (-90., -89.4383576095484, 151.381480767833));
#6860 = CARTESIAN_POINT ('', (-90., -90., 151.671182232266));
#6870 = B_SPLINE_CURVE_WITH_KNOTS ('', 3, (#4220, #4230, #4240, #4250, #4260, #4270, #4280, #4290, #4300, #4310, #4320, #4330, #4340, #4350, #4360, #4370, #4380, #4390, #4400, #4410, #4420, #4430, #4440, #4450, #4460, #4470, #4480, #4490, #4500, #4510, #4520, #4530, #4540, #4550, #4560, #4570, #4580, #4590, #4600, #4610, #4620, #4630, #4640, #4650, #4660, #4670, #4680, #4690, #4700, #4710, #4720, #4730, #4740, #4750, #4760, #4770, #4780, #4790, #4800, #4810, #4820, #4830, #4840, #4850, #4860, #4870, #4880, #4890, #4900, #4910, #4920, #4930, #4940, #4950, #4960, #4970, #4980, #4990, #5000, #5010, #5020, #5030, #5040, #5050, #5060, #5070, #5080, #5090, #5100, #5110, #5120, #5130, #5140, #5150, #5160, #5170, #5180, #5190, #5200, #5210, #5220, #5230, #5240, #5250, #5260, #5270, #5280, #5290, #5300, #5310, #5320, #5330, #5340, #5350, #5360, #5370, #5380, #5390, #5400, #5410, #5420, #5430, #5440, #5450, #5460, #5470, #5480, #5490, #5500, #5510, #5520, #5530, #5540, #5550, #5560, #5570, #5580, #5590, #5600, #5610, #5620, #5630, #5640, #5650, #5660, #5670, #5680, #5690, #5700, #5710, #5720, #5730, #5740, #5750, #5760, #5770, #5780, #5790, #5800, #5810, #5820, #5830, #5840, #5850, #5860, #5870, #5880, #5890, #5900, #5910, #5920, #5930, #5940, #5950, #5960, #5970, #5980, #5990, #6000, #6010, #6020, #6030, #6040, #6050, #6060, #6070, #6080, #6090, #6100, #6110, #6120, #6130, #6140, #6150, #6160, #6170, #6180, #6190, #6200, #6210, #6220, #6230, #6240, #6250, #6260, #6270, #6280, #6290, #6300, #6310, #6320, #6330, #6340, #6350, #6360, #6370, #6380, #6390, #6400, #6410, #6420, #6430, #6440, #6450, #6460, #6470, #6480, #6490, #6500, #6510, #6520, #6530, #6540, #6550, #6560, #6570, #6580, #6590, #6600, #6610, #6620, #6630, #6640, #6650, #6660, #6670, #6680, #6690, #6700, #6710, #6720, #6730, #6740, #6750, #6760, #6770, #6780, #6790, #6800, #6810, #6820, #6830, #6840, #6850, #6860), .UNSPECIFIED., .F., .U., (4, 3, 3, 3, 3, 3, 3, 3, 3, 3, 3, 3, 3, 3, 3, 3, 3, 3, 3, 3, 3, 3, 3, 3, 3, 3, 3, 3, 3, 3, 3, 3, 3, 3, 3, 3, 3, 3, 3, 3, 3, 3, 3, 3, 3, 3, 3, 3, 3, 3, 3, 3, 3, 3, 3, 3, 3, 3, 3, 3, 3, 3, 3, 3, 3, 3, 3, 3, 3, 3, 3, 3, 3, 3, 3, 3, 3, 3, 3, 3, 3, 3, 3, 3, 3, 3, 3, 3, 4), (0., 1.76197136924512, 3.52389990376108, 5.28578521878513, 7.04745598193669, 8.8090764734102, 10.570656892395, 12.3321968281078, 14.0936676409763, 15.8549971121094, 17.6162877353097, 19.3775391203622, 21.1387505807906, 22.8997003237723, 24.6606139829337, 26.4214911299166, 28.182331364758, 29.9431343165458, 31.703899644003, 33.4646270359953, 35.2253162119626, 36.3985487713562, 39.0405993426906, 41.6825330651994, 44.3243481394943, 46.9660429888678, 49.6076162652826, 51.3676748518309, 53.1274158491495, 54.887123152435, 56.6467964651021, 58.4064355201551, 60.1660400806926, 61.925609940331, 63.685144923544, 65.4446448859169, 66.6173024469099, 70.5780024349825, 74.5383192404888, 78.4982488068536, 80.2571835772912, 82.0158435349041, 83.7744323228315, 85.532987636197, 87.2915093756905, 89.0499974731131, 90.8084518915268, 92.5668726253159, 94.3252597001581, 95.4974267303204, 101.429278003605, 105.383761109708, 108.020261481993, 109.192232080665, 113.144578692963, 117.096526173612, 121.0480864584, 123.683287274224, 126.31774685387, 128.952082652794, 131.586300503748, 134.22040138253, 136.8543864967, 138.02585976521, 139.197256991403, 141.830383386694, 144.463386881592, 147.096268653115, 149.72903010953, 152.361672885481, 154.117696172067, 155.873459285695, 157.629183886934, 159.384870245392, 161.14051866129, 162.896129465073, 164.651703016929, 166.407239706249, 168.162739951005, 169.333619556621, 171.964143222148, 174.594532559187, 176.349617309483, 178.104480069048, 179.859300313798, 181.614078378006, 183.368814626627, 185.12350945486, 187.019379181191), .UNSPECIFIED.);
#6880 = EDGE_CURVE ('', #1070, #2650, #6870, .T.);
#6890 = ORIENTED_EDGE ('', *, *, #6880, .F.);
#6900 = ORIENTED_EDGE ('', *, *, #2540, .F.);
#6910 = CARTESIAN_POINT ('', (-90., 90., 88.3288349320054));
#6920 = CARTESIAN_POINT ('', (-90., 89.4780226194983, 88.598072463284));
#6930 = CARTESIAN_POINT ('', (-90., 88.9581572467038, 88.8633193354799));
#6940 = CARTESIAN_POINT ('', (-90., 88.4338206543844, 89.12793296317));
#6950 = CARTESIAN_POINT ('', (-90., 87.9094968090462, 89.3925401579217));
#6960 = CARTESIAN_POINT ('', (-90., 87.3872510865202, 89.6532085339616));
#6970 = CARTESIAN_POINT ('', (-90., 86.8606080947403, 89.913169341611));
#6980 = CARTESIAN_POINT ('', (-90., 86.3339780213292, 90.1731237725126));
#6990 = CARTESIAN_POINT ('', (-90., 85.8093913818928, 90.4291910221508));
#7000 = CARTESIAN_POINT ('', (-90., 85.2804829833577, 90.684478010314));
#7010 = CARTESIAN_POINT ('', (-90., 84.751638992129, 90.9397339111522));
#7020 = CARTESIAN_POINT ('', (-90., 84.224804468582, 91.19115314613));
#7030 = CARTESIAN_POINT ('', (-90., 83.6937220867989, 91.4417185981202));
#7040 = CARTESIAN_POINT ('', (-90., 83.162654860176, 91.6922768998835));
#7050 = CARTESIAN_POINT ('', (-90., 82.6335633400254, 91.9390448784915));
#7060 = CARTESIAN_POINT ('', (-90., 82.1002972398825, 92.1848885853743));
#7070 = CARTESIAN_POINT ('', (-90., 81.5670432702183, 92.4307266999237));
#7080 = CARTESIAN_POINT ('', (-90., 81.0357304294212, 92.6728207668557));
#7090 = CARTESIAN_POINT ('', (-90., 80.5003178892198, 92.9139215476982));
#7100 = CARTESIAN_POINT ('', (-90., 79.9649176534531, 93.15501678775));
#7110 = CARTESIAN_POINT ('', (-90., 79.4314231815482, 93.3924140860623));
#7120 = CARTESIAN_POINT ('', (-90., 78.8939054315446, 93.6287507012231));
#7130 = CARTESIAN_POINT ('', (-90., 78.3564087737428, 93.8650780425328));
#7140 = CARTESIAN_POINT ('', (-90., 77.8207820207213, 94.0977537247078));
#7150 = CARTESIAN_POINT ('', (-90., 77.2812093573007, 94.3293020140296));
#7160 = CARTESIAN_POINT ('', (-90., 76.7416799895942, 94.5608317237436));
#7170 = CARTESIAN_POINT ('', (-90., 76.2039850213209, 94.7887532547061));
#7180 = CARTESIAN_POINT ('', (-90., 75.6624206360144, 95.0154820831898));
#7190 = CARTESIAN_POINT ('', (-90., 75.1208681954673, 95.242205910936));
#7200 = CARTESIAN_POINT ('', (-90., 74.5811141981297, 95.4653638211913));
#7210 = CARTESIAN_POINT ('', (-90., 74.0375681063871, 95.687265569904));
#7220 = CARTESIAN_POINT ('', (-90., 73.4940341237999, 95.9091623750749));
#7230 = CARTESIAN_POINT ('', (-90., 72.9522618972585, 96.1275353311902));
#7240 = CARTESIAN_POINT ('', (-90., 72.4067763327116, 96.3445903501213));
#7250 = CARTESIAN_POINT ('', (-90., 71.8613031334105, 96.5616404487779));
#7260 = CARTESIAN_POINT ('', (-90., 71.3175542691878, 96.7752084401508));
#7270 = CARTESIAN_POINT ('', (-90., 70.7701722607998, 96.9873986693692));
#7280 = CARTESIAN_POINT ('', (-90., 70.2228715938207, 97.1995573669481));
#7290 = CARTESIAN_POINT ('', (-90., 69.6772572446165, 97.4082779042337));
#7300 = CARTESIAN_POINT ('', (-90., 69.1280911578209, 97.6155601807259));
#7310 = CARTESIAN_POINT ('', (-90., 68.5789363240497, 97.8228382097735));
#7320 = CARTESIAN_POINT ('', (-90., 68.0314316547734, 98.026714207103));
#7330 = CARTESIAN_POINT ('', (-90., 67.4804525741147, 98.2290932214713));
#7340 = CARTESIAN_POINT ('', (-90., 66.9294849178927, 98.4314680395529));
#7350 = CARTESIAN_POINT ('', (-90., 66.3801305319989, 98.6304768077252));
#7360 = CARTESIAN_POINT ('', (-90., 65.8273805290823, 98.8279315100546));
#7370 = CARTESIAN_POINT ('', (-90., 65.2746421131105, 99.0253820732674));
#7380 = CARTESIAN_POINT ('', (-90., 64.7234793709536, 99.2195023901128));
#7390 = CARTESIAN_POINT ('', (-90., 64.1690011948065, 99.4120132562493));
#7400 = CARTESIAN_POINT ('', (-90., 63.6145347588725, 99.6045200462675));
#7410 = CARTESIAN_POINT ('', (-90., 63.0616057378815, 99.7937321845183));
#7420 = CARTESIAN_POINT ('', (-90., 62.5054427722398, 99.9812812405787));
#7430 = CARTESIAN_POINT ('', (-90., 61.9492916905282, 100.168826289145));
#7440 = CARTESIAN_POINT ('', (-90., 61.394639143849, 100.353112041843));
#7450 = CARTESIAN_POINT ('', (-90., 60.8368353631487, 100.535682886085));
#7460 = CARTESIAN_POINT ('', (-90., 60.2790436002598, 100.718249796861));
#7470 = CARTESIAN_POINT ('', (-90., 59.7227109139817, 100.897592500214));
#7480 = CARTESIAN_POINT ('', (-90., 59.1633108381858, 101.075170322187));
#7490 = CARTESIAN_POINT ('', (-90., 58.6039229039897, 101.252744289889));
#7500 = CARTESIAN_POINT ('', (-90., 58.0459540530806, 101.427128843489));
#7510 = CARTESIAN_POINT ('', (-90., 57.485002701476, 101.599700440407));
#7520 = CARTESIAN_POINT ('', (-90., 57.1112136199495, 101.714693262021));
#7530 = CARTESIAN_POINT ('', (-90., 56.7380401497848, 101.828282124689));
#7540 = CARTESIAN_POINT ('', (-90., 56.3635733108781, 101.941048312222));
#7550 = CARTESIAN_POINT ('', (-90., 55.520296061404, 102.194991119904));
#7560 = CARTESIAN_POINT ('', (-90., 54.6800417895809, 102.441898789421));
#7570 = CARTESIAN_POINT ('', (-90., 53.8334359943986, 102.684513909762));
#7580 = CARTESIAN_POINT ('', (-90., 52.9868676416839, 102.92711830007));
#7590 = CARTESIAN_POINT ('', (-90., 52.1431907395517, 103.162779776307));
#7600 = CARTESIAN_POINT ('', (-90., 51.2934407707023, 103.393993652308));
#7610 = CARTESIAN_POINT ('', (-90., 50.443728963793, 103.625197144582));
#7620 = CARTESIAN_POINT ('', (-90., 49.596774088057, 103.849548835804));
#7630 = CARTESIAN_POINT ('', (-90., 48.7440305545049, 104.069307056643));
#7640 = CARTESIAN_POINT ('', (-90., 47.8913258279932, 104.289055276625));
#7650 = CARTESIAN_POINT ('', (-90., 47.041240846731, 104.502041513062));
#7660 = CARTESIAN_POINT ('', (-90., 46.1856568985847, 104.710297937873));
#7670 = CARTESIAN_POINT ('', (-90., 45.3301123251117, 104.918544778552));
#7680 = CARTESIAN_POINT ('', (-90., 44.4770479828633, 105.120117985196));
#7690 = CARTESIAN_POINT ('', (-90., 43.6187789513485, 105.316834871596));
#7700 = CARTESIAN_POINT ('', (-90., 43.0469213421073, 105.447905717943));
#7710 = CARTESIAN_POINT ('', (-90., 42.476113669507, 105.576044499378));
#7720 = CARTESIAN_POINT ('', (-90., 41.9031037883046, 105.701982452568));
#7730 = CARTESIAN_POINT ('', (-90., 41.3301973023916, 105.827897681209));
#7740 = CARTESIAN_POINT ('', (-90., 40.7582993139919, 105.950906655426));
#7750 = CARTESIAN_POINT ('', (-90., 40.1842864185869, 106.071677853622));
#7760 = CARTESIAN_POINT ('', (-90., 39.6102845138957, 106.192446739393));
#7770 = CARTESIAN_POINT ('', (-90., 39.0372503466443, 106.310328962003));
#7780 = CARTESIAN_POINT ('', (-90., 38.4621870639453, 106.425938352846));
#7790 = CARTESIAN_POINT ('', (-90., 37.8871348892053, 106.54154551057));
#7800 = CARTESIAN_POINT ('', (-90., 37.3130092080145, 106.654285340557));
#7810 = CARTESIAN_POINT ('', (-90., 36.7369411705021, 106.764719188388));
#7820 = CARTESIAN_POINT ('', (-90., 36.1608843479785, 106.875150886275));
#7830 = CARTESIAN_POINT ('', (-90., 35.585712336021, 106.98273431702));
#7840 = CARTESIAN_POINT ('', (-90., 35.0086856025192, 107.087980559226));
#7850 = CARTESIAN_POINT ('', (-90., 34.4316701805746, 107.193224738272));
#7860 = CARTESIAN_POINT ('', (-90., 33.8554974928472, 107.295639418057));
#7870 = CARTESIAN_POINT ('', (-90., 33.2775585000783, 107.395687681521));
#7880 = CARTESIAN_POINT ('', (-90., 32.6996309047581, 107.495733971949));
#7890 = CARTESIAN_POINT ('', (-90., 32.1225036205289, 107.592969221556));
#7900 = CARTESIAN_POINT ('', (-90., 31.5436991338385, 107.687810836093));
#7910 = CARTESIAN_POINT ('', (-90., 30.9649061196289, 107.782650570774));
#7920 = CARTESIAN_POINT ('', (-90., 30.38687069391, 107.874697398115));
#7930 = CARTESIAN_POINT ('', (-90., 29.8072477573164, 107.964325406833));
#7940 = CARTESIAN_POINT ('', (-90., 29.2276363572267, 108.053951631644));
#7950 = CARTESIAN_POINT ('', (-90., 28.6487395714226, 108.140802743366));
#7960 = CARTESIAN_POINT ('', (-90., 28.0683454571446, 108.225211909926));
#7970 = CARTESIAN_POINT ('', (-90., 27.6815289973442, 108.281468260877));
#7980 = CARTESIAN_POINT ('', (-90., 27.2950142927983, 108.33649844242));
#7990 = CARTESIAN_POINT ('', (-90., 26.9078675333579, 108.390434861004));
#8000 = CARTESIAN_POINT ('', (-90., 25.6002631512231, 108.572607372015));
#8010 = CARTESIAN_POINT ('', (-90., 24.2957775852148, 108.740906734498));
#8020 = CARTESIAN_POINT ('', (-90., 22.9847512077052, 108.896553390165));
#8030 = CARTESIAN_POINT ('', (-90., 21.6738516669802, 109.052184987614));
#8040 = CARTESIAN_POINT ('', (-90., 20.3655828901564, 109.194067174792));
#8050 = CARTESIAN_POINT ('', (-90., 19.0517960734663, 109.323074927615));
#8060 = CARTESIAN_POINT ('', (-90., 17.7381377186402, 109.45207006608));
#8070 = CARTESIAN_POINT ('', (-90., 16.4266161065559, 109.567431211537));
#8080 = CARTESIAN_POINT ('', (-90., 15.110611128439, 109.669748934946));
#8090 = CARTESIAN_POINT ('', (-90., 14.5260636320036, 109.715196763833));
#8100 = CARTESIAN_POINT ('', (-90., 13.9418683637867, 109.757969385577));
#8110 = CARTESIAN_POINT ('', (-90., 13.3569350975515, 109.798148419796));
#8120 = CARTESIAN_POINT ('', (-90., 12.7720932202443, 109.838321176515));
#8130 = CARTESIAN_POINT ('', (-90., 12.1875600481924, 109.875829210642));
#8140 = CARTESIAN_POINT ('', (-90., 11.6023799799261, 109.910731352961));
#8150 = CARTESIAN_POINT ('', (-90., 11.0172235928048, 109.945632082855));
#8160 = CARTESIAN_POINT ('', (-90., 10.4323326319772, 109.977872287403));
#8170 = CARTESIAN_POINT ('', (-90., 9.84688533895174, 110.007495343038));
#8180 = CARTESIAN_POINT ('', (-90., 9.26144918985698, 110.0371178348));
#8190 = CARTESIAN_POINT ('', (-90., 8.67623500935821, 110.064083491784));
#8200 = CARTESIAN_POINT ('', (-90., 8.0905554226834, 110.088422728369));
#8210 = CARTESIAN_POINT ('', (-90., 7.50488701764805, 110.112761500276));
#8220 = CARTESIAN_POINT ('', (-90., 6.91939697772853, 110.134446792906));
#8230 = CARTESIAN_POINT ('', (-90., 6.33353275297065, 110.153498475861));
#8240 = CARTESIAN_POINT ('', (-90., 5.74767973631181, 110.172549794341));
#8250 = CARTESIAN_POINT ('', (-90., 5.16196138443207, 110.188950649901));
#8260 = CARTESIAN_POINT ('', (-90., 4.57596026402641, 110.202712798985));
#8270 = CARTESIAN_POINT ('', (-90., 3.98997036686243, 110.216474684492));
#8280 = CARTESIAN_POINT ('', (-90., 3.40407138645647, 110.227588781511));
#8290 = CARTESIAN_POINT ('', (-90., 2.81798114797326, 110.23606117348));
#8300 = CARTESIAN_POINT ('', (-90., 2.23190213652526, 110.244533403153));
#8310 = CARTESIAN_POINT ('', (-90., 1.64587029539097, 110.250360175377));
#8320 = CARTESIAN_POINT ('', (-90., 1.05973869974937, 110.25354434342));
#8330 = CARTESIAN_POINT ('', (-90., 0.473618323591212, 110.256728450514));
#8340 = CARTESIAN_POINT ('', (-90., -0.112498577929297, 110.257269087652));
#8350 = CARTESIAN_POINT ('', (-90., -0.698623838134802, 110.255168317603));
#8360 = CARTESIAN_POINT ('', (-90., -1.08934367188922, 110.25376791298));
#8370 = CARTESIAN_POINT ('', (-90., -1.48007796960489, 110.251193818792));
#8380 = CARTESIAN_POINT ('', (-90., -1.87078233762758, 110.247445962047));
#8390 = CARTESIAN_POINT ('', (-90., -3.84797512952191, 110.228479613196));
#8400 = CARTESIAN_POINT ('', (-90., -5.82657495759735, 110.179388547278));
#8410 = CARTESIAN_POINT ('', (-90., -7.80227379694048, 110.100235815639));
#8420 = CARTESIAN_POINT ('', (-90., -9.11937824258234, 110.047468454213));
#8430 = CARTESIAN_POINT ('', (-90., -10.4377242978153, 109.981233062865));
#8440 = CARTESIAN_POINT ('', (-90., -11.7534855958299, 109.901730095572));
#8450 = CARTESIAN_POINT ('', (-90., -12.6307191201559, 109.848724532711));
#8460 = CARTESIAN_POINT ('', (-90., -13.508686084036, 109.78970903416));
#8470 = CARTESIAN_POINT ('', (-90., -14.385122372112, 109.724842410699));
#8480 = CARTESIAN_POINT ('', (-90., -14.7747136545678, 109.696008060312));
#8490 = CARTESIAN_POINT ('', (-90., -15.1644702379254, 109.665983931711));
#8500 = CARTESIAN_POINT ('', (-90., -15.5538813106306, 109.634810167384));
#8510 = CARTESIAN_POINT ('', (-90., -16.8671288748122, 109.529679951683));
#8520 = CARTESIAN_POINT ('', (-90., -18.182585708938, 109.410951006163));
#8530 = CARTESIAN_POINT ('', (-90., -19.4934325342939, 109.279223531668));
#8540 = CARTESIAN_POINT ('', (-90., -20.8041469824812, 109.147509359802));
#8550 = CARTESIAN_POINT ('', (-90., -22.1175643729965, 109.002053909699));
#8560 = CARTESIAN_POINT ('', (-90., -23.4253378036801, 108.843783123528));
#8570 = CARTESIAN_POINT ('', (-90., -24.7329831040019, 108.68552784409));
#8580 = CARTESIAN_POINT ('', (-90., -26.043819786522, 108.51338006902));
#8590 = CARTESIAN_POINT ('', (-90., -27.3479888286338, 108.328653041975));
#8600 = CARTESIAN_POINT ('', (-90., -28.217707895549, 108.205463016443));
#8610 = CARTESIAN_POINT ('', (-90., -29.089022515239, 108.076040203038));
#8620 = CARTESIAN_POINT ('', (-90., -29.9570003027211, 107.941126904271));
#8630 = CARTESIAN_POINT ('', (-90., -30.824733943141, 107.806251554269));
#8640 = CARTESIAN_POINT ('', (-90., -31.6942054498287, 107.665098055845));
#8650 = CARTESIAN_POINT ('', (-90., -32.5600415434588, 107.518534452854));
#8660 = CARTESIAN_POINT ('', (-90., -33.42583695557, 107.371977736189));
#8670 = CARTESIAN_POINT ('', (-90., -34.29351421814, 107.219075419396));
#8680 = CARTESIAN_POINT ('', (-90., -35.1572537301374, 107.060852089109));
#8690 = CARTESIAN_POINT ('', (-90., -36.020954569646, 106.902635843007));
#8700 = CARTESIAN_POINT ('', (-90., -36.8866797458097, 106.738004838381));
#8710 = CARTESIAN_POINT ('', (-90., -37.7481677604148, 106.568152192272));
#8720 = CARTESIAN_POINT ('', (-90., -38.6096175207332, 106.398307088452));
#8730 = CARTESIAN_POINT ('', (-90., -39.4732322421952, 106.221976512937));
#8740 = CARTESIAN_POINT ('', (-90., -40.3323140641469, 106.040533761535));
#8750 = CARTESIAN_POINT ('', (-90., -41.1913581307969, 105.859098984258));
#8760 = CARTESIAN_POINT ('', (-90., -42.0527055724975, 105.67110661242));
#8770 = CARTESIAN_POINT ('', (-90., -42.9092287661785, 105.478121365475));
#8780 = CARTESIAN_POINT ('', (-90., -43.2901701845103, 105.392290562256));
#8790 = CARTESIAN_POINT ('', (-90., -43.6715859732007, 105.305153812561));
#8800 = CARTESIAN_POINT ('', (-90., -44.0520075703062, 105.217047629819));
#8810 = CARTESIAN_POINT ('', (-90., -44.4324044736002, 105.128947166198));
#8820 = CARTESIAN_POINT ('', (-90., -44.8132876905351, 105.039534684033));
#8830 = CARTESIAN_POINT ('', (-90., -45.1931515509491, 104.949163542195));
#8840 = CARTESIAN_POINT ('', (-90., -46.0470288993904, 104.746022683034));
#8850 = CARTESIAN_POINT ('', (-90., -46.9034689890931, 104.536180753055));
#8860 = CARTESIAN_POINT ('', (-90., -47.7545382972257, 104.321579337412));
#8870 = CARTESIAN_POINT ('', (-90., -48.6055678819511, 104.106987938225));
#8880 = CARTESIAN_POINT ('', (-90., -49.4592989844945, 103.88559995469));
#8890 = CARTESIAN_POINT ('', (-90., -50.3073664227283, 103.659585700958));
#8900 = CARTESIAN_POINT ('', (-90., -51.155394654926, 103.433581895832));
#8910 = CARTESIAN_POINT ('', (-90., -52.0062608563093, 103.200684475343));
#8920 = CARTESIAN_POINT ('', (-90., -52.8511750705009, 102.963303824926));
#8930 = CARTESIAN_POINT ('', (-90., -53.6960506745481, 102.72593402212));
#8940 = CARTESIAN_POINT ('', (-90., -54.5438980363222, 102.481572240785));
#8950 = CARTESIAN_POINT ('', (-90., -55.3855103413976, 102.232879785041));
#8960 = CARTESIAN_POINT ('', (-90., -56.2270847080042, 101.984198539936));
#8970 = CARTESIAN_POINT ('', (-90., -57.0717616325573, 101.728425818488));
#8980 = CARTESIAN_POINT ('', (-90., -57.9099263536664, 101.468484139481));
#8990 = CARTESIAN_POINT ('', (-90., -58.4689983180464, 101.295098047886));
#9000 = CARTESIAN_POINT ('', (-90., -59.0294969676631, 101.118523122375));
#9010 = CARTESIAN_POINT ('', (-90., -59.5869993782214, 100.940154794648));
#9020 = CARTESIAN_POINT ('', (-90., -60.144419189049, 100.761812894028));
#9030 = CARTESIAN_POINT ('', (-90., -60.7033049396303, 100.580249522214));
#9040 = CARTESIAN_POINT ('', (-90., -61.2591111387648, 100.396940635295));
#9050 = CARTESIAN_POINT ('', (-90., -61.8149051463771, 100.213635769227));
#9060 = CARTESIAN_POINT ('', (-90., -62.3722046427842, 100.027072875131));
#9070 = CARTESIAN_POINT ('', (-90., -62.9263405430126, 99.8388149220465));
#9080 = CARTESIAN_POINT ('', (-90., -63.4804643731829, 99.6505610695522));
#9090 = CARTESIAN_POINT ('', (-90., -64.0361326869655, 99.4590123383703));
#9100 = CARTESIAN_POINT ('', (-90., -64.5885544404118, 99.2658208829154));
#9110 = CARTESIAN_POINT ('', (-90., -65.1409642553393, 99.0726336025673));
#9120 = CARTESIAN_POINT ('', (-90., -65.6949569514267, 98.8761143283448));
#9130 = CARTESIAN_POINT ('', (-90., -66.2456212919888, 98.6780064967232));
#9140 = CARTESIAN_POINT ('', (-90., -66.7962738353989, 98.4799029092627));
#9150 = CARTESIAN_POINT ('', (-90., -67.3485470183081, 98.2784299785822));
#9160 = CARTESIAN_POINT ('', (-90., -67.8974113056763, 98.075424439297));
#9170 = CARTESIAN_POINT ('', (-90., -68.4462639468117, 97.8724232075425));
#9180 = CARTESIAN_POINT ('', (-90., -68.9967743058718, 97.6660150804221));
#9190 = CARTESIAN_POINT ('', (-90., -69.543796568308, 97.4581320215299));
#9200 = CARTESIAN_POINT ('', (-90., -70.0908073446815, 97.2502533276481));
#9210 = CARTESIAN_POINT ('', (-90., -70.6395121981406, 97.0389300157119));
#9220 = CARTESIAN_POINT ('', (-90., -71.1846511738929, 96.8261911195162));
#9230 = CARTESIAN_POINT ('', (-90., -71.7297788326771, 96.6134566397342));
#9240 = CARTESIAN_POINT ('', (-90., -72.2766361705599, 96.3972396817279));
#9250 = CARTESIAN_POINT ('', (-90., -72.8198513477954, 96.1796680970007));
#9260 = CARTESIAN_POINT ('', (-90., -73.1821637851684, 96.0345526906773));
#9270 = CARTESIAN_POINT ('', (-90., -73.5452587408015, 95.8878750858408));
#9280 = CARTESIAN_POINT ('', (-90., -73.9067052812412, 95.7406161919441));
#9290 = CARTESIAN_POINT ('', (-90., -74.7187389641998, 95.4097811483608));
#9300 = CARTESIAN_POINT ('', (-90., -75.5348212093425, 95.0709372776923));
#9310 = CARTESIAN_POINT ('', (-90., -76.3423737620485, 94.7293096983899));
#9320 = CARTESIAN_POINT ('', (-90., -77.1498850768385, 94.3876995644034));
#9330 = CARTESIAN_POINT ('', (-90., -77.9615668016807, 94.0379313372248));
#9340 = CARTESIAN_POINT ('', (-90., -78.764456718497, 93.6855965693819));
#9350 = CARTESIAN_POINT ('', (-90., -79.3001720323209, 93.4505068929857));
#9360 = CARTESIAN_POINT ('', (-90., -79.8377857907366, 93.2117334193961));
#9370 = CARTESIAN_POINT ('', (-90., -80.3713945588167, 92.9719006942697));
#9380 = CARTESIAN_POINT ('', (-90., -80.9049358337455, 92.7320983042264));
#9390 = CARTESIAN_POINT ('', (-90., -81.440408493632, 92.4885719522427));
#9400 = CARTESIAN_POINT ('', (-90., -81.9718049335708, 92.2440534418116));
#9410 = CARTESIAN_POINT ('', (-90., -82.5031884994425, 91.9995408552961));
#9420 = CARTESIAN_POINT ('', (-90., -83.0365393228194, 91.7512548872407));
#9430 = CARTESIAN_POINT ('', (-90., -83.5657363401117, 91.502045304897));
#9440 = CARTESIAN_POINT ('', (-90., -84.0949206371169, 91.2528417127939));
#9450 = CARTESIAN_POINT ('', (-90., -84.6261073233355, 90.9998150741271));
#9460 = CARTESIAN_POINT ('', (-90., -85.153064053106, 90.7459350720322));
#9470 = CARTESIAN_POINT ('', (-90., -85.6800082257299, 90.4920611197858));
#9480 = CARTESIAN_POINT ('', (-90., -86.2089891396391, 90.234314248504));
#9490 = CARTESIAN_POINT ('', (-90., -86.7336654621869, 89.9757859110838));
#9500 = CARTESIAN_POINT ('', (-90., -87.2583293997981, 89.7172636762013));
#9510 = CARTESIAN_POINT ('', (-90., -87.7850636137193, 89.4548184812651));
#9520 = CARTESIAN_POINT ('', (-90., -88.307420193756, 89.1916653003027));
#9530 = CARTESIAN_POINT ('', (-90., -88.8718032480104, 88.9073399913387));
#9540 = CARTESIAN_POINT ('', (-90., -89.4383576095483, 88.6185192321665));
#9550 = CARTESIAN_POINT ('', (-90., -90., 88.3288177677336));
#9560 = B_SPLINE_CURVE_WITH_KNOTS ('', 3, (#6910, #6920, #6930, #6940, #6950, #6960, #6970, #6980, #6990, #7000, #7010, #7020, #7030, #7040, #7050, #7060, #7070, #7080, #7090, #7100, #7110, #7120, #7130, #7140, #7150, #7160, #7170, #7180, #7190, #7200, #7210, #7220, #7230, #7240, #7250, #7260, #7270, #7280, #7290, #7300, #7310, #7320, #7330, #7340, #7350, #7360, #7370, #7380, #7390, #7400, #7410, #7420, #7430, #7440, #7450, #7460, #7470, #7480, #7490, #7500, #7510, #7520, #7530, #7540, #7550, #7560, #7570, #7580, #7590, #7600, #7610, #7620, #7630, #7640, #7650, #7660, #7670, #7680, #7690, #7700, #7710, #7720, #7730, #7740, #7750, #7760, #7770, #7780, #7790, #7800, #7810, #7820, #7830, #7840, #7850, #7860, #7870, #7880, #7890, #7900, #7910, #7920, #7930, #7940, #7950, #7960, #7970, #7980, #7990, #8000, #8010, #8020, #8030, #8040, #8050, #8060, #8070, #8080, #8090, #8100, #8110, #8120, #8130, #8140, #8150, #8160, #8170, #8180, #8190, #8200, #8210, #8220, #8230, #8240, #8250, #8260, #8270, #8280, #8290, #8300, #8310, #8320, #8330, #8340, #8350, #8360, #8370, #8380, #8390, #8400, #8410, #8420, #8430, #8440, #8450, #8460, #8470, #8480, #8490, #8500, #8510, #8520, #8530, #8540, #8550, #8560, #8570, #8580, #8590, #8600, #8610, #8620, #8630, #8640, #8650, #8660, #8670, #8680, #8690, #8700, #8710, #8720, #8730, #8740, #8750, #8760, #8770, #8780, #8790, #8800, #8810, #8820, #8830, #8840, #8850, #8860, #8870, #8880, #8890, #8900, #8910, #8920, #8930, #8940, #8950, #8960, #8970, #8980, #8990, #9000, #9010, #9020, #9030, #9040, #9050, #9060, #9070, #9080, #9090, #9100, #9110, #9120, #9130, #9140, #9150, #9160, #9170, #9180, #9190, #9200, #9210, #9220, #9230, #9240, #9250, #9260, #9270, #9280, #9290, #9300, #9310, #9320, #9330, #9340, #9350, #9360, #9370, #9380, #9390, #9400, #9410, #9420, #9430, #9440, #9450, #9460, #9470, #9480, #9490, #9500, #9510, #9520, #9530, #9540, #9550), .UNSPECIFIED., .F., .U., (4, 3, 3, 3, 3, 3, 3, 3, 3, 3, 3, 3, 3, 3, 3, 3, 3, 3, 3, 3, 3, 3, 3, 3, 3, 3, 3, 3, 3, 3, 3, 3, 3, 3, 3, 3, 3, 3, 3, 3, 3, 3, 3, 3, 3, 3, 3, 3, 3, 3, 3, 3, 3, 3, 3, 3, 3, 3, 3, 3, 3, 3, 3, 3, 3, 3, 3, 3, 3, 3, 3, 3, 3, 3, 3, 3, 3, 3, 3, 3, 3, 3, 3, 3, 3, 3, 3, 3, 4), (0., 1.76197136924512, 3.52389990376105, 5.28578521878504, 7.04745598193657, 8.80907647341007, 10.5706568923948, 12.3321968281076, 14.0936676409762, 15.8549971121093, 17.6162877353096, 19.3775391203621, 21.1387505807905, 22.8997003237721, 24.6606139829336, 26.4214911299165, 28.1823313647578, 29.9431343165457, 31.7038996440029, 33.4646270359952, 35.2253162119624, 36.3985487713561, 39.0405993426905, 41.6825330651993, 44.3243481394942, 46.9660429888677, 49.6076162652825, 51.3676748518307, 53.1274158491494, 54.8871231524349, 56.646796465102, 58.406435520155, 60.1660400806925, 61.9256099403308, 63.6851449235439, 65.4446448859168, 66.6173024469098, 70.5780024349824, 74.5383192404887, 78.4982488068534, 80.257183577291, 82.015843534904, 83.7744323228313, 85.5329876361969, 87.2915093756904, 89.0499974731129, 90.8084518915267, 92.5668726253158, 94.3252597001579, 95.4974267303203, 101.429278003605, 105.383761109708, 108.020261481993, 109.192232080665, 113.144578692963, 117.096526173612, 121.0480864584, 123.683287274224, 126.31774685387, 128.952082652794, 131.586300503748, 134.22040138253, 136.8543864967, 138.02585976521, 139.197256991403, 141.830383386694, 144.463386881591, 147.096268653115, 149.72903010953, 152.361672885481, 154.117696172067, 155.873459285695, 157.629183886934, 159.384870245391, 161.14051866129, 162.896129465073, 164.651703016929, 166.407239706249, 168.162739951005, 169.333619556621, 171.964143222148, 174.594532559187, 176.349617309483, 178.104480069047, 179.859300313798, 181.614078378006, 183.368814626627, 185.123509454859, 187.019379181191), .UNSPECIFIED.);
#9570 = EDGE_CURVE ('', #1260, #2770, #9560, .T.);
#9580 = ORIENTED_EDGE ('', *, *, #9570, .T.);
#9590 = ORIENTED_EDGE ('', *, *, #2810, .T.);
#9600 = EDGE_LOOP ('', (#6890, #6900, #9580, #9590));
#9610 = FACE_OUTER_BOUND ('', #9600, .T.);
#9620 = CARTESIAN_POINT ('', (-90., -90., 88.3288177677336));
#9630 = CARTESIAN_POINT ('', (-90., 90., 88.3288177677336));
#9640 = CARTESIAN_POINT ('', (-90., -90., 151.671182232266));
#9650 = CARTESIAN_POINT ('', (-90., 90., 151.671182232266));
#9660 = B_SPLINE_SURFACE_WITH_KNOTS ('', 1, 1, ((#9620, #9630), (#9640, #9650)), .UNSPECIFIED., .F., .F., .U., (2, 2), (2, 2), (0.458386019885945, 0.541613980114055), (0., 1.), .UNSPECIFIED.);
#9670 = ADVANCED_FACE ('', (#9610), #9660, .T.);
#9680 = CARTESIAN_POINT ('', (90., -90., 151.671182232266));
#9690 = CARTESIAN_POINT ('', (90., -89.4780478777009, 151.40195345473));
#9700 = CARTESIAN_POINT ('', (90., -88.9582072753392, 151.136713588523));
#9710 = CARTESIAN_POINT ('', (90., -88.433896509174, 150.872107516957));
#9720 = CARTESIAN_POINT ('', (90., -87.9095979077636, 150.607507584628));
#9730 = CARTESIAN_POINT ('', (90., -87.3873780734717, 150.346846868906));
#9740 = CARTESIAN_POINT ('', (90., -86.8607596284847, 150.086894640547));
#9750 = CARTESIAN_POINT ('', (90., -86.3341535359505, 149.826948509672));
#9760 = CARTESIAN_POINT ('', (90., -85.8095925980817, 149.570892021789));
#9770 = CARTESIAN_POINT ('', (90., -85.2807062837689, 149.315617200893));
#9780 = CARTESIAN_POINT ('', (90., -84.7518325009905, 149.060348428527));
#9790 = CARTESIAN_POINT ('', (90., -84.2249694366933, 148.80891988585));
#9800 = CARTESIAN_POINT ('', (90., -83.69385583736, 148.558344610017));
#9810 = CARTESIAN_POINT ('', (90., -83.1627549396949, 148.307775326733));
#9820 = CARTESIAN_POINT ('', (90., -82.6336295380166, 148.060997058543));
#9830 = CARTESIAN_POINT ('', (90., -82.1003299728742, 147.81514201376));
#9840 = CARTESIAN_POINT ('', (90., -81.5670432702774, 147.569292898706));
#9850 = CARTESIAN_POINT ('', (90., -81.0356960936928, 147.327185820359));
#9860 = CARTESIAN_POINT ('', (90., -80.5002525756011, 147.086070218473));
#9870 = CARTESIAN_POINT ('', (90., -79.964868673393, 146.844981462219));
#9880 = CARTESIAN_POINT ('', (90., -79.431390287702, 146.60758863914));
#9890 = CARTESIAN_POINT ('', (90., -78.8938891860809, 146.371257775959));
#9900 = CARTESIAN_POINT ('', (90., -78.3564087922769, 146.134936017683));
#9910 = CARTESIAN_POINT ('', (90., -77.8207989266676, 145.902267197418));
#9920 = CARTESIAN_POINT ('', (90., -77.2812418328418, 145.670726078693));
#9930 = CARTESIAN_POINT ('', (90., -76.7416968418034, 145.439190153658));
#9940 = CARTESIAN_POINT ('', (90., -76.2039865332532, 145.211263471143));
#9950 = CARTESIAN_POINT ('', (90., -75.6624061980272, 144.98452921605));
#9960 = CARTESIAN_POINT ('', (90., -75.12083812901, 144.757800096242));
#9970 = CARTESIAN_POINT ('', (90., -74.5810681642197, 144.534636725787));
#9980 = CARTESIAN_POINT ('', (90., -74.0375068079556, 144.312728818933));
#9990 = CARTESIAN_POINT ('', (90., -73.493973563506, 144.090832388676));
#10000 = CARTESIAN_POINT ('', (90., -72.9522006194024, 143.872458252363));
#10010 = CARTESIAN_POINT ('', (90., -72.4067173733251, 143.655399638546));
#10020 = CARTESIAN_POINT ('', (90., -71.8613025351792, 143.438368245604));
#10030 = CARTESIAN_POINT ('', (90., -71.3176113394172, 143.224815525253));
#10040 = CARTESIAN_POINT ('', (90., -70.7702885047828, 143.012641808973));
#10050 = CARTESIAN_POINT ('', (90., -70.2229769894481, 142.800472480703));
#10060 = CARTESIAN_POINT ('', (90., -69.6773532105193, 142.591744570803));
#10070 = CARTESIAN_POINT ('', (90., -69.1281746952181, 142.384455697468));
#10080 = CARTESIAN_POINT ('', (90., -68.5790076721481, 142.177171161907));
#10090 = CARTESIAN_POINT ('', (90., -68.0314917290797, 141.973290934857));
#10100 = CARTESIAN_POINT ('', (90., -67.4804994376194, 141.770908147393));
#10110 = CARTESIAN_POINT ('', (90., -66.9295188024442, 141.568529641353));
#10120 = CARTESIAN_POINT ('', (90., -66.3801518787795, 141.369518510489));
#10130 = CARTESIAN_POINT ('', (90., -65.8273884011176, 141.172061533382));
#10140 = CARTESIAN_POINT ('', (90., -65.2746367345814, 140.974608775419));
#10150 = CARTESIAN_POINT ('', (90., -64.7234607387702, 140.780486667157));
#10160 = CARTESIAN_POINT ('', (90., -64.1689693078084, 140.587973681944));
#10170 = CARTESIAN_POINT ('', (90., -63.6144898332884, 140.395464847869));
#10180 = CARTESIAN_POINT ('', (90., -63.0615473575426, 140.206250176297));
#10190 = CARTESIAN_POINT ('', (90., -62.5053718053224, 140.018697799683));
#10200 = CARTESIAN_POINT ('', (90., -61.9492083450511, 139.831149500692));
#10210 = CARTESIAN_POINT ('', (90., -61.3945426227818, 139.646859144703));
#10220 = CARTESIAN_POINT ('', (90., -60.8367273355116, 139.464282409375));
#10230 = CARTESIAN_POINT ('', (90., -60.2789242656301, 139.281709672881));
#10240 = CARTESIAN_POINT ('', (90., -59.7225791275891, 139.102358955921));
#10250 = CARTESIAN_POINT ('', (90., -59.1631689996343, 138.924771294126));
#10260 = CARTESIAN_POINT ('', (90., -58.7904294149343, 138.806443169558));
#10270 = CARTESIAN_POINT ('', (90., -58.4183229282898, 138.689532796659));
#10280 = CARTESIAN_POINT ('', (90., -58.0448859891287, 138.573424246));
#10290 = CARTESIAN_POINT ('', (90., -57.203853684689, 138.31193152344));
#10300 = CARTESIAN_POINT ('', (90., -56.3659343345549, 138.057546640132));
#10310 = CARTESIAN_POINT ('', (90., -55.5214727782166, 137.807349795768));
#10320 = CARTESIAN_POINT ('', (90., -54.6770489263478, 137.557164122475));
#10330 = CARTESIAN_POINT ('', (90., -53.8356069490914, 137.313989860907));
#10340 = CARTESIAN_POINT ('', (90., -52.9879005213036, 137.075162883759));
#10350 = CARTESIAN_POINT ('', (90., -52.1402325217772, 136.836346733126));
#10360 = CARTESIAN_POINT ('', (90., -51.2954122973552, 136.604446683469));
#10370 = CARTESIAN_POINT ('', (90., -50.4446113753727, 136.377043995759));
#10380 = CARTESIAN_POINT ('', (90., -49.5938495310257, 136.149651752746));
#10390 = CARTESIAN_POINT ('', (90., -48.7457986680671, 135.929081606111));
#10400 = CARTESIAN_POINT ('', (90., -47.8920561880799, 135.713149380993));
#10410 = CARTESIAN_POINT ('', (90., -47.0383533576215, 135.497227184205));
#10420 = CARTESIAN_POINT ('', (90., -46.1872223586994, 135.288034562687));
#10430 = CARTESIAN_POINT ('', (90., -45.3306934562675, 135.08361059859));
#10440 = CARTESIAN_POINT ('', (90., -44.7600257001548, 134.947411849714));
#10450 = CARTESIAN_POINT ('', (90., -44.1904488185789, 134.814167674383));
#10460 = CARTESIAN_POINT ('', (90., -43.6185834684398, 134.683088277175));
#10470 = CARTESIAN_POINT ('', (90., -43.046804030973, 134.552028572332));
#10480 = CARTESIAN_POINT ('', (90., -42.4760747535401, 134.423899229403));
#10490 = CARTESIAN_POINT ('', (90., -41.903142827827, 134.297973140596));
#10500 = CARTESIAN_POINT ('', (90., -41.3302219410518, 134.172049478065));
#10510 = CARTESIAN_POINT ('', (90., -40.7583105662413, 134.049035384288));
#10520 = CARTESIAN_POINT ('', (90., -40.1842821501792, 133.928260847063));
#10530 = CARTESIAN_POINT ('', (90., -39.6102648917674, 133.807488657387));
#10540 = CARTESIAN_POINT ('', (90., -39.0372160067972, 133.689605498495));
#10550 = CARTESIAN_POINT ('', (90., -38.4621366668524, 133.573996296774));
#10560 = CARTESIAN_POINT ('', (90., -37.8870685930609, 133.458389359908));
#10570 = CARTESIAN_POINT ('', (90., -37.312927308412, 133.345651190711));
#10580 = CARTESIAN_POINT ('', (90., -36.7368430424911, 133.235219438464));
#10590 = CARTESIAN_POINT ('', (90., -36.1607701407725, 133.124789864664));
#10600 = CARTESIAN_POINT ('', (90., -35.585582043795, 133.017209088841));
#10610 = CARTESIAN_POINT ('', (90., -35.0085392328571, 132.911965213917));
#10620 = CARTESIAN_POINT ('', (90., -34.4315078735021, 132.806723427587));
#10630 = CARTESIAN_POINT ('', (90., -33.8553189809136, 132.704310780374));
#10640 = CARTESIAN_POINT ('', (90., -33.2773643397618, 132.604263511345));
#10650 = CARTESIAN_POINT ('', (90., -32.6994212267234, 132.5042182379));
#10660 = CARTESIAN_POINT ('', (90., -32.122277936142, 132.406982771733));
#10670 = CARTESIAN_POINT ('', (90., -31.5434584635463, 132.312139127817));
#10680 = CARTESIAN_POINT ('', (90., -30.9646513760702, 132.21729751329));
#10690 = CARTESIAN_POINT ('', (90., -30.3866012095107, 132.125246687913));
#10700 = CARTESIAN_POINT ('', (90., -29.806964928175, 132.035612109106));
#10710 = CARTESIAN_POINT ('', (90., -29.2274319709261, 131.945993508269));
#10720 = CARTESIAN_POINT ('', (90., -28.6486133745304, 131.859146675963));
#10730 = CARTESIAN_POINT ('', (90., -28.0682980005749, 131.77474283183));
#10740 = CARTESIAN_POINT ('', (90., -27.4879936391723, 131.690340589415));
#10750 = CARTESIAN_POINT ('', (90., -26.9083615374119, 131.608697113648));
#10760 = CARTESIAN_POINT ('', (90., -26.327320974292, 131.529521647771));
#10770 = CARTESIAN_POINT ('', (90., -25.7462915128231, 131.45034769466));
#10780 = CARTESIAN_POINT ('', (90., -25.1658918474491, 131.373919799771));
#10790 = CARTESIAN_POINT ('', (90., -24.5841727644329, 131.299982945626));
#10800 = CARTESIAN_POINT ('', (90., -24.002464861465, 131.226047512472));
#10810 = CARTESIAN_POINT ('', (90., -23.4213439754636, 131.154845735886));
#10820 = CARTESIAN_POINT ('', (90., -22.838993347067, 131.086156011348));
#10830 = CARTESIAN_POINT ('', (90., -22.2566539662268, 131.017467613488));
#10840 = CARTESIAN_POINT ('', (90., -21.674858555153, 130.951500789433));
#10850 = CARTESIAN_POINT ('', (90., -21.0919236109572, 130.888064984769));
#10860 = CARTESIAN_POINT ('', (90., -20.5089999707811, 130.824630410224));
#10870 = CARTESIAN_POINT ('', (90., -19.9265770332141, 130.76390565649));
#10880 = CARTESIAN_POINT ('', (90., -19.3431052071097, 130.705728825482));
#10890 = CARTESIAN_POINT ('', (90., -18.7596447303225, 130.647553126092));
#10900 = CARTESIAN_POINT ('', (90., -18.1766415175964, 130.592075833895));
#10910 = CARTESIAN_POINT ('', (90., -17.5926803966139, 130.539161288133));
#10920 = CARTESIAN_POINT ('', (90., -17.0087306589938, 130.486247773853));
#10930 = CARTESIAN_POINT ('', (90., -16.4251946243604, 130.436021600832));
#10940 = CARTESIAN_POINT ('', (90., -15.8407918972482, 130.388370907197));
#10950 = CARTESIAN_POINT ('', (90., -15.451276535613, 130.356610827543));
#10960 = CARTESIAN_POINT ('', (90., -15.0619290650751, 130.326040493739));
#10970 = CARTESIAN_POINT ('', (90., -14.6722300138689, 130.296619938027));
#10980 = CARTESIAN_POINT ('', (90., -13.3565330341399, 130.197290632061));
#10990 = CARTESIAN_POINT ('', (90., -12.0424220676594, 130.111468141993));
#11000 = CARTESIAN_POINT ('', (90., -10.7249806922636, 130.038852194111));
#11010 = CARTESIAN_POINT ('', (90., -9.40766647120051, 129.966243254838));
#11020 = CARTESIAN_POINT ('', (90., -8.09144258387105, 129.907092354206));
#11030 = CARTESIAN_POINT ('', (90., -6.77292545959246, 129.86125123662));
#11040 = CARTESIAN_POINT ('', (90., -5.4545362925869, 129.815414567748));
#11050 = CARTESIAN_POINT ('', (90., -4.13673925657015, 129.782995847788));
#11060 = CARTESIAN_POINT ('', (90., -2.81769121406775, 129.76393653349));
#11070 = CARTESIAN_POINT ('', (90., -2.23159702817996, 129.755467885694));
#11080 = CARTESIAN_POINT ('', (90., -1.64554996256802, 129.749643065024));
#11090 = CARTESIAN_POINT ('', (90., -1.05940324857813, 129.746458350622));
#11100 = CARTESIAN_POINT ('', (90., -0.473361217442943, 129.743274204994));
#11110 = CARTESIAN_POINT ('', (90., 0.112677329807793, 129.742730269234));
#11120 = CARTESIAN_POINT ('', (90., 0.698724254167823, 129.744828718324));
#11130 = CARTESIAN_POINT ('', (90., 1.28475997926253, 129.746927127312));
#11140 = CARTESIAN_POINT ('', (90., 1.87083588661907, 129.751668339975));
#11150 = CARTESIAN_POINT ('', (90., 2.45682884124037, 129.759052887474));
#11160 = CARTESIAN_POINT ('', (90., 3.04281057989305, 129.766437293632));
#11170 = CARTESIAN_POINT ('', (90., 3.62887622827567, 129.776467443107));
#11180 = CARTESIAN_POINT ('', (90., 4.21476746334979, 129.789139781173));
#11190 = CARTESIAN_POINT ('', (90., 4.80064747706353, 129.80181187653));
#11200 = CARTESIAN_POINT ('', (90., 5.38665514016976, 129.817132999928));
#11210 = CARTESIAN_POINT ('', (90., 5.97239689939546, 129.835093065884));
#11220 = CARTESIAN_POINT ('', (90., 6.55812744321183, 129.853052787952));
#11230 = CARTESIAN_POINT ('', (90., 7.14402933903913, 129.873665165797));
#11240 = CARTESIAN_POINT ('', (90., 7.72957391137894, 129.896911141354));
#11250 = CARTESIAN_POINT ('', (90., 8.31510728559856, 129.920156672348));
#11260 = CARTESIAN_POINT ('', (90., 8.90085562821201, 129.946058826483));
#11270 = CARTESIAN_POINT ('', (90., 9.48615539957168, 129.974587140182));
#11280 = CARTESIAN_POINT ('', (90., 10.0714440013979, 130.003114909462));
#11290 = CARTESIAN_POINT ('', (90., 10.6569910527789, 130.034303604186));
#11300 = CARTESIAN_POINT ('', (90., 11.2419985574462, 130.068108937061));
#11310 = CARTESIAN_POINT ('', (90., 11.8269949323884, 130.101913626792));
#11320 = CARTESIAN_POINT ('', (90., 12.4122930541993, 130.138383873232));
#11330 = CARTESIAN_POINT ('', (90., 12.9969610258798, 130.177459167657));
#11340 = CARTESIAN_POINT ('', (90., 13.3867329856954, 130.20350891696));
#11350 = CARTESIAN_POINT ('', (90., 13.7766549213263, 130.230744664136));
#11360 = CARTESIAN_POINT ('', (90., 14.1662634258489, 130.259134509168));
#11370 = CARTESIAN_POINT ('', (90., 15.4803435802056, 130.354888404448));
#11380 = CARTESIAN_POINT ('', (90., 16.7964605459323, 130.464212094834));
#11390 = CARTESIAN_POINT ('', (90., 18.1083285687801, 130.586595717778));
#11400 = CARTESIAN_POINT ('', (90., 19.4200677642839, 130.708967322473));
#11410 = CARTESIAN_POINT ('', (90., 20.7343377982749, 130.845039244634));
#11420 = CARTESIAN_POINT ('', (90., 22.0433243831299, 130.993997786941));
#11430 = CARTESIAN_POINT ('', (90., 23.3521832206998, 131.14294179201));
#11440 = CARTESIAN_POINT ('', (90., 24.6640616630183, 131.30572513452));
#11450 = CARTESIAN_POINT ('', (90., 25.9696325221398, 131.481168872351));
#11460 = CARTESIAN_POINT ('', (90., 26.5501983401518, 131.559185807592));
#11470 = CARTESIAN_POINT ('', (90., 27.1314285308677, 131.639956748295));
#11480 = CARTESIAN_POINT ('', (90., 27.7112690182697, 131.723193281127));
#11490 = CARTESIAN_POINT ('', (90., 28.2910065305625, 131.806415031805));
#11500 = CARTESIAN_POINT ('', (90., 28.8714507889955, 131.892402903198));
#11510 = CARTESIAN_POINT ('', (90., 29.4504164852903, 131.980834602601));
#11520 = CARTESIAN_POINT ('', (90., 30.0293706353488, 132.069264538423));
#11530 = CARTESIAN_POINT ('', (90., 30.6090744839662, 132.160478962006));
#11540 = CARTESIAN_POINT ('', (90., 31.1872096460359, 132.254113868949));
#11550 = CARTESIAN_POINT ('', (90., 31.7653333168177, 132.347746914759));
#11560 = CARTESIAN_POINT ('', (90., 32.3442493977814, 132.444183160741));
#11570 = CARTESIAN_POINT ('', (90., 32.921507135134, 132.543014484988));
#11580 = CARTESIAN_POINT ('', (90., 33.4987534472105, 132.641843853133));
#11590 = CARTESIAN_POINT ('', (90., 34.0768345924117, 132.743495464404));
#11600 = CARTESIAN_POINT ('', (90., 34.6531683024884, 132.847514709946));
#11610 = CARTESIAN_POINT ('', (90., 35.229490664241, 132.951531907292));
#11620 = CARTESIAN_POINT ('', (90., 35.8066899460205, 133.05839070518));
#11630 = CARTESIAN_POINT ('', (90., 36.3820533638833, 133.167587680345));
#11640 = CARTESIAN_POINT ('', (90., 36.9574055211573, 133.276782518387));
#11650 = CARTESIAN_POINT ('', (90., 37.5336763026341, 133.388838611541));
#11660 = CARTESIAN_POINT ('', (90., 38.1080235499561, 133.503201442165));
#11670 = CARTESIAN_POINT ('', (90., 38.682359635018, 133.617562050183));
#11680 = CARTESIAN_POINT ('', (90., 39.257655619868, 133.734803846556));
#11690 = CARTESIAN_POINT ('', (90., 39.8309412530757, 133.854318992158));
#11700 = CARTESIAN_POINT ('', (90., 40.4042158327233, 133.97383183338));
#11710 = CARTESIAN_POINT ('', (90., 40.9784911142527, 134.096246055282));
#11720 = CARTESIAN_POINT ('', (90., 41.5506701716724, 134.220898328175));
#11730 = CARTESIAN_POINT ('', (90., 41.9322091101592, 134.304018629876));
#11740 = CARTESIAN_POINT ('', (90., 42.3142077857297, 134.388435727086));
#11750 = CARTESIAN_POINT ('', (90., 42.6952430993641, 134.473835000501));
#11760 = CARTESIAN_POINT ('', (90., 43.5517761380165, 134.665804869278));
#11770 = CARTESIAN_POINT ('', (90., 44.41073805111, 134.864394353473));
#11780 = CARTESIAN_POINT ('', (90., 45.2646114214146, 135.067868047855));
#11790 = CARTESIAN_POINT ('', (90., 46.1184451923519, 135.271332305909));
#11800 = CARTESIAN_POINT ('', (90., 46.9748476333626, 135.481507070122));
#11810 = CARTESIAN_POINT ('', (90., 47.8258667958449, 135.696440077792));
#11820 = CARTESIAN_POINT ('', (90., 48.6768468476203, 135.911363207681));
#11830 = CARTESIAN_POINT ('', (90., 49.5305331728169, 136.133089285607));
#11840 = CARTESIAN_POINT ('', (90., 50.378545781917, 136.35943772295));
#11850 = CARTESIAN_POINT ('', (90., 51.2265198482683, 136.585775872603));
#11860 = CARTESIAN_POINT ('', (90., 52.0773352577489, 136.81901078663));
#11870 = CARTESIAN_POINT ('', (90., 52.9221915127462, 137.056722552398));
#11880 = CARTESIAN_POINT ('', (90., 53.7670098696364, 137.294423655019));
#11890 = CARTESIAN_POINT ('', (90., 54.6148017759374, 137.539116523674));
#11900 = CARTESIAN_POINT ('', (90., 55.4563547665718, 137.7881314515));
#11910 = CARTESIAN_POINT ('', (90., 56.0176765689326, 137.954226171212));
#11920 = CARTESIAN_POINT ('', (90., 56.5803680160723, 138.123463999224));
#11930 = CARTESIAN_POINT ('', (90., 57.1401841836025, 138.294564789093));
#11940 = CARTESIAN_POINT ('', (90., 57.6999100131788, 138.465637968298));
#11950 = CARTESIAN_POINT ('', (90., 58.2610448334222, 138.639884049302));
#11960 = CARTESIAN_POINT ('', (90., 58.8192209930547, 138.815947707553));
#11970 = CARTESIAN_POINT ('', (90., 59.3773849837753, 138.992007527404));
#11980 = CARTESIAN_POINT ('', (90., 59.9369979421747, 139.171275540286));
#11990 = CARTESIAN_POINT ('', (90., 60.4935674118307, 139.352312901485));
#12000 = CARTESIAN_POINT ('', (90., 61.0501248276829, 139.5333463419));
#12010 = CARTESIAN_POINT ('', (90., 61.6081706645027, 139.717623572164));
#12020 = CARTESIAN_POINT ('', (90., 62.1630892046394, 139.903620017025));
#12030 = CARTESIAN_POINT ('', (90., 62.7179958162869, 140.08961246372));
#12040 = CARTESIAN_POINT ('', (90., 63.2744297347776, 140.27888457454));
#12050 = CARTESIAN_POINT ('', (90., 63.8276536585255, 140.469823905404));
#12060 = CARTESIAN_POINT ('', (90., 64.3808657890713, 140.660759165969));
#12070 = CARTESIAN_POINT ('', (90., 64.9356435022738, 140.855010213158));
#12080 = CARTESIAN_POINT ('', (90., 65.4871297201853, 141.050874672833));
#12090 = CARTESIAN_POINT ('', (90., 66.038604289892, 141.246734995561));
#12100 = CARTESIAN_POINT ('', (90., 66.5916820665283, 141.445947445365));
#12110 = CARTESIAN_POINT ('', (90., 67.1413881301501, 141.646717738661));
#12120 = CARTESIAN_POINT ('', (90., 67.6910826999849, 141.847483834056));
#12130 = CARTESIAN_POINT ('', (90., 68.2424174092966, 142.05163858373));
#12140 = CARTESIAN_POINT ('', (90., 68.7903015534367, 142.257293901595));
#12150 = CARTESIAN_POINT ('', (90., 69.3381743673131, 142.462944966501));
#12160 = CARTESIAN_POINT ('', (90., 69.8877235227153, 142.672021367582));
#12170 = CARTESIAN_POINT ('', (90., 70.4337447062845, 142.882539413781));
#12180 = CARTESIAN_POINT ('', (90., 70.7979247274793, 143.022948740074));
#12190 = CARTESIAN_POINT ('', (90., 71.1628635632626, 143.164894280715));
#12200 = CARTESIAN_POINT ('', (90., 71.526204778842, 143.307460152538));
#12210 = CARTESIAN_POINT ('', (90., 72.3425340879163, 143.627767055946));
#12220 = CARTESIAN_POINT ('', (90., 73.16279303781, 143.955946373798));
#12230 = CARTESIAN_POINT ('', (90., 73.9747775331748, 144.287112846304));
#12240 = CARTESIAN_POINT ('', (90., 74.7867210678542, 144.618262613064));
#12250 = CARTESIAN_POINT ('', (90., 75.6027175881062, 144.957428969729));
#12260 = CARTESIAN_POINT ('', (90., 76.410174912414, 145.29937215354));
#12270 = CARTESIAN_POINT ('', (90., 76.9489215483192, 145.527521350289));
#12280 = CARTESIAN_POINT ('', (90., 77.4895149359967, 145.759289418696));
#12290 = CARTESIAN_POINT ('', (90., 78.0262147748963, 145.992212746426));
#12300 = CARTESIAN_POINT ('', (90., 78.562863304355, 146.225113806281));
#12310 = CARTESIAN_POINT ('', (90., 79.1013936326879, 146.46167611741));
#12320 = CARTESIAN_POINT ('', (90., 79.6359548893068, 146.699328827837));
#12330 = CARTESIAN_POINT ('', (90., 80.1705033867382, 146.936975865845));
#12340 = CARTESIAN_POINT ('', (90., 80.7069693104344, 147.178330640451));
#12350 = CARTESIAN_POINT ('', (90., 81.2393892669862, 147.420708858625));
#12360 = CARTESIAN_POINT ('', (90., 81.7717969795106, 147.663081502844));
#12370 = CARTESIAN_POINT ('', (90., 82.3061569855215, 147.909208575182));
#12380 = CARTESIAN_POINT ('', (90., 82.8363956122442, 148.156290484176));
#12390 = CARTESIAN_POINT ('', (90., 83.3666221668368, 148.403366767769));
#12400 = CARTESIAN_POINT ('', (90., 83.898835081054, 148.654244327778));
#12410 = CARTESIAN_POINT ('', (90., 84.4268527716736, 148.906006532054));
#12420 = CARTESIAN_POINT ('', (90., 84.9548453422989, 149.157756758956));
#12430 = CARTESIAN_POINT ('', (90., 85.484857383979, 149.413354826771));
#12440 = CARTESIAN_POINT ('', (90., 86.0106022534497, 149.669765949007));
#12450 = CARTESIAN_POINT ('', (90., 86.53629312244, 149.926150734659));
#12460 = CARTESIAN_POINT ('', (90., 87.0640374685944, 150.186431809057));
#12470 = CARTESIAN_POINT ('', (90., 87.5874407192528, 150.447454959857));
#12480 = CARTESIAN_POINT ('', (90., 88.1108311255184, 150.708471705112));
#12490 = CARTESIAN_POINT ('', (90., 88.6363091743606, 150.973436922925));
#12500 = CARTESIAN_POINT ('', (90., 89.1573716815279, 151.239070358882));
#12510 = CARTESIAN_POINT ('', (90., 89.4382715568919, 151.382270834884));
#12520 = CARTESIAN_POINT ('', (90., 89.7197848793799, 151.526629250695));
#12530 = CARTESIAN_POINT ('', (90., 90., 151.671165067995));
#12540 = B_SPLINE_CURVE_WITH_KNOTS ('', 3, (#9680, #9690, #9700, #9710, #9720, #9730, #9740, #9750, #9760, #9770, #9780, #9790, #9800, #9810, #9820, #9830, #9840, #9850, #9860, #9870, #9880, #9890, #9900, #9910, #9920, #9930, #9940, #9950, #9960, #9970, #9980, #9990, #10000, #10010, #10020, #10030, #10040, #10050, #10060, #10070, #10080, #10090, #10100, #10110, #10120, #10130, #10140, #10150, #10160, #10170, #10180, #10190, #10200, #10210, #10220, #10230, #10240, #10250, #10260, #10270, #10280, #10290, #10300, #10310, #10320, #10330, #10340, #10350, #10360, #10370, #10380, #10390, #10400, #10410, #10420, #10430, #10440, #10450, #10460, #10470, #10480, #10490, #10500, #10510, #10520, #10530, #10540, #10550, #10560, #10570, #10580, #10590, #10600, #10610, #10620, #10630, #10640, #10650, #10660, #10670, #10680, #10690, #10700, #10710, #10720, #10730, #10740, #10750, #10760, #10770, #10780, #10790, #10800, #10810, #10820, #10830, #10840, #10850, #10860, #10870, #10880, #10890, #10900, #10910, #10920, #10930, #10940, #10950, #10960, #10970, #10980, #10990, #11000, #11010, #11020, #11030, #11040, #11050, #11060, #11070, #11080, #11090, #11100, #11110, #11120, #11130, #11140, #11150, #11160, #11170, #11180, #11190, #11200, #11210, #11220, #11230, #11240, #11250, #11260, #11270, #11280, #11290, #11300, #11310, #11320, #11330, #11340, #11350, #11360, #11370, #11380, #11390, #11400, #11410, #11420, #11430, #11440, #11450, #11460, #11470, #11480, #11490, #11500, #11510, #11520, #11530, #11540, #11550, #11560, #11570, #11580, #11590, #11600, #11610, #11620, #11630, #11640, #11650, #11660, #11670, #11680, #11690, #11700, #11710, #11720, #11730, #11740, #11750, #11760, #11770, #11780, #11790, #11800, #11810, #11820, #11830, #11840, #11850, #11860, #11870, #11880, #11890, #11900, #11910, #11920, #11930, #11940, #11950, #11960, #11970, #11980, #11990, #12000, #12010, #12020, #12030, #12040, #12050, #12060, #12070, #12080, #12090, #12100, #12110, #12120, #12130, #12140, #12150, #12160, #12170, #12180, #12190, #12200, #12210, #12220, #12230, #12240, #12250, #12260, #12270, #12280, #12290, #12300, #12310, #12320, #12330, #12340, #12350, #12360, #12370, #12380, #12390, #12400, #12410, #12420, #12430, #12440, #12450, #12460, #12470, #12480, #12490, #12500, #12510, #12520, #12530), .UNSPECIFIED., .F., .U., (4, 3, 3, 3, 3, 3, 3, 3, 3, 3, 3, 3, 3, 3, 3, 3, 3, 3, 3, 3, 3, 3, 3, 3, 3, 3, 3, 3, 3, 3, 3, 3, 3, 3, 3, 3, 3, 3, 3, 3, 3, 3, 3, 3, 3, 3, 3, 3, 3, 3, 3, 3, 3, 3, 3, 3, 3, 3, 3, 3, 3, 3, 3, 3, 3, 3, 3, 3, 3, 3, 3, 3, 3, 3, 3, 3, 3, 3, 3, 3, 3, 3, 3, 3, 3, 3, 3, 3, 3, 3, 3, 3, 3, 3, 3, 4), (0., 1.76189198693802, 3.52374309547853, 5.28555287773663, 7.04732091533382, 8.80904681996154, 10.5707302338744, 12.3322175032641, 14.0936369094326, 15.8550168052601, 17.6163568077383, 19.3776057175314, 21.1386337527226, 22.8996253677195, 24.660580131816, 26.4214976427766, 28.1823775274849, 29.9432194425208, 31.7040230746617, 33.4647881413078, 34.6380004356497, 37.2802388861997, 39.9223593631154, 42.5643600673204, 45.2062394233487, 47.8479960851528, 49.6080830385611, 51.36790556998, 53.1276941941045, 54.8874486124209, 56.6471685560801, 58.406853786392, 60.1665040952375, 61.9261193053972, 63.6856968647073, 65.4449607674186, 67.2041912848571, 68.9633881895596, 70.7225512842893, 72.4816804024331, 74.2407754083137, 75.9998361974142, 77.7588626965153, 78.9312867991697, 82.8896101413722, 86.8475514415554, 90.8051086379858, 92.5635747350553, 94.3217267789252, 96.0798452247837, 97.8379300200648, 99.5959811433913, 101.353998604677, 103.111982445139, 104.869932737221, 106.627849584427, 107.799774040557, 111.752466685428, 115.704771170144, 119.65668993955, 121.414043006255, 123.171083980879, 124.928089915068, 126.685060926175, 128.441997162732, 130.198898804258, 131.955766061001, 133.712599173574, 135.469398412526, 136.640862673709, 139.274208737444, 141.907432676703, 144.540535599592, 147.173518846165, 149.806383983792, 151.562523669437, 153.318379965506, 155.074197981796, 156.82997797177, 158.585720219624, 160.341425039915, 162.097092777123, 163.852723805128, 165.608318526621, 166.779248413816, 169.410010751812, 172.04064038059, 173.795832661533, 175.550857143033, 177.30583973469, 179.060781967126, 180.815684244173, 182.57050303323, 184.325141580761, 186.079737069205, 187.025622922127), .UNSPECIFIED.);
#12550 = EDGE_CURVE ('', #2670, #1090, #12540, .T.);
#12560 = ORIENTED_EDGE ('', *, *, #12550, .F.);
#12570 = ORIENTED_EDGE ('', *, *, #4120, .F.);
#12580 = CARTESIAN_POINT ('', (90., -90., 88.3288177677336));
#12590 = CARTESIAN_POINT ('', (90., -89.4780478777009, 88.59804654527));
#12600 = CARTESIAN_POINT ('', (90., -88.9582072753392, 88.8632864114773));
#12610 = CARTESIAN_POINT ('', (90., -88.433896509174, 89.1278924830432));
#12620 = CARTESIAN_POINT ('', (90., -87.9095979077635, 89.3924924153722));
#12630 = CARTESIAN_POINT ('', (90., -87.3873780734716, 89.6531531310939));
#12640 = CARTESIAN_POINT ('', (90., -86.8607596284847, 89.9131053594533));
#12650 = CARTESIAN_POINT ('', (90., -86.3341535359505, 90.1730514903285));
#12660 = CARTESIAN_POINT ('', (90., -85.8095925980817, 90.4291079782107));
#12670 = CARTESIAN_POINT ('', (90., -85.2807062837689, 90.6843827991073));
#12680 = CARTESIAN_POINT ('', (90., -84.7518325009905, 90.939651571473));
#12690 = CARTESIAN_POINT ('', (90., -84.2249694366933, 91.1910801141501));
#12700 = CARTESIAN_POINT ('', (90., -83.69385583736, 91.441655389983));
#12710 = CARTESIAN_POINT ('', (90., -83.1627549396949, 91.6922246732672));
#12720 = CARTESIAN_POINT ('', (90., -82.6336295380166, 91.939002941457));
#12730 = CARTESIAN_POINT ('', (90., -82.1003299728742, 92.1848579862399));
#12740 = CARTESIAN_POINT ('', (90., -81.5670432702774, 92.4307071012942));
#12750 = CARTESIAN_POINT ('', (90., -81.0356960936928, 92.6728141796407));
#12760 = CARTESIAN_POINT ('', (90., -80.5002525756011, 92.913929781527));
#12770 = CARTESIAN_POINT ('', (90., -79.964868673393, 93.1550185377813));
#12780 = CARTESIAN_POINT ('', (90., -79.431390287702, 93.3924113608598));
#12790 = CARTESIAN_POINT ('', (90., -78.8938891860809, 93.6287422240409));
#12800 = CARTESIAN_POINT ('', (90., -78.356408792277, 93.8650639823173));
#12810 = CARTESIAN_POINT ('', (90., -77.8207989266676, 94.0977328025817));
#12820 = CARTESIAN_POINT ('', (90., -77.2812418328418, 94.3292739213074));
#12830 = CARTESIAN_POINT ('', (90., -76.7416968418035, 94.560809846342));
#12840 = CARTESIAN_POINT ('', (90., -76.2039865332532, 94.7887365288568));
#12850 = CARTESIAN_POINT ('', (90., -75.6624061980272, 95.01547078395));
#12860 = CARTESIAN_POINT ('', (90., -75.12083812901, 95.2421999037577));
#12870 = CARTESIAN_POINT ('', (90., -74.5810681642197, 95.4653632742132));
#12880 = CARTESIAN_POINT ('', (90., -74.0375068079556, 95.6872711810666));
#12890 = CARTESIAN_POINT ('', (90., -73.493973563506, 95.9091676113244));
#12900 = CARTESIAN_POINT ('', (90., -72.9522006194024, 96.127541747637));
#12910 = CARTESIAN_POINT ('', (90., -72.406717373325, 96.3446003614536));
#12920 = CARTESIAN_POINT ('', (90., -71.8613025351792, 96.561631754396));
#12930 = CARTESIAN_POINT ('', (90., -71.3176113394171, 96.7751844747471));
#12940 = CARTESIAN_POINT ('', (90., -70.7702885047828, 96.987358191027));
#12950 = CARTESIAN_POINT ('', (90., -70.2229769894481, 97.1995275192971));
#12960 = CARTESIAN_POINT ('', (90., -69.6773532105193, 97.4082554291974));
#12970 = CARTESIAN_POINT ('', (90., -69.1281746952181, 97.6155443025317));
#12980 = CARTESIAN_POINT ('', (90., -68.5790076721482, 97.8228288380931));
#12990 = CARTESIAN_POINT ('', (90., -68.0314917290797, 98.0267090651426));
#13000 = CARTESIAN_POINT ('', (90., -67.4804994376195, 98.2290918526068));
#13010 = CARTESIAN_POINT ('', (90., -66.9295188024443, 98.4314703586473));
#13020 = CARTESIAN_POINT ('', (90., -66.3801518787795, 98.6304814895109));
#13030 = CARTESIAN_POINT ('', (90., -65.8273884011177, 98.8279384666184));
#13040 = CARTESIAN_POINT ('', (90., -65.2746367345815, 99.0253912245811));
#13050 = CARTESIAN_POINT ('', (90., -64.7234607387702, 99.2195133328433));
#13060 = CARTESIAN_POINT ('', (90., -64.1689693078083, 99.412026318056));
#13070 = CARTESIAN_POINT ('', (90., -63.6144898332884, 99.604535152131));
#13080 = CARTESIAN_POINT ('', (90., -63.0615473575425, 99.7937498237029));
#13090 = CARTESIAN_POINT ('', (90., -62.5053718053224, 99.9813022003165));
#13100 = CARTESIAN_POINT ('', (90., -61.9492083450511, 100.168850499308));
#13110 = CARTESIAN_POINT ('', (90., -61.3945426227818, 100.353140855297));
#13120 = CARTESIAN_POINT ('', (90., -60.8367273355116, 100.535717590625));
#13130 = CARTESIAN_POINT ('', (90., -60.2789242656301, 100.718290327119));
#13140 = CARTESIAN_POINT ('', (90., -59.7225791275891, 100.897641044079));
#13150 = CARTESIAN_POINT ('', (90., -59.1631689996343, 101.075228705874));
#13160 = CARTESIAN_POINT ('', (90., -58.7904294149343, 101.193556830442));
#13170 = CARTESIAN_POINT ('', (90., -58.4183229282898, 101.310467203341));
#13180 = CARTESIAN_POINT ('', (90., -58.0448859891287, 101.426575754));
#13190 = CARTESIAN_POINT ('', (90., -57.2038536846891, 101.68806847656));
#13200 = CARTESIAN_POINT ('', (90., -56.3659343345549, 101.942453359868));
#13210 = CARTESIAN_POINT ('', (90., -55.5214727782167, 102.192650204232));
#13220 = CARTESIAN_POINT ('', (90., -54.6770489263478, 102.442835877525));
#13230 = CARTESIAN_POINT ('', (90., -53.8356069490915, 102.686010139093));
#13240 = CARTESIAN_POINT ('', (90., -52.9879005213036, 102.924837116241));
#13250 = CARTESIAN_POINT ('', (90., -52.1402325217772, 103.163653266874));
#13260 = CARTESIAN_POINT ('', (90., -51.2954122973552, 103.395553316531));
#13270 = CARTESIAN_POINT ('', (90., -50.4446113753727, 103.622956004241));
#13280 = CARTESIAN_POINT ('', (90., -49.5938495310257, 103.850348247254));
#13290 = CARTESIAN_POINT ('', (90., -48.7457986680671, 104.070918393889));
#13300 = CARTESIAN_POINT ('', (90., -47.89205618808, 104.286850619007));
#13310 = CARTESIAN_POINT ('', (90., -47.0383533576215, 104.502772815795));
#13320 = CARTESIAN_POINT ('', (90., -46.1872223586994, 104.711965437313));
#13330 = CARTESIAN_POINT ('', (90., -45.3306934562675, 104.91638940141));
#13340 = CARTESIAN_POINT ('', (90., -44.7600257001548, 105.052588150286));
#13350 = CARTESIAN_POINT ('', (90., -44.1904488185789, 105.185832325617));
#13360 = CARTESIAN_POINT ('', (90., -43.6185834684398, 105.316911722825));
#13370 = CARTESIAN_POINT ('', (90., -43.046804030973, 105.447971427668));
#13380 = CARTESIAN_POINT ('', (90., -42.4760747535401, 105.576100770598));
#13390 = CARTESIAN_POINT ('', (90., -41.903142827827, 105.702026859404));
#13400 = CARTESIAN_POINT ('', (90., -41.3302219410518, 105.827950521935));
#13410 = CARTESIAN_POINT ('', (90., -40.7583105662413, 105.950964615712));
#13420 = CARTESIAN_POINT ('', (90., -40.1842821501793, 106.071739152937));
#13430 = CARTESIAN_POINT ('', (90., -39.6102648917674, 106.192511342613));
#13440 = CARTESIAN_POINT ('', (90., -39.0372160067972, 106.310394501505));
#13450 = CARTESIAN_POINT ('', (90., -38.4621366668524, 106.426003703226));
#13460 = CARTESIAN_POINT ('', (90., -37.8870685930609, 106.541610640092));
#13470 = CARTESIAN_POINT ('', (90., -37.312927308412, 106.654348809289));
#13480 = CARTESIAN_POINT ('', (90., -36.7368430424912, 106.764780561536));
#13490 = CARTESIAN_POINT ('', (90., -36.1607701407725, 106.875210135336));
#13500 = CARTESIAN_POINT ('', (90., -35.585582043795, 106.982790911159));
#13510 = CARTESIAN_POINT ('', (90., -35.0085392328572, 107.088034786083));
#13520 = CARTESIAN_POINT ('', (90., -34.4315078735021, 107.193276572413));
#13530 = CARTESIAN_POINT ('', (90., -33.8553189809136, 107.295689219627));
#13540 = CARTESIAN_POINT ('', (90., -33.2773643397618, 107.395736488655));
#13550 = CARTESIAN_POINT ('', (90., -32.6994212267234, 107.4957817621));
#13560 = CARTESIAN_POINT ('', (90., -32.122277936142, 107.593017228267));
#13570 = CARTESIAN_POINT ('', (90., -31.5434584635463, 107.687860872183));
#13580 = CARTESIAN_POINT ('', (90., -30.9646513760702, 107.78270248671));
#13590 = CARTESIAN_POINT ('', (90., -30.3866012095107, 107.874753312087));
#13600 = CARTESIAN_POINT ('', (90., -29.806964928175, 107.964387890894));
#13610 = CARTESIAN_POINT ('', (90., -29.2274319709261, 108.054006491731));
#13620 = CARTESIAN_POINT ('', (90., -28.6486133745304, 108.140853324037));
#13630 = CARTESIAN_POINT ('', (90., -28.0682980005749, 108.22525716817));
#13640 = CARTESIAN_POINT ('', (90., -27.4879936391723, 108.309659410585));
#13650 = CARTESIAN_POINT ('', (90., -26.9083615374119, 108.391302886352));
#13660 = CARTESIAN_POINT ('', (90., -26.327320974292, 108.470478352229));
#13670 = CARTESIAN_POINT ('', (90., -25.7462915128231, 108.54965230534));
#13680 = CARTESIAN_POINT ('', (90., -25.1658918474491, 108.626080200229));
#13690 = CARTESIAN_POINT ('', (90., -24.5841727644328, 108.700017054374));
#13700 = CARTESIAN_POINT ('', (90., -24.0024648614649, 108.773952487528));
#13710 = CARTESIAN_POINT ('', (90., -23.4213439754636, 108.845154264114));
#13720 = CARTESIAN_POINT ('', (90., -22.838993347067, 108.913843988652));
#13730 = CARTESIAN_POINT ('', (90., -22.2566539662268, 108.982532386512));
#13740 = CARTESIAN_POINT ('', (90., -21.674858555153, 109.048499210567));
#13750 = CARTESIAN_POINT ('', (90., -21.0919236109572, 109.111935015231));
#13760 = CARTESIAN_POINT ('', (90., -20.5089999707811, 109.175369589776));
#13770 = CARTESIAN_POINT ('', (90., -19.9265770332141, 109.23609434351));
#13780 = CARTESIAN_POINT ('', (90., -19.3431052071097, 109.294271174518));
#13790 = CARTESIAN_POINT ('', (90., -18.7596447303225, 109.352446873908));
#13800 = CARTESIAN_POINT ('', (90., -18.1766415175964, 109.407924166105));
#13810 = CARTESIAN_POINT ('', (90., -17.5926803966139, 109.460838711867));
#13820 = CARTESIAN_POINT ('', (90., -17.0087306589938, 109.513752226147));
#13830 = CARTESIAN_POINT ('', (90., -16.4251946243604, 109.563978399168));
#13840 = CARTESIAN_POINT ('', (90., -15.8407918972482, 109.611629092803));
#13850 = CARTESIAN_POINT ('', (90., -15.451276535613, 109.643389172457));
#13860 = CARTESIAN_POINT ('', (90., -15.0619290650751, 109.673959506261));
#13870 = CARTESIAN_POINT ('', (90., -14.6722300138689, 109.703380061973));
#13880 = CARTESIAN_POINT ('', (90., -13.3565330341399, 109.802709367939));
#13890 = CARTESIAN_POINT ('', (90., -12.0424220676594, 109.888531858007));
#13900 = CARTESIAN_POINT ('', (90., -10.7249806922636, 109.961147805889));
#13910 = CARTESIAN_POINT ('', (90., -9.4076664712005, 110.033756745162));
#13920 = CARTESIAN_POINT ('', (90., -8.09144258387104, 110.092907645794));
#13930 = CARTESIAN_POINT ('', (90., -6.77292545959246, 110.13874876338));
#13940 = CARTESIAN_POINT ('', (90., -5.4545362925869, 110.184585432252));
#13950 = CARTESIAN_POINT ('', (90., -4.13673925657014, 110.217004152212));
#13960 = CARTESIAN_POINT ('', (90., -2.81769121406775, 110.23606346651));
#13970 = CARTESIAN_POINT ('', (90., -2.23159702817994, 110.244532114306));
#13980 = CARTESIAN_POINT ('', (90., -1.64554996256801, 110.250356934976));
#13990 = CARTESIAN_POINT ('', (90., -1.05940324857811, 110.253541649378));
#14000 = CARTESIAN_POINT ('', (90., -0.473361217442928, 110.256725795006));
#14010 = CARTESIAN_POINT ('', (90., 0.112677329807798, 110.257269730766));
#14020 = CARTESIAN_POINT ('', (90., 0.698724254167829, 110.255171281676));
#14030 = CARTESIAN_POINT ('', (90., 1.28475997926254, 110.253072872688));
#14040 = CARTESIAN_POINT ('', (90., 1.87083588661909, 110.248331660025));
#14050 = CARTESIAN_POINT ('', (90., 2.45682884124039, 110.240947112526));
#14060 = CARTESIAN_POINT ('', (90., 3.04281057989307, 110.233562706368));
#14070 = CARTESIAN_POINT ('', (90., 3.6288762282757, 110.223532556893));
#14080 = CARTESIAN_POINT ('', (90., 4.21476746334981, 110.210860218828));
#14090 = CARTESIAN_POINT ('', (90., 4.80064747706356, 110.19818812347));
#14100 = CARTESIAN_POINT ('', (90., 5.38665514016978, 110.182867000072));
#14110 = CARTESIAN_POINT ('', (90., 5.97239689939548, 110.164906934116));
#14120 = CARTESIAN_POINT ('', (90., 6.55812744321186, 110.146947212048));
#14130 = CARTESIAN_POINT ('', (90., 7.14402933903916, 110.126334834203));
#14140 = CARTESIAN_POINT ('', (90., 7.72957391137898, 110.103088858646));
#14150 = CARTESIAN_POINT ('', (90., 8.31510728559859, 110.079843327652));
#14160 = CARTESIAN_POINT ('', (90., 8.90085562821205, 110.053941173517));
#14170 = CARTESIAN_POINT ('', (90., 9.48615539957172, 110.025412859818));
#14180 = CARTESIAN_POINT ('', (90., 10.071444001398, 109.996885090538));
#14190 = CARTESIAN_POINT ('', (90., 10.6569910527789, 109.965696395814));
#14200 = CARTESIAN_POINT ('', (90., 11.2419985574462, 109.931891062939));
#14210 = CARTESIAN_POINT ('', (90., 11.8269949323885, 109.898086373208));
#14220 = CARTESIAN_POINT ('', (90., 12.4122930541993, 109.861616126768));
#14230 = CARTESIAN_POINT ('', (90., 12.9969610258798, 109.822540832343));
#14240 = CARTESIAN_POINT ('', (90., 13.3867329856954, 109.79649108304));
#14250 = CARTESIAN_POINT ('', (90., 13.7766549213263, 109.769255335864));
#14260 = CARTESIAN_POINT ('', (90., 14.1662634258489, 109.740865490832));
#14270 = CARTESIAN_POINT ('', (90., 15.4803435802056, 109.645111595552));
#14280 = CARTESIAN_POINT ('', (90., 16.7964605459324, 109.535787905166));
#14290 = CARTESIAN_POINT ('', (90., 18.1083285687801, 109.413404282222));
#14300 = CARTESIAN_POINT ('', (90., 19.4200677642839, 109.291032677527));
#14310 = CARTESIAN_POINT ('', (90., 20.7343377982749, 109.154960755366));
#14320 = CARTESIAN_POINT ('', (90., 22.0433243831299, 109.006002213059));
#14330 = CARTESIAN_POINT ('', (90., 23.3521832206999, 108.85705820799));
#14340 = CARTESIAN_POINT ('', (90., 24.6640616630184, 108.69427486548));
#14350 = CARTESIAN_POINT ('', (90., 25.9696325221398, 108.518831127649));
#14360 = CARTESIAN_POINT ('', (90., 26.5501983401518, 108.440814192408));
#14370 = CARTESIAN_POINT ('', (90., 27.1314285308678, 108.360043251705));
#14380 = CARTESIAN_POINT ('', (90., 27.7112690182698, 108.276806718873));
#14390 = CARTESIAN_POINT ('', (90., 28.2910065305626, 108.193584968195));
#14400 = CARTESIAN_POINT ('', (90., 28.8714507889955, 108.107597096802));
#14410 = CARTESIAN_POINT ('', (90., 29.4504164852903, 108.019165397399));
#14420 = CARTESIAN_POINT ('', (90., 30.0293706353488, 107.930735461577));
#14430 = CARTESIAN_POINT ('', (90., 30.6090744839663, 107.839521037994));
#14440 = CARTESIAN_POINT ('', (90., 31.1872096460359, 107.745886131051));
#14450 = CARTESIAN_POINT ('', (90., 31.7653333168177, 107.652253085241));
#14460 = CARTESIAN_POINT ('', (90., 32.3442493977814, 107.555816839259));
#14470 = CARTESIAN_POINT ('', (90., 32.921507135134, 107.456985515012));
#14480 = CARTESIAN_POINT ('', (90., 33.4987534472105, 107.358156146867));
#14490 = CARTESIAN_POINT ('', (90., 34.0768345924117, 107.256504535596));
#14500 = CARTESIAN_POINT ('', (90., 34.6531683024884, 107.152485290054));
#14510 = CARTESIAN_POINT ('', (90., 35.229490664241, 107.048468092708));
#14520 = CARTESIAN_POINT ('', (90., 35.8066899460205, 106.94160929482));
#14530 = CARTESIAN_POINT ('', (90., 36.3820533638833, 106.832412319655));
#14540 = CARTESIAN_POINT ('', (90., 36.9574055211573, 106.723217481613));
#14550 = CARTESIAN_POINT ('', (90., 37.5336763026341, 106.611161388459));
#14560 = CARTESIAN_POINT ('', (90., 38.1080235499562, 106.496798557835));
#14570 = CARTESIAN_POINT ('', (90., 38.682359635018, 106.382437949817));
#14580 = CARTESIAN_POINT ('', (90., 39.257655619868, 106.265196153444));
#14590 = CARTESIAN_POINT ('', (90., 39.8309412530757, 106.145681007842));
#14600 = CARTESIAN_POINT ('', (90., 40.4042158327233, 106.02616816662));
#14610 = CARTESIAN_POINT ('', (90., 40.9784911142527, 105.903753944718));
#14620 = CARTESIAN_POINT ('', (90., 41.5506701716724, 105.779101671825));
#14630 = CARTESIAN_POINT ('', (90., 41.9322091101593, 105.695981370124));
#14640 = CARTESIAN_POINT ('', (90., 42.3142077857297, 105.611564272914));
#14650 = CARTESIAN_POINT ('', (90., 42.6952430993641, 105.526164999499));
#14660 = CARTESIAN_POINT ('', (90., 43.5517761380165, 105.334195130722));
#14670 = CARTESIAN_POINT ('', (90., 44.41073805111, 105.135605646527));
#14680 = CARTESIAN_POINT ('', (90., 45.2646114214146, 104.932131952145));
#14690 = CARTESIAN_POINT ('', (90., 46.1184451923519, 104.728667694091));
#14700 = CARTESIAN_POINT ('', (90., 46.9748476333626, 104.518492929878));
#14710 = CARTESIAN_POINT ('', (90., 47.8258667958449, 104.303559922208));
#14720 = CARTESIAN_POINT ('', (90., 48.6768468476203, 104.088636792319));
#14730 = CARTESIAN_POINT ('', (90., 49.5305331728169, 103.866910714393));
#14740 = CARTESIAN_POINT ('', (90., 50.378545781917, 103.64056227705));
#14750 = CARTESIAN_POINT ('', (90., 51.2265198482683, 103.414224127397));
#14760 = CARTESIAN_POINT ('', (90., 52.0773352577489, 103.18098921337));
#14770 = CARTESIAN_POINT ('', (90., 52.9221915127462, 102.943277447602));
#14780 = CARTESIAN_POINT ('', (90., 53.7670098696364, 102.705576344981));
#14790 = CARTESIAN_POINT ('', (90., 54.6148017759373, 102.460883476326));
#14800 = CARTESIAN_POINT ('', (90., 55.4563547665718, 102.2118685485));
#14810 = CARTESIAN_POINT ('', (90., 56.0176765689326, 102.045773828788));
#14820 = CARTESIAN_POINT ('', (90., 56.5803680160723, 101.876536000776));
#14830 = CARTESIAN_POINT ('', (90., 57.1401841836025, 101.705435210907));
#14840 = CARTESIAN_POINT ('', (90., 57.6999100131788, 101.534362031702));
#14850 = CARTESIAN_POINT ('', (90., 58.2610448334222, 101.360115950698));
#14860 = CARTESIAN_POINT ('', (90., 58.8192209930547, 101.184052292447));
#14870 = CARTESIAN_POINT ('', (90., 59.3773849837753, 101.007992472596));
#14880 = CARTESIAN_POINT ('', (90., 59.9369979421747, 100.828724459714));
#14890 = CARTESIAN_POINT ('', (90., 60.4935674118308, 100.647687098515));
#14900 = CARTESIAN_POINT ('', (90., 61.050124827683, 100.4666536581));
#14910 = CARTESIAN_POINT ('', (90., 61.6081706645027, 100.282376427836));
#14920 = CARTESIAN_POINT ('', (90., 62.1630892046394, 100.096379982975));
#14930 = CARTESIAN_POINT ('', (90., 62.7179958162869, 99.9103875362802));
#14940 = CARTESIAN_POINT ('', (90., 63.2744297347776, 99.7211154254599));
#14950 = CARTESIAN_POINT ('', (90., 63.8276536585255, 99.5301760945963));
#14960 = CARTESIAN_POINT ('', (90., 64.3808657890713, 99.3392408340305));
#14970 = CARTESIAN_POINT ('', (90., 64.9356435022738, 99.1449897868423));
#14980 = CARTESIAN_POINT ('', (90., 65.4871297201853, 98.9491253271669));
#14990 = CARTESIAN_POINT ('', (90., 66.038604289892, 98.7532650044386));
#15000 = CARTESIAN_POINT ('', (90., 66.5916820665283, 98.5540525546346));
#15010 = CARTESIAN_POINT ('', (90., 67.1413881301501, 98.3532822613395));
#15020 = CARTESIAN_POINT ('', (90., 67.6910826999849, 98.1525161659442));
#15030 = CARTESIAN_POINT ('', (90., 68.2424174092966, 97.9483614162697));
#15040 = CARTESIAN_POINT ('', (90., 68.7903015534367, 97.7427060984049));
#15050 = CARTESIAN_POINT ('', (90., 69.3381743673131, 97.5370550334995));
#15060 = CARTESIAN_POINT ('', (90., 69.8877235227153, 97.3279786324175));
#15070 = CARTESIAN_POINT ('', (90., 70.4337447062845, 97.1174605862191));
#15080 = CARTESIAN_POINT ('', (90., 70.7979247274793, 96.9770512599265));
#15090 = CARTESIAN_POINT ('', (90., 71.1628635632626, 96.8351057192848));
#15100 = CARTESIAN_POINT ('', (90., 71.526204778842, 96.6925398474619));
#15110 = CARTESIAN_POINT ('', (90., 72.3425340879163, 96.372232944054));
#15120 = CARTESIAN_POINT ('', (90., 73.16279303781, 96.0440536262018));
#15130 = CARTESIAN_POINT ('', (90., 73.9747775331748, 95.7128871536963));
#15140 = CARTESIAN_POINT ('', (90., 74.7867210678542, 95.3817373869355));
#15150 = CARTESIAN_POINT ('', (90., 75.6027175881062, 95.042571030271));
#15160 = CARTESIAN_POINT ('', (90., 76.410174912414, 94.7006278464595));
#15170 = CARTESIAN_POINT ('', (90., 76.9489215483192, 94.4724786497114));
#15180 = CARTESIAN_POINT ('', (90., 77.4895149359967, 94.2407105813042));
#15190 = CARTESIAN_POINT ('', (90., 78.0262147748963, 94.0077872535736));
#15200 = CARTESIAN_POINT ('', (90., 78.562863304355, 93.7748861937195));
#15210 = CARTESIAN_POINT ('', (90., 79.1013936326879, 93.5383238825902));
#15220 = CARTESIAN_POINT ('', (90., 79.6359548893068, 93.300671172163));
#15230 = CARTESIAN_POINT ('', (90., 80.1705033867382, 93.0630241341549));
#15240 = CARTESIAN_POINT ('', (90., 80.7069693104344, 92.8216693595491));
#15250 = CARTESIAN_POINT ('', (90., 81.2393892669862, 92.5792911413746));
#15260 = CARTESIAN_POINT ('', (90., 81.7717969795106, 92.3369184971563));
#15270 = CARTESIAN_POINT ('', (90., 82.3061569855215, 92.0907914248179));
#15280 = CARTESIAN_POINT ('', (90., 82.8363956122442, 91.8437095158241));
#15290 = CARTESIAN_POINT ('', (90., 83.3666221668369, 91.5966332322313));
#15300 = CARTESIAN_POINT ('', (90., 83.898835081054, 91.3457556722225));
#15310 = CARTESIAN_POINT ('', (90., 84.4268527716736, 91.0939934679464));
#15320 = CARTESIAN_POINT ('', (90., 84.9548453422989, 90.8422432410438));
#15330 = CARTESIAN_POINT ('', (90., 85.484857383979, 90.5866451732285));
#15340 = CARTESIAN_POINT ('', (90., 86.0106022534497, 90.3302340509927));
#15350 = CARTESIAN_POINT ('', (90., 86.53629312244, 90.0738492653406));
#15360 = CARTESIAN_POINT ('', (90., 87.0640374685944, 89.8135681909433));
#15370 = CARTESIAN_POINT ('', (90., 87.5874407192528, 89.5525450401426));
#15380 = CARTESIAN_POINT ('', (90., 88.1108311255184, 89.2915282948885));
#15390 = CARTESIAN_POINT ('', (90., 88.6363091743607, 89.0265630770749));
#15400 = CARTESIAN_POINT ('', (90., 89.157371681528, 88.7609296411176));
#15410 = CARTESIAN_POINT ('', (90., 89.4382715568919, 88.6177291651161));
#15420 = CARTESIAN_POINT ('', (90., 89.7197848793799, 88.4733707493049));
#15430 = CARTESIAN_POINT ('', (90., 90., 88.3288349320054));
#15440 = B_SPLINE_CURVE_WITH_KNOTS ('', 3, (#12580, #12590, #12600, #12610, #12620, #12630, #12640, #12650, #12660, #12670, #12680, #12690, #12700, #12710, #12720, #12730, #12740, #12750, #12760, #12770, #12780, #12790, #12800, #12810, #12820, #12830, #12840, #12850, #12860, #12870, #12880, #12890, #12900, #12910, #12920, #12930, #12940, #12950, #12960, #12970, #12980, #12990, #13000, #13010, #13020, #13030, #13040, #13050, #13060, #13070, #13080, #13090, #13100, #13110, #13120, #13130, #13140, #13150, #13160, #13170, #13180, #13190, #13200, #13210, #13220, #13230, #13240, #13250, #13260, #13270, #13280, #13290, #13300, #13310, #13320, #13330, #13340, #13350, #13360, #13370, #13380, #13390, #13400, #13410, #13420, #13430, #13440, #13450, #13460, #13470, #13480, #13490, #13500, #13510, #13520, #13530, #13540, #13550, #13560, #13570, #13580, #13590, #13600, #13610, #13620, #13630, #13640, #13650, #13660, #13670, #13680, #13690, #13700, #13710, #13720, #13730, #13740, #13750, #13760, #13770, #13780, #13790, #13800, #13810, #13820, #13830, #13840, #13850, #13860, #13870, #13880, #13890, #13900, #13910, #13920, #13930, #13940, #13950, #13960, #13970, #13980, #13990, #14000, #14010, #14020, #14030, #14040, #14050, #14060, #14070, #14080, #14090, #14100, #14110, #14120, #14130, #14140, #14150, #14160, #14170, #14180, #14190, #14200, #14210, #14220, #14230, #14240, #14250, #14260, #14270, #14280, #14290, #14300, #14310, #14320, #14330, #14340, #14350, #14360, #14370, #14380, #14390, #14400, #14410, #14420, #14430, #14440, #14450, #14460, #14470, #14480, #14490, #14500, #14510, #14520, #14530, #14540, #14550, #14560, #14570, #14580, #14590, #14600, #14610, #14620, #14630, #14640, #14650, #14660, #14670, #14680, #14690, #14700, #14710, #14720, #14730, #14740, #14750, #14760, #14770, #14780, #14790, #14800, #14810, #14820, #14830, #14840, #14850, #14860, #14870, #14880, #14890, #14900, #14910, #14920, #14930, #14940, #14950, #14960, #14970, #14980, #14990, #15000, #15010, #15020, #15030, #15040, #15050, #15060, #15070, #15080, #15090, #15100, #15110, #15120, #15130, #15140, #15150, #15160, #15170, #15180, #15190, #15200, #15210, #15220, #15230, #15240, #15250, #15260, #15270, #15280, #15290, #15300, #15310, #15320, #15330, #15340, #15350, #15360, #15370, #15380, #15390, #15400, #15410, #15420, #15430), .UNSPECIFIED., .F., .U., (4, 3, 3, 3, 3, 3, 3, 3, 3, 3, 3, 3, 3, 3, 3, 3, 3, 3, 3, 3, 3, 3, 3, 3, 3, 3, 3, 3, 3, 3, 3, 3, 3, 3, 3, 3, 3, 3, 3, 3, 3, 3, 3, 3, 3, 3, 3, 3, 3, 3, 3, 3, 3, 3, 3, 3, 3, 3, 3, 3, 3, 3, 3, 3, 3, 3, 3, 3, 3, 3, 3, 3, 3, 3, 3, 3, 3, 3, 3, 3, 3, 3, 3, 3, 3, 3, 3, 3, 3, 3, 3, 3, 3, 3, 3, 4), (0., 1.76189198693804, 3.52374309547855, 5.28555287773661, 7.04732091533381, 8.80904681996154, 10.5707302338743, 12.3322175032641, 14.0936369094326, 15.8550168052601, 17.6163568077383, 19.3776057175314, 21.1386337527227, 22.8996253677195, 24.660580131816, 26.4214976427765, 28.1823775274849, 29.9432194425208, 31.7040230746617, 33.4647881413078, 34.6380004356496, 37.2802388861997, 39.9223593631154, 42.5643600673203, 45.2062394233487, 47.8479960851528, 49.6080830385611, 51.36790556998, 53.1276941941045, 54.8874486124209, 56.6471685560801, 58.406853786392, 60.1665040952375, 61.9261193053972, 63.6856968647073, 65.4449607674185, 67.2041912848571, 68.9633881895596, 70.7225512842893, 72.4816804024331, 74.2407754083137, 75.9998361974142, 77.7588626965153, 78.9312867991696, 82.8896101413721, 86.8475514415553, 90.8051086379858, 92.5635747350552, 94.3217267789251, 96.0798452247837, 97.8379300200648, 99.5959811433913, 101.353998604677, 103.111982445139, 104.869932737221, 106.627849584427, 107.799774040557, 111.752466685428, 115.704771170144, 119.65668993955, 121.414043006255, 123.171083980879, 124.928089915068, 126.685060926175, 128.441997162732, 130.198898804258, 131.955766061001, 133.712599173574, 135.469398412526, 136.640862673709, 139.274208737444, 141.907432676703, 144.540535599592, 147.173518846165, 149.806383983792, 151.562523669437, 153.318379965506, 155.074197981796, 156.82997797177, 158.585720219624, 160.341425039915, 162.097092777123, 163.852723805128, 165.608318526621, 166.779248413816, 169.410010751812, 172.04064038059, 173.795832661533, 175.550857143033, 177.30583973469, 179.060781967126, 180.815684244173, 182.57050303323, 184.325141580761, 186.079737069205, 187.025622922127), .UNSPECIFIED.);
#15450 = EDGE_CURVE ('', #2840, #1190, #15440, .T.);
#15460 = ORIENTED_EDGE ('', *, *, #15450, .T.);
#15470 = ORIENTED_EDGE ('', *, *, #1230, .T.);
#15480 = EDGE_LOOP ('', (#12560, #12570, #15460, #15470));
#15490 = FACE_OUTER_BOUND ('', #15480, .T.);
#15500 = CARTESIAN_POINT ('', (90., 90., 88.3288177677335));
#15510 = CARTESIAN_POINT ('', (90., -90., 88.3288177677335));
#15520 = CARTESIAN_POINT ('', (90., 90., 151.671182232266));
#15530 = CARTESIAN_POINT ('', (90., -90., 151.671182232266));
#15540 = B_SPLINE_SURFACE_WITH_KNOTS ('', 1, 1, ((#15500, #15510), (#15520, #15530)), .UNSPECIFIED., .F., .F., .U., (2, 2), (2, 2), (0.458386019885945, 0.541613980114055), (0., 1.), .UNSPECIFIED.);
#15550 = ADVANCED_FACE ('', (#15490), #15540, .T.);
#15560 = ORIENTED_EDGE ('', *, *, #4070, .F.);
#15570 = ORIENTED_EDGE ('', *, *, #9570, .F.);
#15580 = ORIENTED_EDGE ('', *, *, #2490, .F.);
#15590 = ORIENTED_EDGE ('', *, *, #15450, .F.);
#15600 = EDGE_LOOP ('', (#15560, #15570, #15580, #15590));
#15610 = FACE_OUTER_BOUND ('', #15600, .T.);
#15620 = CARTESIAN_POINT ('', (94.8138981763074, -90.0000000000423, 89.4108050701496));
#15630 = CARTESIAN_POINT ('', (94.2748593646102, -85.2457273470083, 91.7450990501225));
#15640 = CARTESIAN_POINT ('', (93.4407110456963, -76.7977093841641, 95.3573573086961));
#15650 = CARTESIAN_POINT ('', (92.4913719905048, -66.0639549384715, 99.4684461457119));
#15660 = CARTESIAN_POINT ('', (91.4936640958055, -51.6394121022325, 103.788995022397));
#15670 = CARTESIAN_POINT ('', (90.7554192095342, -37.2175420232387, 106.985945884511));
#15680 = CARTESIAN_POINT ('', (90.2637140457446, -22.7973530725735, 109.115262695933));
#15690 = CARTESIAN_POINT ('', (90.0104137514931, -8.37826322706066, 110.21217323218));
#15700 = CARTESIAN_POINT ('', (89.9914942952103, 6.04114382320323, 110.29410346048));
#15710 = CARTESIAN_POINT ('', (90.2066357125863, 20.4605246120595, 109.36243897821));
#15720 = CARTESIAN_POINT ('', (90.6592677937142, 34.8804908603534, 107.402327165866));
#15730 = CARTESIAN_POINT ('', (91.3568221847396, 49.3020912083327, 104.381585467236));
#15740 = CARTESIAN_POINT ('', (92.3113801421816, 63.7262040506316, 100.24789630564));
#15750 = CARTESIAN_POINT ('', (93.2261199990159, 74.4613643463688, 96.2866384245494));
#15760 = CARTESIAN_POINT ('', (93.9129683376791, 81.6652321224925, 93.312259015676));
#15770 = CARTESIAN_POINT ('', (94.5454949158406, 87.6327036594083, 90.5731186207084));
#15780 = CARTESIAN_POINT ('', (94.8138944034489, 90.0000000000423, 89.4108214084185));
#15790 = CARTESIAN_POINT ('', (48.0226312666369, -90.0000000000422, 78.60569263393));
#15800 = CARTESIAN_POINT ('', (47.7496115660398, -85.2457273470083, 81.0014161625229));
#15810 = CARTESIAN_POINT ('', (47.3271207929424, -76.7977093841641, 84.7087350245282));
#15820 = CARTESIAN_POINT ('', (46.8462866507821, -66.0639549384715, 88.9280117478005));
#15830 = CARTESIAN_POINT ('', (46.3409540016607, -51.6394121022325, 93.3622606852155));
#15840 = CARTESIAN_POINT ('', (45.9670377020486, -37.2175420232387, 96.6433428735921));
#15850 = CARTESIAN_POINT ('', (45.717992190507, -22.7973530725735, 98.8286950309114));
#15860 = CARTESIAN_POINT ('', (45.589697216199, -8.37826322706066, 99.9544719908803));
#15870 = CARTESIAN_POINT ('', (45.5801146329458, 6.04114382320323, 100.038558304484));
#15880 = CARTESIAN_POINT ('', (45.6890823808768, 20.4605246120595, 99.0823760326368));
#15890 = CARTESIAN_POINT ('', (45.9183376266746, 34.8804908603534, 97.070681692595));
#15900 = CARTESIAN_POINT ('', (46.2716444514435, 49.3020912083327, 93.9704458082979));
#15910 = CARTESIAN_POINT ('', (46.7551219341184, 63.7262040506316, 89.7279740077074));
#15920 = CARTESIAN_POINT ('', (47.2184318042385, 74.4613643463688, 85.6624712090136));
#15930 = CARTESIAN_POINT ('', (47.5663160821573, 81.6652321224925, 82.6098176898186));
#15940 = CARTESIAN_POINT ('', (47.886686736815, 87.6327036594083, 79.7985937614514));
#15950 = CARTESIAN_POINT ('', (48.0226293557083, 90.0000000000423, 78.6057094021586));
#15960 = CARTESIAN_POINT ('', (2.58029594847387E-14, -90.0000000000423, 78.60569263393));
#15970 = CARTESIAN_POINT ('', (2.5656263727192E-14, -85.2457273470083, 81.0014161625229));
#15980 = CARTESIAN_POINT ('', (2.54292559183033E-14, -76.7977093841641, 84.7087350245282));
#15990 = CARTESIAN_POINT ('', (2.51708997316097E-14, -66.0639549384715, 88.9280117478005));
#16000 = CARTESIAN_POINT ('', (2.48993802932183E-14, -51.6394121022325, 93.3622606852155));
#16010 = CARTESIAN_POINT ('', (2.46984719532316E-14, -37.2175420232387, 96.6433428735921));
#16020 = CARTESIAN_POINT ('', (2.45646577270081E-14, -22.7973530725735, 98.8286950309114));
#16030 = CARTESIAN_POINT ('', (2.44957237694791E-14, -8.37826322706066, 99.9544719908803));
#16040 = CARTESIAN_POINT ('', (2.44905749677387E-14, 6.04114382320323, 100.038558304484));
#16050 = CARTESIAN_POINT ('', (2.45491242456697E-14, 20.4605246120595, 99.0823760326368));
#16060 = CARTESIAN_POINT ('', (2.46723049973894E-14, 34.8804908603534, 97.070681692595));
#16070 = CARTESIAN_POINT ('', (2.48621396950047E-14, 49.3020912083327, 93.9704458082979));
#16080 = CARTESIAN_POINT ('', (2.5121916170558E-14, 63.7262040506316, 89.7279740077074));
#16090 = CARTESIAN_POINT ('', (2.53708564200253E-14, 74.4613643463688, 85.6624712090136));
#16100 = CARTESIAN_POINT ('', (2.55577775380847E-14, 81.6652321224925, 82.6098176898186));
#16110 = CARTESIAN_POINT ('', (2.57299153573628E-14, 87.6327036594083, 79.7985937614514));
#16120 = CARTESIAN_POINT ('', (2.58029584579808E-14, 90.0000000000423, 78.6057094021586));
#16130 = CARTESIAN_POINT ('', (-48.0226311894239, -90.0000000000422, 78.60569263393));
#16140 = CARTESIAN_POINT ('', (-47.7496114892658, -85.2457273470083, 81.0014161625229));
#16150 = CARTESIAN_POINT ('', (-47.3271207168477, -76.7977093841641, 84.7087350245282));
#16160 = CARTESIAN_POINT ('', (-46.8462865754605, -66.0639549384715, 88.9280117478005));
#16170 = CARTESIAN_POINT ('', (-46.3409539271516, -51.6394121022325, 93.3622606852155));
#16180 = CARTESIAN_POINT ('', (-45.9670376281407, -37.2175420232387, 96.6433428735921));
#16190 = CARTESIAN_POINT ('', (-45.7179921169995, -22.7973530725735, 98.8286950309114));
#16200 = CARTESIAN_POINT ('', (-45.5896971428978, -8.37826322706066, 99.9544719908803));
#16210 = CARTESIAN_POINT ('', (-45.58011455966, 6.04114382320323, 100.038558304484));
#16220 = CARTESIAN_POINT ('', (-45.6890823074158, 20.4605246120595, 99.0823760326368));
#16230 = CARTESIAN_POINT ('', (-45.918337552845, 34.8804908603534, 97.070681692595));
#16240 = CARTESIAN_POINT ('', (-46.2716443770458, 49.3020912083327, 93.9704458082979));
#16250 = CARTESIAN_POINT ('', (-46.7551218589433, 63.7262040506316, 89.7279740077074));
#16260 = CARTESIAN_POINT ('', (-47.2184317283185, 74.4613643463688, 85.6624712090136));
#16270 = CARTESIAN_POINT ('', (-47.5663160056779, 81.6652321224925, 82.6098176898186));
#16280 = CARTESIAN_POINT ('', (-47.8866866598206, 87.6327036594083, 79.7985937614514));
#16290 = CARTESIAN_POINT ('', (-48.0226292784953, 90.0000000000423, 78.6057094021586));
#16300 = CARTESIAN_POINT ('', (-94.8138980277702, -90.0000000000423, 89.4108050358492));
#16310 = CARTESIAN_POINT ('', (-94.2748592169174, -85.2457273470082, 91.7450990160171));
#16320 = CARTESIAN_POINT ('', (-93.4407108993104, -76.7977093841641, 95.3573572748924));
#16330 = CARTESIAN_POINT ('', (-92.4913718456061, -66.0639549384715, 99.4684461122516));
#16340 = CARTESIAN_POINT ('', (-91.4936639524698, -51.6394121022325, 103.788994989297));
#16350 = CARTESIAN_POINT ('', (-90.7554190673551, -37.2175420232387, 106.985945851679));
#16360 = CARTESIAN_POINT ('', (-90.2637139043358, -22.7973530725735, 109.115262663279));
#16370 = CARTESIAN_POINT ('', (-90.0104136104811, -8.37826322706066, 110.212173199617));
#16380 = CARTESIAN_POINT ('', (-89.991494154228, 6.04114382320323, 110.294103427924));
#16390 = CARTESIAN_POINT ('', (-90.2066355712669, 20.4605246120595, 109.362438945576));
#16400 = CARTESIAN_POINT ('', (-90.6592676516858, 34.8804908603534, 107.402327133069));
#16410 = CARTESIAN_POINT ('', (-91.3568220416183, 49.3020912083327, 104.381585434186));
#16420 = CARTESIAN_POINT ('', (-92.3113799975649, 63.7262040506316, 100.247896272245));
#16430 = CARTESIAN_POINT ('', (-93.2261198529662, 74.4613643463688, 96.2866383908233));
#16440 = CARTESIAN_POINT ('', (-93.9129681905533, 81.6652321224925, 93.3122589817015));
#16450 = CARTESIAN_POINT ('', (-94.5454947677239, 87.6327036594083, 90.5731185865051));
#16460 = CARTESIAN_POINT ('', (-94.8138942549117, 90.0000000000423, 89.410821374118));
#16470 = (
   BOUNDED_SURFACE ()
   B_SPLINE_SURFACE (2, 2, ((#15620, #15630, #15640, #15650, #15660, #15670, #15680, #15690, #15700, #15710, #15720, #15730, #15740, #15750, #15760, #15770, #15780), (#15790, #15800, #15810, #15820, #15830, #15840, #15850, #15860, #15870, #15880, #15890, #15900, #15910, #15920, #15930, #15940, #15950), (#15960, #15970, #15980, #15990, #16000, #16010, #16020, #16030, #16040, #16050, #16060, #16070, #16080, #16090, #16100, #16110, #16120), (#16130, #16140, #16150, #16160, #16170, #16180, #16190, #16200, #16210, #16220, #16230, #16240, #16250, #16260, #16270, #16280, #16290), (#16300, #16310, #16320, #16330, #16340, #16350, #16360, #16370, #16380, #16390, #16400, #16410, #16420, #16430, #16440, #16450, #16460)), .UNSPECIFIED., .F., .F., .U.)
   B_SPLINE_SURFACE_WITH_KNOTS ((3, 2, 3), (3, 1, 1, 1, 1, 1, 1, 1, 1, 1, 1, 1, 1, 1, 1, 3), (0.423049601822124, 0.5, 0.576950398059729), (0.0318400779029292, 0.08483078652896, 0.123637710430156, 0.199572568834649, 0.273762654411801, 0.346712512992989, 0.418859094052591, 0.490598741893209, 0.562308144358246, 0.634362552336193, 0.707153804805183, 0.781110640645413, 0.856724424317687, 0.895331863136601, 0.934585077547691, 0.960973044471863), .UNSPECIFIED.)
   SURFACE ()
   GEOMETRIC_REPRESENTATION_ITEM ()
   RATIONAL_B_SPLINE_SURFACE (((0.923721619132513, 0.923721619132513, 0.923721619132513, 0.923721619132513, 0.923721619132513, 0.923721619132513, 0.923721619132513, 0.923721619132513, 0.923721619132513, 0.923721619132513, 0.923721619132513, 0.923721619132513, 0.923721619132513, 0.923721619132513, 0.923721619132513, 0.923721619132513, 0.923721619132513), (0.95492350037741, 0.95492350037741, 0.95492350037741, 0.95492350037741, 0.95492350037741, 0.95492350037741, 0.95492350037741, 0.95492350037741, 0.95492350037741, 0.95492350037741, 0.95492350037741, 0.95492350037741, 0.95492350037741, 0.95492350037741, 0.95492350037741, 0.95492350037741, 0.95492350037741), (1., 1., 1., 1., 1., 1., 1., 1., 1., 1., 1., 1., 1., 1., 1., 1., 1.), (0.954923500446619, 0.954923500446619, 0.954923500446619, 0.954923500446619, 0.954923500446619, 0.954923500446619, 0.954923500446619, 0.954923500446619, 0.954923500446619, 0.954923500446619, 0.954923500446619, 0.954923500446619, 0.954923500446619, 0.954923500446619, 0.954923500446619, 0.954923500446619, 0.954923500446619), (0.923721619228326, 0.923721619228326, 0.923721619228326, 0.923721619228326, 0.923721619228326, 0.923721619228326, 0.923721619228326, 0.923721619228326, 0.923721619228326, 0.923721619228326, 0.923721619228326, 0.923721619228326, 0.923721619228326, 0.923721619228326, 0.923721619228326, 0.923721619228326, 0.923721619228326)))
   REPRESENTATION_ITEM ('')
);
#16480 = ADVANCED_FACE ('', (#15610), #16470, .T.);
#16490 = ORIENTED_EDGE ('', *, *, #2740, .T.);
#16500 = ORIENTED_EDGE ('', *, *, #12550, .T.);
#16510 = ORIENTED_EDGE ('', *, *, #1160, .F.);
#16520 = ORIENTED_EDGE ('', *, *, #6880, .T.);
#16530 = EDGE_LOOP ('', (#16490, #16500, #16510, #16520));
#16540 = FACE_OUTER_BOUND ('', #16530, .T.);
#16550 = CARTESIAN_POINT ('', (-94.8138980277659, -90.0000000000042, 150.589194964132));
#16560 = CARTESIAN_POINT ('', (-94.2748592169155, -85.2457273469887, 148.254900983975));
#16570 = CARTESIAN_POINT ('', (-93.4407108993104, -76.7977093841641, 144.642642725108));
#16580 = CARTESIAN_POINT ('', (-92.4913718456061, -66.0639549384715, 140.531553887748));
#16590 = CARTESIAN_POINT ('', (-91.4936639524698, -51.6394121022325, 136.211005010703));
#16600 = CARTESIAN_POINT ('', (-90.7554190673551, -37.2175420232387, 133.014054148321));
#16610 = CARTESIAN_POINT ('', (-90.2637139043358, -22.7973530725735, 130.884737336721));
#16620 = CARTESIAN_POINT ('', (-90.0104136104811, -8.37826322706067, 129.787826800383));
#16630 = CARTESIAN_POINT ('', (-89.991494154228, 6.04114382320323, 129.705896572076));
#16640 = CARTESIAN_POINT ('', (-90.2066355712669, 20.4605246120595, 130.637561054424));
#16650 = CARTESIAN_POINT ('', (-90.6592676516857, 34.8804908603534, 132.597672866931));
#16660 = CARTESIAN_POINT ('', (-91.3568220416182, 49.3020912083327, 135.618414565814));
#16670 = CARTESIAN_POINT ('', (-92.3113799975648, 63.7262040506316, 139.752103727755));
#16680 = CARTESIAN_POINT ('', (-93.2261198529662, 74.4613643463688, 143.713361609177));
#16690 = CARTESIAN_POINT ('', (-93.9129681905533, 81.6652321224925, 146.687741018299));
#16700 = CARTESIAN_POINT ('', (-94.5454947677216, 87.6327036593869, 149.426881413485));
#16710 = CARTESIAN_POINT ('', (-94.8138942549069, 90., 150.589178625861));
#16720 = CARTESIAN_POINT ('', (-48.0226311894218, -90.0000000000042, 161.394307366051));
#16730 = CARTESIAN_POINT ('', (-47.7496114892648, -85.2457273469887, 158.998583837469));
#16740 = CARTESIAN_POINT ('', (-47.3271207168477, -76.7977093841641, 155.291264975472));
#16750 = CARTESIAN_POINT ('', (-46.8462865754605, -66.0639549384715, 151.0719882522));
#16760 = CARTESIAN_POINT ('', (-46.3409539271516, -51.6394121022325, 146.637739314784));
#16770 = CARTESIAN_POINT ('', (-45.9670376281407, -37.2175420232387, 143.356657126408));
#16780 = CARTESIAN_POINT ('', (-45.7179921169995, -22.7973530725735, 141.171304969089));
#16790 = CARTESIAN_POINT ('', (-45.5896971428978, -8.37826322706066, 140.04552800912));
#16800 = CARTESIAN_POINT ('', (-45.58011455966, 6.04114382320323, 139.961441695516));
#16810 = CARTESIAN_POINT ('', (-45.6890823074158, 20.4605246120595, 140.917623967363));
#16820 = CARTESIAN_POINT ('', (-45.918337552845, 34.8804908603534, 142.929318307405));
#16830 = CARTESIAN_POINT ('', (-46.2716443770458, 49.3020912083327, 146.029554191702));
#16840 = CARTESIAN_POINT ('', (-46.7551218589433, 63.7262040506316, 150.272025992293));
#16850 = CARTESIAN_POINT ('', (-47.2184317283186, 74.4613643463688, 154.337528790986));
#16860 = CARTESIAN_POINT ('', (-47.5663160056779, 81.6652321224925, 157.390182310181));
#16870 = CARTESIAN_POINT ('', (-47.8866866598195, 87.6327036593869, 160.201406238538));
#16880 = CARTESIAN_POINT ('', (-48.0226292784929, 90., 161.39429059782));
#16890 = CARTESIAN_POINT ('', (-2.58029594847375E-14, -90.0000000000042, 161.394307366051));
#16900 = CARTESIAN_POINT ('', (-2.56562637271915E-14, -85.2457273469887, 158.998583837469));
#16910 = CARTESIAN_POINT ('', (-2.54292559183033E-14, -76.7977093841641, 155.291264975472));
#16920 = CARTESIAN_POINT ('', (-2.51708997316097E-14, -66.0639549384715, 151.0719882522));
#16930 = CARTESIAN_POINT ('', (-2.48993802932183E-14, -51.6394121022325, 146.637739314784));
#16940 = CARTESIAN_POINT ('', (-2.46984719532316E-14, -37.2175420232387, 143.356657126408));
#16950 = CARTESIAN_POINT ('', (-2.45646577270081E-14, -22.7973530725735, 141.171304969089));
#16960 = CARTESIAN_POINT ('', (-2.44957237694791E-14, -8.37826322706066, 140.04552800912));
#16970 = CARTESIAN_POINT ('', (-2.44905749677387E-14, 6.04114382320323, 139.961441695516));
#16980 = CARTESIAN_POINT ('', (-2.45491242456697E-14, 20.4605246120595, 140.917623967363));
#16990 = CARTESIAN_POINT ('', (-2.46723049973894E-14, 34.8804908603534, 142.929318307405));
#17000 = CARTESIAN_POINT ('', (-2.48621396950047E-14, 49.3020912083327, 146.029554191702));
#17010 = CARTESIAN_POINT ('', (-2.5121916170558E-14, 63.7262040506316, 150.272025992293));
#17020 = CARTESIAN_POINT ('', (-2.53708564200253E-14, 74.4613643463688, 154.337528790986));
#17030 = CARTESIAN_POINT ('', (-2.55577775380847E-14, 81.6652321224925, 157.390182310181));
#17040 = CARTESIAN_POINT ('', (-2.57299153573621E-14, 87.6327036593869, 160.201406238538));
#17050 = CARTESIAN_POINT ('', (-2.58029584579795E-14, 90., 161.39429059782));
#17060 = CARTESIAN_POINT ('', (48.0226312666347, -90.0000000000042, 161.394307366051));
#17070 = CARTESIAN_POINT ('', (47.7496115660388, -85.2457273469887, 158.998583837469));
#17080 = CARTESIAN_POINT ('', (47.3271207929424, -76.7977093841641, 155.291264975472));
#17090 = CARTESIAN_POINT ('', (46.846286650782, -66.0639549384715, 151.0719882522));
#17100 = CARTESIAN_POINT ('', (46.3409540016607, -51.6394121022325, 146.637739314784));
#17110 = CARTESIAN_POINT ('', (45.9670377020485, -37.2175420232387, 143.356657126408));
#17120 = CARTESIAN_POINT ('', (45.717992190507, -22.7973530725735, 141.171304969089));
#17130 = CARTESIAN_POINT ('', (45.589697216199, -8.37826322706066, 140.04552800912));
#17140 = CARTESIAN_POINT ('', (45.5801146329458, 6.04114382320323, 139.961441695516));
#17150 = CARTESIAN_POINT ('', (45.6890823808767, 20.4605246120595, 140.917623967363));
#17160 = CARTESIAN_POINT ('', (45.9183376266746, 34.8804908603534, 142.929318307405));
#17170 = CARTESIAN_POINT ('', (46.2716444514435, 49.3020912083327, 146.029554191702));
#17180 = CARTESIAN_POINT ('', (46.7551219341183, 63.7262040506316, 150.272025992293));
#17190 = CARTESIAN_POINT ('', (47.2184318042385, 74.4613643463688, 154.337528790986));
#17200 = CARTESIAN_POINT ('', (47.5663160821572, 81.6652321224925, 157.390182310181));
#17210 = CARTESIAN_POINT ('', (47.8866867368138, 87.6327036593869, 160.201406238538));
#17220 = CARTESIAN_POINT ('', (48.0226293557058, 90., 161.39429059782));
#17230 = CARTESIAN_POINT ('', (94.8138981763031, -90.0000000000042, 150.589194929832));
#17240 = CARTESIAN_POINT ('', (94.2748593646082, -85.2457273469887, 148.254900949869));
#17250 = CARTESIAN_POINT ('', (93.4407110456963, -76.7977093841641, 144.642642691304));
#17260 = CARTESIAN_POINT ('', (92.4913719905048, -66.0639549384715, 140.531553854288));
#17270 = CARTESIAN_POINT ('', (91.4936640958054, -51.6394121022325, 136.211004977603));
#17280 = CARTESIAN_POINT ('', (90.7554192095342, -37.2175420232387, 133.014054115489));
#17290 = CARTESIAN_POINT ('', (90.2637140457446, -22.7973530725735, 130.884737304067));
#17300 = CARTESIAN_POINT ('', (90.010413751493, -8.37826322706066, 129.78782676782));
#17310 = CARTESIAN_POINT ('', (89.9914942952103, 6.04114382320323, 129.70589653952));
#17320 = CARTESIAN_POINT ('', (90.2066357125862, 20.4605246120595, 130.63756102179));
#17330 = CARTESIAN_POINT ('', (90.6592677937142, 34.8804908603534, 132.597672834134));
#17340 = CARTESIAN_POINT ('', (91.3568221847395, 49.3020912083327, 135.618414532764));
#17350 = CARTESIAN_POINT ('', (92.3113801421815, 63.7262040506316, 139.75210369436));
#17360 = CARTESIAN_POINT ('', (93.2261199990159, 74.4613643463688, 143.713361575451));
#17370 = CARTESIAN_POINT ('', (93.912968337679, 81.6652321224925, 146.687740984324));
#17380 = CARTESIAN_POINT ('', (94.5454949158382, 87.6327036593868, 149.426881379282));
#17390 = CARTESIAN_POINT ('', (94.813894403444, 90., 150.589178591561));
#17400 = (
   BOUNDED_SURFACE ()
   B_SPLINE_SURFACE (2, 2, ((#16550, #16560, #16570, #16580, #16590, #16600, #16610, #16620, #16630, #16640, #16650, #16660, #16670, #16680, #16690, #16700, #16710), (#16720, #16730, #16740, #16750, #16760, #16770, #16780, #16790, #16800, #16810, #16820, #16830, #16840, #16850, #16860, #16870, #16880), (#16890, #16900, #16910, #16920, #16930, #16940, #16950, #16960, #16970, #16980, #16990, #17000, #17010, #17020, #17030, #17040, #17050), (#17060, #17070, #17080, #17090, #17100, #17110, #17120, #17130, #17140, #17150, #17160, #17170, #17180, #17190, #17200, #17210, #17220), (#17230, #17240, #17250, #17260, #17270, #17280, #17290, #17300, #17310, #17320, #17330, #17340, #17350, #17360, #17370, #17380, #17390)), .UNSPECIFIED., .F., .F., .U.)
   B_SPLINE_SURFACE_WITH_KNOTS ((3, 2, 3), (3, 1, 1, 1, 1, 1, 1, 1, 1, 1, 1, 1, 1, 1, 1, 3), (0.423049601940271, 0.5, 0.576950398177876), (0.0318400779031413, 0.08483078652896, 0.123637710430156, 0.199572568834649, 0.273762654411801, 0.346712512992989, 0.418859094052591, 0.490598741893209, 0.562308144358246, 0.634362552336193, 0.707153804805183, 0.781110640645413, 0.856724424317687, 0.895331863136601, 0.934585077547691, 0.960973044471628), .UNSPECIFIED.)
   SURFACE ()
   GEOMETRIC_REPRESENTATION_ITEM ()
   RATIONAL_B_SPLINE_SURFACE (((0.923721619228326, 0.923721619228326, 0.923721619228326, 0.923721619228326, 0.923721619228326, 0.923721619228326, 0.923721619228326, 0.923721619228326, 0.923721619228326, 0.923721619228326, 0.923721619228326, 0.923721619228326, 0.923721619228326, 0.923721619228326, 0.923721619228326, 0.923721619228326, 0.923721619228326), (0.954923500446619, 0.954923500446619, 0.954923500446619, 0.954923500446619, 0.954923500446619, 0.954923500446619, 0.954923500446619, 0.954923500446619, 0.954923500446619, 0.954923500446619, 0.954923500446619, 0.954923500446619, 0.954923500446619, 0.954923500446619, 0.954923500446619, 0.954923500446619, 0.954923500446619), (1., 1., 1., 1., 1., 1., 1., 1., 1., 1., 1., 1., 1., 1., 1., 1., 1.), (0.95492350037741, 0.95492350037741, 0.95492350037741, 0.95492350037741, 0.95492350037741, 0.95492350037741, 0.95492350037741, 0.95492350037741, 0.95492350037741, 0.95492350037741, 0.95492350037741, 0.95492350037741, 0.95492350037741, 0.95492350037741, 0.95492350037741, 0.95492350037741, 0.95492350037741), (0.923721619132513, 0.923721619132513, 0.923721619132513, 0.923721619132513, 0.923721619132513, 0.923721619132513, 0.923721619132513, 0.923721619132513, 0.923721619132513, 0.923721619132513, 0.923721619132513, 0.923721619132513, 0.923721619132513, 0.923721619132513, 0.923721619132513, 0.923721619132513, 0.923721619132513)))
   REPRESENTATION_ITEM ('')
);
#17410 = ADVANCED_FACE ('', (#16540), #17400, .T.);
#17420 = CLOSED_SHELL ('', (#2630, #4210, #9670, #15550, #16480, #17410));
#17430 = MANIFOLD_SOLID_BREP ('', #17420);
#17440 = (
   LENGTH_UNIT ()
   NAMED_UNIT (*)
   SI_UNIT (.MILLI., .METRE.)
);
#17450 = (
   NAMED_UNIT (*)
   SI_UNIT ($, .STERADIAN.)
   SOLID_ANGLE_UNIT ()
);
#17460 = (
   NAMED_UNIT (*)
   SI_UNIT ($, .RADIAN.)
   PLANE_ANGLE_UNIT ()
);
#17470 = UNCERTAINTY_MEASURE_WITH_UNIT (LENGTH_MEASURE(1.E-5), #17440, 'DISTANCE_ACCURACY_VALUE', '');
#17480 = (
   GEOMETRIC_REPRESENTATION_CONTEXT (3)
   GLOBAL_UNCERTAINTY_ASSIGNED_CONTEXT ((#17470))
   GLOBAL_UNIT_ASSIGNED_CONTEXT ((#17440, #17450, #17460))
   REPRESENTATION_CONTEXT ('', '3D')
);
#17490 = ADVANCED_BREP_SHAPE_REPRESENTATION ('', (#17430), #17480);
#17500 = APPLICATION_CONTEXT ('configuration controlled 3D designs of mechanical parts and assemblies');
#17510 = APPLICATION_PROTOCOL_DEFINITION ('International Standard', 'config_control_design', 1997, #17500);
#17520 = MECHANICAL_CONTEXT ('', #17500, 'mechanical');
#17530 = PRODUCT ('product-name', '', '', (#17520));
#17540 = PERSON_AND_ORGANIZATION_ROLE ('design_owner');
#17550 = PERSON ('', '', $, $, $, $);
#17560 = ORGANIZATION ($, '', '');
#17570 = PERSON_AND_ORGANIZATION (#17550, #17560);
#17580 = CC_DESIGN_PERSON_AND_ORGANIZATION_ASSIGNMENT (#17570, #17540, (#17530));
#17590 = PRODUCT_RELATED_PRODUCT_CATEGORY ('detail', $, (#17530));
#17600 = PRODUCT_DEFINITION_FORMATION_WITH_SPECIFIED_SOURCE ('', '', #17530, .NOT_KNOWN.);
#17610 = APPROVAL_STATUS ('approved');
#17620 = APPROVAL (#17610, '');
#17630 = CALENDAR_DATE (2019, 27, 9);
#17640 = COORDINATED_UNIVERSAL_TIME_OFFSET (0, $, .AHEAD.);
#17650 = LOCAL_TIME (11, 24, 14., #17640);
#17660 = DATE_AND_TIME (#17630, #17650);
#17670 = APPROVAL_DATE_TIME (#17660, #17620);
#17680 = APPROVAL_ROLE ('');
#17690 = PERSON ('', '', $, $, $, $);
#17700 = ORGANIZATION ($, '', '');
#17710 = PERSON_AND_ORGANIZATION (#17690, #17700);
#17720 = APPROVAL_PERSON_ORGANIZATION (#17710, #17620, #17680);
#17730 = CC_DESIGN_APPROVAL (#17620, (#17600));
#17740 = PERSON_AND_ORGANIZATION_ROLE ('creator');
#17750 = PERSON ('', '', $, $, $, $);
#17760 = ORGANIZATION ($, '', '');
#17770 = PERSON_AND_ORGANIZATION (#17750, #17760);
#17780 = CC_DESIGN_PERSON_AND_ORGANIZATION_ASSIGNMENT (#17770, #17740, (#17600));
#17790 = PERSON_AND_ORGANIZATION_ROLE ('part_supplier');
#17800 = PERSON ('', '', $, $, $, $);
#17810 = ORGANIZATION ($, '', '');
#17820 = PERSON_AND_ORGANIZATION (#17800, #17810);
#17830 = CC_DESIGN_PERSON_AND_ORGANIZATION_ASSIGNMENT (#17820, #17790, (#17600));
#17840 = SECURITY_CLASSIFICATION_LEVEL ('unclassified');
#17850 = SECURITY_CLASSIFICATION ('', '', #17840);
#17860 = APPROVAL_STATUS ('approved');
#17870 = APPROVAL (#17860, '');
#17880 = CALENDAR_DATE (2019, 27, 9);
#17890 = COORDINATED_UNIVERSAL_TIME_OFFSET (0, $, .AHEAD.);
#17900 = LOCAL_TIME (11, 24, 14., #17890);
#17910 = DATE_AND_TIME (#17880, #17900);
#17920 = APPROVAL_DATE_TIME (#17910, #17870);
#17930 = APPROVAL_ROLE ('');
#17940 = PERSON ('', '', $, $, $, $);
#17950 = ORGANIZATION ($, '', '');
#17960 = PERSON_AND_ORGANIZATION (#17940, #17950);
#17970 = APPROVAL_PERSON_ORGANIZATION (#17960, #17870, #17930);
#17980 = CC_DESIGN_APPROVAL (#17870, (#17850));
#17990 = DATE_TIME_ROLE ('classification_date');
#18000 = CALENDAR_DATE (2019, 27, 9);
#18010 = COORDINATED_UNIVERSAL_TIME_OFFSET (0, $, .AHEAD.);
#18020 = LOCAL_TIME (11, 24, 14., #18010);
#18030 = DATE_AND_TIME (#18000, #18020);
#18040 = CC_DESIGN_DATE_AND_TIME_ASSIGNMENT (#18030, #17990, (#17850));
#18050 = PERSON_AND_ORGANIZATION_ROLE ('classification_officer');
#18060 = PERSON ('', '', $, $, $, $);
#18070 = ORGANIZATION ($, '', '');
#18080 = PERSON_AND_ORGANIZATION (#18060, #18070);
#18090 = CC_DESIGN_PERSON_AND_ORGANIZATION_ASSIGNMENT (#18080, #18050, (#17850));
#18100 = CC_DESIGN_SECURITY_CLASSIFICATION (#17850, (#17600));
#18110 = DESIGN_CONTEXT ('', #17500, 'design');
#18120 = PRODUCT_DEFINITION ('', '', #17600, #18110);
#18130 = APPROVAL_STATUS ('approved');
#18140 = APPROVAL (#18130, '');
#18150 = CALENDAR_DATE (2019, 27, 9);
#18160 = COORDINATED_UNIVERSAL_TIME_OFFSET (0, $, .AHEAD.);
#18170 = LOCAL_TIME (11, 24, 14., #18160);
#18180 = DATE_AND_TIME (#18150, #18170);
#18190 = APPROVAL_DATE_TIME (#18180, #18140);
#18200 = APPROVAL_ROLE ('');
#18210 = PERSON ('', '', $, $, $, $);
#18220 = ORGANIZATION ($, '', '');
#18230 = PERSON_AND_ORGANIZATION (#18210, #18220);
#18240 = APPROVAL_PERSON_ORGANIZATION (#18230, #18140, #18200);
#18250 = CC_DESIGN_APPROVAL (#18140, (#18120));
#18260 = DATE_TIME_ROLE ('creation_date');
#18270 = CALENDAR_DATE (2019, 27, 9);
#18280 = COORDINATED_UNIVERSAL_TIME_OFFSET (0, $, .AHEAD.);
#18290 = LOCAL_TIME (11, 24, 14., #18280);
#18300 = DATE_AND_TIME (#18270, #18290);
#18310 = CC_DESIGN_DATE_AND_TIME_ASSIGNMENT (#18300, #18260, (#18120));
#18320 = PERSON_AND_ORGANIZATION_ROLE ('creator');
#18330 = PERSON ('', '', $, $, $, $);
#18340 = ORGANIZATION ($, '', '');
#18350 = PERSON_AND_ORGANIZATION (#18330, #18340);
#18360 = CC_DESIGN_PERSON_AND_ORGANIZATION_ASSIGNMENT (#18350, #18320, (#18120));
#18370 = PRODUCT_DEFINITION_SHAPE ('', '', #18120);
#18380 = SHAPE_DEFINITION_REPRESENTATION (#18370, #17490);
#18390 = CARTESIAN_POINT ('', (-90., 100., 374.427190999916));
#18400 = VERTEX_POINT ('', #18390);
#18410 = CARTESIAN_POINT ('', (90., 100., 374.427190999916));
#18420 = VERTEX_POINT ('', #18410);
#18430 = CARTESIAN_POINT ('', (-90., 100., 374.427190999916));
#18440 = CARTESIAN_POINT ('', (90., 100., 374.427190999916));
#18450 = B_SPLINE_CURVE_WITH_KNOTS ('', 1, (#18430, #18440), .UNSPECIFIED., .F., .U., (2, 2), (0., 1.), .UNSPECIFIED.);
#18460 = EDGE_CURVE ('', #18400, #18420, #18450, .T.);
#18470 = ORIENTED_EDGE ('', *, *, #18460, .T.);
#18480 = CARTESIAN_POINT ('', (90., 100., 345.572809000084));
#18490 = VERTEX_POINT ('', #18480);
#18500 = CARTESIAN_POINT ('', (90., 100., 345.572809000084));
#18510 = CARTESIAN_POINT ('', (90., 100., 374.427190999916));
#18520 = B_SPLINE_CURVE_WITH_KNOTS ('', 1, (#18500, #18510), .UNSPECIFIED., .F., .U., (2, 2), (0., 1.), .UNSPECIFIED.);
#18530 = EDGE_CURVE ('', #18490, #18420, #18520, .T.);
#18540 = ORIENTED_EDGE ('', *, *, #18530, .F.);
#18550 = CARTESIAN_POINT ('', (-90., 100., 345.572809000084));
#18560 = VERTEX_POINT ('', #18550);
#18570 = CARTESIAN_POINT ('', (90., 100., 345.572809000084));
#18580 = CARTESIAN_POINT ('', (30., 100., 345.572809000084));
#18590 = CARTESIAN_POINT ('', (-30., 100., 345.572809000084));
#18600 = CARTESIAN_POINT ('', (-90., 100., 345.572809000084));
#18610 = B_SPLINE_CURVE_WITH_KNOTS ('', 3, (#18570, #18580, #18590, #18600), .UNSPECIFIED., .F., .U., (4, 4), (0., 180.), .UNSPECIFIED.);
#18620 = EDGE_CURVE ('', #18490, #18560, #18610, .T.);
#18630 = ORIENTED_EDGE ('', *, *, #18620, .T.);
#18640 = CARTESIAN_POINT ('', (-90., 100., 345.572809000084));
#18650 = CARTESIAN_POINT ('', (-90., 100., 374.427190999916));
#18660 = B_SPLINE_CURVE_WITH_KNOTS ('', 1, (#18640, #18650), .UNSPECIFIED., .F., .U., (2, 2), (0., 1.), .UNSPECIFIED.);
#18670 = EDGE_CURVE ('', #18560, #18400, #18660, .T.);
#18680 = ORIENTED_EDGE ('', *, *, #18670, .T.);
#18690 = EDGE_LOOP ('', (#18470, #18540, #18630, #18680));
#18700 = FACE_OUTER_BOUND ('', #18690, .T.);
#18710 = CARTESIAN_POINT ('', (-90., 100., 345.572809000084));
#18720 = CARTESIAN_POINT ('', (90., 100., 345.572809000084));
#18730 = CARTESIAN_POINT ('', (-90., 100., 374.427190999916));
#18740 = CARTESIAN_POINT ('', (90., 100., 374.427190999916));
#18750 = B_SPLINE_SURFACE_WITH_KNOTS ('', 1, 1, ((#18710, #18720), (#18730, #18740)), .UNSPECIFIED., .F., .F., .U., (2, 2), (2, 2), (0.491807797204808, 0.508192202795192), (0., 1.), .UNSPECIFIED.);
#18760 = ADVANCED_FACE ('', (#18700), #18750, .T.);
#18770 = CARTESIAN_POINT ('', (90., -100., 374.427190999916));
#18780 = VERTEX_POINT ('', #18770);
#18790 = CARTESIAN_POINT ('', (90., 100., 374.427190999916));
#18800 = CARTESIAN_POINT ('', (90., 50.1552810007571, 380.));
#18810 = CARTESIAN_POINT ('', (90., 5.51091059616309E-14, 380.));
#18820 = CARTESIAN_POINT ('', (90., -50.1552810007572, 380.));
#18830 = CARTESIAN_POINT ('', (90., -100., 374.427190999916));
#18840 = (
   BOUNDED_CURVE ()
   B_SPLINE_CURVE (2, (#18790, #18800, #18810, #18820, #18830), .UNSPECIFIED., .F., .U.)
   B_SPLINE_CURVE_WITH_KNOTS ((3, 2, 3), (0.461483381499488, 0.5, 0.538516618500512), .UNSPECIFIED.)
   CURVE ()
   GEOMETRIC_REPRESENTATION_ITEM ()
   RATIONAL_B_SPLINE_CURVE ((0.95835110130091, 0.977437487259151, 1., 0.977437487259151, 0.95835110130091))
   REPRESENTATION_ITEM ('')
);
#18850 = EDGE_CURVE ('', #18420, #18780, #18840, .T.);
#18860 = ORIENTED_EDGE ('', *, *, #18850, .T.);
#18870 = CARTESIAN_POINT ('', (90., -100., 345.572809000084));
#18880 = VERTEX_POINT ('', #18870);
#18890 = CARTESIAN_POINT ('', (90., -100., 345.572809000084));
#18900 = CARTESIAN_POINT ('', (90., -100., 374.427190999916));
#18910 = B_SPLINE_CURVE_WITH_KNOTS ('', 1, (#18890, #18900), .UNSPECIFIED., .F., .U., (2, 2), (0., 1.), .UNSPECIFIED.);
#18920 = EDGE_CURVE ('', #18880, #18780, #18910, .T.);
#18930 = ORIENTED_EDGE ('', *, *, #18920, .F.);
#18940 = CARTESIAN_POINT ('', (90., -100., 345.572809000084));
#18950 = CARTESIAN_POINT ('', (90., -97.0044569423271, 345.23789710476));
#18960 = CARTESIAN_POINT ('', (90., -94.0120616299179, 344.918541297899));
#18970 = CARTESIAN_POINT ('', (90., -91.0133064922331, 344.613726908129));
#18980 = CARTESIAN_POINT ('', (90., -88.0147446138377, 344.308932162581));
#18990 = CARTESIAN_POINT ('', (90., -85.019033898891, 344.019616203527));
#19000 = CARTESIAN_POINT ('', (90., -82.0175625618704, 343.744947332842));
#19010 = CARTESIAN_POINT ('', (90., -79.0162845141393, 343.470296150333));
#19020 = CARTESIAN_POINT ('', (90., -76.0175607765196, 343.211054061894));
#19030 = CARTESIAN_POINT ('', (90., -73.0136761330738, 342.966554080878));
#19040 = CARTESIAN_POINT ('', (90., -70.0099848220674, 342.722069836078));
#19050 = CARTESIAN_POINT ('', (90., -67.0085507299685, 342.492932583199));
#19060 = CARTESIAN_POINT ('', (90., -64.0025558971042, 342.278621821538));
#19070 = CARTESIAN_POINT ('', (90., -60.9967544529106, 342.064324847416));
#19080 = CARTESIAN_POINT ('', (90., -57.9929129322066, 341.865320336002));
#19090 = CARTESIAN_POINT ('', (90., -54.9851112203516, 341.681216079678));
#19100 = CARTESIAN_POINT ('', (90., -51.977502966418, 341.497123664703));
#19110 = CARTESIAN_POINT ('', (90., -48.9715571699906, 341.328276740737));
#19120 = CARTESIAN_POINT ('', (90., -45.9622520522992, 341.174393229543));
#19130 = CARTESIAN_POINT ('', (90., -42.9531404747423, 341.020519615196));
#19140 = CARTESIAN_POINT ('', (90., -39.9453937517902, 340.881852064152));
#19150 = CARTESIAN_POINT ('', (90., -36.9348888334305, 340.758200489511));
#19160 = CARTESIAN_POINT ('', (90., -33.924577550331, 340.634556868123));
#19170 = CARTESIAN_POINT ('', (90., -30.9153334156605, 340.526087414668));
#19180 = CARTESIAN_POINT ('', (90., -27.9039324030891, 340.432675917781));
#19190 = CARTESIAN_POINT ('', (90., -24.8927251337704, 340.33927043067));
#19200 = CARTESIAN_POINT ('', (90., -21.8822872370738, 340.261014738675));
#19210 = CARTESIAN_POINT ('', (90., -18.8702939072984, 340.197848408967));
#19220 = CARTESIAN_POINT ('', (90., -15.858494441596, 340.134686144899));
#19230 = CARTESIAN_POINT ('', (90., -12.8471665367195, 340.086656817741));
#19240 = CARTESIAN_POINT ('', (90., -9.83488470655422, 340.053737691628));
#19250 = CARTESIAN_POINT ('', (90., -6.82279687407617, 340.020820685581));
#19260 = CARTESIAN_POINT ('', (90., -3.81088278827919, 340.00302726675));
#19270 = CARTESIAN_POINT ('', (90., -0.798616283595212, 340.000354326719));
#19280 = CARTESIAN_POINT ('', (90., -0.533929315229001, 340.000119456268));
#19290 = CARTESIAN_POINT ('', (90., -0.269242448053389, 340.00000135125));
#19300 = CARTESIAN_POINT ('', (90., -0.00455537548423266, 340.000000011529));
#19310 = CARTESIAN_POINT ('', (90., 4.52522850337787, 339.999977083899));
#19320 = CARTESIAN_POINT ('', (90., 9.05552344512742, 340.034158183143));
#19330 = CARTESIAN_POINT ('', (90., 13.584791272427, 340.102531703703));
#19340 = CARTESIAN_POINT ('', (90., 18.1134077279235, 340.170895391199));
#19350 = CARTESIAN_POINT ('', (90., 22.6435476514676, 340.273495560817));
#19360 = CARTESIAN_POINT ('', (90., 27.1706156648688, 340.41022813485));
#19370 = CARTESIAN_POINT ('', (90., 31.6970238037662, 340.546940778469));
#19380 = CARTESIAN_POINT ('', (90., 36.2259670356982, 340.717960607844));
#19390 = CARTESIAN_POINT ('', (90., 40.7497950996533, 340.922998737407));
#19400 = CARTESIAN_POINT ('', (90., 45.2729642248614, 341.128007001209));
#19410 = CARTESIAN_POINT ('', (90., 49.7996790327515, 341.367431563067));
#19420 = CARTESIAN_POINT ('', (90., 54.3192374405026, 341.64070637418));
#19430 = CARTESIAN_POINT ('', (90., 58.8381377446318, 341.913941393099));
#19440 = CARTESIAN_POINT ('', (90., 63.361593029459, 342.221740268732));
#19450 = CARTESIAN_POINT ('', (90., 67.8758531975925, 342.563167374606));
#19460 = CARTESIAN_POINT ('', (90., 70.8841290436674, 342.790692346039));
#19470 = CARTESIAN_POINT ('', (90., 73.8947999803977, 343.033634952215));
#19480 = CARTESIAN_POINT ('', (90., 76.9006346967498, 343.291411670861));
#19490 = CARTESIAN_POINT ('', (90., 79.9062750454521, 343.549171720774));
#19500 = CARTESIAN_POINT ('', (90., 82.9146084684269, 343.822412678895));
#19510 = CARTESIAN_POINT ('', (90., 85.9175036975091, 344.110395998263));
#19520 = CARTESIAN_POINT ('', (90., 88.9202046582694, 344.398360686933));
#19530 = CARTESIAN_POINT ('', (90., 91.9258963213194, 344.701877181548));
#19540 = CARTESIAN_POINT ('', (90., 94.9255485027266, 345.020033608876));
#19550 = CARTESIAN_POINT ('', (90., 96.6170390614185, 345.199440606911));
#19560 = CARTESIAN_POINT ('', (90., 98.3095541734702, 345.383811411064));
#19570 = CARTESIAN_POINT ('', (90., 100., 345.572809000084));
#19580 = B_SPLINE_CURVE_WITH_KNOTS ('', 3, (#18940, #18950, #18960, #18970, #18980, #18990, #19000, #19010, #19020, #19030, #19040, #19050, #19060, #19070, #19080, #19090, #19100, #19110, #19120, #19130, #19140, #19150, #19160, #19170, #19180, #19190, #19200, #19210, #19220, #19230, #19240, #19250, #19260, #19270, #19280, #19290, #19300, #19310, #19320, #19330, #19340, #19350, #19360, #19370, #19380, #19390, #19400, #19410, #19420, #19430, #19440, #19450, #19460, #19470, #19480, #19490, #19500, #19510, #19520, #19530, #19540, #19550, #19560, #19570), .UNSPECIFIED., .F., .U., (4, 3, 3, 3, 3, 3, 3, 3, 3, 3, 3, 3, 3, 3, 3, 3, 3, 3, 3, 3, 3, 4), (0., 9.04262117375355, 18.0846595821723, 27.1261156997795, 36.1669899019755, 45.2072824655657, 54.2469935692146, 63.2861232938292, 72.3246716228697, 81.362638442591, 90.4000235422129, 99.4368266140213, 100.230887831739, 113.820239468499, 127.407636767204, 140.993053539656, 154.576491466454, 168.15795147663, 177.208554805045, 186.258572890204, 195.308005496453, 200.410940399995), .UNSPECIFIED.);
#19590 = EDGE_CURVE ('', #18880, #18490, #19580, .T.);
#19600 = ORIENTED_EDGE ('', *, *, #19590, .T.);
#19610 = ORIENTED_EDGE ('', *, *, #18530, .T.);
#19620 = EDGE_LOOP ('', (#18860, #18930, #19600, #19610));
#19630 = FACE_OUTER_BOUND ('', #19620, .T.);
#19640 = CARTESIAN_POINT ('', (90., 100., 339.999977083899));
#19650 = CARTESIAN_POINT ('', (90., -100., 339.999977083899));
#19660 = CARTESIAN_POINT ('', (90., 100., 380.));
#19670 = CARTESIAN_POINT ('', (90., -100., 380.));
#19680 = B_SPLINE_SURFACE_WITH_KNOTS ('', 1, 1, ((#19640, #19650), (#19660, #19670)), .UNSPECIFIED., .F., .F., .U., (2, 2), (2, 2), (0.488643371835991, 0.511356615151543), (0., 1.), .UNSPECIFIED.);
#19690 = ADVANCED_FACE ('', (#19630), #19680, .T.);
#19700 = CARTESIAN_POINT ('', (-90., -100., 374.427190999916));
#19710 = VERTEX_POINT ('', #19700);
#19720 = CARTESIAN_POINT ('', (-90., -100., 374.427190999916));
#19730 = CARTESIAN_POINT ('', (90., -100., 374.427190999916));
#19740 = B_SPLINE_CURVE_WITH_KNOTS ('', 1, (#19720, #19730), .UNSPECIFIED., .F., .U., (2, 2), (0., 1.), .UNSPECIFIED.);
#19750 = EDGE_CURVE ('', #19710, #18780, #19740, .T.);
#19760 = ORIENTED_EDGE ('', *, *, #19750, .F.);
#19770 = CARTESIAN_POINT ('', (-90., -100., 345.572809000084));
#19780 = VERTEX_POINT ('', #19770);
#19790 = CARTESIAN_POINT ('', (-90., -100., 345.572809000084));
#19800 = CARTESIAN_POINT ('', (-90., -100., 374.427190999916));
#19810 = B_SPLINE_CURVE_WITH_KNOTS ('', 1, (#19790, #19800), .UNSPECIFIED., .F., .U., (2, 2), (0., 1.), .UNSPECIFIED.);
#19820 = EDGE_CURVE ('', #19780, #19710, #19810, .T.);
#19830 = ORIENTED_EDGE ('', *, *, #19820, .F.);
#19840 = CARTESIAN_POINT ('', (-90., -100., 345.572809000084));
#19850 = CARTESIAN_POINT ('', (-30., -100., 345.572809000084));
#19860 = CARTESIAN_POINT ('', (30., -100., 345.572809000084));
#19870 = CARTESIAN_POINT ('', (90., -100., 345.572809000084));
#19880 = B_SPLINE_CURVE_WITH_KNOTS ('', 3, (#19840, #19850, #19860, #19870), .UNSPECIFIED., .F., .U., (4, 4), (0., 180.), .UNSPECIFIED.);
#19890 = EDGE_CURVE ('', #19780, #18880, #19880, .T.);
#19900 = ORIENTED_EDGE ('', *, *, #19890, .T.);
#19910 = ORIENTED_EDGE ('', *, *, #18920, .T.);
#19920 = EDGE_LOOP ('', (#19760, #19830, #19900, #19910));
#19930 = FACE_OUTER_BOUND ('', #19920, .T.);
#19940 = CARTESIAN_POINT ('', (90., -100., 345.572809000084));
#19950 = CARTESIAN_POINT ('', (-90., -100., 345.572809000084));
#19960 = CARTESIAN_POINT ('', (90., -100., 374.427190999916));
#19970 = CARTESIAN_POINT ('', (-90., -100., 374.427190999916));
#19980 = B_SPLINE_SURFACE_WITH_KNOTS ('', 1, 1, ((#19940, #19950), (#19960, #19970)), .UNSPECIFIED., .F., .F., .U., (2, 2), (2, 2), (0.491807797204808, 0.508192202795192), (0., 1.), .UNSPECIFIED.);
#19990 = ADVANCED_FACE ('', (#19930), #19980, .T.);
#20000 = CARTESIAN_POINT ('', (-90., 100., 374.427190999916));
#20010 = CARTESIAN_POINT ('', (-90., 50.1552810007571, 380.));
#20020 = CARTESIAN_POINT ('', (-90., 5.51091059616309E-14, 380.));
#20030 = CARTESIAN_POINT ('', (-90., -50.1552810007572, 380.));
#20040 = CARTESIAN_POINT ('', (-90., -100., 374.427190999916));
#20050 = (
   BOUNDED_CURVE ()
   B_SPLINE_CURVE (2, (#20000, #20010, #20020, #20030, #20040), .UNSPECIFIED., .F., .U.)
   B_SPLINE_CURVE_WITH_KNOTS ((3, 2, 3), (0.461483381499488, 0.5, 0.538516618500512), .UNSPECIFIED.)
   CURVE ()
   GEOMETRIC_REPRESENTATION_ITEM ()
   RATIONAL_B_SPLINE_CURVE ((0.95835110130091, 0.977437487259151, 1., 0.977437487259151, 0.95835110130091))
   REPRESENTATION_ITEM ('')
);
#20060 = EDGE_CURVE ('', #18400, #19710, #20050, .T.);
#20070 = ORIENTED_EDGE ('', *, *, #20060, .F.);
#20080 = ORIENTED_EDGE ('', *, *, #18670, .F.);
#20090 = CARTESIAN_POINT ('', (-90., 100., 345.572809000084));
#20100 = CARTESIAN_POINT ('', (-90., 97.0044569423271, 345.23789710476));
#20110 = CARTESIAN_POINT ('', (-90., 94.0120616299179, 344.918541297899));
#20120 = CARTESIAN_POINT ('', (-90., 91.0133064922331, 344.613726908129));
#20130 = CARTESIAN_POINT ('', (-90., 88.0147446138377, 344.308932162581));
#20140 = CARTESIAN_POINT ('', (-90., 85.0190338988909, 344.019616203527));
#20150 = CARTESIAN_POINT ('', (-90., 82.0175625618703, 343.744947332842));
#20160 = CARTESIAN_POINT ('', (-90., 79.0162845141393, 343.470296150333));
#20170 = CARTESIAN_POINT ('', (-90., 76.0175607765196, 343.211054061894));
#20180 = CARTESIAN_POINT ('', (-90., 73.0136761330738, 342.966554080878));
#20190 = CARTESIAN_POINT ('', (-90., 70.0099848220674, 342.722069836078));
#20200 = CARTESIAN_POINT ('', (-90., 67.0085507299685, 342.492932583199));
#20210 = CARTESIAN_POINT ('', (-90., 64.0025558971042, 342.278621821538));
#20220 = CARTESIAN_POINT ('', (-90., 60.9967544529106, 342.064324847416));
#20230 = CARTESIAN_POINT ('', (-90., 57.9929129322065, 341.865320336002));
#20240 = CARTESIAN_POINT ('', (-90., 54.9851112203516, 341.681216079678));
#20250 = CARTESIAN_POINT ('', (-90., 51.9775029664179, 341.497123664703));
#20260 = CARTESIAN_POINT ('', (-90., 48.9715571699907, 341.328276740737));
#20270 = CARTESIAN_POINT ('', (-90., 45.9622520522992, 341.174393229543));
#20280 = CARTESIAN_POINT ('', (-90., 42.9531404747424, 341.020519615196));
#20290 = CARTESIAN_POINT ('', (-90., 39.9453937517903, 340.881852064152));
#20300 = CARTESIAN_POINT ('', (-90., 36.9348888334307, 340.758200489511));
#20310 = CARTESIAN_POINT ('', (-90., 33.9245775503311, 340.634556868123));
#20320 = CARTESIAN_POINT ('', (-90., 30.9153334156605, 340.526087414668));
#20330 = CARTESIAN_POINT ('', (-90., 27.9039324030891, 340.432675917781));
#20340 = CARTESIAN_POINT ('', (-90., 24.8927251337704, 340.33927043067));
#20350 = CARTESIAN_POINT ('', (-90., 21.8822872370739, 340.261014738675));
#20360 = CARTESIAN_POINT ('', (-90., 18.8702939072985, 340.197848408967));
#20370 = CARTESIAN_POINT ('', (-90., 15.8584944415961, 340.134686144899));
#20380 = CARTESIAN_POINT ('', (-90., 12.8471665367196, 340.086656817741));
#20390 = CARTESIAN_POINT ('', (-90., 9.83488470655435, 340.053737691628));
#20400 = CARTESIAN_POINT ('', (-90., 6.82279687407631, 340.020820685581));
#20410 = CARTESIAN_POINT ('', (-90., 3.81088278827932, 340.00302726675));
#20420 = CARTESIAN_POINT ('', (-90., 0.798616283595356, 340.000354326719));
#20430 = CARTESIAN_POINT ('', (-90., 0.533929315229173, 340.000119456268));
#20440 = CARTESIAN_POINT ('', (-90., 0.269242448053546, 340.00000135125));
#20450 = CARTESIAN_POINT ('', (-90., 0.00455537548441834, 340.000000011529));
#20460 = CARTESIAN_POINT ('', (-90., -4.52522850337768, 339.999977083899));
#20470 = CARTESIAN_POINT ('', (-90., -9.05552344512722, 340.034158183143));
#20480 = CARTESIAN_POINT ('', (-90., -13.5847912724268, 340.102531703703));
#20490 = CARTESIAN_POINT ('', (-90., -18.1134077279233, 340.170895391199));
#20500 = CARTESIAN_POINT ('', (-90., -22.6435476514675, 340.273495560817));
#20510 = CARTESIAN_POINT ('', (-90., -27.1706156648687, 340.41022813485));
#20520 = CARTESIAN_POINT ('', (-90., -31.6970238037662, 340.546940778469));
#20530 = CARTESIAN_POINT ('', (-90., -36.2259670356981, 340.717960607844));
#20540 = CARTESIAN_POINT ('', (-90., -40.7497950996532, 340.922998737407));
#20550 = CARTESIAN_POINT ('', (-90., -45.2729642248613, 341.128007001209));
#20560 = CARTESIAN_POINT ('', (-90., -49.7996790327514, 341.367431563067));
#20570 = CARTESIAN_POINT ('', (-90., -54.3192374405025, 341.64070637418));
#20580 = CARTESIAN_POINT ('', (-90., -58.8381377446317, 341.913941393099));
#20590 = CARTESIAN_POINT ('', (-90., -63.3615930294588, 342.221740268732));
#20600 = CARTESIAN_POINT ('', (-90., -67.8758531975923, 342.563167374606));
#20610 = CARTESIAN_POINT ('', (-90., -70.8841290436672, 342.790692346039));
#20620 = CARTESIAN_POINT ('', (-90., -73.8947999803975, 343.033634952215));
#20630 = CARTESIAN_POINT ('', (-90., -76.9006346967496, 343.291411670861));
#20640 = CARTESIAN_POINT ('', (-90., -79.9062750454519, 343.549171720774));
#20650 = CARTESIAN_POINT ('', (-90., -82.9146084684267, 343.822412678895));
#20660 = CARTESIAN_POINT ('', (-90., -85.9175036975089, 344.110395998263));
#20670 = CARTESIAN_POINT ('', (-90., -88.9202046582692, 344.398360686933));
#20680 = CARTESIAN_POINT ('', (-90., -91.9258963213192, 344.701877181548));
#20690 = CARTESIAN_POINT ('', (-90., -94.9255485027264, 345.020033608876));
#20700 = CARTESIAN_POINT ('', (-90., -96.6170390614184, 345.199440606911));
#20710 = CARTESIAN_POINT ('', (-90., -98.3095541734701, 345.383811411064));
#20720 = CARTESIAN_POINT ('', (-90., -100., 345.572809000084));
#20730 = B_SPLINE_CURVE_WITH_KNOTS ('', 3, (#20090, #20100, #20110, #20120, #20130, #20140, #20150, #20160, #20170, #20180, #20190, #20200, #20210, #20220, #20230, #20240, #20250, #20260, #20270, #20280, #20290, #20300, #20310, #20320, #20330, #20340, #20350, #20360, #20370, #20380, #20390, #20400, #20410, #20420, #20430, #20440, #20450, #20460, #20470, #20480, #20490, #20500, #20510, #20520, #20530, #20540, #20550, #20560, #20570, #20580, #20590, #20600, #20610, #20620, #20630, #20640, #20650, #20660, #20670, #20680, #20690, #20700, #20710, #20720), .UNSPECIFIED., .F., .U., (4, 3, 3, 3, 3, 3, 3, 3, 3, 3, 3, 3, 3, 3, 3, 3, 3, 3, 3, 3, 3, 4), (0., 9.04262117375362, 18.0846595821723, 27.1261156997794, 36.1669899019755, 45.2072824655657, 54.2469935692146, 63.2861232938291, 72.3246716228696, 81.3626384425909, 90.4000235422128, 99.4368266140211, 100.230887831739, 113.820239468499, 127.407636767204, 140.993053539656, 154.576491466454, 168.157951476629, 177.208554805045, 186.258572890204, 195.308005496453, 200.410940399995), .UNSPECIFIED.);
#20740 = EDGE_CURVE ('', #18560, #19780, #20730, .T.);
#20750 = ORIENTED_EDGE ('', *, *, #20740, .T.);
#20760 = ORIENTED_EDGE ('', *, *, #19820, .T.);
#20770 = EDGE_LOOP ('', (#20070, #20080, #20750, #20760));
#20780 = FACE_OUTER_BOUND ('', #20770, .T.);
#20790 = CARTESIAN_POINT ('', (-90., -100., 339.999977083899));
#20800 = CARTESIAN_POINT ('', (-90., 100., 339.999977083899));
#20810 = CARTESIAN_POINT ('', (-90., -100., 380.));
#20820 = CARTESIAN_POINT ('', (-90., 100., 380.));
#20830 = B_SPLINE_SURFACE_WITH_KNOTS ('', 1, 1, ((#20790, #20800), (#20810, #20820)), .UNSPECIFIED., .F., .F., .U., (2, 2), (2, 2), (0.488643371835991, 0.511356615151543), (0., 1.), .UNSPECIFIED.);
#20840 = ADVANCED_FACE ('', (#20780), #20830, .T.);
#20850 = ORIENTED_EDGE ('', *, *, #19890, .T.);
#20860 = ORIENTED_EDGE ('', *, *, #19590, .T.);
#20870 = ORIENTED_EDGE ('', *, *, #18620, .T.);
#20880 = ORIENTED_EDGE ('', *, *, #20740, .T.);
#20890 = EDGE_LOOP ('', (#20850, #20860, #20870, #20880));
#20900 = FACE_OUTER_BOUND ('', #20890, .F.);
#20910 = CARTESIAN_POINT ('', (-90., -99.9999999999997, 345.572809000084));
#20920 = CARTESIAN_POINT ('', (-90., -50.155281000757, 340.));
#20930 = CARTESIAN_POINT ('', (-90., -5.51091059616309E-14, 340.));
#20940 = CARTESIAN_POINT ('', (-90., 50.1552810007571, 340.));
#20950 = CARTESIAN_POINT ('', (-90., 100., 345.572809000084));
#20960 = CARTESIAN_POINT ('', (90., -99.9999999999997, 345.572809000084));
#20970 = CARTESIAN_POINT ('', (90., -50.155281000757, 340.));
#20980 = CARTESIAN_POINT ('', (90., -5.51091059616309E-14, 340.));
#20990 = CARTESIAN_POINT ('', (90., 50.1552810007571, 340.));
#21000 = CARTESIAN_POINT ('', (90., 100., 345.572809000084));
#21010 = (
   BOUNDED_SURFACE ()
   B_SPLINE_SURFACE (1, 2, ((#20910, #20920, #20930, #20940, #20950), (#20960, #20970, #20980, #20990, #21000)), .UNSPECIFIED., .F., .F., .U.)
   B_SPLINE_SURFACE_WITH_KNOTS ((2, 2), (3, 2, 3), (0.00150672036483559, 0.998493279635164), (0.461483381499488, 0.5, 0.538516618500512), .UNSPECIFIED.)
   SURFACE ()
   GEOMETRIC_REPRESENTATION_ITEM ()
   RATIONAL_B_SPLINE_SURFACE (((0.958351101300911, 0.977437487259151, 1., 0.977437487259151, 0.95835110130091), (0.958351101300911, 0.977437487259151, 1., 0.977437487259151, 0.95835110130091)))
   REPRESENTATION_ITEM ('')
);
#21020 = ADVANCED_FACE ('', (#20900), #21010, .F.);
#21030 = ORIENTED_EDGE ('', *, *, #19750, .F.);
#21040 = ORIENTED_EDGE ('', *, *, #20060, .F.);
#21050 = ORIENTED_EDGE ('', *, *, #18460, .T.);
#21060 = ORIENTED_EDGE ('', *, *, #18850, .T.);
#21070 = EDGE_LOOP ('', (#21030, #21040, #21050, #21060));
#21080 = FACE_OUTER_BOUND ('', #21070, .F.);
#21090 = CARTESIAN_POINT ('', (-90., 100., 374.427190999916));
#21100 = CARTESIAN_POINT ('', (-90., 50.1552810007571, 380.));
#21110 = CARTESIAN_POINT ('', (-90., 5.51091059616309E-14, 380.));
#21120 = CARTESIAN_POINT ('', (-90., -50.1552810007572, 380.));
#21130 = CARTESIAN_POINT ('', (-90., -100., 374.427190999916));
#21140 = CARTESIAN_POINT ('', (90., 100., 374.427190999916));
#21150 = CARTESIAN_POINT ('', (90., 50.1552810007571, 380.));
#21160 = CARTESIAN_POINT ('', (90., 5.51091059616309E-14, 380.));
#21170 = CARTESIAN_POINT ('', (90., -50.1552810007572, 380.));
#21180 = CARTESIAN_POINT ('', (90., -100., 374.427190999916));
#21190 = (
   BOUNDED_SURFACE ()
   B_SPLINE_SURFACE (1, 2, ((#21090, #21100, #21110, #21120, #21130), (#21140, #21150, #21160, #21170, #21180)), .UNSPECIFIED., .F., .F., .U.)
   B_SPLINE_SURFACE_WITH_KNOTS ((2, 2), (3, 2, 3), (0.00150672036483559, 0.998493279635164), (0.461483381499488, 0.5, 0.538516618500512), .UNSPECIFIED.)
   SURFACE ()
   GEOMETRIC_REPRESENTATION_ITEM ()
   RATIONAL_B_SPLINE_SURFACE (((0.95835110130091, 0.977437487259151, 1., 0.977437487259151, 0.95835110130091), (0.95835110130091, 0.977437487259151, 1., 0.977437487259151, 0.95835110130091)))
   REPRESENTATION_ITEM ('')
);
#21200 = ADVANCED_FACE ('', (#21080), #21190, .F.);
#21210 = CLOSED_SHELL ('', (#18760, #19690, #19990, #20840, #21020, #21200));
#21220 = MANIFOLD_SOLID_BREP ('', #21210);
#21230 = (
   LENGTH_UNIT ()
   NAMED_UNIT (*)
   SI_UNIT (.MILLI., .METRE.)
);
#21240 = (
   NAMED_UNIT (*)
   SI_UNIT ($, .STERADIAN.)
   SOLID_ANGLE_UNIT ()
);
#21250 = (
   NAMED_UNIT (*)
   SI_UNIT ($, .RADIAN.)
   PLANE_ANGLE_UNIT ()
);
#21260 = UNCERTAINTY_MEASURE_WITH_UNIT (LENGTH_MEASURE(1.E-5), #21230, 'DISTANCE_ACCURACY_VALUE', '');
#21270 = (
   GEOMETRIC_REPRESENTATION_CONTEXT (3)
   GLOBAL_UNCERTAINTY_ASSIGNED_CONTEXT ((#21260))
   GLOBAL_UNIT_ASSIGNED_CONTEXT ((#21230, #21240, #21250))
   REPRESENTATION_CONTEXT ('', '3D')
);
#21280 = ADVANCED_BREP_SHAPE_REPRESENTATION ('', (#21220), #21270);
#21290 = APPLICATION_CONTEXT ('configuration controlled 3D designs of mechanical parts and assemblies');
#21300 = APPLICATION_PROTOCOL_DEFINITION ('International Standard', 'config_control_design', 1997, #21290);
#21310 = MECHANICAL_CONTEXT ('', #21290, 'mechanical');
#21320 = PRODUCT ('product-name', '', '', (#21310));
#21330 = PERSON_AND_ORGANIZATION_ROLE ('design_owner');
#21340 = PERSON ('', '', $, $, $, $);
#21350 = ORGANIZATION ($, '', '');
#21360 = PERSON_AND_ORGANIZATION (#21340, #21350);
#21370 = CC_DESIGN_PERSON_AND_ORGANIZATION_ASSIGNMENT (#21360, #21330, (#21320));
#21380 = PRODUCT_RELATED_PRODUCT_CATEGORY ('detail', $, (#21320));
#21390 = PRODUCT_DEFINITION_FORMATION_WITH_SPECIFIED_SOURCE ('', '', #21320, .NOT_KNOWN.);
#21400 = APPROVAL_STATUS ('approved');
#21410 = APPROVAL (#21400, '');
#21420 = CALENDAR_DATE (2019, 27, 9);
#21430 = COORDINATED_UNIVERSAL_TIME_OFFSET (0, $, .AHEAD.);
#21440 = LOCAL_TIME (11, 24, 14., #21430);
#21450 = DATE_AND_TIME (#21420, #21440);
#21460 = APPROVAL_DATE_TIME (#21450, #21410);
#21470 = APPROVAL_ROLE ('');
#21480 = PERSON ('', '', $, $, $, $);
#21490 = ORGANIZATION ($, '', '');
#21500 = PERSON_AND_ORGANIZATION (#21480, #21490);
#21510 = APPROVAL_PERSON_ORGANIZATION (#21500, #21410, #21470);
#21520 = CC_DESIGN_APPROVAL (#21410, (#21390));
#21530 = PERSON_AND_ORGANIZATION_ROLE ('creator');
#21540 = PERSON ('', '', $, $, $, $);
#21550 = ORGANIZATION ($, '', '');
#21560 = PERSON_AND_ORGANIZATION (#21540, #21550);
#21570 = CC_DESIGN_PERSON_AND_ORGANIZATION_ASSIGNMENT (#21560, #21530, (#21390));
#21580 = PERSON_AND_ORGANIZATION_ROLE ('part_supplier');
#21590 = PERSON ('', '', $, $, $, $);
#21600 = ORGANIZATION ($, '', '');
#21610 = PERSON_AND_ORGANIZATION (#21590, #21600);
#21620 = CC_DESIGN_PERSON_AND_ORGANIZATION_ASSIGNMENT (#21610, #21580, (#21390));
#21630 = SECURITY_CLASSIFICATION_LEVEL ('unclassified');
#21640 = SECURITY_CLASSIFICATION ('', '', #21630);
#21650 = APPROVAL_STATUS ('approved');
#21660 = APPROVAL (#21650, '');
#21670 = CALENDAR_DATE (2019, 27, 9);
#21680 = COORDINATED_UNIVERSAL_TIME_OFFSET (0, $, .AHEAD.);
#21690 = LOCAL_TIME (11, 24, 14., #21680);
#21700 = DATE_AND_TIME (#21670, #21690);
#21710 = APPROVAL_DATE_TIME (#21700, #21660);
#21720 = APPROVAL_ROLE ('');
#21730 = PERSON ('', '', $, $, $, $);
#21740 = ORGANIZATION ($, '', '');
#21750 = PERSON_AND_ORGANIZATION (#21730, #21740);
#21760 = APPROVAL_PERSON_ORGANIZATION (#21750, #21660, #21720);
#21770 = CC_DESIGN_APPROVAL (#21660, (#21640));
#21780 = DATE_TIME_ROLE ('classification_date');
#21790 = CALENDAR_DATE (2019, 27, 9);
#21800 = COORDINATED_UNIVERSAL_TIME_OFFSET (0, $, .AHEAD.);
#21810 = LOCAL_TIME (11, 24, 14., #21800);
#21820 = DATE_AND_TIME (#21790, #21810);
#21830 = CC_DESIGN_DATE_AND_TIME_ASSIGNMENT (#21820, #21780, (#21640));
#21840 = PERSON_AND_ORGANIZATION_ROLE ('classification_officer');
#21850 = PERSON ('', '', $, $, $, $);
#21860 = ORGANIZATION ($, '', '');
#21870 = PERSON_AND_ORGANIZATION (#21850, #21860);
#21880 = CC_DESIGN_PERSON_AND_ORGANIZATION_ASSIGNMENT (#21870, #21840, (#21640));
#21890 = CC_DESIGN_SECURITY_CLASSIFICATION (#21640, (#21390));
#21900 = DESIGN_CONTEXT ('', #21290, 'design');
#21910 = PRODUCT_DEFINITION ('', '', #21390, #21900);
#21920 = APPROVAL_STATUS ('approved');
#21930 = APPROVAL (#21920, '');
#21940 = CALENDAR_DATE (2019, 27, 9);
#21950 = COORDINATED_UNIVERSAL_TIME_OFFSET (0, $, .AHEAD.);
#21960 = LOCAL_TIME (11, 24, 14., #21950);
#21970 = DATE_AND_TIME (#21940, #21960);
#21980 = APPROVAL_DATE_TIME (#21970, #21930);
#21990 = APPROVAL_ROLE ('');
#22000 = PERSON ('', '', $, $, $, $);
#22010 = ORGANIZATION ($, '', '');
#22020 = PERSON_AND_ORGANIZATION (#22000, #22010);
#22030 = APPROVAL_PERSON_ORGANIZATION (#22020, #21930, #21990);
#22040 = CC_DESIGN_APPROVAL (#21930, (#21910));
#22050 = DATE_TIME_ROLE ('creation_date');
#22060 = CALENDAR_DATE (2019, 27, 9);
#22070 = COORDINATED_UNIVERSAL_TIME_OFFSET (0, $, .AHEAD.);
#22080 = LOCAL_TIME (11, 24, 14., #22070);
#22090 = DATE_AND_TIME (#22060, #22080);
#22100 = CC_DESIGN_DATE_AND_TIME_ASSIGNMENT (#22090, #22050, (#21910));
#22110 = PERSON_AND_ORGANIZATION_ROLE ('creator');
#22120 = PERSON ('', '', $, $, $, $);
#22130 = ORGANIZATION ($, '', '');
#22140 = PERSON_AND_ORGANIZATION (#22120, #22130);
#22150 = CC_DESIGN_PERSON_AND_ORGANIZATION_ASSIGNMENT (#22140, #22110, (#21910));
#22160 = PRODUCT_DEFINITION_SHAPE ('', '', #21910);
#22170 = SHAPE_DEFINITION_REPRESENTATION (#22160, #21280);
#22180 = CARTESIAN_POINT ('', (-100., -100.136415654297, 711.738471461741));
#22190 = VERTEX_POINT ('', #22180);
#22200 = CARTESIAN_POINT ('', (100., -100.136415654297, 711.738471461741));
#22210 = VERTEX_POINT ('', #22200);
#22220 = CARTESIAN_POINT ('', (-99.9999999999999, -100.136415654297, 711.738471461741));
#22230 = CARTESIAN_POINT ('', (-94.0249031520263, -99.8110489122474, 712.016360911818));
#22240 = CARTESIAN_POINT ('', (-88.0546436449898, -99.5152074393845, 712.269033399749));
#22250 = CARTESIAN_POINT ('', (-82.074548545835, -99.2481641547291, 712.497109911356));
#22260 = CARTESIAN_POINT ('', (-76.095077627723, -98.9811487431014, 712.725162617148));
#22270 = CARTESIAN_POINT ('', (-70.1194894282754, -98.7435474835598, 712.928093263765));
#22280 = CARTESIAN_POINT ('', (-64.1360052986916, -98.5348920336255, 713.10630185347));
#22290 = CARTESIAN_POINT ('', (-58.1531456956392, -98.3262583621168, 713.284491842643));
#22300 = CARTESIAN_POINT ('', (-52.1732136917136, -98.1469512887824, 713.437634550745));
#22310 = CARTESIAN_POINT ('', (-46.1873263029837, -97.9967044591134, 713.565957466017));
#22320 = CARTESIAN_POINT ('', (-40.2020638502993, -97.8464733154495, 713.694266984176));
#22330 = CARTESIAN_POINT ('', (-34.2187735672236, -97.7255047356492, 713.797583911731));
#22340 = CARTESIAN_POINT ('', (-28.2314689780068, -97.6336776867298, 713.876011620616));
#22350 = CARTESIAN_POINT ('', (-22.2447897981072, -97.5418602296879, 713.954431137264));
#22360 = CARTESIAN_POINT ('', (-16.2591272355304, -97.4792647872679, 714.007892695633));
#22370 = CARTESIAN_POINT ('', (-10.2713916287602, -97.4458590491404, 714.036423891352));
#22380 = CARTESIAN_POINT ('', (-7.60853795490535, -97.4310029168155, 714.049112227031));
#22390 = CARTESIAN_POINT ('', (-4.94574966731839, -97.421924294013, 714.056866103417));
#22400 = CARTESIAN_POINT ('', (-2.28282786360608, -97.4186225025866, 714.059686099702));
#22410 = CARTESIAN_POINT ('', (-1.49350243838691, -97.4176438077117, 714.060521984091));
#22420 = CARTESIAN_POINT ('', (-0.704178011791714, -97.4171727136241, 714.060924336453));
#22430 = CARTESIAN_POINT ('', (0.085148461309949, -97.4172092185065, 714.060893158338));
#22440 = CARTESIAN_POINT ('', (9.09522364564931, -97.4176259177383, 714.060537263572));
#22450 = CARTESIAN_POINT ('', (18.1069629379087, -97.4842013000752, 714.003676515391));
#22460 = CARTESIAN_POINT ('', (27.1153480348363, -97.6168982921566, 713.890342577435));
#22470 = CARTESIAN_POINT ('', (36.1215963619128, -97.7495638087928, 713.777035522049));
#22480 = CARTESIAN_POINT ('', (45.1327629599609, -97.9484897270072, 713.607136737464));
#22490 = CARTESIAN_POINT ('', (54.1339643801107, -98.2133474873732, 713.38092683994));
#22500 = CARTESIAN_POINT ('', (60.1304390582117, -98.3897920284073, 713.230228965388));
#22510 = CARTESIAN_POINT ('', (66.1302954200839, -98.5957296281014, 713.054341639078));
#22520 = CARTESIAN_POINT ('', (72.1232894748603, -98.830808674223, 712.853565166228));
#22530 = CARTESIAN_POINT ('', (78.1156539222278, -99.0658630235891, 712.652809786401));
#22540 = CARTESIAN_POINT ('', (84.1123604873354, -99.3305016894718, 712.426787013244));
#22550 = CARTESIAN_POINT ('', (90.1002533796572, -99.6241440980485, 712.175992703645));
#22560 = CARTESIAN_POINT ('', (93.4001847712572, -99.7859706068709, 712.037779808064));
#22570 = CARTESIAN_POINT ('', (96.7016598380565, -99.9568084914395, 711.891870470509));
#22580 = CARTESIAN_POINT ('', (100., -100.136415654297, 711.738471461741));
#22590 = B_SPLINE_CURVE_WITH_KNOTS ('', 3, (#22220, #22230, #22240, #22250, #22260, #22270, #22280, #22290, #22300, #22310, #22320, #22330, #22340, #22350, #22360, #22370, #22380, #22390, #22400, #22410, #22420, #22430, #22440, #22450, #22460, #22470, #22480, #22490, #22500, #22510, #22520, #22530, #22540, #22550, #22560, #22570, #22580), .UNSPECIFIED., .F., .U., (4, 3, 3, 3, 3, 3, 3, 3, 3, 3, 3, 3, 4), (0., 17.9711940519723, 35.9405123346708, 53.9079550686462, 71.8735219733785, 89.8372122685676, 97.8259883001027, 100.193967723787, 127.224193326799, 154.248007417591, 172.250894958623, 190.251891165995, 200.172251054355), .UNSPECIFIED.);
#22600 = EDGE_CURVE ('', #22190, #22210, #22590, .T.);
#22610 = ORIENTED_EDGE ('', *, *, #22600, .T.);
#22620 = CARTESIAN_POINT ('', (100., 94.6979988447583, 483.616681781732));
#22630 = VERTEX_POINT ('', #22620);
#22640 = CARTESIAN_POINT ('', (100., -100.136415654297, 711.738471461741));
#22650 = CARTESIAN_POINT ('', (100., -35.1916108212784, 635.697874901738));
#22660 = CARTESIAN_POINT ('', (100., 29.7531940117399, 559.657278341735));
#22670 = CARTESIAN_POINT ('', (100., 94.6979988447583, 483.616681781732));
#22680 = B_SPLINE_CURVE_WITH_KNOTS ('', 3, (#22640, #22650, #22660, #22670), .UNSPECIFIED., .F., .U., (4, 4), (0., 300.), .UNSPECIFIED.);
#22690 = EDGE_CURVE ('', #22210, #22630, #22680, .T.);
#22700 = ORIENTED_EDGE ('', *, *, #22690, .T.);
#22710 = CARTESIAN_POINT ('', (-100., 94.6979988447583, 483.616681781732));
#22720 = VERTEX_POINT ('', #22710);
#22730 = CARTESIAN_POINT ('', (100., 94.6979988447583, 483.616681781732));
#22740 = CARTESIAN_POINT ('', (94.0249031520263, 95.0233655868077, 483.894571231809));
#22750 = CARTESIAN_POINT ('', (88.0546436449896, 95.3192070596706, 484.14724371974));
#22760 = CARTESIAN_POINT ('', (82.0745485458349, 95.586250344326, 484.375320231347));
#22770 = CARTESIAN_POINT ('', (76.0950776277228, 95.8532657559537, 484.603372937139));
#22780 = CARTESIAN_POINT ('', (70.1194894282753, 96.0908670154953, 484.806303583755));
#22790 = CARTESIAN_POINT ('', (64.1360052986914, 96.2995224654297, 484.984512173461));
#22800 = CARTESIAN_POINT ('', (58.153145695639, 96.5081561369383, 485.162702162634));
#22810 = CARTESIAN_POINT ('', (52.1732136917133, 96.6874632102727, 485.315844870736));
#22820 = CARTESIAN_POINT ('', (46.1873263029834, 96.8377100399417, 485.444167786008));
#22830 = CARTESIAN_POINT ('', (40.202063850299, 96.9879411836056, 485.572477304167));
#22840 = CARTESIAN_POINT ('', (34.2187735672232, 97.1089097634059, 485.675794231722));
#22850 = CARTESIAN_POINT ('', (28.2314689780064, 97.2007368123253, 485.754221940607));
#22860 = CARTESIAN_POINT ('', (22.2447897981068, 97.2925542693672, 485.832641457255));
#22870 = CARTESIAN_POINT ('', (16.2591272355301, 97.3551497117872, 485.886103015624));
#22880 = CARTESIAN_POINT ('', (10.2713916287599, 97.3885554499147, 485.914634211342));
#22890 = CARTESIAN_POINT ('', (7.60853795490504, 97.4034115822396, 485.927322547022));
#22900 = CARTESIAN_POINT ('', (4.94574966731798, 97.4124902050421, 485.935076423408));
#22910 = CARTESIAN_POINT ('', (2.28282786360564, 97.4157919964685, 485.937896419693));
#22920 = CARTESIAN_POINT ('', (1.4935024383865, 97.4167706913434, 485.938732304082));
#22930 = CARTESIAN_POINT ('', (0.704178011791389, 97.417241785431, 485.939134656443));
#22940 = CARTESIAN_POINT ('', (-0.0851484613102465, 97.4172052805486, 485.939103478328));
#22950 = CARTESIAN_POINT ('', (-9.0952236456496, 97.4167885813168, 485.938747583563));
#22960 = CARTESIAN_POINT ('', (-18.1069629379089, 97.3502131989799, 485.881886835382));
#22970 = CARTESIAN_POINT ('', (-27.1153480348365, 97.2175162068985, 485.768552897426));
#22980 = CARTESIAN_POINT ('', (-36.1215963619129, 97.0848506902623, 485.65524584204));
#22990 = CARTESIAN_POINT ('', (-45.1327629599611, 96.8859247720479, 485.485347057455));
#23000 = CARTESIAN_POINT ('', (-54.1339643801109, 96.6210670116819, 485.259137159931));
#23010 = CARTESIAN_POINT ('', (-60.1304390582119, 96.4446224706478, 485.108439285378));
#23020 = CARTESIAN_POINT ('', (-66.130295420084, 96.2386848709536, 484.932551959069));
#23030 = CARTESIAN_POINT ('', (-72.1232894748605, 96.003605824832, 484.731775486219));
#23040 = CARTESIAN_POINT ('', (-78.115653922228, 95.768551475466, 484.531020106392));
#23050 = CARTESIAN_POINT ('', (-84.1123604873357, 95.5039128095833, 484.304997333234));
#23060 = CARTESIAN_POINT ('', (-90.1002533796575, 95.2102704010066, 484.054203023636));
#23070 = CARTESIAN_POINT ('', (-93.4001847712574, 95.0484438921842, 483.915990128055));
#23080 = CARTESIAN_POINT ('', (-96.7016598380565, 94.8776060076156, 483.770080790499));
#23090 = CARTESIAN_POINT ('', (-99.9999999999999, 94.6979988447583, 483.616681781732));
#23100 = B_SPLINE_CURVE_WITH_KNOTS ('', 3, (#22730, #22740, #22750, #22760, #22770, #22780, #22790, #22800, #22810, #22820, #22830, #22840, #22850, #22860, #22870, #22880, #22890, #22900, #22910, #22920, #22930, #22940, #22950, #22960, #22970, #22980, #22990, #23000, #23010, #23020, #23030, #23040, #23050, #23060, #23070, #23080, #23090), .UNSPECIFIED., .F., .U., (4, 3, 3, 3, 3, 3, 3, 3, 3, 3, 3, 3, 4), (0., 17.9711940519724, 35.940512334671, 53.9079550686465, 71.8735219733788, 89.8372122685679, 97.825988300103, 100.193967723788, 127.2241933268, 154.248007417591, 172.250894958623, 190.251891165995, 200.172251054355), .UNSPECIFIED.);
#23110 = EDGE_CURVE ('', #22630, #22720, #23100, .T.);
#23120 = ORIENTED_EDGE ('', *, *, #23110, .T.);
#23130 = CARTESIAN_POINT ('', (-99.9999999999999, 94.6979988447583, 483.616681781732));
#23140 = CARTESIAN_POINT ('', (-99.9999999999999, 29.75319401174, 559.657278341735));
#23150 = CARTESIAN_POINT ('', (-99.9999999999999, -35.1916108212784, 635.697874901738));
#23160 = CARTESIAN_POINT ('', (-99.9999999999999, -100.136415654297, 711.738471461741));
#23170 = B_SPLINE_CURVE_WITH_KNOTS ('', 3, (#23130, #23140, #23150, #23160), .UNSPECIFIED., .F., .U., (4, 4), (0., 300.), .UNSPECIFIED.);
#23180 = EDGE_CURVE ('', #22720, #22190, #23170, .T.);
#23190 = ORIENTED_EDGE ('', *, *, #23180, .T.);
#23200 = EDGE_LOOP ('', (#22610, #22700, #23120, #23190));
#23210 = FACE_OUTER_BOUND ('', #23200, .T.);
#23220 = CARTESIAN_POINT ('', (100., -100.136415654297, 711.738471461741));
#23230 = CARTESIAN_POINT ('', (50.0639387234824, -97.4172072495275, 714.060894840005));
#23240 = CARTESIAN_POINT ('', (8.57252759403147E-14, -97.4172072495275, 714.060894840005));
#23250 = CARTESIAN_POINT ('', (-50.0639387234823, -97.4172072495275, 714.060894840005));
#23260 = CARTESIAN_POINT ('', (-99.9999999999999, -100.136415654297, 711.738471461741));
#23270 = CARTESIAN_POINT ('', (100., 94.6979988447583, 483.616681781732));
#23280 = CARTESIAN_POINT ('', (50.0639387234824, 97.4172072495277, 485.939105159995));
#23290 = CARTESIAN_POINT ('', (8.57252759403147E-14, 97.4172072495277, 485.939105159995));
#23300 = CARTESIAN_POINT ('', (-50.0639387234823, 97.4172072495277, 485.939105159995));
#23310 = CARTESIAN_POINT ('', (-99.9999999999999, 94.6979988447584, 483.616681781732));
#23320 = (
   BOUNDED_SURFACE ()
   B_SPLINE_SURFACE (1, 2, ((#23220, #23230, #23240, #23250, #23260), (#23270, #23280, #23290, #23300, #23310)), .UNSPECIFIED., .F., .F., .U.)
   B_SPLINE_SURFACE_WITH_KNOTS ((2, 2), (3, 2, 3), (0.00119902729040538, 0.998800972709595), (0.475082969953179, 0.5, 0.524917030046821), .UNSPECIFIED.)
   SURFACE ()
   GEOMETRIC_REPRESENTATION_ITEM ()
   RATIONAL_B_SPLINE_SURFACE (((0.972262645154913, 0.98540394173263, 1., 0.98540394173263, 0.972262645154913), (0.972262645154913, 0.98540394173263, 1., 0.98540394173263, 0.972262645154913)))
   REPRESENTATION_ITEM ('')
);
#23330 = ADVANCED_FACE ('', (#23210), #23320, .T.);
#23340 = OPEN_SHELL ('', (#23330));
#23350 = SHELL_BASED_SURFACE_MODEL ('', (#23340));
#23360 = (
   LENGTH_UNIT ()
   NAMED_UNIT (*)
   SI_UNIT (.MILLI., .METRE.)
);
#23370 = (
   NAMED_UNIT (*)
   SI_UNIT ($, .STERADIAN.)
   SOLID_ANGLE_UNIT ()
);
#23380 = (
   NAMED_UNIT (*)
   SI_UNIT ($, .RADIAN.)
   PLANE_ANGLE_UNIT ()
);
#23390 = UNCERTAINTY_MEASURE_WITH_UNIT (LENGTH_MEASURE(1.E-5), #23360, 'DISTANCE_ACCURACY_VALUE', '');
#23400 = (
   GEOMETRIC_REPRESENTATION_CONTEXT (3)
   GLOBAL_UNCERTAINTY_ASSIGNED_CONTEXT ((#23390))
   GLOBAL_UNIT_ASSIGNED_CONTEXT ((#23360, #23370, #23380))
   REPRESENTATION_CONTEXT ('', '3D')
);
#23410 = MANIFOLD_SURFACE_SHAPE_REPRESENTATION ('', (#23350), #23400);
#23420 = APPLICATION_CONTEXT ('configuration controlled 3D designs of mechanical parts and assemblies');
#23430 = APPLICATION_PROTOCOL_DEFINITION ('International Standard', 'config_control_design', 1997, #23420);
#23440 = MECHANICAL_CONTEXT ('', #23420, 'mechanical');
#23450 = PRODUCT ('product-name', '', '', (#23440));
#23460 = PERSON_AND_ORGANIZATION_ROLE ('design_owner');
#23470 = PERSON ('', '', $, $, $, $);
#23480 = ORGANIZATION ($, '', '');
#23490 = PERSON_AND_ORGANIZATION (#23470, #23480);
#23500 = CC_DESIGN_PERSON_AND_ORGANIZATION_ASSIGNMENT (#23490, #23460, (#23450));
#23510 = PRODUCT_RELATED_PRODUCT_CATEGORY ('detail', $, (#23450));
#23520 = PRODUCT_DEFINITION_FORMATION_WITH_SPECIFIED_SOURCE ('', '', #23450, .NOT_KNOWN.);
#23530 = APPROVAL_STATUS ('approved');
#23540 = APPROVAL (#23530, '');
#23550 = CALENDAR_DATE (2019, 27, 9);
#23560 = COORDINATED_UNIVERSAL_TIME_OFFSET (0, $, .AHEAD.);
#23570 = LOCAL_TIME (11, 24, 14., #23560);
#23580 = DATE_AND_TIME (#23550, #23570);
#23590 = APPROVAL_DATE_TIME (#23580, #23540);
#23600 = APPROVAL_ROLE ('');
#23610 = PERSON ('', '', $, $, $, $);
#23620 = ORGANIZATION ($, '', '');
#23630 = PERSON_AND_ORGANIZATION (#23610, #23620);
#23640 = APPROVAL_PERSON_ORGANIZATION (#23630, #23540, #23600);
#23650 = CC_DESIGN_APPROVAL (#23540, (#23520));
#23660 = PERSON_AND_ORGANIZATION_ROLE ('creator');
#23670 = PERSON ('', '', $, $, $, $);
#23680 = ORGANIZATION ($, '', '');
#23690 = PERSON_AND_ORGANIZATION (#23670, #23680);
#23700 = CC_DESIGN_PERSON_AND_ORGANIZATION_ASSIGNMENT (#23690, #23660, (#23520));
#23710 = PERSON_AND_ORGANIZATION_ROLE ('part_supplier');
#23720 = PERSON ('', '', $, $, $, $);
#23730 = ORGANIZATION ($, '', '');
#23740 = PERSON_AND_ORGANIZATION (#23720, #23730);
#23750 = CC_DESIGN_PERSON_AND_ORGANIZATION_ASSIGNMENT (#23740, #23710, (#23520));
#23760 = SECURITY_CLASSIFICATION_LEVEL ('unclassified');
#23770 = SECURITY_CLASSIFICATION ('', '', #23760);
#23780 = APPROVAL_STATUS ('approved');
#23790 = APPROVAL (#23780, '');
#23800 = CALENDAR_DATE (2019, 27, 9);
#23810 = COORDINATED_UNIVERSAL_TIME_OFFSET (0, $, .AHEAD.);
#23820 = LOCAL_TIME (11, 24, 14., #23810);
#23830 = DATE_AND_TIME (#23800, #23820);
#23840 = APPROVAL_DATE_TIME (#23830, #23790);
#23850 = APPROVAL_ROLE ('');
#23860 = PERSON ('', '', $, $, $, $);
#23870 = ORGANIZATION ($, '', '');
#23880 = PERSON_AND_ORGANIZATION (#23860, #23870);
#23890 = APPROVAL_PERSON_ORGANIZATION (#23880, #23790, #23850);
#23900 = CC_DESIGN_APPROVAL (#23790, (#23770));
#23910 = DATE_TIME_ROLE ('classification_date');
#23920 = CALENDAR_DATE (2019, 27, 9);
#23930 = COORDINATED_UNIVERSAL_TIME_OFFSET (0, $, .AHEAD.);
#23940 = LOCAL_TIME (11, 24, 14., #23930);
#23950 = DATE_AND_TIME (#23920, #23940);
#23960 = CC_DESIGN_DATE_AND_TIME_ASSIGNMENT (#23950, #23910, (#23770));
#23970 = PERSON_AND_ORGANIZATION_ROLE ('classification_officer');
#23980 = PERSON ('', '', $, $, $, $);
#23990 = ORGANIZATION ($, '', '');
#24000 = PERSON_AND_ORGANIZATION (#23980, #23990);
#24010 = CC_DESIGN_PERSON_AND_ORGANIZATION_ASSIGNMENT (#24000, #23970, (#23770));
#24020 = CC_DESIGN_SECURITY_CLASSIFICATION (#23770, (#23520));
#24030 = DESIGN_CONTEXT ('', #23420, 'design');
#24040 = PRODUCT_DEFINITION ('', '', #23520, #24030);
#24050 = APPROVAL_STATUS ('approved');
#24060 = APPROVAL (#24050, '');
#24070 = CALENDAR_DATE (2019, 27, 9);
#24080 = COORDINATED_UNIVERSAL_TIME_OFFSET (0, $, .AHEAD.);
#24090 = LOCAL_TIME (11, 24, 14., #24080);
#24100 = DATE_AND_TIME (#24070, #24090);
#24110 = APPROVAL_DATE_TIME (#24100, #24060);
#24120 = APPROVAL_ROLE ('');
#24130 = PERSON ('', '', $, $, $, $);
#24140 = ORGANIZATION ($, '', '');
#24150 = PERSON_AND_ORGANIZATION (#24130, #24140);
#24160 = APPROVAL_PERSON_ORGANIZATION (#24150, #24060, #24120);
#24170 = CC_DESIGN_APPROVAL (#24060, (#24040));
#24180 = DATE_TIME_ROLE ('creation_date');
#24190 = CALENDAR_DATE (2019, 27, 9);
#24200 = COORDINATED_UNIVERSAL_TIME_OFFSET (0, $, .AHEAD.);
#24210 = LOCAL_TIME (11, 24, 14., #24200);
#24220 = DATE_AND_TIME (#24190, #24210);
#24230 = CC_DESIGN_DATE_AND_TIME_ASSIGNMENT (#24220, #24180, (#24040));
#24240 = PERSON_AND_ORGANIZATION_ROLE ('creator');
#24250 = PERSON ('', '', $, $, $, $);
#24260 = ORGANIZATION ($, '', '');
#24270 = PERSON_AND_ORGANIZATION (#24250, #24260);
#24280 = CC_DESIGN_PERSON_AND_ORGANIZATION_ASSIGNMENT (#24270, #24240, (#24040));
#24290 = PRODUCT_DEFINITION_SHAPE ('', '', #24040);
#24300 = SHAPE_DEFINITION_REPRESENTATION (#24290, #23410);
#24310 = CARTESIAN_POINT ('', (-200., -530.633242181957, 881.322496754768));
#24320 = VERTEX_POINT ('', #24310);
#24330 = CARTESIAN_POINT ('', (200., -530.633242181957, 881.322496754768));
#24340 = VERTEX_POINT ('', #24330);
#24350 = CARTESIAN_POINT ('', (-200.000000000032, -530.633242181938, 881.322496754784));
#24360 = CARTESIAN_POINT ('', (-139.304889753496, -530.642472766905, 881.314613090448));
#24370 = CARTESIAN_POINT ('', (-78.6097807111267, -530.647501466431, 881.31031817531));
#24380 = CARTESIAN_POINT ('', (-17.9146692604284, -530.648328280815, 881.309612009114));
#24390 = CARTESIAN_POINT ('', (0.0693953953703961, -530.648573267322, 881.309402770871));
#24400 = CARTESIAN_POINT ('', (18.0534600600607, -530.648449350576, 881.30950860577));
#24410 = CARTESIAN_POINT ('', (36.0375247070674, -530.647956530576, 881.309929513813));
#24420 = CARTESIAN_POINT ('', (90.6916831380661, -530.646458834541, 881.31120866707));
#24430 = CARTESIAN_POINT ('', (145.345842626566, -530.641554051566, 881.315397747474));
#24440 = CARTESIAN_POINT ('', (199.999999999971, -530.633242181938, 881.322496754784));
#24450 = B_SPLINE_CURVE_WITH_KNOTS ('', 3, (#24350, #24360, #24370, #24380, #24390, #24400, #24410, #24420, #24430, #24440), .UNSPECIFIED., .F., .U., (4, 3, 3, 4), (0., 182.085334381314, 236.037528357368, 400.000003756833), .UNSPECIFIED.);
#24460 = EDGE_CURVE ('', #24320, #24340, #24450, .T.);
#24470 = ORIENTED_EDGE ('', *, *, #24460, .F.);
#24480 = CARTESIAN_POINT ('', (-200., -140.964413183847, 425.078917394749));
#24490 = VERTEX_POINT ('', #24480);
#24500 = CARTESIAN_POINT ('', (-200.000000000032, -140.964413183828, 425.078917394766));
#24510 = CARTESIAN_POINT ('', (-200.000000000032, -270.854022849864, 577.160110514772));
#24520 = CARTESIAN_POINT ('', (-200.000000000032, -400.743632515901, 729.241303634778));
#24530 = CARTESIAN_POINT ('', (-200.000000000032, -530.633242181938, 881.322496754784));
#24540 = B_SPLINE_CURVE_WITH_KNOTS ('', 3, (#24500, #24510, #24520, #24530), .UNSPECIFIED., .F., .U., (4, 4), (0., 600.), .UNSPECIFIED.);
#24550 = EDGE_CURVE ('', #24490, #24320, #24540, .T.);
#24560 = ORIENTED_EDGE ('', *, *, #24550, .F.);
#24570 = CARTESIAN_POINT ('', (200., -140.964413183847, 425.078917394749));
#24580 = VERTEX_POINT ('', #24570);
#24590 = CARTESIAN_POINT ('', (199.999999999971, -140.964413183828, 425.078917394766));
#24600 = CARTESIAN_POINT ('', (139.304889753389, -140.973643768795, 425.07103373043));
#24610 = CARTESIAN_POINT ('', (78.6097807109637, -140.978672468321, 425.066738815291));
#24620 = CARTESIAN_POINT ('', (17.9146692602188, -140.979499282705, 425.066032649096));
#24630 = CARTESIAN_POINT ('', (-0.0693953955771427, -140.979744269212, 425.065823410852));
#24640 = CARTESIAN_POINT ('', (-18.0534600601118, -140.979620352466, 425.065929245752));
#24650 = CARTESIAN_POINT ('', (-36.0375247071157, -140.979127532466, 425.066350153794));
#24660 = CARTESIAN_POINT ('', (-90.6916831380707, -140.977629836431, 425.067629307051));
#24670 = CARTESIAN_POINT ('', (-145.34584262667, -140.972725053456, 425.071818387456));
#24680 = CARTESIAN_POINT ('', (-200.000000000032, -140.964413183828, 425.078917394766));
#24690 = B_SPLINE_CURVE_WITH_KNOTS ('', 3, (#24590, #24600, #24610, #24620, #24630, #24640, #24650, #24660, #24670, #24680), .UNSPECIFIED., .F., .U., (4, 3, 3, 4), (0., 182.085334381454, 236.037528357499, 400.000003756833), .UNSPECIFIED.);
#24700 = EDGE_CURVE ('', #24580, #24490, #24690, .T.);
#24710 = ORIENTED_EDGE ('', *, *, #24700, .F.);
#24720 = CARTESIAN_POINT ('', (199.999999999971, -530.633242181938, 881.322496754784));
#24730 = CARTESIAN_POINT ('', (199.999999999971, -400.743632515901, 729.241303634778));
#24740 = CARTESIAN_POINT ('', (199.999999999971, -270.854022849864, 577.160110514772));
#24750 = CARTESIAN_POINT ('', (199.999999999971, -140.964413183828, 425.078917394766));
#24760 = B_SPLINE_CURVE_WITH_KNOTS ('', 3, (#24720, #24730, #24740, #24750), .UNSPECIFIED., .F., .U., (4, 4), (0., 600.), .UNSPECIFIED.);
#24770 = EDGE_CURVE ('', #24340, #24580, #24760, .T.);
#24780 = ORIENTED_EDGE ('', *, *, #24770, .F.);
#24790 = EDGE_LOOP ('', (#24470, #24560, #24710, #24780));
#24800 = FACE_OUTER_BOUND ('', #24790, .T.);
#24810 = CARTESIAN_POINT ('', (-200.000000000064, -530.633242181938, 881.322496754784));
#24820 = CARTESIAN_POINT ('', (-100.000001000063, -530.648450301402, 881.309507793688));
#24830 = CARTESIAN_POINT ('', (-6.12323399573677E-11, -530.648450301402, 881.309507793688));
#24840 = CARTESIAN_POINT ('', (100.00000099994, -530.648450301402, 881.309507793688));
#24850 = CARTESIAN_POINT ('', (199.999999999942, -530.633242181938, 881.322496754784));
#24860 = CARTESIAN_POINT ('', (-200.000000000064, -140.964413183828, 425.078917394766));
#24870 = CARTESIAN_POINT ('', (-100.000001000063, -140.979621303292, 425.065928433669));
#24880 = CARTESIAN_POINT ('', (-6.12323399573677E-11, -140.979621303292, 425.065928433669));
#24890 = CARTESIAN_POINT ('', (100.00000099994, -140.979621303292, 425.065928433669));
#24900 = CARTESIAN_POINT ('', (199.999999999942, -140.964413183828, 425.078917394766));
#24910 = (
   BOUNDED_SURFACE ()
   B_SPLINE_SURFACE (1, 2, ((#24810, #24820, #24830, #24840, #24850), (#24860, #24870, #24880, #24890, #24900)), .UNSPECIFIED., .F., .F., .U.)
   B_SPLINE_SURFACE_WITH_KNOTS ((2, 2), (3, 2, 3), (0.00119896846409906, 0.998801031535901), (0.499929292249985, 0.5, 0.500070707750015), .UNSPECIFIED.)
   SURFACE ()
   GEOMETRIC_REPRESENTATION_ITEM ()
   RATIONAL_B_SPLINE_SURFACE (((0.999917172432771, 0.999958580359006, 1., 0.999958580359006, 0.999917172432771), (0.999917172432771, 0.999958580359006, 1., 0.999958580359006, 0.999917172432771)))
   REPRESENTATION_ITEM ('')
);
#24920 = ADVANCED_FACE ('', (#24800), #24910, .T.);
#24930 = OPEN_SHELL ('', (#24920));
#24940 = SHELL_BASED_SURFACE_MODEL ('', (#24930));
#24950 = (
   LENGTH_UNIT ()
   NAMED_UNIT (*)
   SI_UNIT (.MILLI., .METRE.)
);
#24960 = (
   NAMED_UNIT (*)
   SI_UNIT ($, .STERADIAN.)
   SOLID_ANGLE_UNIT ()
);
#24970 = (
   NAMED_UNIT (*)
   SI_UNIT ($, .RADIAN.)
   PLANE_ANGLE_UNIT ()
);
#24980 = UNCERTAINTY_MEASURE_WITH_UNIT (LENGTH_MEASURE(1.E-5), #24950, 'DISTANCE_ACCURACY_VALUE', '');
#24990 = (
   GEOMETRIC_REPRESENTATION_CONTEXT (3)
   GLOBAL_UNCERTAINTY_ASSIGNED_CONTEXT ((#24980))
   GLOBAL_UNIT_ASSIGNED_CONTEXT ((#24950, #24960, #24970))
   REPRESENTATION_CONTEXT ('', '3D')
);
#25000 = MANIFOLD_SURFACE_SHAPE_REPRESENTATION ('', (#24940), #24990);
#25010 = APPLICATION_CONTEXT ('configuration controlled 3D designs of mechanical parts and assemblies');
#25020 = APPLICATION_PROTOCOL_DEFINITION ('International Standard', 'config_control_design', 1997, #25010);
#25030 = MECHANICAL_CONTEXT ('', #25010, 'mechanical');
#25040 = PRODUCT ('product-name', '', '', (#25030));
#25050 = PERSON_AND_ORGANIZATION_ROLE ('design_owner');
#25060 = PERSON ('', '', $, $, $, $);
#25070 = ORGANIZATION ($, '', '');
#25080 = PERSON_AND_ORGANIZATION (#25060, #25070);
#25090 = CC_DESIGN_PERSON_AND_ORGANIZATION_ASSIGNMENT (#25080, #25050, (#25040));
#25100 = PRODUCT_RELATED_PRODUCT_CATEGORY ('detail', $, (#25040));
#25110 = PRODUCT_DEFINITION_FORMATION_WITH_SPECIFIED_SOURCE ('', '', #25040, .NOT_KNOWN.);
#25120 = APPROVAL_STATUS ('approved');
#25130 = APPROVAL (#25120, '');
#25140 = CALENDAR_DATE (2019, 27, 9);
#25150 = COORDINATED_UNIVERSAL_TIME_OFFSET (0, $, .AHEAD.);
#25160 = LOCAL_TIME (11, 24, 14., #25150);
#25170 = DATE_AND_TIME (#25140, #25160);
#25180 = APPROVAL_DATE_TIME (#25170, #25130);
#25190 = APPROVAL_ROLE ('');
#25200 = PERSON ('', '', $, $, $, $);
#25210 = ORGANIZATION ($, '', '');
#25220 = PERSON_AND_ORGANIZATION (#25200, #25210);
#25230 = APPROVAL_PERSON_ORGANIZATION (#25220, #25130, #25190);
#25240 = CC_DESIGN_APPROVAL (#25130, (#25110));
#25250 = PERSON_AND_ORGANIZATION_ROLE ('creator');
#25260 = PERSON ('', '', $, $, $, $);
#25270 = ORGANIZATION ($, '', '');
#25280 = PERSON_AND_ORGANIZATION (#25260, #25270);
#25290 = CC_DESIGN_PERSON_AND_ORGANIZATION_ASSIGNMENT (#25280, #25250, (#25110));
#25300 = PERSON_AND_ORGANIZATION_ROLE ('part_supplier');
#25310 = PERSON ('', '', $, $, $, $);
#25320 = ORGANIZATION ($, '', '');
#25330 = PERSON_AND_ORGANIZATION (#25310, #25320);
#25340 = CC_DESIGN_PERSON_AND_ORGANIZATION_ASSIGNMENT (#25330, #25300, (#25110));
#25350 = SECURITY_CLASSIFICATION_LEVEL ('unclassified');
#25360 = SECURITY_CLASSIFICATION ('', '', #25350);
#25370 = APPROVAL_STATUS ('approved');
#25380 = APPROVAL (#25370, '');
#25390 = CALENDAR_DATE (2019, 27, 9);
#25400 = COORDINATED_UNIVERSAL_TIME_OFFSET (0, $, .AHEAD.);
#25410 = LOCAL_TIME (11, 24, 14., #25400);
#25420 = DATE_AND_TIME (#25390, #25410);
#25430 = APPROVAL_DATE_TIME (#25420, #25380);
#25440 = APPROVAL_ROLE ('');
#25450 = PERSON ('', '', $, $, $, $);
#25460 = ORGANIZATION ($, '', '');
#25470 = PERSON_AND_ORGANIZATION (#25450, #25460);
#25480 = APPROVAL_PERSON_ORGANIZATION (#25470, #25380, #25440);
#25490 = CC_DESIGN_APPROVAL (#25380, (#25360));
#25500 = DATE_TIME_ROLE ('classification_date');
#25510 = CALENDAR_DATE (2019, 27, 9);
#25520 = COORDINATED_UNIVERSAL_TIME_OFFSET (0, $, .AHEAD.);
#25530 = LOCAL_TIME (11, 24, 14., #25520);
#25540 = DATE_AND_TIME (#25510, #25530);
#25550 = CC_DESIGN_DATE_AND_TIME_ASSIGNMENT (#25540, #25500, (#25360));
#25560 = PERSON_AND_ORGANIZATION_ROLE ('classification_officer');
#25570 = PERSON ('', '', $, $, $, $);
#25580 = ORGANIZATION ($, '', '');
#25590 = PERSON_AND_ORGANIZATION (#25570, #25580);
#25600 = CC_DESIGN_PERSON_AND_ORGANIZATION_ASSIGNMENT (#25590, #25560, (#25360));
#25610 = CC_DESIGN_SECURITY_CLASSIFICATION (#25360, (#25110));
#25620 = DESIGN_CONTEXT ('', #25010, 'design');
#25630 = PRODUCT_DEFINITION ('', '', #25110, #25620);
#25640 = APPROVAL_STATUS ('approved');
#25650 = APPROVAL (#25640, '');
#25660 = CALENDAR_DATE (2019, 27, 9);
#25670 = COORDINATED_UNIVERSAL_TIME_OFFSET (0, $, .AHEAD.);
#25680 = LOCAL_TIME (11, 24, 14., #25670);
#25690 = DATE_AND_TIME (#25660, #25680);
#25700 = APPROVAL_DATE_TIME (#25690, #25650);
#25710 = APPROVAL_ROLE ('');
#25720 = PERSON ('', '', $, $, $, $);
#25730 = ORGANIZATION ($, '', '');
#25740 = PERSON_AND_ORGANIZATION (#25720, #25730);
#25750 = APPROVAL_PERSON_ORGANIZATION (#25740, #25650, #25710);
#25760 = CC_DESIGN_APPROVAL (#25650, (#25630));
#25770 = DATE_TIME_ROLE ('creation_date');
#25780 = CALENDAR_DATE (2019, 27, 9);
#25790 = COORDINATED_UNIVERSAL_TIME_OFFSET (0, $, .AHEAD.);
#25800 = LOCAL_TIME (11, 24, 14., #25790);
#25810 = DATE_AND_TIME (#25780, #25800);
#25820 = CC_DESIGN_DATE_AND_TIME_ASSIGNMENT (#25810, #25770, (#25630));
#25830 = PERSON_AND_ORGANIZATION_ROLE ('creator');
#25840 = PERSON ('', '', $, $, $, $);
#25850 = ORGANIZATION ($, '', '');
#25860 = PERSON_AND_ORGANIZATION (#25840, #25850);
#25870 = CC_DESIGN_PERSON_AND_ORGANIZATION_ASSIGNMENT (#25860, #25830, (#25630));
#25880 = PRODUCT_DEFINITION_SHAPE ('', '', #25630);
#25890 = SHAPE_DEFINITION_REPRESENTATION (#25880, #25000);
#25900 = CARTESIAN_POINT ('', (-60., -60., 0.));
#25910 = VERTEX_POINT ('', #25900);
#25920 = CARTESIAN_POINT ('', (60., -60., 0.));
#25930 = VERTEX_POINT ('', #25920);
#25940 = CARTESIAN_POINT ('', (-60., -60., 0.));
#25950 = CARTESIAN_POINT ('', (-20., -60., 0.));
#25960 = CARTESIAN_POINT ('', (20., -60., 0.));
#25970 = CARTESIAN_POINT ('', (60., -60., 0.));
#25980 = B_SPLINE_CURVE_WITH_KNOTS ('', 3, (#25940, #25950, #25960, #25970), .UNSPECIFIED., .F., .U., (4, 4), (0., 120.), .UNSPECIFIED.);
#25990 = EDGE_CURVE ('', #25910, #25930, #25980, .T.);
#26000 = ORIENTED_EDGE ('', *, *, #25990, .T.);
#26010 = CARTESIAN_POINT ('', (60., 60., 0.));
#26020 = VERTEX_POINT ('', #26010);
#26030 = CARTESIAN_POINT ('', (60., -60., 0.));
#26040 = CARTESIAN_POINT ('', (60., -20., 0.));
#26050 = CARTESIAN_POINT ('', (60., 20., 0.));
#26060 = CARTESIAN_POINT ('', (60., 60., 0.));
#26070 = B_SPLINE_CURVE_WITH_KNOTS ('', 3, (#26030, #26040, #26050, #26060), .UNSPECIFIED., .F., .U., (4, 4), (0., 120.), .UNSPECIFIED.);
#26080 = EDGE_CURVE ('', #25930, #26020, #26070, .T.);
#26090 = ORIENTED_EDGE ('', *, *, #26080, .T.);
#26100 = CARTESIAN_POINT ('', (-60., 60., 0.));
#26110 = VERTEX_POINT ('', #26100);
#26120 = CARTESIAN_POINT ('', (60., 60., 0.));
#26130 = CARTESIAN_POINT ('', (20., 60., 0.));
#26140 = CARTESIAN_POINT ('', (-20., 60., 0.));
#26150 = CARTESIAN_POINT ('', (-60., 60., 0.));
#26160 = B_SPLINE_CURVE_WITH_KNOTS ('', 3, (#26120, #26130, #26140, #26150), .UNSPECIFIED., .F., .U., (4, 4), (0., 120.), .UNSPECIFIED.);
#26170 = EDGE_CURVE ('', #26020, #26110, #26160, .T.);
#26180 = ORIENTED_EDGE ('', *, *, #26170, .T.);
#26190 = CARTESIAN_POINT ('', (-60., 60., 0.));
#26200 = CARTESIAN_POINT ('', (-60., 20., 0.));
#26210 = CARTESIAN_POINT ('', (-60., -20., 0.));
#26220 = CARTESIAN_POINT ('', (-60., -60., 0.));
#26230 = B_SPLINE_CURVE_WITH_KNOTS ('', 3, (#26190, #26200, #26210, #26220), .UNSPECIFIED., .F., .U., (4, 4), (0., 120.), .UNSPECIFIED.);
#26240 = EDGE_CURVE ('', #26110, #25910, #26230, .T.);
#26250 = ORIENTED_EDGE ('', *, *, #26240, .T.);
#26260 = EDGE_LOOP ('', (#26000, #26090, #26180, #26250));
#26270 = FACE_OUTER_BOUND ('', #26260, .T.);
#26280 = CARTESIAN_POINT ('', (-60., -60., 0.));
#26290 = CARTESIAN_POINT ('', (-60., 60., 0.));
#26300 = CARTESIAN_POINT ('', (60., -60., 0.));
#26310 = CARTESIAN_POINT ('', (60., 60., 0.));
#26320 = B_SPLINE_SURFACE_WITH_KNOTS ('', 1, 1, ((#26280, #26290), (#26300, #26310)), .UNSPECIFIED., .F., .F., .U., (2, 2), (2, 2), (0.00141022484417187, 0.998589775155828), (0.00141022484417187, 0.998589775155828), .UNSPECIFIED.);
#26330 = ADVANCED_FACE ('', (#26270), #26320, .T.);
#26340 = OPEN_SHELL ('', (#26330));
#26350 = SHELL_BASED_SURFACE_MODEL ('', (#26340));
#26360 = (
   LENGTH_UNIT ()
   NAMED_UNIT (*)
   SI_UNIT (.MILLI., .METRE.)
);
#26370 = (
   NAMED_UNIT (*)
   SI_UNIT ($, .STERADIAN.)
   SOLID_ANGLE_UNIT ()
);
#26380 = (
   NAMED_UNIT (*)
   SI_UNIT ($, .RADIAN.)
   PLANE_ANGLE_UNIT ()
);
#26390 = UNCERTAINTY_MEASURE_WITH_UNIT (LENGTH_MEASURE(1.E-5), #26360, 'DISTANCE_ACCURACY_VALUE', '');
#26400 = (
   GEOMETRIC_REPRESENTATION_CONTEXT (3)
   GLOBAL_UNCERTAINTY_ASSIGNED_CONTEXT ((#26390))
   GLOBAL_UNIT_ASSIGNED_CONTEXT ((#26360, #26370, #26380))
   REPRESENTATION_CONTEXT ('', '3D')
);
#26410 = MANIFOLD_SURFACE_SHAPE_REPRESENTATION ('', (#26350), #26400);
#26420 = APPLICATION_CONTEXT ('configuration controlled 3D designs of mechanical parts and assemblies');
#26430 = APPLICATION_PROTOCOL_DEFINITION ('International Standard', 'config_control_design', 1997, #26420);
#26440 = MECHANICAL_CONTEXT ('', #26420, 'mechanical');
#26450 = PRODUCT ('product-name', '', '', (#26440));
#26460 = PERSON_AND_ORGANIZATION_ROLE ('design_owner');
#26470 = PERSON ('', '', $, $, $, $);
#26480 = ORGANIZATION ($, '', '');
#26490 = PERSON_AND_ORGANIZATION (#26470, #26480);
#26500 = CC_DESIGN_PERSON_AND_ORGANIZATION_ASSIGNMENT (#26490, #26460, (#26450));
#26510 = PRODUCT_RELATED_PRODUCT_CATEGORY ('detail', $, (#26450));
#26520 = PRODUCT_DEFINITION_FORMATION_WITH_SPECIFIED_SOURCE ('', '', #26450, .NOT_KNOWN.);
#26530 = APPROVAL_STATUS ('approved');
#26540 = APPROVAL (#26530, '');
#26550 = CALENDAR_DATE (2019, 27, 9);
#26560 = COORDINATED_UNIVERSAL_TIME_OFFSET (0, $, .AHEAD.);
#26570 = LOCAL_TIME (11, 24, 14., #26560);
#26580 = DATE_AND_TIME (#26550, #26570);
#26590 = APPROVAL_DATE_TIME (#26580, #26540);
#26600 = APPROVAL_ROLE ('');
#26610 = PERSON ('', '', $, $, $, $);
#26620 = ORGANIZATION ($, '', '');
#26630 = PERSON_AND_ORGANIZATION (#26610, #26620);
#26640 = APPROVAL_PERSON_ORGANIZATION (#26630, #26540, #26600);
#26650 = CC_DESIGN_APPROVAL (#26540, (#26520));
#26660 = PERSON_AND_ORGANIZATION_ROLE ('creator');
#26670 = PERSON ('', '', $, $, $, $);
#26680 = ORGANIZATION ($, '', '');
#26690 = PERSON_AND_ORGANIZATION (#26670, #26680);
#26700 = CC_DESIGN_PERSON_AND_ORGANIZATION_ASSIGNMENT (#26690, #26660, (#26520));
#26710 = PERSON_AND_ORGANIZATION_ROLE ('part_supplier');
#26720 = PERSON ('', '', $, $, $, $);
#26730 = ORGANIZATION ($, '', '');
#26740 = PERSON_AND_ORGANIZATION (#26720, #26730);
#26750 = CC_DESIGN_PERSON_AND_ORGANIZATION_ASSIGNMENT (#26740, #26710, (#26520));
#26760 = SECURITY_CLASSIFICATION_LEVEL ('unclassified');
#26770 = SECURITY_CLASSIFICATION ('', '', #26760);
#26780 = APPROVAL_STATUS ('approved');
#26790 = APPROVAL (#26780, '');
#26800 = CALENDAR_DATE (2019, 27, 9);
#26810 = COORDINATED_UNIVERSAL_TIME_OFFSET (0, $, .AHEAD.);
#26820 = LOCAL_TIME (11, 24, 14., #26810);
#26830 = DATE_AND_TIME (#26800, #26820);
#26840 = APPROVAL_DATE_TIME (#26830, #26790);
#26850 = APPROVAL_ROLE ('');
#26860 = PERSON ('', '', $, $, $, $);
#26870 = ORGANIZATION ($, '', '');
#26880 = PERSON_AND_ORGANIZATION (#26860, #26870);
#26890 = APPROVAL_PERSON_ORGANIZATION (#26880, #26790, #26850);
#26900 = CC_DESIGN_APPROVAL (#26790, (#26770));
#26910 = DATE_TIME_ROLE ('classification_date');
#26920 = CALENDAR_DATE (2019, 27, 9);
#26930 = COORDINATED_UNIVERSAL_TIME_OFFSET (0, $, .AHEAD.);
#26940 = LOCAL_TIME (11, 24, 14., #26930);
#26950 = DATE_AND_TIME (#26920, #26940);
#26960 = CC_DESIGN_DATE_AND_TIME_ASSIGNMENT (#26950, #26910, (#26770));
#26970 = PERSON_AND_ORGANIZATION_ROLE ('classification_officer');
#26980 = PERSON ('', '', $, $, $, $);
#26990 = ORGANIZATION ($, '', '');
#27000 = PERSON_AND_ORGANIZATION (#26980, #26990);
#27010 = CC_DESIGN_PERSON_AND_ORGANIZATION_ASSIGNMENT (#27000, #26970, (#26770));
#27020 = CC_DESIGN_SECURITY_CLASSIFICATION (#26770, (#26520));
#27030 = DESIGN_CONTEXT ('', #26420, 'design');
#27040 = PRODUCT_DEFINITION ('', '', #26520, #27030);
#27050 = APPROVAL_STATUS ('approved');
#27060 = APPROVAL (#27050, '');
#27070 = CALENDAR_DATE (2019, 27, 9);
#27080 = COORDINATED_UNIVERSAL_TIME_OFFSET (0, $, .AHEAD.);
#27090 = LOCAL_TIME (11, 24, 14., #27080);
#27100 = DATE_AND_TIME (#27070, #27090);
#27110 = APPROVAL_DATE_TIME (#27100, #27060);
#27120 = APPROVAL_ROLE ('');
#27130 = PERSON ('', '', $, $, $, $);
#27140 = ORGANIZATION ($, '', '');
#27150 = PERSON_AND_ORGANIZATION (#27130, #27140);
#27160 = APPROVAL_PERSON_ORGANIZATION (#27150, #27060, #27120);
#27170 = CC_DESIGN_APPROVAL (#27060, (#27040));
#27180 = DATE_TIME_ROLE ('creation_date');
#27190 = CALENDAR_DATE (2019, 27, 9);
#27200 = COORDINATED_UNIVERSAL_TIME_OFFSET (0, $, .AHEAD.);
#27210 = LOCAL_TIME (11, 24, 14., #27200);
#27220 = DATE_AND_TIME (#27190, #27210);
#27230 = CC_DESIGN_DATE_AND_TIME_ASSIGNMENT (#27220, #27180, (#27040));
#27240 = PERSON_AND_ORGANIZATION_ROLE ('creator');
#27250 = PERSON ('', '', $, $, $, $);
#27260 = ORGANIZATION ($, '', '');
#27270 = PERSON_AND_ORGANIZATION (#27250, #27260);
#27280 = CC_DESIGN_PERSON_AND_ORGANIZATION_ASSIGNMENT (#27270, #27240, (#27040));
#27290 = PRODUCT_DEFINITION_SHAPE ('', '', #27040);
#27300 = SHAPE_DEFINITION_REPRESENTATION (#27290, #26410);
#27310 = GEOMETRIC_CURVE_SET ('', (#30, #60, #90, #120, #150, #180, #210, #240, #270, #300, #330, #360, #390, #420, #450, #480, #510, #540, #570, #600, #630, #660, #690, #720, #750, #780, #810, #840, #870, #900, #930, #960, #990, #1020, #1050));
#27320 = (
   LENGTH_UNIT ()
   NAMED_UNIT (*)
   SI_UNIT (.MILLI., .METRE.)
);
#27330 = (
   NAMED_UNIT (*)
   SI_UNIT ($, .STERADIAN.)
   SOLID_ANGLE_UNIT ()
);
#27340 = (
   NAMED_UNIT (*)
   SI_UNIT ($, .RADIAN.)
   PLANE_ANGLE_UNIT ()
);
#27350 = UNCERTAINTY_MEASURE_WITH_UNIT (LENGTH_MEASURE(1.E-5), #27320, 'DISTANCE_ACCURACY_VALUE', '');
#27360 = (
   GEOMETRIC_REPRESENTATION_CONTEXT (3)
   GLOBAL_UNCERTAINTY_ASSIGNED_CONTEXT ((#27350))
   GLOBAL_UNIT_ASSIGNED_CONTEXT ((#27320, #27330, #27340))
   REPRESENTATION_CONTEXT ('', '3D')
);
#27370 = GEOMETRICALLY_BOUNDED_WIREFRAME_SHAPE_REPRESENTATION ('', (#27310), #27360);
#27380 = APPLICATION_CONTEXT ('configuration controlled 3D designs of mechanical parts and assemblies');
#27390 = APPLICATION_PROTOCOL_DEFINITION ('International Standard', 'config_control_design', 1997, #27380);
#27400 = MECHANICAL_CONTEXT ('', #27380, 'mechanical');
#27410 = PRODUCT ('product-name', '', '', (#27400));
#27420 = PERSON_AND_ORGANIZATION_ROLE ('design_owner');
#27430 = PERSON ('', '', $, $, $, $);
#27440 = ORGANIZATION ($, '', '');
#27450 = PERSON_AND_ORGANIZATION (#27430, #27440);
#27460 = CC_DESIGN_PERSON_AND_ORGANIZATION_ASSIGNMENT (#27450, #27420, (#27410));
#27470 = PRODUCT_RELATED_PRODUCT_CATEGORY ('detail', $, (#27410));
#27480 = PRODUCT_DEFINITION_FORMATION_WITH_SPECIFIED_SOURCE ('', '', #27410, .NOT_KNOWN.);
#27490 = APPROVAL_STATUS ('approved');
#27500 = APPROVAL (#27490, '');
#27510 = CALENDAR_DATE (2019, 27, 9);
#27520 = COORDINATED_UNIVERSAL_TIME_OFFSET (0, $, .AHEAD.);
#27530 = LOCAL_TIME (11, 24, 14., #27520);
#27540 = DATE_AND_TIME (#27510, #27530);
#27550 = APPROVAL_DATE_TIME (#27540, #27500);
#27560 = APPROVAL_ROLE ('');
#27570 = PERSON ('', '', $, $, $, $);
#27580 = ORGANIZATION ($, '', '');
#27590 = PERSON_AND_ORGANIZATION (#27570, #27580);
#27600 = APPROVAL_PERSON_ORGANIZATION (#27590, #27500, #27560);
#27610 = CC_DESIGN_APPROVAL (#27500, (#27480));
#27620 = PERSON_AND_ORGANIZATION_ROLE ('creator');
#27630 = PERSON ('', '', $, $, $, $);
#27640 = ORGANIZATION ($, '', '');
#27650 = PERSON_AND_ORGANIZATION (#27630, #27640);
#27660 = CC_DESIGN_PERSON_AND_ORGANIZATION_ASSIGNMENT (#27650, #27620, (#27480));
#27670 = PERSON_AND_ORGANIZATION_ROLE ('part_supplier');
#27680 = PERSON ('', '', $, $, $, $);
#27690 = ORGANIZATION ($, '', '');
#27700 = PERSON_AND_ORGANIZATION (#27680, #27690);
#27710 = CC_DESIGN_PERSON_AND_ORGANIZATION_ASSIGNMENT (#27700, #27670, (#27480));
#27720 = SECURITY_CLASSIFICATION_LEVEL ('unclassified');
#27730 = SECURITY_CLASSIFICATION ('', '', #27720);
#27740 = APPROVAL_STATUS ('approved');
#27750 = APPROVAL (#27740, '');
#27760 = CALENDAR_DATE (2019, 27, 9);
#27770 = COORDINATED_UNIVERSAL_TIME_OFFSET (0, $, .AHEAD.);
#27780 = LOCAL_TIME (11, 24, 14., #27770);
#27790 = DATE_AND_TIME (#27760, #27780);
#27800 = APPROVAL_DATE_TIME (#27790, #27750);
#27810 = APPROVAL_ROLE ('');
#27820 = PERSON ('', '', $, $, $, $);
#27830 = ORGANIZATION ($, '', '');
#27840 = PERSON_AND_ORGANIZATION (#27820, #27830);
#27850 = APPROVAL_PERSON_ORGANIZATION (#27840, #27750, #27810);
#27860 = CC_DESIGN_APPROVAL (#27750, (#27730));
#27870 = DATE_TIME_ROLE ('classification_date');
#27880 = CALENDAR_DATE (2019, 27, 9);
#27890 = COORDINATED_UNIVERSAL_TIME_OFFSET (0, $, .AHEAD.);
#27900 = LOCAL_TIME (11, 24, 14., #27890);
#27910 = DATE_AND_TIME (#27880, #27900);
#27920 = CC_DESIGN_DATE_AND_TIME_ASSIGNMENT (#27910, #27870, (#27730));
#27930 = PERSON_AND_ORGANIZATION_ROLE ('classification_officer');
#27940 = PERSON ('', '', $, $, $, $);
#27950 = ORGANIZATION ($, '', '');
#27960 = PERSON_AND_ORGANIZATION (#27940, #27950);
#27970 = CC_DESIGN_PERSON_AND_ORGANIZATION_ASSIGNMENT (#27960, #27930, (#27730));
#27980 = CC_DESIGN_SECURITY_CLASSIFICATION (#27730, (#27480));
#27990 = DESIGN_CONTEXT ('', #27380, 'design');
#28000 = PRODUCT_DEFINITION ('', '', #27480, #27990);
#28010 = APPROVAL_STATUS ('approved');
#28020 = APPROVAL (#28010, '');
#28030 = CALENDAR_DATE (2019, 27, 9);
#28040 = COORDINATED_UNIVERSAL_TIME_OFFSET (0, $, .AHEAD.);
#28050 = LOCAL_TIME (11, 24, 14., #28040);
#28060 = DATE_AND_TIME (#28030, #28050);
#28070 = APPROVAL_DATE_TIME (#28060, #28020);
#28080 = APPROVAL_ROLE ('');
#28090 = PERSON ('', '', $, $, $, $);
#28100 = ORGANIZATION ($, '', '');
#28110 = PERSON_AND_ORGANIZATION (#28090, #28100);
#28120 = APPROVAL_PERSON_ORGANIZATION (#28110, #28020, #28080);
#28130 = CC_DESIGN_APPROVAL (#28020, (#28000));
#28140 = DATE_TIME_ROLE ('creation_date');
#28150 = CALENDAR_DATE (2019, 27, 9);
#28160 = COORDINATED_UNIVERSAL_TIME_OFFSET (0, $, .AHEAD.);
#28170 = LOCAL_TIME (11, 24, 14., #28160);
#28180 = DATE_AND_TIME (#28150, #28170);
#28190 = CC_DESIGN_DATE_AND_TIME_ASSIGNMENT (#28180, #28140, (#28000));
#28200 = PERSON_AND_ORGANIZATION_ROLE ('creator');
#28210 = PERSON ('', '', $, $, $, $);
#28220 = ORGANIZATION ($, '', '');
#28230 = PERSON_AND_ORGANIZATION (#28210, #28220);
#28240 = CC_DESIGN_PERSON_AND_ORGANIZATION_ASSIGNMENT (#28230, #28200, (#28000));
#28250 = PRODUCT_DEFINITION_SHAPE ('', '', #28000);
#28260 = SHAPE_DEFINITION_REPRESENTATION (#28250, #27370);
ENDSEC;
END-ISO-10303-21;
