{
    "anchorpoints": [],
    "portpins": [
        {
            "name": "1",
            "position": [
                143.0540700000675,
                -83.61679999817301,
                -1.252601
            ],
            "rotation": [
                0.0,
                0.0,
                -1.0,
                -0.0,
                1.0,
                0.0,
                1.0,
                0.0,
                0.0
            ]
        },
        {
            "name": "2",
            "position": [
                172.03214259993257,
                -77.49999739547305,
                -1.252601
            ],
            "rotation": [
                0.0,
                0.0,
                1.0,
                0.0,
                1.0,
                0.0,
                -1.0,
                -0.0,
                -0.0
            ]
        },
        {
            "name": "3",
            "position": [
                172.03214259993257,
                -89.73360260087297,
                -1.252601
            ],
            "rotation": [
                0.0,
                0.0,
                1.0,
                0.0,
                1.0,
                0.0,
                -1.0,
                -0.0,
                -0.0
            ]
        }
    ],
    "version": 7
}