{
    "anchorpoints": [],
    "portpins": [
        {
            "name": "1",
            "position": [
                149.42883500106433,
                -77.90179999175969,
                -1.0290810000000001
            ],
            "rotation": [
                0.0,
                0.0,
                -1.0,
                -0.0,
                1.0,
                0.0,
                1.0,
                0.0,
                0.0
            ]
        },
        {
            "name": "2",
            "position": [
                170.51083500106432,
                -70.40682402409925,
                -1.029081
            ],
            "rotation": [
                0.0,
                0.0,
                1.0,
                0.0,
                1.0,
                0.0,
                -1.0,
                -0.0,
                -0.0
            ]
        },
        {
            "name": "3",
            "position": [
                170.51083500106432,
                -85.3954922353906,
                -1.029081
            ],
            "rotation": [
                0.0,
                0.0,
                1.0,
                0.0,
                1.0,
                0.0,
                -1.0,
                -0.0,
                -0.0
            ]
        }
    ],
    "version": 7
}