{
    "anchorpoints": [],
    "portpins": [
        {
            "name": "1",
            "position": [
                149.93683499304458,
                -77.90180000000001,
                -1.0290810000000001
            ],
            "rotation": [
                0.0,
                0.0,
                -1.0,
                -0.0,
                1.0,
                0.0,
                1.0,
                0.0,
                0.0
            ]
        },
        {
            "name": "2",
            "position": [
                172.2888349930446,
                -70.45667161781743,
                -1.0290810000000001
            ],
            "rotation": [
                0.0,
                0.0,
                1.0,
                0.0,
                1.0,
                0.0,
                -1.0,
                -0.0,
                -0.0
            ]
        },
        {
            "name": "3",
            "position": [
                172.28883499304465,
                -85.34692838218261,
                -1.0290810000000001
            ],
            "rotation": [
                0.0,
                0.0,
                1.0,
                0.0,
                1.0,
                0.0,
                -1.0,
                -0.0,
                -0.0
            ]
        }
    ],
    "version": 7
}