{
    "anchorpoints": [],
    "portpins": [
        {
            "name": "1",
            "position": [
                153.77283700005856,
                -77.9018,
                -1.0638790000000002
            ],
            "rotation": [
                0.0,
                0.0,
                -1.0,
                -0.0,
                1.0,
                0.0,
                1.0,
                0.0,
                0.0
            ]
        },
        {
            "name": "2",
            "position": [
                178.15683700005854,
                -70.60394806139291,
                -1.0638790000000002
            ],
            "rotation": [
                0.0,
                0.0,
                1.0,
                0.0,
                1.0,
                0.0,
                -1.0,
                -0.0,
                -0.0
            ]
        },
        {
            "name": "3",
            "position": [
                178.15683700005854,
                -85.19965193860709,
                -1.0638790000000002
            ],
            "rotation": [
                0.0,
                0.0,
                1.0,
                0.0,
                1.0,
                0.0,
                -1.0,
                -0.0,
                -0.0
            ]
        }
    ],
    "version": 7
}