ISO-10303-21;
HEADER;
FILE_DESCRIPTION ((), '1');
FILE_NAME ('D:\MIRmaterial\MIRoptical\illumination\MIR_optics_Tx_combine5.stp', '2019-01-11T09:59:12', ('Unknown'), ('Unknown'), 'HarmonyWare STEP v1.1.9', 'HarmonyWare Translators', '');
FILE_SCHEMA (('CONFIG_CONTROL_DESIGN'));
ENDSEC;

DATA;
#10 = CARTESIAN_POINT ('', (0., 0., 0.));
#20 = CARTESIAN_POINT ('', (0., 0., 150.));
#30 = B_SPLINE_CURVE_WITH_KNOTS ('', 1, (#10, #20), .UNSPECIFIED., .F., .U., (2, 2), (0., 1.), .UNSPECIFIED.);
#40 = CARTESIAN_POINT ('', (0., 0., 150.));
#50 = CARTESIAN_POINT ('', (0., 0., 190.));
#60 = B_SPLINE_CURVE_WITH_KNOTS ('', 1, (#40, #50), .UNSPECIFIED., .F., .U., (2, 2), (0., 1.), .UNSPECIFIED.);
#70 = CARTESIAN_POINT ('', (0., 0., 190.));
#80 = CARTESIAN_POINT ('', (0., 0., 880.));
#90 = B_SPLINE_CURVE_WITH_KNOTS ('', 1, (#70, #80), .UNSPECIFIED., .F., .U., (2, 2), (0., 1.), .UNSPECIFIED.);
#100 = CARTESIAN_POINT ('', (0., 0., 880.));
#110 = CARTESIAN_POINT ('', (0., 0., 950.));
#120 = B_SPLINE_CURVE_WITH_KNOTS ('', 1, (#100, #110), .UNSPECIFIED., .F., .U., (2, 2), (0., 1.), .UNSPECIFIED.);
#130 = CARTESIAN_POINT ('', (0., 1.00503781519379E-7, 0.));
#140 = CARTESIAN_POINT ('', (0., 15.0318586390143, 149.565104021817));
#150 = B_SPLINE_CURVE_WITH_KNOTS ('', 1, (#130, #140), .UNSPECIFIED., .F., .U., (2, 2), (0., 1.), .UNSPECIFIED.);
#160 = CARTESIAN_POINT ('', (0., 15.0318586390143, 149.565104021817));
#170 = CARTESIAN_POINT ('', (0., 18.4881095894466, 190.658160329251));
#180 = B_SPLINE_CURVE_WITH_KNOTS ('', 1, (#160, #170), .UNSPECIFIED., .F., .U., (2, 2), (0., 1.), .UNSPECIFIED.);
#190 = CARTESIAN_POINT ('', (0., 18.4881095894466, 190.658160329251));
#200 = CARTESIAN_POINT ('', (0., 145.559775399877, 880.));
#210 = B_SPLINE_CURVE_WITH_KNOTS ('', 1, (#190, #200), .UNSPECIFIED., .F., .U., (2, 2), (0., 1.), .UNSPECIFIED.);
#220 = CARTESIAN_POINT ('', (0., 145.559775399877, 880.));
#230 = CARTESIAN_POINT ('', (0., 153.425555863224, 950.));
#240 = B_SPLINE_CURVE_WITH_KNOTS ('', 1, (#220, #230), .UNSPECIFIED., .F., .U., (2, 2), (0., 1.), .UNSPECIFIED.);
#250 = CARTESIAN_POINT ('', (0., -1.00503781519379E-7, 0.));
#260 = CARTESIAN_POINT ('', (0., -15.0318586390143, 149.565104021817));
#270 = B_SPLINE_CURVE_WITH_KNOTS ('', 1, (#250, #260), .UNSPECIFIED., .F., .U., (2, 2), (0., 1.), .UNSPECIFIED.);
#280 = CARTESIAN_POINT ('', (0., -15.0318586390143, 149.565104021817));
#290 = CARTESIAN_POINT ('', (0., -18.4881095894466, 190.658160329251));
#300 = B_SPLINE_CURVE_WITH_KNOTS ('', 1, (#280, #290), .UNSPECIFIED., .F., .U., (2, 2), (0., 1.), .UNSPECIFIED.);
#310 = CARTESIAN_POINT ('', (0., -18.4881095894466, 190.658160329251));
#320 = CARTESIAN_POINT ('', (0., -145.559775399877, 880.));
#330 = B_SPLINE_CURVE_WITH_KNOTS ('', 1, (#310, #320), .UNSPECIFIED., .F., .U., (2, 2), (0., 1.), .UNSPECIFIED.);
#340 = CARTESIAN_POINT ('', (0., -145.559775399877, 880.));
#350 = CARTESIAN_POINT ('', (0., -153.425555863224, 950.));
#360 = B_SPLINE_CURVE_WITH_KNOTS ('', 1, (#340, #350), .UNSPECIFIED., .F., .U., (2, 2), (0., 1.), .UNSPECIFIED.);
#370 = CARTESIAN_POINT ('', (1.00503781519379E-7, 0., 0.));
#380 = CARTESIAN_POINT ('', (15.1042384704361, 0., 150.285274251463));
#390 = B_SPLINE_CURVE_WITH_KNOTS ('', 1, (#370, #380), .UNSPECIFIED., .F., .U., (2, 2), (0., 1.), .UNSPECIFIED.);
#400 = CARTESIAN_POINT ('', (15.1042384704361, 0., 150.285274251463));
#410 = CARTESIAN_POINT ('', (16.9564067717049, 0., 189.640438731358));
#420 = B_SPLINE_CURVE_WITH_KNOTS ('', 1, (#400, #410), .UNSPECIFIED., .F., .U., (2, 2), (0., 1.), .UNSPECIFIED.);
#430 = CARTESIAN_POINT ('', (16.9564067717049, 0., 189.640438731358));
#440 = CARTESIAN_POINT ('', (51.483229671258, 0., 880.828502923274));
#450 = B_SPLINE_CURVE_WITH_KNOTS ('', 1, (#430, #440), .UNSPECIFIED., .F., .U., (2, 2), (0., 1.), .UNSPECIFIED.);
#460 = CARTESIAN_POINT ('', (51.483229671258, 0., 880.828502923274));
#470 = CARTESIAN_POINT ('', (52.7366975258088, 0., 949.130651552296));
#480 = B_SPLINE_CURVE_WITH_KNOTS ('', 1, (#460, #470), .UNSPECIFIED., .F., .U., (2, 2), (0., 1.), .UNSPECIFIED.);
#490 = CARTESIAN_POINT ('', (-1.00503781519379E-7, 0., 0.));
#500 = CARTESIAN_POINT ('', (-15.1042384704361, 0., 150.285274251463));
#510 = B_SPLINE_CURVE_WITH_KNOTS ('', 1, (#490, #500), .UNSPECIFIED., .F., .U., (2, 2), (0., 1.), .UNSPECIFIED.);
#520 = CARTESIAN_POINT ('', (-15.1042384704361, 0., 150.285274251463));
#530 = CARTESIAN_POINT ('', (-16.9564067717049, 0., 189.640438731358));
#540 = B_SPLINE_CURVE_WITH_KNOTS ('', 1, (#520, #530), .UNSPECIFIED., .F., .U., (2, 2), (0., 1.), .UNSPECIFIED.);
#550 = CARTESIAN_POINT ('', (-16.9564067717049, 0., 189.640438731358));
#560 = CARTESIAN_POINT ('', (-51.483229671258, 0., 880.828502923274));
#570 = B_SPLINE_CURVE_WITH_KNOTS ('', 1, (#550, #560), .UNSPECIFIED., .F., .U., (2, 2), (0., 1.), .UNSPECIFIED.);
#580 = CARTESIAN_POINT ('', (-51.483229671258, 0., 880.828502923274));
#590 = CARTESIAN_POINT ('', (-52.7366975258088, 0., 949.130651552296));
#600 = B_SPLINE_CURVE_WITH_KNOTS ('', 1, (#580, #590), .UNSPECIFIED., .F., .U., (2, 2), (0., 1.), .UNSPECIFIED.);
#610 = CARTESIAN_POINT ('', (-90., 90., 196.223331503638));
#620 = VERTEX_POINT ('', #610);
#630 = CARTESIAN_POINT ('', (90., 90., 196.223331503638));
#640 = VERTEX_POINT ('', #630);
#650 = CARTESIAN_POINT ('', (-90., 90., 196.223331503638));
#660 = CARTESIAN_POINT ('', (-45.539063587622, 90., 206.07378559327));
#670 = CARTESIAN_POINT ('', (-2.5477171486796E-14, 90., 206.07378559327));
#680 = CARTESIAN_POINT ('', (45.539063587622, 90., 206.07378559327));
#690 = CARTESIAN_POINT ('', (90.0000000000001, 90., 196.223331503638));
#700 = (
   BOUNDED_CURVE ()
   B_SPLINE_CURVE (2, (#650, #660, #670, #680, #690), .UNSPECIFIED., .F., .U.)
   B_SPLINE_CURVE_WITH_KNOTS ((3, 2, 3), (0.425963980725324, 0.5, 0.574036019274676), .UNSPECIFIED.)
   CURVE ()
   GEOMETRIC_REPRESENTATION_ITEM ()
   RATIONAL_B_SPLINE_CURVE ((0.926104968160509, 0.956630704013011, 1., 0.95663070401301, 0.926104968160508))
   REPRESENTATION_ITEM ('')
);
#710 = EDGE_CURVE ('', #620, #640, #700, .T.);
#720 = ORIENTED_EDGE ('', *, *, #710, .T.);
#730 = CARTESIAN_POINT ('', (90., 90., 143.776668496362));
#740 = VERTEX_POINT ('', #730);
#750 = CARTESIAN_POINT ('', (90., 90., 143.776668496362));
#760 = CARTESIAN_POINT ('', (90., 90., 196.223331503638));
#770 = B_SPLINE_CURVE_WITH_KNOTS ('', 1, (#750, #760), .UNSPECIFIED., .F., .U., (2, 2), (0., 1.), .UNSPECIFIED.);
#780 = EDGE_CURVE ('', #740, #640, #770, .T.);
#790 = ORIENTED_EDGE ('', *, *, #780, .F.);
#800 = CARTESIAN_POINT ('', (-90., 90., 143.776668496362));
#810 = VERTEX_POINT ('', #800);
#820 = CARTESIAN_POINT ('', (90., 90., 143.776668496362));
#830 = CARTESIAN_POINT ('', (88.7270691839457, 90., 143.494646848268));
#840 = CARTESIAN_POINT ('', (87.4565011279984, 90., 143.219401449091));
#850 = CARTESIAN_POINT ('', (86.1809778388885, 90., 142.949346989042));
#860 = CARTESIAN_POINT ('', (84.9055249362613, 90., 142.679307431255));
#870 = CARTESIAN_POINT ('', (83.632332821714, 90., 142.415986984055));
#880 = CARTESIAN_POINT ('', (82.3544001162451, 90., 142.157937628537));
#890 = CARTESIAN_POINT ('', (81.0765377914176, 90., 141.899902484785));
#900 = CARTESIAN_POINT ('', (79.8008339852325, 90., 141.648531939173));
#910 = CARTESIAN_POINT ('', (78.5206047298355, 90., 141.402508951933));
#920 = CARTESIAN_POINT ('', (77.2404458521472, 90., 141.15649948925));
#930 = CARTESIAN_POINT ('', (75.9623429411362, 90., 140.917102728291));
#940 = CARTESIAN_POINT ('', (74.6799301972595, 90., 140.68312631453));
#950 = CARTESIAN_POINT ('', (73.3975878310606, 90., 140.449162741188));
#960 = CARTESIAN_POINT ('', (72.1171986118547, 90., 140.221762579818));
#970 = CARTESIAN_POINT ('', (70.8327156259892, 90., 139.999851884219));
#980 = CARTESIAN_POINT ('', (69.5483030206659, 90., 139.777953347749));
#990 = CARTESIAN_POINT ('', (68.2657404896713, 90., 139.562571531284));
#1000 = CARTESIAN_POINT ('', (66.9793006833573, 90., 139.352744636126));
#1010 = CARTESIAN_POINT ('', (65.6929312633388, 90., 139.142929221441));
#1020 = CARTESIAN_POINT ('', (64.408308606678, 90., 138.939586424167));
#1030 = CARTESIAN_POINT ('', (63.1200255664959, 90., 138.741860347543));
#1040 = CARTESIAN_POINT ('', (61.8318129212444, 90., 138.544145075155));
#1050 = CARTESIAN_POINT ('', (60.5452435046859, 90., 138.35286089902));
#1060 = CARTESIAN_POINT ('', (59.2552309722294, 90., 138.167251593147));
#1070 = CARTESIAN_POINT ('', (57.9652888462139, 90., 137.981652417478));
#1080 = CARTESIAN_POINT ('', (56.6768862050882, 90., 137.802445390863));
#1090 = CARTESIAN_POINT ('', (55.3852580669235, 90., 137.628967740489));
#1100 = CARTESIAN_POINT ('', (54.0937003495789, 90., 137.455499548284));
#1110 = CARTESIAN_POINT ('', (52.8035781786845, 90., 137.288387124868));
#1120 = CARTESIAN_POINT ('', (51.5104484562942, 90., 137.127054945779));
#1130 = CARTESIAN_POINT ('', (50.2173891719653, 90., 136.965731554614));
#1140 = CARTESIAN_POINT ('', (48.9256613154638, 90., 136.810730112327));
#1150 = CARTESIAN_POINT ('', (47.6311441551781, 90., 136.661556149947));
#1160 = CARTESIAN_POINT ('', (46.3366974530506, 90., 136.512390306829));
#1170 = CARTESIAN_POINT ('', (45.0434778943519, 90., 136.369515146902));
#1180 = CARTESIAN_POINT ('', (43.7476875572671, 90., 136.232511074992));
#1190 = CARTESIAN_POINT ('', (42.4519677012863, 90., 136.095514455059));
#1200 = CARTESIAN_POINT ('', (41.1573705529251, 90., 135.964779801159));
#1210 = CARTESIAN_POINT ('', (39.8604214048104, 90., 135.839956220611));
#1220 = CARTESIAN_POINT ('', (38.5635427635883, 90., 135.715139425929));
#1230 = CARTESIAN_POINT ('', (37.2676822570929, 90., 135.596558423387));
#1240 = CARTESIAN_POINT ('', (35.9696887582869, 90., 135.483924861114));
#1250 = CARTESIAN_POINT ('', (34.6717657949985, 90., 135.37129741957));
#1260 = CARTESIAN_POINT ('', (33.3747562707517, 90., 135.264882134703));
#1270 = CARTESIAN_POINT ('', (32.0758329660489, 90., 135.164447042628));
#1280 = CARTESIAN_POINT ('', (30.776980228319, 90., 135.064017406918));
#1290 = CARTESIAN_POINT ('', (29.4789361254133, 90., 134.96977882644));
#1300 = CARTESIAN_POINT ('', (28.1791976339421, 90., 134.881549580578));
#1310 = CARTESIAN_POINT ('', (26.8795297437231, 90., 134.793325127293));
#1320 = CARTESIAN_POINT ('', (25.5805655898103, 90., 134.71127315782));
#1330 = CARTESIAN_POINT ('', (24.2801265949025, 90., 134.635256057462));
#1340 = CARTESIAN_POINT ('', (22.9797582383449, 90., 134.559243086266));
#1350 = CARTESIAN_POINT ('', (21.6799886394804, 90., 134.489386553916));
#1360 = CARTESIAN_POINT ('', (20.3789638785347, 90., 134.425586820902));
#1370 = CARTESIAN_POINT ('', (19.0780097958496, 90., 134.361790553812));
#1380 = CARTESIAN_POINT ('', (17.7775494263337, 90., 134.304137203895));
#1390 = CARTESIAN_POINT ('', (16.4760536806725, 90., 134.252558981987));
#1400 = CARTESIAN_POINT ('', (15.1746286559893, 90., 134.200983562748));
#1410 = CARTESIAN_POINT ('', (13.8735922482048, 90., 134.155540059551));
#1420 = CARTESIAN_POINT ('', (12.5717403329258, 90., 134.116186413902));
#1430 = CARTESIAN_POINT ('', (11.2699591841437, 90., 134.076834907452));
#1440 = CARTESIAN_POINT ('', (9.96846151839215, 90., 134.043606834116));
#1450 = CARTESIAN_POINT ('', (8.66636827221613, 90., 134.016479750838));
#1460 = CARTESIAN_POINT ('', (7.36434584085189, 90., 133.989354142876));
#1470 = CARTESIAN_POINT ('', (6.06250173518804, 90., 133.96834600137));
#1480 = CARTESIAN_POINT ('', (4.76028201030278, 90., 133.95344638719));
#1490 = CARTESIAN_POINT ('', (3.45813315133522, 90., 133.938547583836));
#1500 = CARTESIAN_POINT ('', (2.15605745140125, 90., 133.929762795023));
#1510 = CARTESIAN_POINT ('', (0.853826103303493, 90., 133.927090477042));
#1520 = CARTESIAN_POINT ('', (0.596408518733157, 90., 133.926562228631));
#1530 = CARTESIAN_POINT ('', (0.338991407560462, 90., 133.926272871223));
#1540 = CARTESIAN_POINT ('', (0.0815732859268393, 90., 133.926222403149));
#1550 = CARTESIAN_POINT ('', (-0.0900806020106372, 90., 133.92618874957));
#1560 = CARTESIAN_POINT ('', (-0.261734577747353, 90., 133.926261321405));
#1570 = CARTESIAN_POINT ('', (-0.433388375864958, 90., 133.92644011854));
#1580 = CARTESIAN_POINT ('', (-4.8463738032808, 90., 133.931036749453));
#1590 = CARTESIAN_POINT ('', (-9.26163397771371, 90., 134.005899494369));
#1600 = CARTESIAN_POINT ('', (-13.6722386096419, 90., 134.150910847077));
#1610 = CARTESIAN_POINT ('', (-16.6083911476148, 90., 134.247445333122));
#1620 = CARTESIAN_POINT ('', (-19.5470487071979, 90., 134.375243452238));
#1630 = CARTESIAN_POINT ('', (-22.4804966120141, 90., 134.53396970391));
#1640 = CARTESIAN_POINT ('', (-24.4346722455795, 90., 134.639708405768));
#1650 = CARTESIAN_POINT ('', (-26.3904013084088, 90., 134.759380888893));
#1660 = CARTESIAN_POINT ('', (-28.3428896563021, 90., 134.892693796116));
#1670 = CARTESIAN_POINT ('', (-30.2951379929121, 90., 135.025990315737));
#1680 = CARTESIAN_POINT ('', (-32.2492954700715, 90., 135.173280704909));
#1690 = CARTESIAN_POINT ('', (-34.199467777395, 90., 135.334120692747));
#1700 = CARTESIAN_POINT ('', (-36.1494003633678, 90., 135.494940909625));
#1710 = CARTESIAN_POINT ('', (-38.1015971109039, 90., 135.669827968388));
#1720 = CARTESIAN_POINT ('', (-40.0490654660673, 90., 135.858155442837));
#1730 = CARTESIAN_POINT ('', (-41.9962943676942, 90., 136.046459761233));
#1740 = CARTESIAN_POINT ('', (-43.946141653188, 90., 136.248916798247));
#1750 = CARTESIAN_POINT ('', (-45.8905187415873, 90., 136.464686698291));
#1760 = CARTESIAN_POINT ('', (-47.8346566221323, 90., 136.680430053148));
#1770 = CARTESIAN_POINT ('', (-49.7817662013982, 90., 136.910424932948));
#1780 = CARTESIAN_POINT ('', (-51.7226653823227, 90., 137.153586737558));
#1790 = CARTESIAN_POINT ('', (-53.6633255789273, 90., 137.39671860148));
#1800 = CARTESIAN_POINT ('', (-55.6073097725596, 90., 137.654213756373));
#1810 = CARTESIAN_POINT ('', (-57.5443451559877, 90., 137.924711492568));
#1820 = CARTESIAN_POINT ('', (-59.4811417564652, 90., 138.195175883866));
#1830 = CARTESIAN_POINT ('', (-61.4216135262161, 90., 138.480128326943));
#1840 = CARTESIAN_POINT ('', (-63.3544000494866, 90., 138.777900578916));
#1850 = CARTESIAN_POINT ('', (-65.2869479689914, 90., 139.075636070708));
#1860 = CARTESIAN_POINT ('', (-67.2235209939624, 90., 139.387997409996));
#1870 = CARTESIAN_POINT ('', (-69.1516744983055, 90., 139.712977329291));
#1880 = CARTESIAN_POINT ('', (-71.0795895558641, 90., 140.03791705966));
#1890 = CARTESIAN_POINT ('', (-73.0118783084946, 90., 140.377633513406));
#1900 = CARTESIAN_POINT ('', (-74.9350156154096, 90., 140.729748830149));
#1910 = CARTESIAN_POINT ('', (-76.2170154895684, 90., 140.964475591536));
#1920 = CARTESIAN_POINT ('', (-77.5010858516433, 90., 141.205827622187));
#1930 = CARTESIAN_POINT ('', (-78.7808214605863, 90., 141.452601002148));
#1940 = CARTESIAN_POINT ('', (-80.0604865271848, 90., 141.699360779321));
#1950 = CARTESIAN_POINT ('', (-81.3423246241468, 90., 141.952797196544));
#1960 = CARTESIAN_POINT ('', (-82.6196123897626, 90., 142.211580955908));
#1970 = CARTESIAN_POINT ('', (-83.896829628402, 90., 142.470350426216));
#1980 = CARTESIAN_POINT ('', (-85.1763221262949, 90., 142.73585051902));
#1990 = CARTESIAN_POINT ('', (-86.451049255173, 90., 143.006620274243));
#2000 = CARTESIAN_POINT ('', (-87.6340975314764, 90., 143.25791616725));
#2010 = CARTESIAN_POINT ('', (-88.8191900997175, 90., 143.515056514027));
#2020 = CARTESIAN_POINT ('', (-90., 90., 143.776668496362));
#2030 = B_SPLINE_CURVE_WITH_KNOTS ('', 3, (#820, #830, #840, #850, #860, #870, #880, #890, #900, #910, #920, #930, #940, #950, #960, #970, #980, #990, #1000, #1010, #1020, #1030, #1040, #1050, #1060, #1070, #1080, #1090, #1100, #1110, #1120, #1130, #1140, #1150, #1160, #1170, #1180, #1190, #1200, #1210, #1220, #1230, #1240, #1250, #1260, #1270, #1280, #1290, #1300, #1310, #1320, #1330, #1340, #1350, #1360, #1370, #1380, #1390, #1400, #1410, #1420, #1430, #1440, #1450, #1460, #1470, #1480, #1490, #1500, #1510, #1520, #1530, #1540, #1550, #1560, #1570, #1580, #1590, #1600, #1610, #1620, #1630, #1640, #1650, #1660, #1670, #1680, #1690, #1700, #1710, #1720, #1730, #1740, #1750, #1760, #1770, #1780, #1790, #1800, #1810, #1820, #1830, #1840, #1850, #1860, #1870, #1880, #1890, #1900, #1910, #1920, #1930, #1940, #1950, #1960, #1970, #1980, #1990, #2000, #2010, #2020), .UNSPECIFIED., .F., .U., (4, 3, 3, 3, 3, 3, 3, 3, 3, 3, 3, 3, 3, 3, 3, 3, 3, 3, 3, 3, 3, 3, 3, 3, 3, 3, 3, 3, 3, 3, 3, 3, 3, 3, 3, 3, 3, 3, 3, 3, 4), (0., 3.91139382472392, 7.82257180920761, 11.7335343901619, 15.6442819747912, 19.5548149410499, 23.4651336378836, 27.3752383854553, 31.2851294753573, 35.1948071708079, 39.1042717068346, 43.0135232904418, 46.9225621007657, 50.8313882892148, 54.7400019795959, 58.648403268228, 62.5565922240406, 66.4645688886604, 70.3723332764834, 74.2798853747343, 78.187225143512, 82.0943525158227, 86.0012673975992, 89.9079696677072, 90.6802240474498, 91.1951857211592, 104.434149185283, 113.247366287974, 119.118469056536, 124.98885011482, 130.858509567289, 136.727447308049, 142.595663020138, 148.463156174583, 154.329926029216, 160.195971627257, 166.061291795654, 169.971225678559, 173.880944035771, 177.790446513193, 181.418776108084), .UNSPECIFIED.);
#2040 = EDGE_CURVE ('', #740, #810, #2030, .T.);
#2050 = ORIENTED_EDGE ('', *, *, #2040, .T.);
#2060 = CARTESIAN_POINT ('', (-90., 90., 143.776668496362));
#2070 = CARTESIAN_POINT ('', (-90., 90., 196.223331503638));
#2080 = B_SPLINE_CURVE_WITH_KNOTS ('', 1, (#2060, #2070), .UNSPECIFIED., .F., .U., (2, 2), (0., 1.), .UNSPECIFIED.);
#2090 = EDGE_CURVE ('', #810, #620, #2080, .T.);
#2100 = ORIENTED_EDGE ('', *, *, #2090, .T.);
#2110 = EDGE_LOOP ('', (#720, #790, #2050, #2100));
#2120 = FACE_OUTER_BOUND ('', #2110, .T.);
#2130 = CARTESIAN_POINT ('', (-90., 90., 133.92618874957));
#2140 = CARTESIAN_POINT ('', (90., 90., 133.92618874957));
#2150 = CARTESIAN_POINT ('', (-90., 90., 206.07378559327));
#2160 = CARTESIAN_POINT ('', (90., 90., 206.07378559327));
#2170 = B_SPLINE_SURFACE_WITH_KNOTS ('', 1, 1, ((#2130, #2140), (#2150, #2160)), .UNSPECIFIED., .F., .F., .U., (2, 2), (2, 2), (0.452600465250807, 0.54739950103672), (0., 1.), .UNSPECIFIED.);
#2180 = ADVANCED_FACE ('', (#2120), #2170, .T.);
#2190 = CARTESIAN_POINT ('', (-90., -90., 196.223369108068));
#2200 = VERTEX_POINT ('', #2190);
#2210 = CARTESIAN_POINT ('', (90., -90., 196.223369108068));
#2220 = VERTEX_POINT ('', #2210);
#2230 = CARTESIAN_POINT ('', (-89.9999999999998, -90., 196.223369108068));
#2240 = CARTESIAN_POINT ('', (-45.5390634901816, -90., 206.073822307424));
#2250 = CARTESIAN_POINT ('', (-2.54771737348896E-14, -90., 206.073822307424));
#2260 = CARTESIAN_POINT ('', (45.5390634901817, -90., 206.073822307424));
#2270 = CARTESIAN_POINT ('', (90.0000000000001, -90., 196.223369108068));
#2280 = (
   BOUNDED_CURVE ()
   B_SPLINE_CURVE (2, (#2230, #2240, #2250, #2260, #2270), .UNSPECIFIED., .F., .U.)
   B_SPLINE_CURVE_WITH_KNOTS ((3, 2, 3), (0.425963987126444, 0.5, 0.574036012873556), .UNSPECIFIED.)
   CURVE ()
   GEOMETRIC_REPRESENTATION_ITEM ()
   RATIONAL_B_SPLINE_CURVE ((0.926104973438991, 0.9566307077627, 1., 0.9566307077627, 0.926104973438991))
   REPRESENTATION_ITEM ('')
);
#2290 = EDGE_CURVE ('', #2200, #2220, #2280, .T.);
#2300 = ORIENTED_EDGE ('', *, *, #2290, .F.);
#2310 = CARTESIAN_POINT ('', (-90., -90., 143.776630891932));
#2320 = VERTEX_POINT ('', #2310);
#2330 = CARTESIAN_POINT ('', (-90., -90., 143.776630891932));
#2340 = CARTESIAN_POINT ('', (-90., -90., 196.223369108068));
#2350 = B_SPLINE_CURVE_WITH_KNOTS ('', 1, (#2330, #2340), .UNSPECIFIED., .F., .U., (2, 2), (0., 1.), .UNSPECIFIED.);
#2360 = EDGE_CURVE ('', #2320, #2200, #2350, .T.);
#2370 = ORIENTED_EDGE ('', *, *, #2360, .F.);
#2380 = CARTESIAN_POINT ('', (90., -90., 143.776630891932));
#2390 = VERTEX_POINT ('', #2380);
#2400 = CARTESIAN_POINT ('', (-90., -90., 143.776630891932));
#2410 = CARTESIAN_POINT ('', (-88.7270691786094, -90., 143.494609268763));
#2420 = CARTESIAN_POINT ('', (-87.45650111691, -90., 143.219363893794));
#2430 = CARTESIAN_POINT ('', (-86.1809778229218, -90., 142.949309457661));
#2440 = CARTESIAN_POINT ('', (-84.9055249154038, -90., 142.679269923788));
#2450 = CARTESIAN_POINT ('', (-83.6323327955676, -90., 142.415949499799));
#2460 = CARTESIAN_POINT ('', (-82.3544000856465, -90., 142.157900167181));
#2470 = CARTESIAN_POINT ('', (-81.0765377563543, -90., 141.899865046324));
#2480 = CARTESIAN_POINT ('', (-79.8008339453239, -90., 141.648494522921));
#2490 = CARTESIAN_POINT ('', (-78.5206046858814, -90., 141.402471557557));
#2500 = CARTESIAN_POINT ('', (-77.240445804135, -90., 141.156462116746));
#2510 = CARTESIAN_POINT ('', (-75.9623428887028, -90., 140.917065376987));
#2520 = CARTESIAN_POINT ('', (-74.6799301411675, -90., 140.683088984073));
#2530 = CARTESIAN_POINT ('', (-73.3975877712976, -90., 140.449125431575));
#2540 = CARTESIAN_POINT ('', (-72.1171985480752, -90., 140.22172529039));
#2550 = CARTESIAN_POINT ('', (-70.8327155589182, -90., 139.999814614604));
#2560 = CARTESIAN_POINT ('', (-69.5483029502912, -90., 139.777916097944));
#2570 = CARTESIAN_POINT ('', (-68.2657404156652, -90., 139.562534300642));
#2580 = CARTESIAN_POINT ('', (-66.9793006064075, -90., 139.352707424259));
#2590 = CARTESIAN_POINT ('', (-65.6929311834328, -90., 139.142892028346));
#2600 = CARTESIAN_POINT ('', (-64.4083085235061, -90., 138.939549249209));
#2610 = CARTESIAN_POINT ('', (-63.1200254807079, -90., 138.741823190317));
#2620 = CARTESIAN_POINT ('', (-61.831812832828, -90., 138.544107935657));
#2630 = CARTESIAN_POINT ('', (-60.5452434133493, -90., 138.352823776628));
#2640 = CARTESIAN_POINT ('', (-59.2552308785847, -90., 138.167214487439));
#2650 = CARTESIAN_POINT ('', (-57.9652887502488, -90., 137.981615328451));
#2660 = CARTESIAN_POINT ('', (-56.6768861065288, -90., 137.802408317904));
#2670 = CARTESIAN_POINT ('', (-55.385257966344, -90., 137.628930683163));
#2680 = CARTESIAN_POINT ('', (-54.093700246967, -90., 137.45546250659));
#2690 = CARTESIAN_POINT ('', (-52.8035780737845, -90., 137.2883500982));
#2700 = CARTESIAN_POINT ('', (-51.5104483496422, -90., 137.127017933689));
#2710 = CARTESIAN_POINT ('', (-50.2173890635489, -90., 136.9656945571));
#2720 = CARTESIAN_POINT ('', (-48.9256612050454, -90., 136.810693128793));
#2730 = CARTESIAN_POINT ('', (-47.6311440432559, -90., 136.661519179934));
#2740 = CARTESIAN_POINT ('', (-46.336697339612, -90., 136.512353350332));
#2750 = CARTESIAN_POINT ('', (-45.0434777791776, -90., 136.369478203337));
#2760 = CARTESIAN_POINT ('', (-43.747687440817, -90., 136.232474143886));
#2770 = CARTESIAN_POINT ('', (-42.451967583548, -90., 136.095477536408));
#2780 = CARTESIAN_POINT ('', (-41.1573704336974, -90., 135.964742894386));
#2790 = CARTESIAN_POINT ('', (-39.8604212845149, -90., 135.839919325231));
#2800 = CARTESIAN_POINT ('', (-38.5635426422125, -90., 135.715102541941));
#2810 = CARTESIAN_POINT ('', (-37.267682134454, -90., 135.59652155022));
#2820 = CARTESIAN_POINT ('', (-35.9696886347681, -90., 135.483887998274));
#2830 = CARTESIAN_POINT ('', (-34.6717656705873, -90., 135.371260567055));
#2840 = CARTESIAN_POINT ('', (-33.3747561452836, -90., 135.264845291948));
#2850 = CARTESIAN_POINT ('', (-32.0758328398687, -90., 135.16441020913));
#2860 = CARTESIAN_POINT ('', (-30.7769801014141, -90., 135.063980582677));
#2870 = CARTESIAN_POINT ('', (-29.4789359976378, -90., 134.969742010895));
#2880 = CARTESIAN_POINT ('', (-28.1791975056018, -90., 134.88151277322));
#2890 = CARTESIAN_POINT ('', (-26.8795296148058, -90., 134.79328832812));
#2900 = CARTESIAN_POINT ('', (-25.5805654601884, -90., 134.711236366277));
#2910 = CARTESIAN_POINT ('', (-24.2801264648433, -90., 134.635219273033));
#2920 = CARTESIAN_POINT ('', (-22.979758107836, -90., 134.55920630895));
#2930 = CARTESIAN_POINT ('', (-21.6799885084127, -90., 134.489349783162));
#2940 = CARTESIAN_POINT ('', (-20.3789637471369, -90., 134.425550056187));
#2950 = CARTESIAN_POINT ('', (-19.0780096641094, -90., 134.361753795136));
#2960 = CARTESIAN_POINT ('', (-17.7775492941603, -90., 134.304100450711));
#2970 = CARTESIAN_POINT ('', (-16.476053548256, -90., 134.252522233766));
#2980 = CARTESIAN_POINT ('', (-15.1746285233172, -90., 134.200946819491));
#2990 = CARTESIAN_POINT ('', (-13.8735921152051, -90., 134.155503320713));
#3000 = CARTESIAN_POINT ('', (-12.5717401997498, -90., 134.116149678952));
#3010 = CARTESIAN_POINT ('', (-11.2699590507789, -90., 134.076798176389));
#3020 = CARTESIAN_POINT ('', (-9.96846138478497, -90., 134.043570106399));
#3030 = CARTESIAN_POINT ('', (-8.66636813847912, -90., 134.016443025931));
#3040 = CARTESIAN_POINT ('', (-7.3643457069726, -90., 133.98931742078));
#3050 = CARTESIAN_POINT ('', (-6.06250160113138, -90., 133.968309281544));
#3060 = CARTESIAN_POINT ('', (-4.76028187614257, -90., 133.953409669098));
#3070 = CARTESIAN_POINT ('', (-3.45813301705895, -90., 133.938510867478));
#3080 = CARTESIAN_POINT ('', (-2.15605731699245, -90., 133.929726079859));
#3090 = CARTESIAN_POINT ('', (-0.853825968797129, -90., 133.927053762535));
#3100 = CARTESIAN_POINT ('', (-0.596408384222368, -90., 133.926525514254));
#3110 = CARTESIAN_POINT ('', (-0.338991273045015, -90., 133.926236156954));
#3120 = CARTESIAN_POINT ('', (-0.0815731514072163, -90., 133.926185688968));
#3130 = CARTESIAN_POINT ('', (0.0900807365487742, -90., 133.926152035448));
#3140 = CARTESIAN_POINT ('', (0.261734712304064, -90., 133.926224607331));
#3150 = CARTESIAN_POINT ('', (0.433388510440129, -90., 133.926403404507));
#3160 = CARTESIAN_POINT ('', (4.84637393664591, -90., 133.93100003644));
#3170 = CARTESIAN_POINT ('', (9.26163410950701, -90., 134.00586277613));
#3180 = CARTESIAN_POINT ('', (13.6722387406018, -90., 134.150874117391));
#3190 = CARTESIAN_POINT ('', (16.6083912784925, -90., 134.247408595831));
#3200 = CARTESIAN_POINT ('', (19.5470488375684, -90., 134.375206704553));
#3210 = CARTESIAN_POINT ('', (22.4804967427609, -90., 134.533932943124));
#3220 = CARTESIAN_POINT ('', (24.4346723767106, -90., 134.639671636262));
#3230 = CARTESIAN_POINT ('', (26.3904014396579, -90., 134.759344109415));
#3240 = CARTESIAN_POINT ('', (28.3428897882248, -90., 134.892657005489));
#3250 = CARTESIAN_POINT ('', (30.2951381255507, -90., 135.025953513966));
#3260 = CARTESIAN_POINT ('', (32.249295603097, -90., 135.173243890725));
#3270 = CARTESIAN_POINT ('', (34.1994679114944, -90., 135.334083864998));
#3280 = CARTESIAN_POINT ('', (36.1494004985832, -90., 135.494904068316));
#3290 = CARTESIAN_POINT ('', (38.101597246844, -90., 135.669791112232));
#3300 = CARTESIAN_POINT ('', (40.0490656035496, -90., 135.85811857071));
#3310 = CARTESIAN_POINT ('', (41.9962945067608, -90., 136.04642287314));
#3320 = CARTESIAN_POINT ('', (43.9461417933855, -90., 136.248879892879));
#3330 = CARTESIAN_POINT ('', (45.8905188838635, -90., 136.464649774557));
#3340 = CARTESIAN_POINT ('', (47.8346567665292, -90., 136.680393111055));
#3350 = CARTESIAN_POINT ('', (49.7817663474006, -90., 136.910387971161));
#3360 = CARTESIAN_POINT ('', (51.7226655310079, -90., 137.153549755024));
#3370 = CARTESIAN_POINT ('', (53.6633257303374, -90., 137.396681598206));
#3380 = CARTESIAN_POINT ('', (55.6073099261179, -90., 137.654176730996));
#3390 = CARTESIAN_POINT ('', (57.5443453129006, -90., 137.924674444078));
#3400 = CARTESIAN_POINT ('', (59.4811419167746, -90., 138.19513881227));
#3410 = CARTESIAN_POINT ('', (61.4216136892845, -90., 138.480091230845));
#3420 = CARTESIAN_POINT ('', (63.3544002166485, -90., 138.777863457354));
#3430 = CARTESIAN_POINT ('', (65.2869481402888, -90., 139.075598923692));
#3440 = CARTESIAN_POINT ('', (67.2235211686972, -90., 139.387960236093));
#3450 = CARTESIAN_POINT ('', (69.1516746779397, -90., 139.71294012759));
#3460 = CARTESIAN_POINT ('', (71.0795897404398, -90., 140.037879830174));
#3470 = CARTESIAN_POINT ('', (73.0118784972533, -90., 140.37759625466));
#3480 = CARTESIAN_POINT ('', (74.9350158099403, -90., 140.729711541292));
#3490 = CARTESIAN_POINT ('', (76.2170156879088, -90., 140.9644382826));
#3500 = CARTESIAN_POINT ('', (77.5010860534345, -90., 141.205790292502));
#3510 = CARTESIAN_POINT ('', (78.7808216665808, -90., 141.452563651357));
#3520 = CARTESIAN_POINT ('', (80.060486737395, -90., 141.699323407428));
#3530 = CARTESIAN_POINT ('', (81.3423248381963, -90., 141.952759802866));
#3540 = CARTESIAN_POINT ('', (82.619612608441, -90., 142.211543540108));
#3550 = CARTESIAN_POINT ('', (83.8968298517216, -90., 142.470312988299));
#3560 = CARTESIAN_POINT ('', (85.1763223538619, -90., 142.735813058287));
#3570 = CARTESIAN_POINT ('', (86.4510494878139, -90., 143.006582790378));
#3580 = CARTESIAN_POINT ('', (87.6340976865495, -90., 143.25787864444));
#3590 = CARTESIAN_POINT ('', (88.8191901765819, -90., 143.515018950844));
#3600 = CARTESIAN_POINT ('', (90., -90., 143.776630891932));
#3610 = B_SPLINE_CURVE_WITH_KNOTS ('', 3, (#2400, #2410, #2420, #2430, #2440, #2450, #2460, #2470, #2480, #2490, #2500, #2510, #2520, #2530, #2540, #2550, #2560, #2570, #2580, #2590, #2600, #2610, #2620, #2630, #2640, #2650, #2660, #2670, #2680, #2690, #2700, #2710, #2720, #2730, #2740, #2750, #2760, #2770, #2780, #2790, #2800, #2810, #2820, #2830, #2840, #2850, #2860, #2870, #2880, #2890, #2900, #2910, #2920, #2930, #2940, #2950, #2960, #2970, #2980, #2990, #3000, #3010, #3020, #3030, #3040, #3050, #3060, #3070, #3080, #3090, #3100, #3110, #3120, #3130, #3140, #3150, #3160, #3170, #3180, #3190, #3200, #3210, #3220, #3230, #3240, #3250, #3260, #3270, #3280, #3290, #3300, #3310, #3320, #3330, #3340, #3350, #3360, #3370, #3380, #3390, #3400, #3410, #3420, #3430, #3440, #3450, #3460, #3470, #3480, #3490, #3500, #3510, #3520, #3530, #3540, #3550, #3560, #3570, #3580, #3590, #3600), .UNSPECIFIED., .F., .U., (4, 3, 3, 3, 3, 3, 3, 3, 3, 3, 3, 3, 3, 3, 3, 3, 3, 3, 3, 3, 3, 3, 3, 3, 3, 3, 3, 3, 3, 3, 3, 3, 3, 3, 3, 3, 3, 3, 3, 3, 4), (0., 3.91139382417975, 7.82257180815816, 11.733534388646, 15.6442819728476, 19.5548149387169, 23.4651336351996, 27.3752383824585, 31.2851294720858, 35.1948071672996, 39.1042717031274, 43.0135232865735, 46.9225620967741, 50.8313882851374, 54.7400019754703, 58.6484032640916, 62.556592219931, 66.464568884615, 70.3723332725396, 74.2798853709295, 78.1872251398837, 82.0943525124081, 86.0012673944357, 89.9079696648324, 90.6802240445875, 91.1951857183523, 104.434149178849, 113.247366280544, 119.118469048844, 124.988850106993, 130.858509559455, 136.727447300335, 142.595663012674, 148.463156167495, 154.329926022633, 160.195971621309, 166.061291790469, 169.971225673768, 173.880944031412, 177.790446509305, 181.418775852295), .UNSPECIFIED.);
#3620 = EDGE_CURVE ('', #2320, #2390, #3610, .T.);
#3630 = ORIENTED_EDGE ('', *, *, #3620, .T.);
#3640 = CARTESIAN_POINT ('', (90., -90., 143.776630891932));
#3650 = CARTESIAN_POINT ('', (90., -90., 196.223369108068));
#3660 = B_SPLINE_CURVE_WITH_KNOTS ('', 1, (#3640, #3650), .UNSPECIFIED., .F., .U., (2, 2), (0., 1.), .UNSPECIFIED.);
#3670 = EDGE_CURVE ('', #2390, #2220, #3660, .T.);
#3680 = ORIENTED_EDGE ('', *, *, #3670, .T.);
#3690 = EDGE_LOOP ('', (#2300, #2370, #3630, #3680));
#3700 = FACE_OUTER_BOUND ('', #3690, .T.);
#3710 = CARTESIAN_POINT ('', (90., -90., 133.926152035448));
#3720 = CARTESIAN_POINT ('', (-90., -90., 133.926152035448));
#3730 = CARTESIAN_POINT ('', (90., -90., 206.073822307424));
#3740 = CARTESIAN_POINT ('', (-90., -90., 206.073822307424));
#3750 = B_SPLINE_SURFACE_WITH_KNOTS ('', 1, 1, ((#3710, #3720), (#3730, #3740)), .UNSPECIFIED., .F., .F., .U., (2, 2), (2, 2), (0.452600417009929, 0.547399549277639), (0., 1.), .UNSPECIFIED.);
#3760 = ADVANCED_FACE ('', (#3700), #3750, .T.);
#3770 = CARTESIAN_POINT ('', (-90., 90., 196.223331503638));
#3780 = CARTESIAN_POINT ('', (-90., 89.1856933177116, 195.915597632504));
#3790 = CARTESIAN_POINT ('', (-90., 88.3741735505625, 195.613613073507));
#3800 = CARTESIAN_POINT ('', (-90., 87.5567856470935, 195.314159365022));
#3810 = CARTESIAN_POINT ('', (-90., 86.7394211003521, 195.014714213379));
#3820 = CARTESIAN_POINT ('', (-90., 85.9247700772402, 194.72094463015));
#3830 = CARTESIAN_POINT ('', (-90., 85.1044075714625, 194.429813113089));
#3840 = CARTESIAN_POINT ('', (-90., 84.2841667877575, 194.138724792945));
#3850 = CARTESIAN_POINT ('', (-90., 83.4665659331897, 193.853237594073));
#3860 = CARTESIAN_POINT ('', (-90., 82.6434105536041, 193.570496414836));
#3870 = CARTESIAN_POINT ('', (-90., 81.8202769145397, 193.287762703132));
#3880 = CARTESIAN_POINT ('', (-90., 80.9997108792379, 193.010565534692));
#3890 = CARTESIAN_POINT ('', (-90., 80.1737443373322, 192.736217924632));
#3900 = CARTESIAN_POINT ('', (-90., 79.3477998821711, 192.461877650761));
#3910 = CARTESIAN_POINT ('', (-90., 78.5243492423971, 192.193009766174));
#3920 = CARTESIAN_POINT ('', (-90., 77.6956550110864, 191.927091169849));
#3930 = CARTESIAN_POINT ('', (-90., 76.866983189432, 191.661179764529));
#3940 = CARTESIAN_POINT ('', (-90., 76.04073003392, 191.40067709011));
#3950 = CARTESIAN_POINT ('', (-90., 75.2093928883362, 191.143219493881));
#3960 = CARTESIAN_POINT ('', (-90., 74.3780784511304, 190.885768930232));
#3970 = CARTESIAN_POINT ('', (-90., 73.5491062756927, 190.633664003535));
#3980 = CARTESIAN_POINT ('', (-90., 72.7152121806024, 190.384695884284));
#3990 = CARTESIAN_POINT ('', (-90., 72.1595732275769, 190.218803853231));
#4000 = CARTESIAN_POINT ('', (-90., 71.6049463866891, 190.055263324333));
#4010 = CARTESIAN_POINT ('', (-90., 71.0481935956309, 189.893148729879));
#4020 = CARTESIAN_POINT ('', (-90., 70.4914894915699, 189.731048312045));
#4030 = CARTESIAN_POINT ('', (-90., 69.9357747909425, 189.571280740488));
#4040 = CARTESIAN_POINT ('', (-90., 69.3779822510284, 189.412966220129));
#4050 = CARTESIAN_POINT ('', (-90., 68.5409593123437, 189.175399606048));
#4060 = CARTESIAN_POINT ('', (-90., 67.7060999833364, 188.94303925524));
#4070 = CARTESIAN_POINT ('', (-90., 66.866697134001, 188.714023638877));
#4080 = CARTESIAN_POINT ('', (-90., 66.0273158927084, 188.485013917872));
#4090 = CARTESIAN_POINT ('', (-90., 65.1900218356112, 188.261158684153));
#4100 = CARTESIAN_POINT ('', (-90., 64.3483458543753, 188.040732135935));
#4110 = CARTESIAN_POINT ('', (-90., 63.5066917734031, 187.820311323178));
#4120 = CARTESIAN_POINT ('', (-90., 62.6670472512093, 187.604993754517));
#4130 = CARTESIAN_POINT ('', (-90., 61.8231847819927, 187.393184737331));
#4140 = CARTESIAN_POINT ('', (-90., 60.9793444801937, 187.181381284154));
#4150 = CARTESIAN_POINT ('', (-90., 60.137435021529, 186.974630422937));
#4160 = CARTESIAN_POINT ('', (-90., 59.2914737483534, 186.771463786884));
#4170 = CARTESIAN_POINT ('', (-90., 58.4455348839321, 186.568302532534));
#4180 = CARTESIAN_POINT ('', (-90., 57.6014471694259, 186.37014386422));
#4190 = CARTESIAN_POINT ('', (-90., 56.7534756969191, 186.175640806603));
#4200 = CARTESIAN_POINT ('', (-90., 56.1884322635497, 186.046034234873));
#4210 = CARTESIAN_POINT ('', (-90., 55.624181942292, 185.918631286203));
#4220 = CARTESIAN_POINT ('', (-90., 55.0582682777594, 185.792878873404));
#4230 = CARTESIAN_POINT ('', (-90., 53.7839419473654, 185.509709159039));
#4240 = CARTESIAN_POINT ('', (-90., 52.5134385650256, 185.237598922475));
#4250 = CARTESIAN_POINT ('', (-90., 51.2349151146246, 184.97402640827));
#4260 = CARTESIAN_POINT ('', (-90., 49.9564645163534, 184.710468912812));
#4270 = CARTESIAN_POINT ('', (-90., 48.6815675700864, 184.457838555404));
#4280 = CARTESIAN_POINT ('', (-90., 47.3992172040609, 184.213961487219));
#4290 = CARTESIAN_POINT ('', (-90., 46.1169408348374, 183.970098491727));
#4300 = CARTESIAN_POINT ('', (-90., 44.8379443488588, 183.737033520196));
#4310 = CARTESIAN_POINT ('', (-90., 43.5520699665154, 183.512915425272));
#4320 = CARTESIAN_POINT ('', (-90., 42.9810316666836, 183.413387806054));
#4330 = CARTESIAN_POINT ('', (-90., 42.4106019992785, 183.31597326056));
#4340 = CARTESIAN_POINT ('', (-90., 41.8388969948643, 183.220349650559));
#4350 = CARTESIAN_POINT ('', (-90., 40.5518997049529, 183.005085963916));
#4360 = CARTESIAN_POINT ('', (-90., 39.2677835117944, 182.800437536032));
#4370 = CARTESIAN_POINT ('', (-90., 37.977627052171, 182.604997548521));
#4380 = CARTESIAN_POINT ('', (-90., 36.687542948853, 182.40956852194));
#4390 = CARTESIAN_POINT ('', (-90., 35.4000646410537, 182.224661100736));
#4400 = CARTESIAN_POINT ('', (-90., 34.1071237152912, 182.049124037548));
#4410 = CARTESIAN_POINT ('', (-90., 32.8142560608004, 181.873596922088));
#4420 = CARTESIAN_POINT ('', (-90., 31.5237154166328, 181.708501165801));
#4430 = CARTESIAN_POINT ('', (-90., 30.2282967468308, 181.552915143875));
#4440 = CARTESIAN_POINT ('', (-90., 29.3650046336576, 181.449229602837));
#4450 = CARTESIAN_POINT ('', (-90., 28.5026432717453, 181.35014614494));
#4460 = CARTESIAN_POINT ('', (-90., 27.6383318484942, 181.255331970234));
#4470 = CARTESIAN_POINT ('', (-90., 26.7741620265583, 181.160533329064));
#4480 = CARTESIAN_POINT ('', (-90., 25.9108397369683, 181.070310402133));
#4490 = CARTESIAN_POINT ('', (-90., 25.0457417590283, 180.98439327883));
#4500 = CARTESIAN_POINT ('', (-90., 24.1806653714833, 180.898478299775));
#4510 = CARTESIAN_POINT ('', (-90., 23.3163536738615, 180.817122089397));
#4520 = CARTESIAN_POINT ('', (-90., 22.4504397923977, 180.740104625128));
#4530 = CARTESIAN_POINT ('', (-90., 21.5845474500499, 180.663089076626));
#4540 = CARTESIAN_POINT ('', (-90., 20.7193364268589, 180.59061604993));
#4550 = CARTESIAN_POINT ('', (-90., 19.8526977851191, 180.522510191952));
#4560 = CARTESIAN_POINT ('', (-90., 18.9860807914364, 180.454406035212));
#4570 = CARTESIAN_POINT ('', (-90., 18.1200613392162, 180.390828871559));
#4580 = CARTESIAN_POINT ('', (-90., 17.2527896454267, 180.331642732503));
#4590 = CARTESIAN_POINT ('', (-90., 16.3855396800813, 180.272458076284));
#4600 = CARTESIAN_POINT ('', (-90., 15.5188031945839, 180.217785620046));
#4610 = CARTESIAN_POINT ('', (-90., 14.6509904038601, 180.167523445603));
#4620 = CARTESIAN_POINT ('', (-90., 13.7832245098532, 180.117263987335));
#4630 = CARTESIAN_POINT ('', (-90., 12.9158879199859, 180.071501597913));
#4640 = CARTESIAN_POINT ('', (-90., 12.0476511749971, 180.030166206317));
#4650 = CARTESIAN_POINT ('', (-90., 11.1795314707394, 179.988836386847));
#4660 = CARTESIAN_POINT ('', (-90., 10.3117571509114, 179.951993565686));
#4670 = CARTESIAN_POINT ('', (-90., 9.44325826094228, 179.91959521665));
#4680 = CARTESIAN_POINT ('', (-90., 8.57478090554597, 179.887197670937));
#4690 = CARTESIAN_POINT ('', (-90., 7.70656489222491, 179.859282046617));
#4700 = CARTESIAN_POINT ('', (-90., 6.83780012244818, 179.835823730411));
#4710 = CARTESIAN_POINT ('', (-90., 5.96905694661288, 179.812365997284));
#4720 = CARTESIAN_POINT ('', (-90., 5.10049086026534, 179.793385843801));
#4730 = CARTESIAN_POINT ('', (-90., 4.23155225677275, 179.778871224817));
#4740 = CARTESIAN_POINT ('', (-90., 3.36263527772546, 179.764356967045));
#4750 = CARTESIAN_POINT ('', (-90., 2.49381104937425, 179.754316687993));
#4760 = CARTESIAN_POINT ('', (-90., 1.62479071443401, 179.748745546666));
#4770 = CARTESIAN_POINT ('', (-90., 0.755792005484938, 179.743174543979));
#4780 = CARTESIAN_POINT ('', (-90., -0.113198253505668, 179.742074661828));
#4790 = CARTESIAN_POINT ('', (-90., -0.982208292123093, 179.745442897008));
#4800 = CARTESIAN_POINT ('', (-90., -1.8510910950121, 179.748810639029));
#4810 = CARTESIAN_POINT ('', (-90., -2.72004965848129, 179.756646032146));
#4820 = CARTESIAN_POINT ('', (-90., -3.58885186682016, 179.768950081401));
#4830 = CARTESIAN_POINT ('', (-90., -4.45761600507605, 179.781253591505));
#4840 = CARTESIAN_POINT ('', (-90., -5.32654019698092, 179.798030743854));
#4850 = CARTESIAN_POINT ('', (-90., -6.1951317250176, 179.819273665105));
#4860 = CARTESIAN_POINT ('', (-90., -7.06370161805542, 179.840516057234));
#4870 = CARTESIAN_POINT ('', (-90., -7.93251587596678, 179.866239003481));
#4880 = CARTESIAN_POINT ('', (-90., -8.80082111223763, 179.89642037157));
#4890 = CARTESIAN_POINT ('', (-90., -9.66910473262238, 179.926600988313));
#4900 = CARTESIAN_POINT ('', (-90., -10.5377169209438, 179.961269813269));
#4910 = CARTESIAN_POINT ('', (-90., -11.4056439398343, 180.000385090787));
#4920 = CARTESIAN_POINT ('', (-90., -12.2735493908561, 180.039499396296));
#4930 = CARTESIAN_POINT ('', (-90., -13.1418673807495, 180.083110296442));
#4940 = CARTESIAN_POINT ('', (-90., -14.0093245176591, 180.131151075302));
#4950 = CARTESIAN_POINT ('', (-90., -14.5876556781303, 180.163179723411));
#4960 = CARTESIAN_POINT ('', (-90., -15.1662008977229, 180.197210011908));
#4970 = CARTESIAN_POINT ('', (-90., -15.7442989468654, 180.233201831108));
#4980 = CARTESIAN_POINT ('', (-90., -17.0444883330742, 180.314150350798));
#4990 = CARTESIAN_POINT ('', (-90., -18.3459689116373, 180.405255487499));
#5000 = CARTESIAN_POINT ('', (-90., -19.6447553993456, 180.506244408655));
#5010 = CARTESIAN_POINT ('', (-90., -20.9434684990025, 180.607227623423));
#5020 = CARTESIAN_POINT ('', (-90., -22.2437557329847, 180.718429926717));
#5030 = CARTESIAN_POINT ('', (-90., -23.5407565990741, 180.839434382207));
#5040 = CARTESIAN_POINT ('', (-90., -24.8376844685017, 180.96043202743));
#5050 = CARTESIAN_POINT ('', (-90., -26.1364675916828, 181.091714926883));
#5060 = CARTESIAN_POINT ('', (-90., -27.4313756563477, 181.23269518335));
#5070 = CARTESIAN_POINT ('', (-90., -28.2948066926946, 181.326699331032));
#5080 = CARTESIAN_POINT ('', (-90., -29.1591647330413, 181.42530018645));
#5090 = CARTESIAN_POINT ('', (-90., -30.0215848410674, 181.528166563759));
#5100 = CARTESIAN_POINT ('', (-90., -30.8838629148799, 181.631015999737));
#5110 = CARTESIAN_POINT ('', (-90., -31.7471504951437, 181.738482200895));
#5120 = CARTESIAN_POINT ('', (-90., -32.608327270651, 181.850178415629));
#5130 = CARTESIAN_POINT ('', (-90., -33.4694820847076, 181.961871781922));
#5140 = CARTESIAN_POINT ('', (-90., -34.3317294299848, 182.078211322803));
#5150 = CARTESIAN_POINT ('', (-90., -35.1916919192281, 182.198741563578));
#5160 = CARTESIAN_POINT ('', (-90., -36.0516325677849, 182.319268743216));
#5170 = CARTESIAN_POINT ('', (-90., -36.9127482543397, 182.444472233924));
#5180 = CARTESIAN_POINT ('', (-90., -37.7714060486932, 182.573822580919));
#5190 = CARTESIAN_POINT ('', (-90., -38.6300421511405, 182.703169660192));
#5200 = CARTESIAN_POINT ('', (-90., -39.489935159932, 182.837223880397));
#5210 = CARTESIAN_POINT ('', (-90., -40.3471985025682, 182.975376639018));
#5220 = CARTESIAN_POINT ('', (-90., -41.204440329669, 183.11352593029));
#5230 = CARTESIAN_POINT ('', (-90., -42.0630201743495, 183.256413848521));
#5240 = CARTESIAN_POINT ('', (-90., -42.9188000847369, 183.403347581162));
#5250 = CARTESIAN_POINT ('', (-90., -43.7745357078929, 183.550273709875));
#5260 = CARTESIAN_POINT ('', (-90., -44.6316897542443, 183.701969545972));
#5270 = CARTESIAN_POINT ('', (-90., -45.4858750083038, 183.857656076488));
#5280 = CARTESIAN_POINT ('', (-90., -46.3399413255419, 184.013320929199));
#5290 = CARTESIAN_POINT ('', (-90., -47.1955071964201, 184.173791613084));
#5300 = CARTESIAN_POINT ('', (-90., -48.047933824191, 184.338198622902));
#5310 = CARTESIAN_POINT ('', (-90., -48.9003383243433, 184.50260136498));
#5320 = CARTESIAN_POINT ('', (-90., -49.7543234832974, 184.671851447935));
#5330 = CARTESIAN_POINT ('', (-90., -50.6049988815081, 184.844978743187));
#5340 = CARTESIAN_POINT ('', (-90., -51.4556523417373, 185.018101573677));
#5350 = CARTESIAN_POINT ('', (-90., -52.3079667524514, 185.196113930208));
#5360 = CARTESIAN_POINT ('', (-90., -53.1568024866802, 185.377940001312));
#5370 = CARTESIAN_POINT ('', (-90., -54.0056164994006, 185.55976141953));
#5380 = CARTESIAN_POINT ('', (-90., -54.8561708251402, 185.746515176375));
#5390 = CARTESIAN_POINT ('', (-90., -55.703079398043, 185.937014849489));
#5400 = CARTESIAN_POINT ('', (-90., -56.5499664921253, 186.127509691258));
#5410 = CARTESIAN_POINT ('', (-90., -57.3986722195293, 186.322980260387));
#5420 = CARTESIAN_POINT ('', (-90., -58.2435671894751, 186.522124742168));
#5430 = CARTESIAN_POINT ('', (-90., -58.8069916128456, 186.654925704189));
#5440 = CARTESIAN_POINT ('', (-90., -59.371253184947, 186.789954110695));
#5450 = CARTESIAN_POINT ('', (-90., -59.9337599189243, 186.926589942723));
#5460 = CARTESIAN_POINT ('', (-90., -60.7771258681249, 187.131447949236));
#5470 = CARTESIAN_POINT ('', (-90., -61.6224414073381, 187.341358916286));
#5480 = CARTESIAN_POINT ('', (-90., -62.463670092044, 187.554823731025));
#5490 = CARTESIAN_POINT ('', (-90., -63.3048764017339, 187.768282868024));
#5500 = CARTESIAN_POINT ('', (-90., -64.1481109861416, 187.986848290064));
#5510 = CARTESIAN_POINT ('', (-90., -64.9870926248263, 188.208890332435));
#5520 = CARTESIAN_POINT ('', (-90., -65.8260521325755, 188.430926517707));
#5530 = CARTESIAN_POINT ('', (-90., -66.6671175399477, 188.658122930824));
#5540 = CARTESIAN_POINT ('', (-90., -67.503765996977, 188.888714523393));
#5550 = CARTESIAN_POINT ('', (-90., -68.3403925927114, 189.119300090695));
#5560 = CARTESIAN_POINT ('', (-90., -69.179201542859, 189.355100386388));
#5570 = CARTESIAN_POINT ('', (-90., -70.0134318513239, 189.594210312942));
#5580 = CARTESIAN_POINT ('', (-90., -70.8476405929409, 189.833314057933));
#5590 = CARTESIAN_POINT ('', (-90., -71.6841068665204, 190.077687526094));
#5600 = CARTESIAN_POINT ('', (-90., -72.5158353406889, 190.325281085615));
#5610 = CARTESIAN_POINT ('', (-90., -73.070533755249, 190.490406795732));
#5620 = CARTESIAN_POINT ('', (-90., -73.6262628666631, 190.657894996616));
#5630 = CARTESIAN_POINT ('', (-90., -74.1798279944907, 190.826780995178));
#5640 = CARTESIAN_POINT ('', (-90., -75.0096812001083, 191.079959131309));
#5650 = CARTESIAN_POINT ('', (-90., -75.8419165344917, 191.338500092393));
#5660 = CARTESIAN_POINT ('', (-90., -76.6691500250832, 191.600110993413));
#5670 = CARTESIAN_POINT ('', (-90., -77.4963603681727, 191.861714574082));
#5680 = CARTESIAN_POINT ('', (-90., -78.3260293426975, 192.12874817988));
#5690 = CARTESIAN_POINT ('', (-90., -79.1505341171932, 192.398757924088));
#5700 = CARTESIAN_POINT ('', (-90., -79.9750160134961, 192.668760176119));
#5710 = CARTESIAN_POINT ('', (-90., -80.8020318410268, 192.94426028038));
#5720 = CARTESIAN_POINT ('', (-90., -81.6237234635699, 193.222638603666));
#5730 = CARTESIAN_POINT ('', (-90., -82.4453925021365, 193.501009275799));
#5740 = CARTESIAN_POINT ('', (-90., -83.2696694616644, 193.784946183015));
#5750 = CARTESIAN_POINT ('', (-90., -84.0884647827017, 194.071659388658));
#5760 = CARTESIAN_POINT ('', (-90., -84.9072378381271, 194.35836479767));
#5770 = CARTESIAN_POINT ('', (-90., -85.7286913902918, 194.65070530626));
#5780 = CARTESIAN_POINT ('', (-90., -86.5445086555825, 194.945716318768));
#5790 = CARTESIAN_POINT ('', (-90., -87.3603039969285, 195.240719403269));
#5800 = CARTESIAN_POINT ('', (-90., -88.1788508966268, 195.5414268567));
#5810 = CARTESIAN_POINT ('', (-90., -88.9916098525194, 195.844695283087));
#5820 = CARTESIAN_POINT ('', (-90., -89.3277565831456, 195.970123233518));
#5830 = CARTESIAN_POINT ('', (-90., -89.6643817157857, 196.096533929348));
#5840 = CARTESIAN_POINT ('', (-90., -90., 196.223369108068));
#5850 = B_SPLINE_CURVE_WITH_KNOTS ('', 3, (#3770, #3780, #3790, #3800, #3810, #3820, #3830, #3840, #3850, #3860, #3870, #3880, #3890, #3900, #3910, #3920, #3930, #3940, #3950, #3960, #3970, #3980, #3990, #4000, #4010, #4020, #4030, #4040, #4050, #4060, #4070, #4080, #4090, #4100, #4110, #4120, #4130, #4140, #4150, #4160, #4170, #4180, #4190, #4200, #4210, #4220, #4230, #4240, #4250, #4260, #4270, #4280, #4290, #4300, #4310, #4320, #4330, #4340, #4350, #4360, #4370, #4380, #4390, #4400, #4410, #4420, #4430, #4440, #4450, #4460, #4470, #4480, #4490, #4500, #4510, #4520, #4530, #4540, #4550, #4560, #4570, #4580, #4590, #4600, #4610, #4620, #4630, #4640, #4650, #4660, #4670, #4680, #4690, #4700, #4710, #4720, #4730, #4740, #4750, #4760, #4770, #4780, #4790, #4800, #4810, #4820, #4830, #4840, #4850, #4860, #4870, #4880, #4890, #4900, #4910, #4920, #4930, #4940, #4950, #4960, #4970, #4980, #4990, #5000, #5010, #5020, #5030, #5040, #5050, #5060, #5070, #5080, #5090, #5100, #5110, #5120, #5130, #5140, #5150, #5160, #5170, #5180, #5190, #5200, #5210, #5220, #5230, #5240, #5250, #5260, #5270, #5280, #5290, #5300, #5310, #5320, #5330, #5340, #5350, #5360, #5370, #5380, #5390, #5400, #5410, #5420, #5430, #5440, #5450, #5460, #5470, #5480, #5490, #5500, #5510, #5520, #5530, #5540, #5550, #5560, #5570, #5580, #5590, #5600, #5610, #5620, #5630, #5640, #5650, #5660, #5670, #5680, #5690, #5700, #5710, #5720, #5730, #5740, #5750, #5760, #5770, #5780, #5790, #5800, #5810, #5820, #5830, #5840), .UNSPECIFIED., .F., .U., (4, 3, 3, 3, 3, 3, 3, 3, 3, 3, 3, 3, 3, 3, 3, 3, 3, 3, 3, 3, 3, 3, 3, 3, 3, 3, 3, 3, 3, 3, 3, 3, 3, 3, 3, 3, 3, 3, 3, 3, 3, 3, 3, 3, 3, 3, 3, 3, 3, 3, 3, 3, 3, 3, 3, 3, 3, 3, 3, 3, 3, 3, 3, 3, 3, 3, 3, 3, 3, 4), (0., 2.6115435233525, 5.22301242226983, 7.83409384198757, 10.4451062999121, 13.0560489381009, 15.6669209708419, 18.2777216863449, 20.0173461598377, 21.7568185064021, 24.3670690047438, 26.9772523095979, 29.5873676979329, 32.1974145211642, 34.8073922065993, 36.5465435816287, 40.4627706117205, 44.3787744894882, 48.2945523979957, 50.0334929897803, 53.9481199593954, 57.8625273835883, 61.7767129773759, 64.385202133341, 66.9932639369825, 69.601260650789, 72.2091924921585, 74.8170591891244, 77.4248605491422, 80.0325209832333, 82.6398298974359, 85.2470741629852, 87.8542536230982, 90.4613682008255, 93.0684178992461, 95.6750858876142, 98.2816396542807, 100.888128496543, 103.494552451984, 106.100911638144, 107.838563757886, 111.746684268522, 115.654583950444, 119.562263691393, 122.167863316964, 124.773033819548, 127.378137885918, 129.983175789797, 132.588147883713, 135.193054598222, 137.797826506918, 140.40223572697, 143.006577340764, 145.610851791457, 148.215059599374, 150.819201360833, 152.555792443177, 155.159462227142, 157.763062758651, 160.366594611523, 162.970058435132, 165.573454952978, 167.30971860845, 169.912563130007, 172.515334819226, 175.118034287259, 177.720662220787, 180.323219380703, 182.925706600545, 184.002062098204), .UNSPECIFIED.);
#5860 = EDGE_CURVE ('', #620, #2200, #5850, .T.);
#5870 = ORIENTED_EDGE ('', *, *, #5860, .F.);
#5880 = ORIENTED_EDGE ('', *, *, #2090, .F.);
#5890 = CARTESIAN_POINT ('', (-90., 90., 143.776668496362));
#5900 = CARTESIAN_POINT ('', (-90., 89.1856933177116, 144.084402367496));
#5910 = CARTESIAN_POINT ('', (-90., 88.3741735505625, 144.386386926493));
#5920 = CARTESIAN_POINT ('', (-90., 87.5567856470935, 144.685840634978));
#5930 = CARTESIAN_POINT ('', (-90., 86.7394211003521, 144.985285786621));
#5940 = CARTESIAN_POINT ('', (-90., 85.9247700772402, 145.27905536985));
#5950 = CARTESIAN_POINT ('', (-90., 85.1044075714625, 145.570186886912));
#5960 = CARTESIAN_POINT ('', (-90., 84.2841667877575, 145.861275207055));
#5970 = CARTESIAN_POINT ('', (-90., 83.4665659331897, 146.146762405927));
#5980 = CARTESIAN_POINT ('', (-90., 82.6434105536041, 146.429503585164));
#5990 = CARTESIAN_POINT ('', (-90., 81.8202769145397, 146.712237296868));
#6000 = CARTESIAN_POINT ('', (-90., 80.9997108792379, 146.989434465308));
#6010 = CARTESIAN_POINT ('', (-90., 80.1737443373322, 147.263782075368));
#6020 = CARTESIAN_POINT ('', (-90., 79.3477998821711, 147.538122349239));
#6030 = CARTESIAN_POINT ('', (-90., 78.5243492423971, 147.806990233826));
#6040 = CARTESIAN_POINT ('', (-90., 77.6956550110863, 148.072908830151));
#6050 = CARTESIAN_POINT ('', (-90., 76.866983189432, 148.338820235471));
#6060 = CARTESIAN_POINT ('', (-90., 76.04073003392, 148.599322909891));
#6070 = CARTESIAN_POINT ('', (-90., 75.2093928883362, 148.856780506119));
#6080 = CARTESIAN_POINT ('', (-90., 74.3780784511304, 149.114231069768));
#6090 = CARTESIAN_POINT ('', (-90., 73.5491062756927, 149.366335996465));
#6100 = CARTESIAN_POINT ('', (-90., 72.7152121806024, 149.615304115716));
#6110 = CARTESIAN_POINT ('', (-90., 72.1595732275769, 149.781196146769));
#6120 = CARTESIAN_POINT ('', (-90., 71.6049463866891, 149.944736675667));
#6130 = CARTESIAN_POINT ('', (-90., 71.0481935956309, 150.106851270121));
#6140 = CARTESIAN_POINT ('', (-90., 70.4914894915699, 150.268951687955));
#6150 = CARTESIAN_POINT ('', (-90., 69.9357747909425, 150.428719259512));
#6160 = CARTESIAN_POINT ('', (-90., 69.3779822510284, 150.587033779871));
#6170 = CARTESIAN_POINT ('', (-90., 68.5409593123437, 150.824600393952));
#6180 = CARTESIAN_POINT ('', (-90., 67.7060999833365, 151.05696074476));
#6190 = CARTESIAN_POINT ('', (-90., 66.866697134001, 151.285976361123));
#6200 = CARTESIAN_POINT ('', (-90., 66.0273158927084, 151.514986082128));
#6210 = CARTESIAN_POINT ('', (-90., 65.1900218356113, 151.738841315847));
#6220 = CARTESIAN_POINT ('', (-90., 64.3483458543753, 151.959267864065));
#6230 = CARTESIAN_POINT ('', (-90., 63.5066917734031, 152.179688676822));
#6240 = CARTESIAN_POINT ('', (-90., 62.6670472512093, 152.395006245483));
#6250 = CARTESIAN_POINT ('', (-90., 61.8231847819927, 152.60681526267));
#6260 = CARTESIAN_POINT ('', (-90., 60.9793444801937, 152.818618715846));
#6270 = CARTESIAN_POINT ('', (-90., 60.1374350215289, 153.025369577063));
#6280 = CARTESIAN_POINT ('', (-90., 59.2914737483533, 153.228536213116));
#6290 = CARTESIAN_POINT ('', (-90., 58.4455348839321, 153.431697467466));
#6300 = CARTESIAN_POINT ('', (-90., 57.6014471694259, 153.62985613578));
#6310 = CARTESIAN_POINT ('', (-90., 56.7534756969191, 153.824359193397));
#6320 = CARTESIAN_POINT ('', (-90., 56.1884322635497, 153.953965765127));
#6330 = CARTESIAN_POINT ('', (-90., 55.6241819422921, 154.081368713797));
#6340 = CARTESIAN_POINT ('', (-90., 55.0582682777595, 154.207121126596));
#6350 = CARTESIAN_POINT ('', (-90., 53.7839419473654, 154.490290840961));
#6360 = CARTESIAN_POINT ('', (-90., 52.5134385650256, 154.762401077525));
#6370 = CARTESIAN_POINT ('', (-90., 51.2349151146246, 155.02597359173));
#6380 = CARTESIAN_POINT ('', (-90., 49.9564645163534, 155.289531087188));
#6390 = CARTESIAN_POINT ('', (-90., 48.6815675700864, 155.542161444596));
#6400 = CARTESIAN_POINT ('', (-90., 47.3992172040609, 155.786038512781));
#6410 = CARTESIAN_POINT ('', (-90., 46.1169408348374, 156.029901508273));
#6420 = CARTESIAN_POINT ('', (-90., 44.8379443488588, 156.262966479804));
#6430 = CARTESIAN_POINT ('', (-90., 43.5520699665154, 156.487084574728));
#6440 = CARTESIAN_POINT ('', (-90., 42.9810316666836, 156.586612193946));
#6450 = CARTESIAN_POINT ('', (-90., 42.4106019992785, 156.68402673944));
#6460 = CARTESIAN_POINT ('', (-90., 41.8388969948643, 156.779650349441));
#6470 = CARTESIAN_POINT ('', (-90., 40.5518997049529, 156.994914036084));
#6480 = CARTESIAN_POINT ('', (-90., 39.2677835117944, 157.199562463968));
#6490 = CARTESIAN_POINT ('', (-90., 37.977627052171, 157.395002451479));
#6500 = CARTESIAN_POINT ('', (-90., 36.687542948853, 157.59043147806));
#6510 = CARTESIAN_POINT ('', (-90., 35.4000646410537, 157.775338899264));
#6520 = CARTESIAN_POINT ('', (-90., 34.1071237152912, 157.950875962452));
#6530 = CARTESIAN_POINT ('', (-90., 32.8142560608004, 158.126403077913));
#6540 = CARTESIAN_POINT ('', (-90., 31.5237154166328, 158.291498834199));
#6550 = CARTESIAN_POINT ('', (-90., 30.2282967468308, 158.447084856125));
#6560 = CARTESIAN_POINT ('', (-90., 29.3650046336576, 158.550770397163));
#6570 = CARTESIAN_POINT ('', (-90., 28.5026432717453, 158.64985385506));
#6580 = CARTESIAN_POINT ('', (-90., 27.6383318484942, 158.744668029766));
#6590 = CARTESIAN_POINT ('', (-90., 26.7741620265582, 158.839466670936));
#6600 = CARTESIAN_POINT ('', (-90., 25.9108397369683, 158.929689597867));
#6610 = CARTESIAN_POINT ('', (-90., 25.0457417590283, 159.01560672117));
#6620 = CARTESIAN_POINT ('', (-90., 24.1806653714833, 159.101521700225));
#6630 = CARTESIAN_POINT ('', (-90., 23.3163536738615, 159.182877910603));
#6640 = CARTESIAN_POINT ('', (-90., 22.4504397923977, 159.259895374872));
#6650 = CARTESIAN_POINT ('', (-90., 21.5845474500499, 159.336910923374));
#6660 = CARTESIAN_POINT ('', (-90., 20.7193364268589, 159.40938395007));
#6670 = CARTESIAN_POINT ('', (-90., 19.8526977851191, 159.477489808048));
#6680 = CARTESIAN_POINT ('', (-90., 18.9860807914364, 159.545593964788));
#6690 = CARTESIAN_POINT ('', (-90.0000000000001, 18.1200613392162, 159.609171128441));
#6700 = CARTESIAN_POINT ('', (-90.0000000000001, 17.2527896454267, 159.668357267497));
#6710 = CARTESIAN_POINT ('', (-90.0000000000001, 16.3855396800813, 159.727541923716));
#6720 = CARTESIAN_POINT ('', (-90., 15.5188031945838, 159.782214379954));
#6730 = CARTESIAN_POINT ('', (-90., 14.6509904038601, 159.832476554397));
#6740 = CARTESIAN_POINT ('', (-90., 13.7832245098532, 159.882736012665));
#6750 = CARTESIAN_POINT ('', (-90., 12.9158879199859, 159.928498402087));
#6760 = CARTESIAN_POINT ('', (-90., 12.0476511749971, 159.969833793683));
#6770 = CARTESIAN_POINT ('', (-90., 11.1795314707394, 160.011163613153));
#6780 = CARTESIAN_POINT ('', (-90., 10.3117571509114, 160.048006434314));
#6790 = CARTESIAN_POINT ('', (-90., 9.44325826094225, 160.08040478335));
#6800 = CARTESIAN_POINT ('', (-90., 8.57478090554595, 160.112802329063));
#6810 = CARTESIAN_POINT ('', (-90., 7.70656489222488, 160.140717953383));
#6820 = CARTESIAN_POINT ('', (-90., 6.83780012244815, 160.164176269589));
#6830 = CARTESIAN_POINT ('', (-90., 5.96905694661285, 160.187634002716));
#6840 = CARTESIAN_POINT ('', (-90., 5.10049086026531, 160.206614156199));
#6850 = CARTESIAN_POINT ('', (-90., 4.23155225677272, 160.221128775183));
#6860 = CARTESIAN_POINT ('', (-90., 3.36263527772542, 160.235643032955));
#6870 = CARTESIAN_POINT ('', (-90., 2.49381104937422, 160.245683312007));
#6880 = CARTESIAN_POINT ('', (-90., 1.62479071443397, 160.251254453334));
#6890 = CARTESIAN_POINT ('', (-90., 0.755792005484903, 160.256825456021));
#6900 = CARTESIAN_POINT ('', (-90., -0.113198253505716, 160.257925338172));
#6910 = CARTESIAN_POINT ('', (-90., -0.982208292123136, 160.254557102992));
#6920 = CARTESIAN_POINT ('', (-90., -1.85109109501214, 160.251189360971));
#6930 = CARTESIAN_POINT ('', (-90., -2.72004965848134, 160.243353967854));
#6940 = CARTESIAN_POINT ('', (-90., -3.58885186682021, 160.231049918599));
#6950 = CARTESIAN_POINT ('', (-90., -4.45761600507608, 160.218746408495));
#6960 = CARTESIAN_POINT ('', (-90., -5.32654019698097, 160.201969256146));
#6970 = CARTESIAN_POINT ('', (-90., -6.19513172501764, 160.180726334895));
#6980 = CARTESIAN_POINT ('', (-90., -7.06370161805547, 160.159483942766));
#6990 = CARTESIAN_POINT ('', (-90., -7.93251587596682, 160.133760996519));
#7000 = CARTESIAN_POINT ('', (-90., -8.80082111223768, 160.10357962843));
#7010 = CARTESIAN_POINT ('', (-90., -9.66910473262243, 160.073399011687));
#7020 = CARTESIAN_POINT ('', (-90., -10.5377169209439, 160.038730186731));
#7030 = CARTESIAN_POINT ('', (-90., -11.4056439398344, 159.999614909213));
#7040 = CARTESIAN_POINT ('', (-90., -12.2735493908562, 159.960500603704));
#7050 = CARTESIAN_POINT ('', (-90., -13.1418673807496, 159.916889703558));
#7060 = CARTESIAN_POINT ('', (-90., -14.0093245176592, 159.868848924698));
#7070 = CARTESIAN_POINT ('', (-90., -14.5876556781304, 159.836820276589));
#7080 = CARTESIAN_POINT ('', (-90., -15.166200897723, 159.802789988092));
#7090 = CARTESIAN_POINT ('', (-90., -15.7442989468655, 159.766798168892));
#7100 = CARTESIAN_POINT ('', (-90., -17.0444883330742, 159.685849649202));
#7110 = CARTESIAN_POINT ('', (-90., -18.3459689116374, 159.594744512501));
#7120 = CARTESIAN_POINT ('', (-90., -19.6447553993456, 159.493755591345));
#7130 = CARTESIAN_POINT ('', (-90., -20.9434684990025, 159.392772376577));
#7140 = CARTESIAN_POINT ('', (-90., -22.2437557329848, 159.281570073283));
#7150 = CARTESIAN_POINT ('', (-90., -23.5407565990742, 159.160565617793));
#7160 = CARTESIAN_POINT ('', (-90., -24.8376844685018, 159.03956797257));
#7170 = CARTESIAN_POINT ('', (-90., -26.1364675916829, 158.908285073117));
#7180 = CARTESIAN_POINT ('', (-90., -27.4313756563478, 158.76730481665));
#7190 = CARTESIAN_POINT ('', (-90., -28.2948066926946, 158.673300668968));
#7200 = CARTESIAN_POINT ('', (-90., -29.1591647330414, 158.574699813551));
#7210 = CARTESIAN_POINT ('', (-90., -30.0215848410674, 158.471833436241));
#7220 = CARTESIAN_POINT ('', (-90., -30.88386291488, 158.368984000263));
#7230 = CARTESIAN_POINT ('', (-90., -31.7471504951438, 158.261517799105));
#7240 = CARTESIAN_POINT ('', (-90., -32.608327270651, 158.149821584371));
#7250 = CARTESIAN_POINT ('', (-90., -33.4694820847076, 158.038128218078));
#7260 = CARTESIAN_POINT ('', (-90., -34.3317294299849, 157.921788677197));
#7270 = CARTESIAN_POINT ('', (-90., -35.1916919192281, 157.801258436422));
#7280 = CARTESIAN_POINT ('', (-90., -36.0516325677849, 157.680731256784));
#7290 = CARTESIAN_POINT ('', (-90., -36.9127482543398, 157.555527766076));
#7300 = CARTESIAN_POINT ('', (-90., -37.7714060486933, 157.426177419081));
#7310 = CARTESIAN_POINT ('', (-90., -38.6300421511406, 157.296830339808));
#7320 = CARTESIAN_POINT ('', (-90., -39.4899351599321, 157.162776119603));
#7330 = CARTESIAN_POINT ('', (-90., -40.3471985025682, 157.024623360982));
#7340 = CARTESIAN_POINT ('', (-90., -41.204440329669, 156.88647406971));
#7350 = CARTESIAN_POINT ('', (-90., -42.0630201743496, 156.743586151479));
#7360 = CARTESIAN_POINT ('', (-90., -42.918800084737, 156.596652418838));
#7370 = CARTESIAN_POINT ('', (-90., -43.774535707893, 156.449726290125));
#7380 = CARTESIAN_POINT ('', (-90., -44.6316897542444, 156.298030454028));
#7390 = CARTESIAN_POINT ('', (-90., -45.4858750083039, 156.142343923512));
#7400 = CARTESIAN_POINT ('', (-90., -46.3399413255419, 155.986679070801));
#7410 = CARTESIAN_POINT ('', (-90., -47.1955071964201, 155.826208386916));
#7420 = CARTESIAN_POINT ('', (-90., -48.0479338241911, 155.661801377098));
#7430 = CARTESIAN_POINT ('', (-90., -48.9003383243434, 155.49739863502));
#7440 = CARTESIAN_POINT ('', (-90., -49.7543234832974, 155.328148552065));
#7450 = CARTESIAN_POINT ('', (-90., -50.6049988815082, 155.155021256813));
#7460 = CARTESIAN_POINT ('', (-90., -51.4556523417374, 154.981898426323));
#7470 = CARTESIAN_POINT ('', (-90., -52.3079667524514, 154.803886069792));
#7480 = CARTESIAN_POINT ('', (-90., -53.1568024866802, 154.622059998688));
#7490 = CARTESIAN_POINT ('', (-90., -54.0056164994007, 154.44023858047));
#7500 = CARTESIAN_POINT ('', (-90., -54.8561708251402, 154.253484823625));
#7510 = CARTESIAN_POINT ('', (-90., -55.7030793980431, 154.062985150511));
#7520 = CARTESIAN_POINT ('', (-90., -56.5499664921254, 153.872490308742));
#7530 = CARTESIAN_POINT ('', (-90., -57.3986722195293, 153.677019739613));
#7540 = CARTESIAN_POINT ('', (-90., -58.2435671894752, 153.477875257832));
#7550 = CARTESIAN_POINT ('', (-90., -58.8069916128457, 153.345074295811));
#7560 = CARTESIAN_POINT ('', (-90., -59.371253184947, 153.210045889305));
#7570 = CARTESIAN_POINT ('', (-90., -59.9337599189244, 153.073410057277));
#7580 = CARTESIAN_POINT ('', (-90., -60.777125868125, 152.868552050764));
#7590 = CARTESIAN_POINT ('', (-90., -61.6224414073382, 152.658641083714));
#7600 = CARTESIAN_POINT ('', (-90., -62.463670092044, 152.445176268975));
#7610 = CARTESIAN_POINT ('', (-90., -63.3048764017339, 152.231717131976));
#7620 = CARTESIAN_POINT ('', (-90., -64.1481109861416, 152.013151709936));
#7630 = CARTESIAN_POINT ('', (-90., -64.9870926248263, 151.791109667565));
#7640 = CARTESIAN_POINT ('', (-90., -65.8260521325755, 151.569073482293));
#7650 = CARTESIAN_POINT ('', (-90., -66.6671175399476, 151.341877069176));
#7660 = CARTESIAN_POINT ('', (-90., -67.503765996977, 151.111285476607));
#7670 = CARTESIAN_POINT ('', (-90., -68.3403925927114, 150.880699909305));
#7680 = CARTESIAN_POINT ('', (-90., -69.179201542859, 150.644899613612));
#7690 = CARTESIAN_POINT ('', (-90., -70.0134318513238, 150.405789687058));
#7700 = CARTESIAN_POINT ('', (-90., -70.8476405929409, 150.166685942067));
#7710 = CARTESIAN_POINT ('', (-90., -71.6841068665204, 149.922312473906));
#7720 = CARTESIAN_POINT ('', (-90., -72.5158353406889, 149.674718914385));
#7730 = CARTESIAN_POINT ('', (-90., -73.070533755249, 149.509593204268));
#7740 = CARTESIAN_POINT ('', (-90., -73.6262628666631, 149.342105003384));
#7750 = CARTESIAN_POINT ('', (-90., -74.1798279944907, 149.173219004822));
#7760 = CARTESIAN_POINT ('', (-90., -75.0096812001083, 148.920040868691));
#7770 = CARTESIAN_POINT ('', (-90., -75.8419165344917, 148.661499907607));
#7780 = CARTESIAN_POINT ('', (-90., -76.6691500250833, 148.399889006587));
#7790 = CARTESIAN_POINT ('', (-90., -77.4963603681728, 148.138285425918));
#7800 = CARTESIAN_POINT ('', (-90., -78.3260293426975, 147.87125182012));
#7810 = CARTESIAN_POINT ('', (-90., -79.1505341171932, 147.601242075912));
#7820 = CARTESIAN_POINT ('', (-90., -79.9750160134962, 147.331239823881));
#7830 = CARTESIAN_POINT ('', (-90., -80.8020318410269, 147.05573971962));
#7840 = CARTESIAN_POINT ('', (-90., -81.62372346357, 146.777361396334));
#7850 = CARTESIAN_POINT ('', (-90., -82.4453925021366, 146.498990724201));
#7860 = CARTESIAN_POINT ('', (-90., -83.2696694616645, 146.215053816985));
#7870 = CARTESIAN_POINT ('', (-90., -84.0884647827017, 145.928340611342));
#7880 = CARTESIAN_POINT ('', (-90., -84.9072378381272, 145.64163520233));
#7890 = CARTESIAN_POINT ('', (-90., -85.7286913902919, 145.34929469374));
#7900 = CARTESIAN_POINT ('', (-90., -86.5445086555825, 145.054283681232));
#7910 = CARTESIAN_POINT ('', (-90., -87.3603039969285, 144.759280596731));
#7920 = CARTESIAN_POINT ('', (-90., -88.1788508966268, 144.4585731433));
#7930 = CARTESIAN_POINT ('', (-90., -88.9916098525194, 144.155304716913));
#7940 = CARTESIAN_POINT ('', (-90., -89.3277565831456, 144.029876766482));
#7950 = CARTESIAN_POINT ('', (-90., -89.6643817157857, 143.903466070652));
#7960 = CARTESIAN_POINT ('', (-90., -90., 143.776630891932));
#7970 = B_SPLINE_CURVE_WITH_KNOTS ('', 3, (#5890, #5900, #5910, #5920, #5930, #5940, #5950, #5960, #5970, #5980, #5990, #6000, #6010, #6020, #6030, #6040, #6050, #6060, #6070, #6080, #6090, #6100, #6110, #6120, #6130, #6140, #6150, #6160, #6170, #6180, #6190, #6200, #6210, #6220, #6230, #6240, #6250, #6260, #6270, #6280, #6290, #6300, #6310, #6320, #6330, #6340, #6350, #6360, #6370, #6380, #6390, #6400, #6410, #6420, #6430, #6440, #6450, #6460, #6470, #6480, #6490, #6500, #6510, #6520, #6530, #6540, #6550, #6560, #6570, #6580, #6590, #6600, #6610, #6620, #6630, #6640, #6650, #6660, #6670, #6680, #6690, #6700, #6710, #6720, #6730, #6740, #6750, #6760, #6770, #6780, #6790, #6800, #6810, #6820, #6830, #6840, #6850, #6860, #6870, #6880, #6890, #6900, #6910, #6920, #6930, #6940, #6950, #6960, #6970, #6980, #6990, #7000, #7010, #7020, #7030, #7040, #7050, #7060, #7070, #7080, #7090, #7100, #7110, #7120, #7130, #7140, #7150, #7160, #7170, #7180, #7190, #7200, #7210, #7220, #7230, #7240, #7250, #7260, #7270, #7280, #7290, #7300, #7310, #7320, #7330, #7340, #7350, #7360, #7370, #7380, #7390, #7400, #7410, #7420, #7430, #7440, #7450, #7460, #7470, #7480, #7490, #7500, #7510, #7520, #7530, #7540, #7550, #7560, #7570, #7580, #7590, #7600, #7610, #7620, #7630, #7640, #7650, #7660, #7670, #7680, #7690, #7700, #7710, #7720, #7730, #7740, #7750, #7760, #7770, #7780, #7790, #7800, #7810, #7820, #7830, #7840, #7850, #7860, #7870, #7880, #7890, #7900, #7910, #7920, #7930, #7940, #7950, #7960), .UNSPECIFIED., .F., .U., (4, 3, 3, 3, 3, 3, 3, 3, 3, 3, 3, 3, 3, 3, 3, 3, 3, 3, 3, 3, 3, 3, 3, 3, 3, 3, 3, 3, 3, 3, 3, 3, 3, 3, 3, 3, 3, 3, 3, 3, 3, 3, 3, 3, 3, 3, 3, 3, 3, 3, 3, 3, 3, 3, 3, 3, 3, 3, 3, 3, 3, 3, 3, 3, 3, 3, 3, 3, 3, 4), (0., 2.61154352335254, 5.22301242226983, 7.83409384198757, 10.4451062999121, 13.0560489381009, 15.6669209708419, 18.2777216863449, 20.0173461598377, 21.7568185064021, 24.3670690047437, 26.9772523095979, 29.5873676979329, 32.1974145211642, 34.8073922065993, 36.5465435816287, 40.4627706117205, 44.3787744894882, 48.2945523979957, 50.0334929897803, 53.9481199593954, 57.8625273835883, 61.7767129773759, 64.385202133341, 66.9932639369825, 69.601260650789, 72.2091924921585, 74.8170591891244, 77.4248605491422, 80.0325209832333, 82.6398298974359, 85.2470741629853, 87.8542536230982, 90.4613682008255, 93.0684178992461, 95.6750858876142, 98.2816396542807, 100.888128496543, 103.494552451984, 106.100911638144, 107.838563757886, 111.746684268522, 115.654583950444, 119.562263691393, 122.167863316964, 124.773033819548, 127.378137885918, 129.983175789797, 132.588147883713, 135.193054598222, 137.797826506918, 140.40223572697, 143.006577340764, 145.610851791457, 148.215059599374, 150.819201360833, 152.555792443177, 155.159462227142, 157.763062758651, 160.366594611523, 162.970058435132, 165.573454952978, 167.30971860845, 169.912563130007, 172.515334819226, 175.118034287259, 177.720662220787, 180.323219380703, 182.925706600545, 184.002062098204), .UNSPECIFIED.);
#7980 = EDGE_CURVE ('', #810, #2320, #7970, .T.);
#7990 = ORIENTED_EDGE ('', *, *, #7980, .T.);
#8000 = ORIENTED_EDGE ('', *, *, #2360, .T.);
#8010 = EDGE_LOOP ('', (#5870, #5880, #7990, #8000));
#8020 = FACE_OUTER_BOUND ('', #8010, .T.);
#8030 = CARTESIAN_POINT ('', (-90., -90., 143.776630891932));
#8040 = CARTESIAN_POINT ('', (-90., 90., 143.776630891932));
#8050 = CARTESIAN_POINT ('', (-90., -90., 196.223369108068));
#8060 = CARTESIAN_POINT ('', (-90., 90., 196.223369108068));
#8070 = B_SPLINE_SURFACE_WITH_KNOTS ('', 1, 1, ((#8030, #8040), (#8050, #8060)), .UNSPECIFIED., .F., .F., .U., (2, 2), (2, 2), (0.465543549400703, 0.534456450599297), (0., 1.), .UNSPECIFIED.);
#8080 = ADVANCED_FACE ('', (#8020), #8070, .T.);
#8090 = CARTESIAN_POINT ('', (90., -90., 196.223369108068));
#8100 = CARTESIAN_POINT ('', (90., -89.1857622284534, 195.915656453148));
#8110 = CARTESIAN_POINT ('', (90., -88.374309664874, 195.613687128156));
#8120 = CARTESIAN_POINT ('', (90., -87.556992612165, 195.314249218127));
#8130 = CARTESIAN_POINT ('', (90., -86.7396972448749, 195.014819252919));
#8140 = CARTESIAN_POINT ('', (89.9999999999999, -85.9251164467486, 194.721064484511));
#8150 = CARTESIAN_POINT ('', (89.9999999999999, -85.1048220156778, 194.429950988065));
#8160 = CARTESIAN_POINT ('', (89.9999999999999, -84.2845496363383, 194.138845317536));
#8170 = CARTESIAN_POINT ('', (90., -83.4669196264945, 193.853347079469));
#8180 = CARTESIAN_POINT ('', (90., -82.643729930654, 193.570596283921));
#8190 = CARTESIAN_POINT ('', (90., -81.8205626302971, 193.287853180817));
#8200 = CARTESIAN_POINT ('', (90., -80.9999640377011, 193.010650190381));
#8210 = CARTESIAN_POINT ('', (90., -80.1739625932601, 192.736296986444));
#8220 = CARTESIAN_POINT ('', (90., -79.3479838645634, 192.461951327453));
#8230 = CARTESIAN_POINT ('', (90., -78.5244988225126, 192.193078979112));
#8240 = CARTESIAN_POINT ('', (90., -77.6957704386615, 191.927154804458));
#8250 = CARTESIAN_POINT ('', (90., -76.8670650664746, 191.661238013837));
#8260 = CARTESIAN_POINT ('', (90., -76.0407771066208, 191.400728320037));
#8270 = CARTESIAN_POINT ('', (90., -75.2094077726425, 191.143261110579));
#8280 = CARTESIAN_POINT ('', (90., -74.655463434645, 190.971709795093));
#8290 = CARTESIAN_POINT ('', (90., -74.1025646157218, 190.80253602264));
#8300 = CARTESIAN_POINT ('', (90., -73.547469028416, 190.63474724948));
#8310 = CARTESIAN_POINT ('', (90., -72.9924171545584, 190.466971689587));
#8320 = CARTESIAN_POINT ('', (90., -72.4383883884643, 190.301554153347));
#8330 = CARTESIAN_POINT ('', (90., -71.882210396739, 190.137550303726));
#8340 = CARTESIAN_POINT ('', (90., -71.0476160246427, 189.891447991277));
#8350 = CARTESIAN_POINT ('', (90., -70.2152618567501, 189.650608108053));
#8360 = CARTESIAN_POINT ('', (90., -69.3782020612453, 189.413026516013));
#8370 = CARTESIAN_POINT ('', (90., -68.5411638281483, 189.175451044002));
#8380 = CARTESIAN_POINT ('', (90., -67.7062900955753, 188.94308448983));
#8390 = CARTESIAN_POINT ('', (90., -66.8668709616308, 188.714063473032));
#8400 = CARTESIAN_POINT ('', (90., -66.02747369434, 188.485048422173));
#8410 = CARTESIAN_POINT ('', (90., -65.1901639688137, 188.261189286013));
#8420 = CARTESIAN_POINT ('', (90., -64.3484715593877, 188.040758902967));
#8430 = CARTESIAN_POINT ('', (90., -63.5068012961658, 187.820334319779));
#8440 = CARTESIAN_POINT ('', (90., -62.6671404690585, 187.605013216977));
#8450 = CARTESIAN_POINT ('', (90., -61.8232619442709, 187.393199940084));
#8460 = CARTESIAN_POINT ('', (90., -60.9794058197563, 187.181392285654));
#8470 = CARTESIAN_POINT ('', (90., -60.1374799901235, 186.974636303689));
#8480 = CARTESIAN_POINT ('', (90., -59.2915034890771, 186.771462976126));
#8490 = CARTESIAN_POINT ('', (90., -58.7277873794399, 186.636078508999));
#8500 = CARTESIAN_POINT ('', (90., -58.1648995621481, 186.502918777528));
#8510 = CARTESIAN_POINT ('', (90., -57.600274250012, 186.371377669508));
#8520 = CARTESIAN_POINT ('', (90., -56.3288186193124, 186.075165865211));
#8530 = CARTESIAN_POINT ('', (90.0000000000001, -55.0613651646978, 185.790112666861));
#8540 = CARTESIAN_POINT ('', (90.0000000000001, -53.7855141753645, 185.51344480306));
#8550 = CARTESIAN_POINT ('', (90.0000000000001, -52.5097360207573, 185.236792733446));
#8560 = CARTESIAN_POINT ('', (90., -51.2376923956278, 184.971160285185));
#8570 = CARTESIAN_POINT ('', (90., -49.9578147905679, 184.714139695619));
#8580 = CARTESIAN_POINT ('', (90., -48.6780112209359, 184.45713397359));
#8590 = CARTESIAN_POINT ('', (90., -47.4016698130805, 184.21101204613));
#8600 = CARTESIAN_POINT ('', (90., -46.1180673484764, 183.973706692502));
#8610 = CARTESIAN_POINT ('', (90., -45.5480602821834, 183.86832692566));
#8620 = CARTESIAN_POINT ('', (90., -44.9786979696384, 183.765076193571));
#8630 = CARTESIAN_POINT ('', (90., -44.4079844392967, 183.6635921201));
#8640 = CARTESIAN_POINT ('', (90., -43.1231633689819, 183.435125702247));
#8650 = CARTESIAN_POINT ('', (90., -41.8414070430949, 183.21734916158));
#8660 = CARTESIAN_POINT ('', (90., -40.5532248664492, 183.008665749245));
#8670 = CARTESIAN_POINT ('', (90., -39.2651210736559, 182.799995034966));
#8680 = CARTESIAN_POINT ('', (90., -37.9798080186789, 182.601913840385));
#8690 = CARTESIAN_POINT ('', (90., -36.6886443150615, 182.413098749709));
#8700 = CARTESIAN_POINT ('', (90., -35.3975538826378, 182.224294373946));
#8710 = CARTESIAN_POINT ('', (90., -34.1089764658526, 182.045982614066));
#8720 = CARTESIAN_POINT ('', (90., -32.8151310049209, 181.877087616419));
#8730 = CARTESIAN_POINT ('', (90., -31.9529080544633, 181.764535424071));
#8740 = CARTESIAN_POINT ('', (90., -31.0916987801008, 181.656610015547));
#8750 = CARTESIAN_POINT ('', (90., -30.2283656496138, 181.552916630502));
#8760 = CARTESIAN_POINT ('', (90., -29.6529880041001, 181.483809059352));
#8770 = CARTESIAN_POINT ('', (90., -29.078030255601, 181.416746529561));
#8780 = CARTESIAN_POINT ('', (90., -28.5021930841191, 181.35157872089));
#8790 = CARTESIAN_POINT ('', (90., -27.2060743475967, 181.204896252268));
#8800 = CARTESIAN_POINT ('', (90., -25.9118772795588, 181.068519281727));
#8810 = CARTESIAN_POINT ('', (90., -24.6136516652711, 180.941831554727));
#8820 = CARTESIAN_POINT ('', (90., -23.3154987096275, 180.815150918142));
#8830 = CARTESIAN_POINT ('', (90., -22.0189866077991, 180.698716182952));
#8840 = CARTESIAN_POINT ('', (90., -20.7190340717825, 180.592074333586));
#8850 = CARTESIAN_POINT ('', (90., -19.4191547772579, 180.485438492601));
#8860 = CARTESIAN_POINT ('', (90., -18.1206334304765, 180.388992594203));
#8870 = CARTESIAN_POINT ('', (90., -16.8192639253203, 180.302420116094));
#8880 = CARTESIAN_POINT ('', (90., -15.951930773629, 180.244721530112));
#8890 = CARTESIAN_POINT ('', (89.9999999999999, -15.085096914726, 180.191529294567));
#8900 = CARTESIAN_POINT ('', (89.9999999999999, -14.2172164480385, 180.142750012188));
#8910 = CARTESIAN_POINT ('', (89.9999999999999, -13.3494448715748, 180.093976849992));
#8920 = CARTESIAN_POINT ('', (90., -12.4820888025517, 180.049699367906));
#8930 = CARTESIAN_POINT ('', (90., -11.6138614490881, 180.009854757648));
#8940 = CARTESIAN_POINT ('', (90., -10.7456556277171, 179.970011135538));
#8950 = CARTESIAN_POINT ('', (90., -9.87778134109617, 179.934656256133));
#8960 = CARTESIAN_POINT ('', (90., -9.00921145521567, 179.903749690054));
#8970 = CARTESIAN_POINT ('', (90., -8.14066316919638, 179.872843892568));
#8980 = CARTESIAN_POINT ('', (90., -7.27236220189901, 179.84642063317));
#8990 = CARTESIAN_POINT ('', (90., -6.40354181117297, 179.824456523264));
#9000 = CARTESIAN_POINT ('', (90., -5.53474305923899, 179.802492960396));
#9010 = CARTESIAN_POINT ('', (90., -4.66610729061765, 179.785006471422));
#9020 = CARTESIAN_POINT ('', (90., -3.79712851081239, 179.771985346123));
#9030 = CARTESIAN_POINT ('', (90., -2.92817137977637, 179.758964545217));
#9040 = CARTESIAN_POINT ('', (90., -2.05929290153004, 179.750416098334));
#9050 = CARTESIAN_POINT ('', (90., -1.19024780590119, 179.746334603755));
#9060 = CARTESIAN_POINT ('', (90., -0.321343988689651, 179.742253772694));
#9070 = CARTESIAN_POINT ('', (90., 0.547565407963006, 179.742639771605));
#9080 = CARTESIAN_POINT ('', (90., 1.41646523941636, 179.747495659501));
#9090 = CARTESIAN_POINT ('', (90., 2.28534104377436, 179.75235141312));
#9100 = CARTESIAN_POINT ('', (90., 3.15430669825968, 179.761678263683));
#9110 = CARTESIAN_POINT ('', (90., 4.02308652960402, 179.775474871646));
#9120 = CARTESIAN_POINT ('', (90., 4.89184474217284, 179.789271136292));
#9130 = CARTESIAN_POINT ('', (90., 5.760777124652, 179.807543547707));
#9140 = CARTESIAN_POINT ('', (90., 6.62934731641912, 179.830280979347));
#9150 = CARTESIAN_POINT ('', (90., 7.4978959000947, 179.85301784533));
#9160 = CARTESIAN_POINT ('', (90., 8.36670289846047, 179.880236650035));
#9170 = CARTESIAN_POINT ('', (90., 9.23497148339433, 179.911911114459));
#9180 = CARTESIAN_POINT ('', (90., 10.1032184998438, 179.943584792064));
#9190 = CARTESIAN_POINT ('', (90., 10.9718079767139, 179.979746934561));
#9200 = CARTESIAN_POINT ('', (90., 11.8396832166984, 180.020350767489));
#9210 = CARTESIAN_POINT ('', (90., 12.7075110222952, 180.060952381182));
#9220 = CARTESIAN_POINT ('', (90., 13.575765076434, 180.106048571211));
#9230 = CARTESIAN_POINT ('', (90., 14.4431295929542, 180.155570149167));
#9240 = CARTESIAN_POINT ('', (90., 15.3103778652018, 180.205085090236));
#9250 = CARTESIAN_POINT ('', (90., 16.1781363735452, 180.259106020137));
#9260 = CARTESIAN_POINT ('', (90., 17.0448296073265, 180.317536608215));
#9270 = CARTESIAN_POINT ('', (90., 17.9115011074927, 180.375965731059));
#9280 = CARTESIAN_POINT ('', (90., 18.7787668553248, 180.438917068999));
#9290 = CARTESIAN_POINT ('', (90., 19.6447915042537, 180.506257688571));
#9300 = CARTESIAN_POINT ('', (90., 20.5107944802175, 180.57359662289));
#9310 = CARTESIAN_POINT ('', (90., 21.377475442873, 180.64547473845));
#9320 = CARTESIAN_POINT ('', (90., 22.2427400149155, 180.721717159853));
#9330 = CARTESIAN_POINT ('', (90., 23.1079830033052, 180.797957679422));
#9340 = CARTESIAN_POINT ('', (90., 23.9739873218811, 180.87875506657));
#9350 = CARTESIAN_POINT ('', (90., 24.8384007430334, 180.96388721745));
#9360 = CARTESIAN_POINT ('', (90., 25.7027926982382, 181.049017254247));
#9370 = CARTESIAN_POINT ('', (90., 26.5680288097648, 181.138722541812));
#9380 = CARTESIAN_POINT ('', (90., 27.4315005519129, 181.232728530448));
#9390 = CARTESIAN_POINT ('', (90., 28.0071807771214, 181.295402716605));
#9400 = CARTESIAN_POINT ('', (90., 28.5832665328928, 181.360116719378));
#9410 = CARTESIAN_POINT ('', (90., 29.1585042352083, 181.426730240087));
#9420 = CARTESIAN_POINT ('', (90., 30.4520850503587, 181.576529135521));
#9430 = CARTESIAN_POINT ('', (90., 31.7479243108337, 181.736713929036));
#9440 = CARTESIAN_POINT ('', (90., 33.0390438033145, 181.906423947995));
#9450 = CARTESIAN_POINT ('', (90., 34.330089680311, 182.076124290633));
#9460 = CARTESIAN_POINT ('', (90., 35.6236730237221, 182.256307219887));
#9470 = CARTESIAN_POINT ('', (90., 36.9119516198872, 182.44587494252));
#9480 = CARTESIAN_POINT ('', (90., 38.2001573280995, 182.635431939831));
#9490 = CARTESIAN_POINT ('', (90., 39.4911763063768, 182.835571699204));
#9500 = CARTESIAN_POINT ('', (90., 40.7763119293651, 183.044933186653));
#9510 = CARTESIAN_POINT ('', (90., 41.6333013020975, 183.184545354111));
#9520 = CARTESIAN_POINT ('', (90., 42.4916415024785, 183.328897915212));
#9530 = CARTESIAN_POINT ('', (90., 43.3471548783919, 183.477286613946));
#9540 = CARTESIAN_POINT ('', (90., 44.2025574753754, 183.625656098088));
#9550 = CARTESIAN_POINT ('', (90., 45.059392416429, 183.778801145025));
#9560 = CARTESIAN_POINT ('', (90., 45.9132293424583, 183.9359304246));
#9570 = CARTESIAN_POINT ('', (90., 46.7670441924609, 184.093055641583));
#9580 = CARTESIAN_POINT ('', (90., 47.6223727587561, 184.254996061376));
#9590 = CARTESIAN_POINT ('', (90., 48.4745323120935, 184.420864164255));
#9600 = CARTESIAN_POINT ('', (90., 49.3266699721857, 184.586728005737));
#9610 = CARTESIAN_POINT ('', (90., 50.1804019375011, 184.757447369176));
#9620 = CARTESIAN_POINT ('', (90., 51.0307954351454, 184.932033464907));
#9630 = CARTESIAN_POINT ('', (90., 51.8811672493011, 185.106615109009));
#9640 = CARTESIAN_POINT ('', (90., 52.733213058083, 185.286093227109));
#9650 = CARTESIAN_POINT ('', (90., 53.5817527263443, 185.469372806318));
#9660 = CARTESIAN_POINT ('', (90., 54.4302709472416, 185.652647753022));
#9670 = CARTESIAN_POINT ('', (90., 55.2805418389318, 185.840860709147));
#9680 = CARTESIAN_POINT ('', (90., 56.1271409327212, 186.032805627493));
#9690 = CARTESIAN_POINT ('', (90., 56.6916826818707, 186.160801181396));
#9700 = CARTESIAN_POINT ('', (90., 57.2570323373507, 186.291006631301));
#9710 = CARTESIAN_POINT ('', (90., 57.8206887951564, 186.422846101589));
#9720 = CARTESIAN_POINT ('', (90., 59.0876133459614, 186.719180259319));
#9730 = CARTESIAN_POINT ('', (90., 60.3588216712497, 187.026814153034));
#9740 = CARTESIAN_POINT ('', (90., 61.6210539578402, 187.342537774511));
#9750 = CARTESIAN_POINT ('', (90., 62.4630058652052, 187.553136178724));
#9760 = CARTESIAN_POINT ('', (90., 63.3069602312059, 187.768824322595));
#9770 = CARTESIAN_POINT ('', (90., 64.1467161578833, 187.988015302754));
#9780 = CARTESIAN_POINT ('', (90., 64.9864501024183, 188.207200545189));
#9790 = CARTESIAN_POINT ('', (90., 65.8282640288651, 188.431528094778));
#9800 = CARTESIAN_POINT ('', (90., 66.6657157692915, 188.659277629492));
#9810 = CARTESIAN_POINT ('', (90., 67.5031458016546, 188.887021260581));
#9820 = CARTESIAN_POINT ('', (90., 68.3427321523367, 189.11996030668));
#9830 = CARTESIAN_POINT ('', (90., 69.1777949211292, 189.356236401072));
#9840 = CARTESIAN_POINT ('', (90., 69.7347301885964, 189.513817956309));
#9850 = CARTESIAN_POINT ('', (90., 70.2926517608329, 189.673728834358));
#9860 = CARTESIAN_POINT ('', (90., 70.8485033884794, 189.835091180468));
#9870 = CARTESIAN_POINT ('', (90., 71.6817819087917, 190.076989864062));
#9880 = CARTESIAN_POINT ('', (90., 72.5173421272069, 190.324171695444));
#9890 = CARTESIAN_POINT ('', (90., 73.3481134005955, 190.574545729343));
#9900 = CARTESIAN_POINT ('', (90., 74.1788617338585, 190.824912849652));
#9910 = CARTESIAN_POINT ('', (90., 75.0119687902957, 191.080627022515));
#9920 = CARTESIAN_POINT ('', (90., 75.8401236668879, 191.339443537691));
#9930 = CARTESIAN_POINT ('', (90., 76.6682558671376, 191.598252966013));
#9940 = CARTESIAN_POINT ('', (90., 77.4988226467545, 191.862473975071));
#9950 = CARTESIAN_POINT ('', (90., 78.3242763004083, 192.129703327779));
#9960 = CARTESIAN_POINT ('', (90., 79.1497075665394, 192.396925432831));
#9970 = CARTESIAN_POINT ('', (90., 79.9776479914931, 192.669624201537));
#9980 = CARTESIAN_POINT ('', (90., 80.8003168546608, 192.945233290846));
#9990 = CARTESIAN_POINT ('', (90., 81.622963643404, 193.22083498482));
#10000 = CARTESIAN_POINT ('', (90., 82.4481927890902, 193.50197890848));
#10010 = CARTESIAN_POINT ('', (90., 83.2679946625841, 193.785931230124));
#10020 = CARTESIAN_POINT ('', (90., 83.8148063009792, 193.975328740966));
#10030 = CARTESIAN_POINT ('', (90., 84.3627925553121, 194.1672145975));
#10040 = CARTESIAN_POINT ('', (90., 84.908309045741, 194.360310800642));
#10050 = CARTESIAN_POINT ('', (90., 85.4537909401556, 194.55339475785));
#10060 = CARTESIAN_POINT ('', (90., 86.0004688405465, 194.748986411454));
#10070 = CARTESIAN_POINT ('', (90., 86.5446313999916, 194.945757904723));
#10080 = CARTESIAN_POINT ('', (90., 87.360363107816, 195.240729955757));
#10090 = CARTESIAN_POINT ('', (90., 88.1788461302396, 195.541403538796));
#10100 = CARTESIAN_POINT ('', (90., 88.9915417756748, 195.844640274585));
#10110 = CARTESIAN_POINT ('', (90., 89.3277112121272, 195.970073360334));
#10120 = CARTESIAN_POINT ('', (90., 89.6643594790872, 196.096489910591));
#10130 = CARTESIAN_POINT ('', (90., 90., 196.223331503638));
#10140 = B_SPLINE_CURVE_WITH_KNOTS ('', 3, (#8090, #8100, #8110, #8120, #8130, #8140, #8150, #8160, #8170, #8180, #8190, #8200, #8210, #8220, #8230, #8240, #8250, #8260, #8270, #8280, #8290, #8300, #8310, #8320, #8330, #8340, #8350, #8360, #8370, #8380, #8390, #8400, #8410, #8420, #8430, #8440, #8450, #8460, #8470, #8480, #8490, #8500, #8510, #8520, #8530, #8540, #8550, #8560, #8570, #8580, #8590, #8600, #8610, #8620, #8630, #8640, #8650, #8660, #8670, #8680, #8690, #8700, #8710, #8720, #8730, #8740, #8750, #8760, #8770, #8780, #8790, #8800, #8810, #8820, #8830, #8840, #8850, #8860, #8870, #8880, #8890, #8900, #8910, #8920, #8930, #8940, #8950, #8960, #8970, #8980, #8990, #9000, #9010, #9020, #9030, #9040, #9050, #9060, #9070, #9080, #9090, #9100, #9110, #9120, #9130, #9140, #9150, #9160, #9170, #9180, #9190, #9200, #9210, #9220, #9230, #9240, #9250, #9260, #9270, #9280, #9290, #9300, #9310, #9320, #9330, #9340, #9350, #9360, #9370, #9380, #9390, #9400, #9410, #9420, #9430, #9440, #9450, #9460, #9470, #9480, #9490, #9500, #9510, #9520, #9530, #9540, #9550, #9560, #9570, #9580, #9590, #9600, #9610, #9620, #9630, #9640, #9650, #9660, #9670, #9680, #9690, #9700, #9710, #9720, #9730, #9740, #9750, #9760, #9770, #9780, #9790, #9800, #9810, #9820, #9830, #9840, #9850, #9860, #9870, #9880, #9890, #9900, #9910, #9920, #9930, #9940, #9950, #9960, #9970, #9980, #9990, #10000, #10010, #10020, #10030, #10040, #10050, #10060, #10070, #10080, #10090, #10100, #10110, #10120, #10130), .UNSPECIFIED., .F., .U., (4, 3, 3, 3, 3, 3, 3, 3, 3, 3, 3, 3, 3, 3, 3, 3, 3, 3, 3, 3, 3, 3, 3, 3, 3, 3, 3, 3, 3, 3, 3, 3, 3, 3, 3, 3, 3, 3, 3, 3, 3, 3, 3, 3, 3, 3, 3, 3, 3, 3, 3, 3, 3, 3, 3, 3, 3, 3, 3, 3, 3, 3, 3, 3, 3, 3, 3, 3, 4), (0., 2.61132763924777, 5.22258599359139, 7.83377415025305, 10.4448912676122, 13.0559365770229, 15.6669093843939, 17.4066098330351, 19.1461732812982, 21.7565424174828, 24.3668443113459, 26.9770782075125, 29.5872434244654, 32.1973393560748, 33.9365757562902, 37.8530879399282, 41.7693765409581, 45.6854386014957, 47.4244373243106, 51.3393650096329, 55.2540544777843, 59.1685217944229, 61.7771359304508, 63.5156748636145, 67.4288520550903, 71.3418102352128, 75.2545479527514, 77.8622985745754, 80.4697220101573, 83.077080781475, 85.6843747121985, 88.2916037058052, 90.8987677458132, 93.505507945895, 96.1121760635651, 98.7187793167311, 101.325317723415, 103.931791381605, 106.538122580975, 109.144104479598, 111.750021029369, 114.355872363978, 116.961658696744, 119.567380320113, 121.304625834644, 125.211302083015, 129.117755585262, 133.023988069011, 135.628849117227, 138.233372866544, 140.837829275676, 143.442218772454, 146.046541862032, 148.650799125736, 150.38740853351, 154.290766799699, 156.894439651567, 159.498044347551, 162.101581554016, 163.837979995704, 166.44101910218, 169.043986330817, 171.646882285616, 174.249707646031, 176.852463165622, 178.588513126014, 180.32445298816, 182.926729024704, 184.00315372762), .UNSPECIFIED.);
#10150 = EDGE_CURVE ('', #2220, #640, #10140, .T.);
#10160 = ORIENTED_EDGE ('', *, *, #10150, .F.);
#10170 = ORIENTED_EDGE ('', *, *, #3670, .F.);
#10180 = CARTESIAN_POINT ('', (90., -90., 143.776630891932));
#10190 = CARTESIAN_POINT ('', (90., -89.1857622284534, 144.084343546852));
#10200 = CARTESIAN_POINT ('', (90., -88.374309664874, 144.386312871844));
#10210 = CARTESIAN_POINT ('', (90., -87.556992612165, 144.685750781873));
#10220 = CARTESIAN_POINT ('', (90., -86.7396972448749, 144.985180747081));
#10230 = CARTESIAN_POINT ('', (90., -85.9251164467486, 145.278935515489));
#10240 = CARTESIAN_POINT ('', (90., -85.1048220156778, 145.570049011936));
#10250 = CARTESIAN_POINT ('', (90., -84.2845496363383, 145.861154682464));
#10260 = CARTESIAN_POINT ('', (90., -83.4669196264945, 146.146652920531));
#10270 = CARTESIAN_POINT ('', (90., -82.6437299306539, 146.429403716079));
#10280 = CARTESIAN_POINT ('', (90., -81.8205626302971, 146.712146819183));
#10290 = CARTESIAN_POINT ('', (90., -80.9999640377011, 146.989349809619));
#10300 = CARTESIAN_POINT ('', (90., -80.1739625932601, 147.263703013556));
#10310 = CARTESIAN_POINT ('', (90., -79.3479838645634, 147.538048672547));
#10320 = CARTESIAN_POINT ('', (90., -78.5244988225127, 147.806921020888));
#10330 = CARTESIAN_POINT ('', (90., -77.6957704386615, 148.072845195542));
#10340 = CARTESIAN_POINT ('', (90., -76.8670650664746, 148.338761986163));
#10350 = CARTESIAN_POINT ('', (90., -76.0407771066208, 148.599271679963));
#10360 = CARTESIAN_POINT ('', (90., -75.2094077726425, 148.856738889421));
#10370 = CARTESIAN_POINT ('', (90., -74.655463434645, 149.028290204907));
#10380 = CARTESIAN_POINT ('', (90., -74.1025646157218, 149.19746397736));
#10390 = CARTESIAN_POINT ('', (90., -73.547469028416, 149.36525275052));
#10400 = CARTESIAN_POINT ('', (90., -72.9924171545584, 149.533028310413));
#10410 = CARTESIAN_POINT ('', (90., -72.4383883884644, 149.698445846653));
#10420 = CARTESIAN_POINT ('', (90., -71.8822103967391, 149.862449696275));
#10430 = CARTESIAN_POINT ('', (90., -71.0476160246428, 150.108552008723));
#10440 = CARTESIAN_POINT ('', (90., -70.2152618567502, 150.349391891947));
#10450 = CARTESIAN_POINT ('', (90., -69.3782020612453, 150.586973483987));
#10460 = CARTESIAN_POINT ('', (90., -68.5411638281483, 150.824548955998));
#10470 = CARTESIAN_POINT ('', (90., -67.7062900955753, 151.05691551017));
#10480 = CARTESIAN_POINT ('', (90., -66.8668709616308, 151.285936526968));
#10490 = CARTESIAN_POINT ('', (90., -66.02747369434, 151.514951577827));
#10500 = CARTESIAN_POINT ('', (90., -65.1901639688137, 151.738810713987));
#10510 = CARTESIAN_POINT ('', (90., -64.3484715593876, 151.959241097033));
#10520 = CARTESIAN_POINT ('', (90., -63.5068012961658, 152.179665680221));
#10530 = CARTESIAN_POINT ('', (90., -62.6671404690585, 152.394986783023));
#10540 = CARTESIAN_POINT ('', (90., -61.8232619442709, 152.606800059916));
#10550 = CARTESIAN_POINT ('', (90., -60.9794058197563, 152.818607714346));
#10560 = CARTESIAN_POINT ('', (90., -60.1374799901235, 153.025363696311));
#10570 = CARTESIAN_POINT ('', (90., -59.2915034890771, 153.228537023874));
#10580 = CARTESIAN_POINT ('', (90., -58.7277873794399, 153.363921491001));
#10590 = CARTESIAN_POINT ('', (90., -58.1648995621481, 153.497081222472));
#10600 = CARTESIAN_POINT ('', (90., -57.600274250012, 153.628622330492));
#10610 = CARTESIAN_POINT ('', (90., -56.3288186193124, 153.924834134789));
#10620 = CARTESIAN_POINT ('', (90., -55.0613651646978, 154.209887333139));
#10630 = CARTESIAN_POINT ('', (90., -53.7855141753645, 154.48655519694));
#10640 = CARTESIAN_POINT ('', (90., -52.5097360207573, 154.763207266554));
#10650 = CARTESIAN_POINT ('', (90., -51.2376923956278, 155.028839714815));
#10660 = CARTESIAN_POINT ('', (90., -49.9578147905679, 155.285860304381));
#10670 = CARTESIAN_POINT ('', (90., -48.6780112209359, 155.54286602641));
#10680 = CARTESIAN_POINT ('', (90., -47.4016698130805, 155.78898795387));
#10690 = CARTESIAN_POINT ('', (90., -46.1180673484764, 156.026293307498));
#10700 = CARTESIAN_POINT ('', (90., -45.5480602821834, 156.13167307434));
#10710 = CARTESIAN_POINT ('', (90., -44.9786979696385, 156.234923806429));
#10720 = CARTESIAN_POINT ('', (90., -44.4079844392967, 156.3364078799));
#10730 = CARTESIAN_POINT ('', (90., -43.1231633689819, 156.564874297753));
#10740 = CARTESIAN_POINT ('', (90., -41.841407043095, 156.78265083842));
#10750 = CARTESIAN_POINT ('', (90., -40.5532248664493, 156.991334250755));
#10760 = CARTESIAN_POINT ('', (90., -39.2651210736559, 157.200004965034));
#10770 = CARTESIAN_POINT ('', (90., -37.9798080186789, 157.398086159615));
#10780 = CARTESIAN_POINT ('', (90., -36.6886443150615, 157.586901250291));
#10790 = CARTESIAN_POINT ('', (90., -35.3975538826378, 157.775705626054));
#10800 = CARTESIAN_POINT ('', (90., -34.1089764658526, 157.954017385934));
#10810 = CARTESIAN_POINT ('', (90., -32.8151310049209, 158.122912383581));
#10820 = CARTESIAN_POINT ('', (90., -31.9529080544633, 158.235464575929));
#10830 = CARTESIAN_POINT ('', (90., -31.0916987801008, 158.343389984453));
#10840 = CARTESIAN_POINT ('', (90., -30.2283656496138, 158.447083369498));
#10850 = CARTESIAN_POINT ('', (90., -29.6529880041001, 158.516190940648));
#10860 = CARTESIAN_POINT ('', (90., -29.078030255601, 158.583253470439));
#10870 = CARTESIAN_POINT ('', (90., -28.5021930841191, 158.64842127911));
#10880 = CARTESIAN_POINT ('', (90., -27.2060743475968, 158.795103747732));
#10890 = CARTESIAN_POINT ('', (90., -25.9118772795589, 158.931480718273));
#10900 = CARTESIAN_POINT ('', (90., -24.6136516652712, 159.058168445273));
#10910 = CARTESIAN_POINT ('', (90., -23.3154987096276, 159.184849081858));
#10920 = CARTESIAN_POINT ('', (90., -22.0189866077991, 159.301283817049));
#10930 = CARTESIAN_POINT ('', (90., -20.7190340717825, 159.407925666414));
#10940 = CARTESIAN_POINT ('', (90., -19.4191547772579, 159.514561507399));
#10950 = CARTESIAN_POINT ('', (90., -18.1206334304766, 159.611007405797));
#10960 = CARTESIAN_POINT ('', (90., -16.8192639253203, 159.697579883906));
#10970 = CARTESIAN_POINT ('', (90., -15.951930773629, 159.755278469888));
#10980 = CARTESIAN_POINT ('', (90., -15.085096914726, 159.808470705433));
#10990 = CARTESIAN_POINT ('', (90., -14.2172164480386, 159.857249987812));
#11000 = CARTESIAN_POINT ('', (90., -13.3494448715748, 159.906023150008));
#11010 = CARTESIAN_POINT ('', (90., -12.4820888025518, 159.950300632094));
#11020 = CARTESIAN_POINT ('', (90., -11.6138614490882, 159.990145242352));
#11030 = CARTESIAN_POINT ('', (90., -10.7456556277172, 160.029988864462));
#11040 = CARTESIAN_POINT ('', (90., -9.87778134109621, 160.065343743867));
#11050 = CARTESIAN_POINT ('', (90., -9.00921145521571, 160.096250309946));
#11060 = CARTESIAN_POINT ('', (90., -8.14066316919642, 160.127156107432));
#11070 = CARTESIAN_POINT ('', (90., -7.27236220189905, 160.15357936683));
#11080 = CARTESIAN_POINT ('', (90., -6.40354181117301, 160.175543476736));
#11090 = CARTESIAN_POINT ('', (90., -5.53474305923903, 160.197507039604));
#11100 = CARTESIAN_POINT ('', (90., -4.66610729061769, 160.214993528578));
#11110 = CARTESIAN_POINT ('', (90., -3.79712851081242, 160.228014653877));
#11120 = CARTESIAN_POINT ('', (90., -2.9281713797764, 160.241035454783));
#11130 = CARTESIAN_POINT ('', (90., -2.05929290153008, 160.249583901666));
#11140 = CARTESIAN_POINT ('', (90., -1.19024780590122, 160.253665396245));
#11150 = CARTESIAN_POINT ('', (90., -0.321343988689689, 160.257746227306));
#11160 = CARTESIAN_POINT ('', (90., 0.547565407962973, 160.257360228395));
#11170 = CARTESIAN_POINT ('', (90., 1.41646523941633, 160.252504340499));
#11180 = CARTESIAN_POINT ('', (90., 2.28534104377432, 160.24764858688));
#11190 = CARTESIAN_POINT ('', (90., 3.15430669825963, 160.238321736317));
#11200 = CARTESIAN_POINT ('', (90., 4.02308652960398, 160.224525128354));
#11210 = CARTESIAN_POINT ('', (90., 4.89184474217279, 160.210728863708));
#11220 = CARTESIAN_POINT ('', (90., 5.76077712465196, 160.192456452294));
#11230 = CARTESIAN_POINT ('', (90., 6.62934731641908, 160.169719020653));
#11240 = CARTESIAN_POINT ('', (90., 7.49789590009465, 160.14698215467));
#11250 = CARTESIAN_POINT ('', (90., 8.36670289846043, 160.119763349965));
#11260 = CARTESIAN_POINT ('', (90., 9.23497148339429, 160.088088885541));
#11270 = CARTESIAN_POINT ('', (90., 10.1032184998437, 160.056415207936));
#11280 = CARTESIAN_POINT ('', (90., 10.9718079767139, 160.020253065439));
#11290 = CARTESIAN_POINT ('', (90., 11.8396832166983, 159.979649232511));
#11300 = CARTESIAN_POINT ('', (90., 12.7075110222952, 159.939047618818));
#11310 = CARTESIAN_POINT ('', (90., 13.575765076434, 159.893951428789));
#11320 = CARTESIAN_POINT ('', (90., 14.4431295929542, 159.844429850833));
#11330 = CARTESIAN_POINT ('', (90., 15.3103778652017, 159.794914909764));
#11340 = CARTESIAN_POINT ('', (90., 16.1781363735451, 159.740893979863));
#11350 = CARTESIAN_POINT ('', (90., 17.0448296073265, 159.682463391785));
#11360 = CARTESIAN_POINT ('', (90., 17.9115011074926, 159.624034268941));
#11370 = CARTESIAN_POINT ('', (90., 18.7787668553248, 159.561082931001));
#11380 = CARTESIAN_POINT ('', (90., 19.6447915042536, 159.493742311429));
#11390 = CARTESIAN_POINT ('', (90., 20.5107944802175, 159.42640337711));
#11400 = CARTESIAN_POINT ('', (90., 21.377475442873, 159.35452526155));
#11410 = CARTESIAN_POINT ('', (90., 22.2427400149155, 159.278282840147));
#11420 = CARTESIAN_POINT ('', (90., 23.1079830033051, 159.202042320578));
#11430 = CARTESIAN_POINT ('', (90., 23.9739873218811, 159.12124493343));
#11440 = CARTESIAN_POINT ('', (90., 24.8384007430334, 159.03611278255));
#11450 = CARTESIAN_POINT ('', (90., 25.7027926982382, 158.950982745753));
#11460 = CARTESIAN_POINT ('', (90., 26.5680288097648, 158.861277458188));
#11470 = CARTESIAN_POINT ('', (90., 27.4315005519129, 158.767271469552));
#11480 = CARTESIAN_POINT ('', (90., 28.0071807771213, 158.704597283395));
#11490 = CARTESIAN_POINT ('', (90., 28.5832665328927, 158.639883280622));
#11500 = CARTESIAN_POINT ('', (90., 29.1585042352082, 158.573269759913));
#11510 = CARTESIAN_POINT ('', (90., 30.4520850503587, 158.423470864479));
#11520 = CARTESIAN_POINT ('', (90., 31.7479243108337, 158.263286070964));
#11530 = CARTESIAN_POINT ('', (90., 33.0390438033144, 158.093576052005));
#11540 = CARTESIAN_POINT ('', (90., 34.330089680311, 157.923875709367));
#11550 = CARTESIAN_POINT ('', (90., 35.6236730237221, 157.743692780113));
#11560 = CARTESIAN_POINT ('', (90., 36.9119516198872, 157.55412505748));
#11570 = CARTESIAN_POINT ('', (90., 38.2001573280995, 157.364568060169));
#11580 = CARTESIAN_POINT ('', (90., 39.4911763063767, 157.164428300796));
#11590 = CARTESIAN_POINT ('', (90., 40.776311929365, 156.955066813347));
#11600 = CARTESIAN_POINT ('', (90., 41.6333013020975, 156.815454645889));
#11610 = CARTESIAN_POINT ('', (90., 42.4916415024784, 156.671102084788));
#11620 = CARTESIAN_POINT ('', (90., 43.3471548783918, 156.522713386054));
#11630 = CARTESIAN_POINT ('', (90., 44.2025574753754, 156.374343901912));
#11640 = CARTESIAN_POINT ('', (90., 45.059392416429, 156.221198854975));
#11650 = CARTESIAN_POINT ('', (90., 45.9132293424583, 156.0640695754));
#11660 = CARTESIAN_POINT ('', (90., 46.7670441924608, 155.906944358417));
#11670 = CARTESIAN_POINT ('', (90., 47.6223727587561, 155.745003938624));
#11680 = CARTESIAN_POINT ('', (90., 48.4745323120934, 155.579135835745));
#11690 = CARTESIAN_POINT ('', (90., 49.3266699721856, 155.413271994263));
#11700 = CARTESIAN_POINT ('', (90., 50.180401937501, 155.242552630824));
#11710 = CARTESIAN_POINT ('', (90., 51.0307954351453, 155.067966535093));
#11720 = CARTESIAN_POINT ('', (90., 51.881167249301, 154.893384890991));
#11730 = CARTESIAN_POINT ('', (90., 52.7332130580829, 154.713906772891));
#11740 = CARTESIAN_POINT ('', (90., 53.5817527263443, 154.530627193682));
#11750 = CARTESIAN_POINT ('', (90., 54.4302709472416, 154.347352246978));
#11760 = CARTESIAN_POINT ('', (90., 55.2805418389317, 154.159139290853));
#11770 = CARTESIAN_POINT ('', (90., 56.1271409327211, 153.967194372507));
#11780 = CARTESIAN_POINT ('', (90., 56.6916826818707, 153.839198818604));
#11790 = CARTESIAN_POINT ('', (90., 57.2570323373507, 153.708993368699));
#11800 = CARTESIAN_POINT ('', (90., 57.8206887951563, 153.577153898411));
#11810 = CARTESIAN_POINT ('', (90., 59.0876133459614, 153.280819740681));
#11820 = CARTESIAN_POINT ('', (90., 60.3588216712496, 152.973185846966));
#11830 = CARTESIAN_POINT ('', (90., 61.6210539578401, 152.65746222549));
#11840 = CARTESIAN_POINT ('', (90., 62.4630058652051, 152.446863821276));
#11850 = CARTESIAN_POINT ('', (90., 63.3069602312059, 152.231175677405));
#11860 = CARTESIAN_POINT ('', (90., 64.1467161578832, 152.011984697246));
#11870 = CARTESIAN_POINT ('', (90., 64.9864501024182, 151.792799454811));
#11880 = CARTESIAN_POINT ('', (90., 65.828264028865, 151.568471905222));
#11890 = CARTESIAN_POINT ('', (90., 66.6657157692914, 151.340722370508));
#11900 = CARTESIAN_POINT ('', (90., 67.5031458016545, 151.112978739419));
#11910 = CARTESIAN_POINT ('', (90., 68.3427321523366, 150.88003969332));
#11920 = CARTESIAN_POINT ('', (90., 69.1777949211291, 150.643763598928));
#11930 = CARTESIAN_POINT ('', (90., 69.7347301885962, 150.486182043691));
#11940 = CARTESIAN_POINT ('', (90., 70.2926517608327, 150.326271165642));
#11950 = CARTESIAN_POINT ('', (90., 70.8485033884792, 150.164908819532));
#11960 = CARTESIAN_POINT ('', (90., 71.6817819087916, 149.923010135938));
#11970 = CARTESIAN_POINT ('', (90., 72.5173421272068, 149.675828304556));
#11980 = CARTESIAN_POINT ('', (90., 73.3481134005954, 149.425454270657));
#11990 = CARTESIAN_POINT ('', (90., 74.1788617338583, 149.175087150348));
#12000 = CARTESIAN_POINT ('', (90., 75.0119687902956, 148.919372977485));
#12010 = CARTESIAN_POINT ('', (90., 75.8401236668878, 148.660556462309));
#12020 = CARTESIAN_POINT ('', (90., 76.6682558671374, 148.401747033987));
#12030 = CARTESIAN_POINT ('', (90., 77.4988226467543, 148.137526024929));
#12040 = CARTESIAN_POINT ('', (90., 78.3242763004081, 147.870296672221));
#12050 = CARTESIAN_POINT ('', (90., 79.1497075665393, 147.603074567169));
#12060 = CARTESIAN_POINT ('', (90., 79.977647991493, 147.330375798463));
#12070 = CARTESIAN_POINT ('', (90., 80.8003168546607, 147.054766709154));
#12080 = CARTESIAN_POINT ('', (90., 81.6229636434039, 146.77916501518));
#12090 = CARTESIAN_POINT ('', (90., 82.4481927890901, 146.49802109152));
#12100 = CARTESIAN_POINT ('', (90., 83.267994662584, 146.214068769876));
#12110 = CARTESIAN_POINT ('', (90., 83.814806300979, 146.024671259034));
#12120 = CARTESIAN_POINT ('', (90., 84.3627925553119, 145.8327854025));
#12130 = CARTESIAN_POINT ('', (90., 84.9083090457408, 145.639689199358));
#12140 = CARTESIAN_POINT ('', (90., 85.4537909401554, 145.44660524215));
#12150 = CARTESIAN_POINT ('', (90., 86.0004688405463, 145.251013588546));
#12160 = CARTESIAN_POINT ('', (90., 86.5446313999915, 145.054242095277));
#12170 = CARTESIAN_POINT ('', (90., 87.3603631078158, 144.759270044243));
#12180 = CARTESIAN_POINT ('', (90., 88.1788461302394, 144.458596461204));
#12190 = CARTESIAN_POINT ('', (90., 88.9915417756747, 144.155359725415));
#12200 = CARTESIAN_POINT ('', (90., 89.327711212127, 144.029926639666));
#12210 = CARTESIAN_POINT ('', (90., 89.6643594790872, 143.903510089409));
#12220 = CARTESIAN_POINT ('', (90., 90., 143.776668496362));
#12230 = B_SPLINE_CURVE_WITH_KNOTS ('', 3, (#10180, #10190, #10200, #10210, #10220, #10230, #10240, #10250, #10260, #10270, #10280, #10290, #10300, #10310, #10320, #10330, #10340, #10350, #10360, #10370, #10380, #10390, #10400, #10410, #10420, #10430, #10440, #10450, #10460, #10470, #10480, #10490, #10500, #10510, #10520, #10530, #10540, #10550, #10560, #10570, #10580, #10590, #10600, #10610, #10620, #10630, #10640, #10650, #10660, #10670, #10680, #10690, #10700, #10710, #10720, #10730, #10740, #10750, #10760, #10770, #10780, #10790, #10800, #10810, #10820, #10830, #10840, #10850, #10860, #10870, #10880, #10890, #10900, #10910, #10920, #10930, #10940, #10950, #10960, #10970, #10980, #10990, #11000, #11010, #11020, #11030, #11040, #11050, #11060, #11070, #11080, #11090, #11100, #11110, #11120, #11130, #11140, #11150, #11160, #11170, #11180, #11190, #11200, #11210, #11220, #11230, #11240, #11250, #11260, #11270, #11280, #11290, #11300, #11310, #11320, #11330, #11340, #11350, #11360, #11370, #11380, #11390, #11400, #11410, #11420, #11430, #11440, #11450, #11460, #11470, #11480, #11490, #11500, #11510, #11520, #11530, #11540, #11550, #11560, #11570, #11580, #11590, #11600, #11610, #11620, #11630, #11640, #11650, #11660, #11670, #11680, #11690, #11700, #11710, #11720, #11730, #11740, #11750, #11760, #11770, #11780, #11790, #11800, #11810, #11820, #11830, #11840, #11850, #11860, #11870, #11880, #11890, #11900, #11910, #11920, #11930, #11940, #11950, #11960, #11970, #11980, #11990, #12000, #12010, #12020, #12030, #12040, #12050, #12060, #12070, #12080, #12090, #12100, #12110, #12120, #12130, #12140, #12150, #12160, #12170, #12180, #12190, #12200, #12210, #12220), .UNSPECIFIED., .F., .U., (4, 3, 3, 3, 3, 3, 3, 3, 3, 3, 3, 3, 3, 3, 3, 3, 3, 3, 3, 3, 3, 3, 3, 3, 3, 3, 3, 3, 3, 3, 3, 3, 3, 3, 3, 3, 3, 3, 3, 3, 3, 3, 3, 3, 3, 3, 3, 3, 3, 3, 3, 3, 3, 3, 3, 3, 3, 3, 3, 3, 3, 3, 3, 3, 3, 3, 3, 3, 4), (0., 2.61132763924777, 5.2225859935914, 7.83377415025303, 10.4448912676122, 13.0559365770229, 15.6669093843938, 17.4066098330351, 19.1461732812982, 21.7565424174828, 24.3668443113459, 26.9770782075125, 29.5872434244654, 32.1973393560748, 33.9365757562901, 37.8530879399281, 41.769376540958, 45.6854386014957, 47.4244373243105, 51.3393650096328, 55.2540544777842, 59.1685217944228, 61.7771359304507, 63.5156748636144, 67.4288520550903, 71.3418102352127, 75.2545479527514, 77.8622985745754, 80.4697220101572, 83.077080781475, 85.6843747121984, 88.2916037058051, 90.8987677458131, 93.5055079458949, 96.112176063565, 98.718779316731, 101.325317723415, 103.931791381604, 106.538122580975, 109.144104479598, 111.750021029369, 114.355872363978, 116.961658696744, 119.567380320113, 121.304625834644, 125.211302083015, 129.117755585261, 133.023988069011, 135.628849117227, 138.233372866543, 140.837829275676, 143.442218772453, 146.046541862032, 148.650799125736, 150.387408533509, 154.290766799699, 156.894439651567, 159.498044347551, 162.101581554016, 163.837979995704, 166.44101910218, 169.043986330817, 171.646882285616, 174.249707646031, 176.852463165621, 178.588513126014, 180.32445298816, 182.926729024704, 184.003153727619), .UNSPECIFIED.);
#12240 = EDGE_CURVE ('', #2390, #740, #12230, .T.);
#12250 = ORIENTED_EDGE ('', *, *, #12240, .T.);
#12260 = ORIENTED_EDGE ('', *, *, #780, .T.);
#12270 = EDGE_LOOP ('', (#10160, #10170, #12250, #12260));
#12280 = FACE_OUTER_BOUND ('', #12270, .T.);
#12290 = CARTESIAN_POINT ('', (90., 90., 143.776630891932));
#12300 = CARTESIAN_POINT ('', (90., -90., 143.776630891932));
#12310 = CARTESIAN_POINT ('', (90., 90., 196.223369108068));
#12320 = CARTESIAN_POINT ('', (90., -90., 196.223369108068));
#12330 = B_SPLINE_SURFACE_WITH_KNOTS ('', 1, 1, ((#12290, #12300), (#12310, #12320)), .UNSPECIFIED., .F., .F., .U., (2, 2), (2, 2), (0.465543549400703, 0.534456450599297), (0., 1.), .UNSPECIFIED.);
#12340 = ADVANCED_FACE ('', (#12280), #12330, .T.);
#12350 = ORIENTED_EDGE ('', *, *, #3620, .F.);
#12360 = ORIENTED_EDGE ('', *, *, #7980, .F.);
#12370 = ORIENTED_EDGE ('', *, *, #2040, .F.);
#12380 = ORIENTED_EDGE ('', *, *, #12240, .F.);
#12390 = EDGE_LOOP ('', (#12350, #12360, #12370, #12380));
#12400 = FACE_OUTER_BOUND ('', #12390, .T.);
#12410 = CARTESIAN_POINT ('', (93.6168954322481, -90.000000000034, 144.59489088179));
#12420 = CARTESIAN_POINT ('', (92.9260697664677, -81.6786076645742, 147.58649034815));
#12430 = CARTESIAN_POINT ('', (91.8927849113316, -66.0188160473841, 152.061098884488));
#12440 = CARTESIAN_POINT ('', (91.1403522954524, -51.6058092083232, 155.319485368426));
#12450 = CARTESIAN_POINT ('', (90.5787970706431, -37.1936497548929, 157.751283134615));
#12460 = CARTESIAN_POINT ('', (90.2025850706877, -22.7820395990352, 159.380457720989));
#12470 = CARTESIAN_POINT ('', (90.0081259576056, -8.37083662609687, 160.222556976621));
#12480 = CARTESIAN_POINT ('', (89.9936120789026, 6.04063612474833, 160.28540888548));
#12490 = CARTESIAN_POINT ('', (90.1588989087194, 20.4520302812456, 159.569639312389));
#12500 = CARTESIAN_POINT ('', (90.5055304692594, 34.8635516883718, 158.068561916308));
#12510 = CARTESIAN_POINT ('', (91.0367992405261, 49.2756262338735, 155.767918713049));
#12520 = CARTESIAN_POINT ('', (91.7579092983062, 63.688501306168, 152.645173611208));
#12530 = CARTESIAN_POINT ('', (92.6762412784421, 78.1024718638985, 148.668364992478));
#12540 = CARTESIAN_POINT ('', (93.4198482726313, 87.6265159418965, 145.448197593971));
#12550 = CARTESIAN_POINT ('', (93.6168871715415, 90.0000000000721, 144.594926654528));
#12560 = CARTESIAN_POINT ('', (47.416358502892, -90.000000000034, 133.926177692564));
#12570 = CARTESIAN_POINT ('', (47.0664597236129, -81.6786076645742, 136.99650462428));
#12580 = CARTESIAN_POINT ('', (46.5431075562447, -66.0188160473841, 141.588867757279));
#12590 = CARTESIAN_POINT ('', (46.1620052509497, -51.6058092083232, 144.933002521332));
#12600 = CARTESIAN_POINT ('', (45.8775811228499, -37.1936497548929, 147.428795911449));
#12610 = CARTESIAN_POINT ('', (45.6870321521688, -22.7820395990352, 149.100844146937));
#12620 = CARTESIAN_POINT ('', (45.588539855693, -8.37083662609687, 149.965104236839));
#12630 = CARTESIAN_POINT ('', (45.581188669001, 6.04063612474833, 150.029610167746));
#12640 = CARTESIAN_POINT ('', (45.6649053906698, 20.4520302812456, 149.295004274852));
#12650 = CARTESIAN_POINT ('', (45.8404720580656, 34.8635516883718, 147.754424258174));
#12660 = CARTESIAN_POINT ('', (46.1095562912423, 49.2756262338735, 145.393236917867));
#12670 = CARTESIAN_POINT ('', (46.4747939212862, 63.688501306168, 142.188313098726));
#12680 = CARTESIAN_POINT ('', (46.9399231930245, 78.1024718638985, 138.106850074791));
#12690 = CARTESIAN_POINT ('', (47.3165553774067, 87.6265159418965, 134.801940176441));
#12700 = CARTESIAN_POINT ('', (47.416354318897, 90.0000000000721, 133.926214406703));
#12710 = CARTESIAN_POINT ('', (2.54771737348903E-14, -90.000000000034, 133.926177692564));
#12720 = CARTESIAN_POINT ('', (2.52891704324272E-14, -81.6786076645742, 136.99650462428));
#12730 = CARTESIAN_POINT ('', (2.50079692918597E-14, -66.0188160473841, 141.588867757279));
#12740 = CARTESIAN_POINT ('', (2.4803200095124E-14, -51.6058092083232, 144.933002521332));
#12750 = CARTESIAN_POINT ('', (2.4650376825797E-14, -37.1936497548929, 147.428795911449));
#12760 = CARTESIAN_POINT ('', (2.45479933998165E-14, -22.7820395990352, 149.100844146937));
#12770 = CARTESIAN_POINT ('', (2.449507273218E-14, -8.37083662609687, 149.965104236839));
#12780 = CARTESIAN_POINT ('', (2.44911228830895E-14, 6.04063612474833, 150.029610167746));
#12790 = CARTESIAN_POINT ('', (2.45361045208578E-14, 20.4520302812456, 149.295004274852));
#12800 = CARTESIAN_POINT ('', (2.46304378401705E-14, 34.8635516883718, 147.754424258174));
#12810 = CARTESIAN_POINT ('', (2.47750188660953E-14, 49.2756262338735, 145.393236917867));
#12820 = CARTESIAN_POINT ('', (2.49712638509264E-14, 63.688501306168, 142.188313098726));
#12830 = CARTESIAN_POINT ('', (2.52211813823314E-14, 78.1024718638985, 138.106850074791));
#12840 = CARTESIAN_POINT ('', (2.54235487487557E-14, 87.6265159418965, 134.801940176441));
#12850 = CARTESIAN_POINT ('', (2.54771714867977E-14, 90.0000000000721, 133.926214406703));
#12860 = CARTESIAN_POINT ('', (-47.4163797364107, -90.000000000034, 133.926177692563));
#12870 = CARTESIAN_POINT ('', (-47.0664808004434, -81.6786076645742, 136.99650462428));
#12880 = CARTESIAN_POINT ('', (-46.543128398713, -66.0188160473841, 141.588867757279));
#12890 = CARTESIAN_POINT ('', (-46.1620259227565, -51.6058092083232, 144.933002521332));
#12900 = CARTESIAN_POINT ('', (-45.8776016672887, -37.1936497548929, 147.428795911449));
#12910 = CARTESIAN_POINT ('', (-45.6870526112779, -22.7820395990352, 149.100844146937));
#12920 = CARTESIAN_POINT ('', (-45.5885602706963, -8.37083662609687, 149.965104236839));
#12930 = CARTESIAN_POINT ('', (-45.5812090807123, 6.04063612474833, 150.029610167746));
#12940 = CARTESIAN_POINT ('', (-45.6649258398703, 20.4520302812456, 149.295004274852));
#12950 = CARTESIAN_POINT ('', (-45.8404925858866, 34.8635516883718, 147.754424258174));
#12960 = CARTESIAN_POINT ('', (-46.109576939562, 49.2756262338735, 145.393236917867));
#12970 = CARTESIAN_POINT ('', (-46.4748147331629, 63.688501306168, 142.188313098726));
#12980 = CARTESIAN_POINT ('', (-46.9399442131907, 78.1024718638985, 138.106850074791));
#12990 = CARTESIAN_POINT ('', (-47.3165765662326, 87.6265159418965, 134.801940176441));
#13000 = CARTESIAN_POINT ('', (-47.4163755524138, 90.0000000000721, 133.926214406703));
#13010 = CARTESIAN_POINT ('', (-93.6169362798744, -90.000000000034, 144.594900314401));
#13020 = CARTESIAN_POINT ('', (-92.9261103126677, -81.6786076645741, 147.586499711155));
#13030 = CARTESIAN_POINT ('', (-91.8928250066811, -66.0188160473841, 152.061108143383));
#13040 = CARTESIAN_POINT ('', (-91.1403920624948, -51.6058092083232, 155.319494551506));
#13050 = CARTESIAN_POINT ('', (-90.5788365926635, -37.1936497548929, 157.751292261115));
#13060 = CARTESIAN_POINT ('', (-90.2026244285565, -22.7820395990352, 159.380466809583));
#13070 = CARTESIAN_POINT ('', (-90.0081652306265, -8.37083662609687, 160.222566045622));
#13080 = CARTESIAN_POINT ('', (-89.9936513455907, 6.04063612474833, 160.285417953018));
#13090 = CARTESIAN_POINT ('', (-90.1589382475267, 20.4520302812456, 159.569648396581));
#13100 = CARTESIAN_POINT ('', (-90.5055699593116, 34.8635516883718, 158.068571035426));
#13110 = CARTESIAN_POINT ('', (-91.0368389623855, 49.2756262338735, 155.767927885696));
#13120 = CARTESIAN_POINT ('', (-91.7579493348057, 63.688501306168, 152.645182856513));
#13130 = CARTESIAN_POINT ('', (-92.6762817156351, 78.1024718638985, 148.668374330311));
#13140 = CARTESIAN_POINT ('', (-93.4198890342805, 87.6265159418965, 145.448207006729));
#13150 = CARTESIAN_POINT ('', (-93.6169280191642, 90.0000000000721, 144.594936087138));
#13160 = (
   BOUNDED_SURFACE ()
   B_SPLINE_SURFACE (2, 2, ((#12410, #12420, #12430, #12440, #12450, #12460, #12470, #12480, #12490, #12500, #12510, #12520, #12530, #12540, #12550), (#12560, #12570, #12580, #12590, #12600, #12610, #12620, #12630, #12640, #12650, #12660, #12670, #12680, #12690, #12700), (#12710, #12720, #12730, #12740, #12750, #12760, #12770, #12780, #12790, #12800, #12810, #12820, #12830, #12840, #12850), (#12860, #12870, #12880, #12890, #12900, #12910, #12920, #12930, #12940, #12950, #12960, #12970, #12980, #12990, #13000), (#13010, #13020, #13030, #13040, #13050, #13060, #13070, #13080, #13090, #13100, #13110, #13120, #13130, #13140, #13150)), .UNSPECIFIED., .F., .F., .U.)
   B_SPLINE_SURFACE_WITH_KNOTS ((3, 2, 3), (3, 1, 1, 1, 1, 1, 1, 1, 1, 1, 1, 1, 1, 3), (0.423049514292669, 0.5, 0.576950518613224), (0.0307272603478005, 0.120625312933085, 0.196092200934178, 0.270568032659292, 0.344321026720273, 0.417597559103783, 0.490630221603539, 0.563644734950163, 0.636866313444893, 0.710525989759946, 0.784867402295271, 0.860154621398634, 0.936681765038011, 0.962328224968403), .UNSPECIFIED.)
   SURFACE ()
   GEOMETRIC_REPRESENTATION_ITEM ()
   RATIONAL_B_SPLINE_SURFACE (((0.923721548149567, 0.923721548149567, 0.923721548149567, 0.923721548149567, 0.923721548149567, 0.923721548149567, 0.923721548149567, 0.923721548149567, 0.923721548149567, 0.923721548149567, 0.923721548149567, 0.923721548149567, 0.923721548149567, 0.923721548149567, 0.923721548149567), (0.954923449103842, 0.954923449103843, 0.954923449103843, 0.954923449103843, 0.954923449103843, 0.954923449103843, 0.954923449103843, 0.954923449103843, 0.954923449103843, 0.954923449103843, 0.954923449103843, 0.954923449103843, 0.954923449103843, 0.954923449103843, 0.954923449103843), (1., 1., 1., 1., 1., 1., 1., 1., 1., 1., 1., 1., 1., 1., 1.), (0.954923429828016, 0.954923429828016, 0.954923429828016, 0.954923429828016, 0.954923429828016, 0.954923429828016, 0.954923429828016, 0.954923429828016, 0.954923429828016, 0.954923429828016, 0.954923429828016, 0.954923429828016, 0.954923429828016, 0.954923429828016, 0.954923429828016), (0.923721521464191, 0.923721521464191, 0.923721521464191, 0.923721521464191, 0.923721521464191, 0.923721521464191, 0.923721521464191, 0.923721521464191, 0.923721521464191, 0.923721521464191, 0.923721521464191, 0.923721521464191, 0.923721521464191, 0.923721521464191, 0.923721521464191)))
   REPRESENTATION_ITEM ('')
);
#13170 = ADVANCED_FACE ('', (#12400), #13160, .T.);
#13180 = ORIENTED_EDGE ('', *, *, #2290, .T.);
#13190 = ORIENTED_EDGE ('', *, *, #10150, .T.);
#13200 = ORIENTED_EDGE ('', *, *, #710, .F.);
#13210 = ORIENTED_EDGE ('', *, *, #5860, .T.);
#13220 = EDGE_LOOP ('', (#13180, #13190, #13200, #13210));
#13230 = FACE_OUTER_BOUND ('', #13220, .T.);
#13240 = CARTESIAN_POINT ('', (-93.6169362798717, -90., 195.405099685586));
#13250 = CARTESIAN_POINT ('', (-92.9261103126667, -81.6786076645568, 192.41350028884));
#13260 = CARTESIAN_POINT ('', (-91.8928250066811, -66.0188160473841, 187.938891856617));
#13270 = CARTESIAN_POINT ('', (-91.1403920624949, -51.6058092083232, 184.680505448494));
#13280 = CARTESIAN_POINT ('', (-90.5788365926636, -37.1936497548929, 182.248707738885));
#13290 = CARTESIAN_POINT ('', (-90.2026244285565, -22.7820395990352, 180.619533190417));
#13300 = CARTESIAN_POINT ('', (-90.0081652306265, -8.37083662609687, 179.777433954378));
#13310 = CARTESIAN_POINT ('', (-89.9936513455907, 6.04063612474833, 179.714582046982));
#13320 = CARTESIAN_POINT ('', (-90.1589382475267, 20.4520302812456, 180.430351603419));
#13330 = CARTESIAN_POINT ('', (-90.5055699593117, 34.8635516883718, 181.931428964574));
#13340 = CARTESIAN_POINT ('', (-91.0368389623855, 49.2756262338735, 184.232072114304));
#13350 = CARTESIAN_POINT ('', (-91.7579493348058, 63.688501306168, 187.354817143487));
#13360 = CARTESIAN_POINT ('', (-92.6762817156352, 78.1024718638985, 191.331625669689));
#13370 = CARTESIAN_POINT ('', (-93.4198890342777, 87.6265159418601, 194.551792993259));
#13380 = CARTESIAN_POINT ('', (-93.6169280191583, 89.9999999999998, 195.405063912836));
#13390 = CARTESIAN_POINT ('', (-47.4163797364093, -90., 206.073822307424));
#13400 = CARTESIAN_POINT ('', (-47.0664808004429, -81.6786076645568, 203.003495375715));
#13410 = CARTESIAN_POINT ('', (-46.543128398713, -66.0188160473841, 198.411132242721));
#13420 = CARTESIAN_POINT ('', (-46.1620259227566, -51.6058092083232, 195.066997478669));
#13430 = CARTESIAN_POINT ('', (-45.8776016672888, -37.1936497548929, 192.571204088551));
#13440 = CARTESIAN_POINT ('', (-45.6870526112779, -22.7820395990352, 190.899155853063));
#13450 = CARTESIAN_POINT ('', (-45.5885602706963, -8.37083662609687, 190.034895763161));
#13460 = CARTESIAN_POINT ('', (-45.5812090807124, 6.04063612474833, 189.970389832254));
#13470 = CARTESIAN_POINT ('', (-45.6649258398703, 20.4520302812456, 190.704995725148));
#13480 = CARTESIAN_POINT ('', (-45.8404925858867, 34.8635516883718, 192.245575741826));
#13490 = CARTESIAN_POINT ('', (-46.109576939562, 49.2756262338735, 194.606763082133));
#13500 = CARTESIAN_POINT ('', (-46.474814733163, 63.688501306168, 197.811686901275));
#13510 = CARTESIAN_POINT ('', (-46.9399442131907, 78.1024718638985, 201.893149925209));
#13520 = CARTESIAN_POINT ('', (-47.3165765662312, 87.6265159418601, 205.198059823547));
#13530 = CARTESIAN_POINT ('', (-47.4163755524108, 89.9999999999998, 206.07378559327));
#13540 = CARTESIAN_POINT ('', (-2.54771737348896E-14, -90., 206.073822307424));
#13550 = CARTESIAN_POINT ('', (-2.52891704324269E-14, -81.6786076645568, 203.003495375715));
#13560 = CARTESIAN_POINT ('', (-2.50079692918597E-14, -66.0188160473841, 198.411132242721));
#13570 = CARTESIAN_POINT ('', (-2.4803200095124E-14, -51.6058092083232, 195.066997478669));
#13580 = CARTESIAN_POINT ('', (-2.4650376825797E-14, -37.1936497548929, 192.571204088551));
#13590 = CARTESIAN_POINT ('', (-2.45479933998165E-14, -22.7820395990352, 190.899155853063));
#13600 = CARTESIAN_POINT ('', (-2.449507273218E-14, -8.37083662609687, 190.034895763161));
#13610 = CARTESIAN_POINT ('', (-2.44911228830895E-14, 6.04063612474833, 189.970389832254));
#13620 = CARTESIAN_POINT ('', (-2.45361045208578E-14, 20.4520302812456, 190.704995725148));
#13630 = CARTESIAN_POINT ('', (-2.46304378401705E-14, 34.8635516883718, 192.245575741826));
#13640 = CARTESIAN_POINT ('', (-2.47750188660953E-14, 49.2756262338735, 194.606763082133));
#13650 = CARTESIAN_POINT ('', (-2.49712638509264E-14, 63.688501306168, 197.811686901274));
#13660 = CARTESIAN_POINT ('', (-2.52211813823314E-14, 78.1024718638985, 201.893149925209));
#13670 = CARTESIAN_POINT ('', (-2.54235487487549E-14, 87.6265159418601, 205.198059823547));
#13680 = CARTESIAN_POINT ('', (-2.5477171486796E-14, 89.9999999999998, 206.07378559327));
#13690 = CARTESIAN_POINT ('', (47.4163585028906, -90., 206.073822307424));
#13700 = CARTESIAN_POINT ('', (47.0664597236123, -81.6786076645568, 203.003495375715));
#13710 = CARTESIAN_POINT ('', (46.5431075562448, -66.0188160473841, 198.411132242721));
#13720 = CARTESIAN_POINT ('', (46.1620052509497, -51.6058092083232, 195.066997478669));
#13730 = CARTESIAN_POINT ('', (45.8775811228499, -37.1936497548929, 192.571204088551));
#13740 = CARTESIAN_POINT ('', (45.6870321521688, -22.7820395990352, 190.899155853063));
#13750 = CARTESIAN_POINT ('', (45.588539855693, -8.37083662609687, 190.034895763161));
#13760 = CARTESIAN_POINT ('', (45.581188669001, 6.04063612474833, 189.970389832254));
#13770 = CARTESIAN_POINT ('', (45.6649053906698, 20.4520302812456, 190.704995725148));
#13780 = CARTESIAN_POINT ('', (45.8404720580656, 34.8635516883718, 192.245575741826));
#13790 = CARTESIAN_POINT ('', (46.1095562912424, 49.2756262338735, 194.606763082133));
#13800 = CARTESIAN_POINT ('', (46.4747939212862, 63.688501306168, 197.811686901274));
#13810 = CARTESIAN_POINT ('', (46.9399231930245, 78.1024718638985, 201.893149925209));
#13820 = CARTESIAN_POINT ('', (47.3165553774053, 87.6265159418601, 205.198059823547));
#13830 = CARTESIAN_POINT ('', (47.416354318894, 89.9999999999998, 206.07378559327));
#13840 = CARTESIAN_POINT ('', (93.6168954322454, -90., 195.405109118198));
#13850 = CARTESIAN_POINT ('', (92.9260697664666, -81.6786076645568, 192.413509651845));
#13860 = CARTESIAN_POINT ('', (91.8927849113317, -66.0188160473841, 187.938901115512));
#13870 = CARTESIAN_POINT ('', (91.1403522954525, -51.6058092083232, 184.680514631574));
#13880 = CARTESIAN_POINT ('', (90.5787970706432, -37.1936497548929, 182.248716865385));
#13890 = CARTESIAN_POINT ('', (90.2025850706878, -22.7820395990352, 180.619542279011));
#13900 = CARTESIAN_POINT ('', (90.0081259576057, -8.37083662609687, 179.777443023378));
#13910 = CARTESIAN_POINT ('', (89.9936120789027, 6.04063612474833, 179.71459111452));
#13920 = CARTESIAN_POINT ('', (90.1588989087194, 20.4520302812456, 180.430360687611));
#13930 = CARTESIAN_POINT ('', (90.5055304692595, 34.8635516883718, 181.931438083692));
#13940 = CARTESIAN_POINT ('', (91.0367992405262, 49.2756262338735, 184.232081286951));
#13950 = CARTESIAN_POINT ('', (91.7579092983063, 63.688501306168, 187.354826388792));
#13960 = CARTESIAN_POINT ('', (92.6762412784422, 78.1024718638985, 191.331635007522));
#13970 = CARTESIAN_POINT ('', (93.4198482726285, 87.6265159418601, 194.551802406017));
#13980 = CARTESIAN_POINT ('', (93.6168871715356, 89.9999999999998, 195.405073345446));
#13990 = (
   BOUNDED_SURFACE ()
   B_SPLINE_SURFACE (2, 2, ((#13240, #13250, #13260, #13270, #13280, #13290, #13300, #13310, #13320, #13330, #13340, #13350, #13360, #13370, #13380), (#13390, #13400, #13410, #13420, #13430, #13440, #13450, #13460, #13470, #13480, #13490, #13500, #13510, #13520, #13530), (#13540, #13550, #13560, #13570, #13580, #13590, #13600, #13610, #13620, #13630, #13640, #13650, #13660, #13670, #13680), (#13690, #13700, #13710, #13720, #13730, #13740, #13750, #13760, #13770, #13780, #13790, #13800, #13810, #13820, #13830), (#13840, #13850, #13860, #13870, #13880, #13890, #13900, #13910, #13920, #13930, #13940, #13950, #13960, #13970, #13980)), .UNSPECIFIED., .F., .F., .U.)
   B_SPLINE_SURFACE_WITH_KNOTS ((3, 2, 3), (3, 1, 1, 1, 1, 1, 1, 1, 1, 1, 1, 1, 1, 3), (0.423049481386776, 0.5, 0.576950485707331), (0.030727260347984, 0.120625312933085, 0.196092200934178, 0.270568032659292, 0.344321026720273, 0.417597559103783, 0.490630221603539, 0.563644734950163, 0.636866313444893, 0.710525989759946, 0.784867402295271, 0.860154621398634, 0.936681765038011, 0.962328224968013), .UNSPECIFIED.)
   SURFACE ()
   GEOMETRIC_REPRESENTATION_ITEM ()
   RATIONAL_B_SPLINE_SURFACE (((0.923721521464191, 0.923721521464191, 0.923721521464191, 0.923721521464191, 0.923721521464191, 0.923721521464191, 0.923721521464191, 0.923721521464191, 0.923721521464191, 0.923721521464191, 0.923721521464191, 0.923721521464191, 0.923721521464191, 0.923721521464191, 0.923721521464191), (0.954923429828017, 0.954923429828016, 0.954923429828016, 0.954923429828016, 0.954923429828016, 0.954923429828016, 0.954923429828016, 0.954923429828016, 0.954923429828016, 0.954923429828016, 0.954923429828016, 0.954923429828016, 0.954923429828016, 0.954923429828016, 0.954923429828016), (1., 1., 1., 1., 1., 1., 1., 1., 1., 1., 1., 1., 1., 1., 1.), (0.954923449103843, 0.954923449103843, 0.954923449103843, 0.954923449103843, 0.954923449103843, 0.954923449103843, 0.954923449103843, 0.954923449103843, 0.954923449103843, 0.954923449103843, 0.954923449103843, 0.954923449103843, 0.954923449103843, 0.954923449103843, 0.954923449103843), (0.923721548149567, 0.923721548149567, 0.923721548149567, 0.923721548149567, 0.923721548149567, 0.923721548149567, 0.923721548149567, 0.923721548149567, 0.923721548149567, 0.923721548149567, 0.923721548149567, 0.923721548149567, 0.923721548149567, 0.923721548149567, 0.923721548149567)))
   REPRESENTATION_ITEM ('')
);
#14000 = ADVANCED_FACE ('', (#13230), #13990, .T.);
#14010 = CLOSED_SHELL ('', (#2180, #3760, #8080, #12340, #13170, #14000));
#14020 = MANIFOLD_SOLID_BREP ('', #14010);
#14030 = (
   LENGTH_UNIT ()
   NAMED_UNIT (*)
   SI_UNIT (.MILLI., .METRE.)
);
#14040 = (
   NAMED_UNIT (*)
   SI_UNIT ($, .STERADIAN.)
   SOLID_ANGLE_UNIT ()
);
#14050 = (
   NAMED_UNIT (*)
   SI_UNIT ($, .RADIAN.)
   PLANE_ANGLE_UNIT ()
);
#14060 = UNCERTAINTY_MEASURE_WITH_UNIT (LENGTH_MEASURE(1.E-5), #14030, 'DISTANCE_ACCURACY_VALUE', '');
#14070 = (
   GEOMETRIC_REPRESENTATION_CONTEXT (3)
   GLOBAL_UNCERTAINTY_ASSIGNED_CONTEXT ((#14060))
   GLOBAL_UNIT_ASSIGNED_CONTEXT ((#14030, #14040, #14050))
   REPRESENTATION_CONTEXT ('', '3D')
);
#14080 = ADVANCED_BREP_SHAPE_REPRESENTATION ('', (#14020), #14070);
#14090 = APPLICATION_CONTEXT ('configuration controlled 3D designs of mechanical parts and assemblies');
#14100 = APPLICATION_PROTOCOL_DEFINITION ('International Standard', 'config_control_design', 1997, #14090);
#14110 = MECHANICAL_CONTEXT ('', #14090, 'mechanical');
#14120 = PRODUCT ('product-name', '', '', (#14110));
#14130 = PERSON_AND_ORGANIZATION_ROLE ('design_owner');
#14140 = PERSON ('', '', $, $, $, $);
#14150 = ORGANIZATION ($, '', '');
#14160 = PERSON_AND_ORGANIZATION (#14140, #14150);
#14170 = CC_DESIGN_PERSON_AND_ORGANIZATION_ASSIGNMENT (#14160, #14130, (#14120));
#14180 = PRODUCT_RELATED_PRODUCT_CATEGORY ('detail', $, (#14120));
#14190 = PRODUCT_DEFINITION_FORMATION_WITH_SPECIFIED_SOURCE ('', '', #14120, .NOT_KNOWN.);
#14200 = APPROVAL_STATUS ('approved');
#14210 = APPROVAL (#14200, '');
#14220 = CALENDAR_DATE (2019, 11, 1);
#14230 = COORDINATED_UNIVERSAL_TIME_OFFSET (0, $, .AHEAD.);
#14240 = LOCAL_TIME (9, 59, 12., #14230);
#14250 = DATE_AND_TIME (#14220, #14240);
#14260 = APPROVAL_DATE_TIME (#14250, #14210);
#14270 = APPROVAL_ROLE ('');
#14280 = PERSON ('', '', $, $, $, $);
#14290 = ORGANIZATION ($, '', '');
#14300 = PERSON_AND_ORGANIZATION (#14280, #14290);
#14310 = APPROVAL_PERSON_ORGANIZATION (#14300, #14210, #14270);
#14320 = CC_DESIGN_APPROVAL (#14210, (#14190));
#14330 = PERSON_AND_ORGANIZATION_ROLE ('creator');
#14340 = PERSON ('', '', $, $, $, $);
#14350 = ORGANIZATION ($, '', '');
#14360 = PERSON_AND_ORGANIZATION (#14340, #14350);
#14370 = CC_DESIGN_PERSON_AND_ORGANIZATION_ASSIGNMENT (#14360, #14330, (#14190));
#14380 = PERSON_AND_ORGANIZATION_ROLE ('part_supplier');
#14390 = PERSON ('', '', $, $, $, $);
#14400 = ORGANIZATION ($, '', '');
#14410 = PERSON_AND_ORGANIZATION (#14390, #14400);
#14420 = CC_DESIGN_PERSON_AND_ORGANIZATION_ASSIGNMENT (#14410, #14380, (#14190));
#14430 = SECURITY_CLASSIFICATION_LEVEL ('unclassified');
#14440 = SECURITY_CLASSIFICATION ('', '', #14430);
#14450 = APPROVAL_STATUS ('approved');
#14460 = APPROVAL (#14450, '');
#14470 = CALENDAR_DATE (2019, 11, 1);
#14480 = COORDINATED_UNIVERSAL_TIME_OFFSET (0, $, .AHEAD.);
#14490 = LOCAL_TIME (9, 59, 12., #14480);
#14500 = DATE_AND_TIME (#14470, #14490);
#14510 = APPROVAL_DATE_TIME (#14500, #14460);
#14520 = APPROVAL_ROLE ('');
#14530 = PERSON ('', '', $, $, $, $);
#14540 = ORGANIZATION ($, '', '');
#14550 = PERSON_AND_ORGANIZATION (#14530, #14540);
#14560 = APPROVAL_PERSON_ORGANIZATION (#14550, #14460, #14520);
#14570 = CC_DESIGN_APPROVAL (#14460, (#14440));
#14580 = DATE_TIME_ROLE ('classification_date');
#14590 = CALENDAR_DATE (2019, 11, 1);
#14600 = COORDINATED_UNIVERSAL_TIME_OFFSET (0, $, .AHEAD.);
#14610 = LOCAL_TIME (9, 59, 12., #14600);
#14620 = DATE_AND_TIME (#14590, #14610);
#14630 = CC_DESIGN_DATE_AND_TIME_ASSIGNMENT (#14620, #14580, (#14440));
#14640 = PERSON_AND_ORGANIZATION_ROLE ('classification_officer');
#14650 = PERSON ('', '', $, $, $, $);
#14660 = ORGANIZATION ($, '', '');
#14670 = PERSON_AND_ORGANIZATION (#14650, #14660);
#14680 = CC_DESIGN_PERSON_AND_ORGANIZATION_ASSIGNMENT (#14670, #14640, (#14440));
#14690 = CC_DESIGN_SECURITY_CLASSIFICATION (#14440, (#14190));
#14700 = DESIGN_CONTEXT ('', #14090, 'design');
#14710 = PRODUCT_DEFINITION ('', '', #14190, #14700);
#14720 = APPROVAL_STATUS ('approved');
#14730 = APPROVAL (#14720, '');
#14740 = CALENDAR_DATE (2019, 11, 1);
#14750 = COORDINATED_UNIVERSAL_TIME_OFFSET (0, $, .AHEAD.);
#14760 = LOCAL_TIME (9, 59, 12., #14750);
#14770 = DATE_AND_TIME (#14740, #14760);
#14780 = APPROVAL_DATE_TIME (#14770, #14730);
#14790 = APPROVAL_ROLE ('');
#14800 = PERSON ('', '', $, $, $, $);
#14810 = ORGANIZATION ($, '', '');
#14820 = PERSON_AND_ORGANIZATION (#14800, #14810);
#14830 = APPROVAL_PERSON_ORGANIZATION (#14820, #14730, #14790);
#14840 = CC_DESIGN_APPROVAL (#14730, (#14710));
#14850 = DATE_TIME_ROLE ('creation_date');
#14860 = CALENDAR_DATE (2019, 11, 1);
#14870 = COORDINATED_UNIVERSAL_TIME_OFFSET (0, $, .AHEAD.);
#14880 = LOCAL_TIME (9, 59, 12., #14870);
#14890 = DATE_AND_TIME (#14860, #14880);
#14900 = CC_DESIGN_DATE_AND_TIME_ASSIGNMENT (#14890, #14850, (#14710));
#14910 = PERSON_AND_ORGANIZATION_ROLE ('creator');
#14920 = PERSON ('', '', $, $, $, $);
#14930 = ORGANIZATION ($, '', '');
#14940 = PERSON_AND_ORGANIZATION (#14920, #14930);
#14950 = CC_DESIGN_PERSON_AND_ORGANIZATION_ASSIGNMENT (#14940, #14910, (#14710));
#14960 = PRODUCT_DEFINITION_SHAPE ('', '', #14710);
#14970 = SHAPE_DEFINITION_REPRESENTATION (#14960, #14080);
#14980 = CARTESIAN_POINT ('', (160., -360., 941.979899370592));
#14990 = VERTEX_POINT ('', #14980);
#15000 = CARTESIAN_POINT ('', (-160., -360., 941.979899370592));
#15010 = VERTEX_POINT ('', #15000);
#15020 = CARTESIAN_POINT ('', (159.999999999999, -360., 941.979899370592));
#15030 = CARTESIAN_POINT ('', (80.2010062940805, -360., 950.));
#15040 = CARTESIAN_POINT ('', (9.79717439317882E-14, -360., 950.));
#15050 = CARTESIAN_POINT ('', (-80.2010062940803, -360., 950.));
#15060 = CARTESIAN_POINT ('', (-159.999999999999, -360., 941.979899370592));
#15070 = (
   BOUNDED_CURVE ()
   B_SPLINE_CURVE (2, (#15020, #15030, #15040, #15050, #15060), .UNSPECIFIED., .F., .U.)
   B_SPLINE_CURVE_WITH_KNOTS ((3, 2, 3), (0.465276776279019, 0.5, 0.534723223720981), .UNSPECIFIED.)
   CURVE ()
   GEOMETRIC_REPRESENTATION_ITEM ()
   RATIONAL_B_SPLINE_CURVE ((0.962144349087094, 0.979659606473564, 1., 0.979659606473564, 0.962144349087094))
   REPRESENTATION_ITEM ('')
);
#15080 = EDGE_CURVE ('', #14990, #15010, #15070, .T.);
#15090 = ORIENTED_EDGE ('', *, *, #15080, .T.);
#15100 = CARTESIAN_POINT ('', (-160., -360., 888.020100629408));
#15110 = VERTEX_POINT ('', #15100);
#15120 = CARTESIAN_POINT ('', (-160., -360., 888.020100629408));
#15130 = CARTESIAN_POINT ('', (-160., -360., 941.979899370592));
#15140 = B_SPLINE_CURVE_WITH_KNOTS ('', 1, (#15120, #15130), .UNSPECIFIED., .F., .U., (2, 2), (0., 1.), .UNSPECIFIED.);
#15150 = EDGE_CURVE ('', #15110, #15010, #15140, .T.);
#15160 = ORIENTED_EDGE ('', *, *, #15150, .F.);
#15170 = CARTESIAN_POINT ('', (160., -360., 888.020100629408));
#15180 = VERTEX_POINT ('', #15170);
#15190 = CARTESIAN_POINT ('', (-160., -360., 888.020100629408));
#15200 = CARTESIAN_POINT ('', (-154.186743440216, -360., 887.435846362169));
#15210 = CARTESIAN_POINT ('', (-148.379437058939, -360., 886.88428607243));
#15220 = CARTESIAN_POINT ('', (-142.560132059468, -360., 886.363715038093));
#15230 = CARTESIAN_POINT ('', (-136.741273399369, -360., 885.843183931437));
#15240 = CARTESIAN_POINT ('', (-130.927677997825, -360., 885.355189014545));
#15250 = CARTESIAN_POINT ('', (-125.103469010767, -360., 884.898397580433));
#15260 = CARTESIAN_POINT ('', (-119.279706466845, -360., 884.441641160757));
#15270 = CARTESIAN_POINT ('', (-113.460519708948, -360., 884.017282266512));
#15280 = CARTESIAN_POINT ('', (-107.632105449772, -360., 883.624314305543));
#15290 = CARTESIAN_POINT ('', (-101.804137774017, -360., 883.231376454474));
#15300 = CARTESIAN_POINT ('', (-95.9800579498182, -360., 882.870716540663));
#15310 = CARTESIAN_POINT ('', (-90.1481375856079, -360., 882.541608275869));
#15320 = CARTESIAN_POINT ('', (-84.3166639814351, -360., 882.21252522274));
#15330 = CARTESIAN_POINT ('', (-78.4883899230548, -360., 881.915619553417));
#15340 = CARTESIAN_POINT ('', (-72.6536629883541, -360., 881.650399551345));
#15350 = CARTESIAN_POINT ('', (-66.8193830264678, -360., 881.385199866613));
#15360 = CARTESIAN_POINT ('', (-60.9876140239697, -360., 881.152096011253));
#15370 = CARTESIAN_POINT ('', (-55.1507803365855, -360., 880.950785176308));
#15380 = CARTESIAN_POINT ('', (-49.3143938708023, -360., 880.749489765917));
#15390 = CARTESIAN_POINT ('', (-43.4798295880207, -360., 880.580227599453));
#15400 = CARTESIAN_POINT ('', (-37.6415891647896, -360., 880.442839169181));
#15410 = CARTESIAN_POINT ('', (-31.8037962478238, -360., 880.305461269854));
#15420 = CARTESIAN_POINT ('', (-25.9671366381556, -360., 880.20007297361));
#15430 = CARTESIAN_POINT ('', (-20.1281896106849, -360., 880.126612514916));
#15440 = CARTESIAN_POINT ('', (-14.2896904099092, -360., 880.053157690382));
#15450 = CARTESIAN_POINT ('', (-8.45163563207919, -360., 880.011667753895));
#15460 = CARTESIAN_POINT ('', (-2.61268216247274, -360., 880.002133160198));
#15470 = CARTESIAN_POINT ('', (-1.84306539199406, -360., 880.000876431017));
#15480 = CARTESIAN_POINT ('', (-1.07344961160644, -360., 880.000174994546));
#15490 = CARTESIAN_POINT ('', (-0.303831828930214, -360., 880.000028848057));
#15500 = CARTESIAN_POINT ('', (0.465958412651426, -360., 879.999882668818));
#15510 = CARTESIAN_POINT ('', (1.23574924211635, -360., 880.000292031012));
#15520 = CARTESIAN_POINT ('', (2.00553889284276, -360., 880.001256933697));
#15530 = CARTESIAN_POINT ('', (15.1896074579252, -360., 880.0177826731));
#15540 = CARTESIAN_POINT ('', (28.3780756587166, -360., 880.197354434324));
#15550 = CARTESIAN_POINT ('', (41.5577066683945, -360., 880.539791987164));
#15560 = CARTESIAN_POINT ('', (50.3347439779513, -360., 880.767839887388));
#15570 = CARTESIAN_POINT ('', (59.1166581162192, -360., 881.06838510118));
#15580 = CARTESIAN_POINT ('', (67.8887504609204, -360., 881.440924594635));
#15590 = CARTESIAN_POINT ('', (76.6593198638066, -360., 881.813399410708));
#15600 = CARTESIAN_POINT ('', (85.4371056373263, -360., 882.258605842154));
#15610 = CARTESIAN_POINT ('', (94.200353156048, -360., 882.775440501469));
#15620 = CARTESIAN_POINT ('', (102.962079909654, -360., 883.29218546982));
#15630 = CARTESIAN_POINT ('', (111.73335935964, -360., 883.881993307739));
#15640 = CARTESIAN_POINT ('', (120.485390396618, -360., 884.54292733995));
#15650 = CARTESIAN_POINT ('', (129.235902562734, -360., 885.203746670393));
#15660 = CARTESIAN_POINT ('', (137.998299844022, -360., 885.938057230675));
#15670 = CARTESIAN_POINT ('', (146.736746187932, -360., 886.742855870974));
#15680 = CARTESIAN_POINT ('', (151.157849039853, -360., 887.150033236815));
#15690 = CARTESIAN_POINT ('', (155.582441353398, -360., 887.576119280312));
#15700 = CARTESIAN_POINT ('', (160., -360., 888.020100629408));
#15710 = B_SPLINE_CURVE_WITH_KNOTS ('', 3, (#15190, #15200, #15210, #15220, #15230, #15240, #15250, #15260, #15270, #15280, #15290, #15300, #15310, #15320, #15330, #15340, #15350, #15360, #15370, #15380, #15390, #15400, #15410, #15420, #15430, #15440, #15450, #15460, #15470, #15480, #15490, #15500, #15510, #15520, #15530, #15540, #15550, #15560, #15570, #15580, #15590, #15600, #15610, #15620, #15630, #15640, #15650, #15660, #15670, #15680, #15690, #15700), .UNSPECIFIED., .F., .U., (4, 3, 3, 3, 3, 3, 3, 3, 3, 3, 3, 3, 3, 3, 3, 3, 3, 4), (0., 17.5276280171585, 35.0539116692295, 52.5788518789479, 70.1024492967164, 87.6247043019431, 105.145617004141, 122.66518724379, 140.183414592965, 157.700298355734, 160.009151745392, 162.318522511775, 201.870759278609, 228.210757532279, 254.546182842212, 280.877037929058, 307.203323428754, 320.522763901633), .UNSPECIFIED.);
#15720 = EDGE_CURVE ('', #15110, #15180, #15710, .T.);
#15730 = ORIENTED_EDGE ('', *, *, #15720, .T.);
#15740 = CARTESIAN_POINT ('', (160., -360., 888.020100629408));
#15750 = CARTESIAN_POINT ('', (160., -360., 941.979899370592));
#15760 = B_SPLINE_CURVE_WITH_KNOTS ('', 1, (#15740, #15750), .UNSPECIFIED., .F., .U., (2, 2), (0., 1.), .UNSPECIFIED.);
#15770 = EDGE_CURVE ('', #15180, #14990, #15760, .T.);
#15780 = ORIENTED_EDGE ('', *, *, #15770, .T.);
#15790 = EDGE_LOOP ('', (#15090, #15160, #15730, #15780));
#15800 = FACE_OUTER_BOUND ('', #15790, .T.);
#15810 = CARTESIAN_POINT ('', (160., -360., 879.999882668818));
#15820 = CARTESIAN_POINT ('', (-160., -360., 879.999882668818));
#15830 = CARTESIAN_POINT ('', (160., -360., 950.));
#15840 = CARTESIAN_POINT ('', (-160., -360., 950.));
#15850 = B_SPLINE_SURFACE_WITH_KNOTS ('', 1, 1, ((#15810, #15820), (#15830, #15840)), .UNSPECIFIED., .F., .F., .U., (2, 2), (2, 2), (0.488829146257734, 0.511170816294121), (0., 1.), .UNSPECIFIED.);
#15860 = ADVANCED_FACE ('', (#15800), #15850, .T.);
#15870 = CARTESIAN_POINT ('', (-160., 360., 941.979899370593));
#15880 = VERTEX_POINT ('', #15870);
#15890 = CARTESIAN_POINT ('', (-160., -360., 941.979899370593));
#15900 = CARTESIAN_POINT ('', (-160., 360., 941.979899370593));
#15910 = B_SPLINE_CURVE_WITH_KNOTS ('', 1, (#15890, #15900), .UNSPECIFIED., .F., .U., (2, 2), (0., 1.), .UNSPECIFIED.);
#15920 = EDGE_CURVE ('', #15010, #15880, #15910, .T.);
#15930 = ORIENTED_EDGE ('', *, *, #15920, .T.);
#15940 = CARTESIAN_POINT ('', (-160., 360., 888.020100629408));
#15950 = VERTEX_POINT ('', #15940);
#15960 = CARTESIAN_POINT ('', (-160., 360., 888.020100629408));
#15970 = CARTESIAN_POINT ('', (-160., 360., 941.979899370593));
#15980 = B_SPLINE_CURVE_WITH_KNOTS ('', 1, (#15960, #15970), .UNSPECIFIED., .F., .U., (2, 2), (0., 1.), .UNSPECIFIED.);
#15990 = EDGE_CURVE ('', #15950, #15880, #15980, .T.);
#16000 = ORIENTED_EDGE ('', *, *, #15990, .F.);
#16010 = CARTESIAN_POINT ('', (-160., 360., 888.020100629408));
#16020 = CARTESIAN_POINT ('', (-160., 120., 888.020100629408));
#16030 = CARTESIAN_POINT ('', (-160., -120., 888.020100629408));
#16040 = CARTESIAN_POINT ('', (-160., -360., 888.020100629408));
#16050 = B_SPLINE_CURVE_WITH_KNOTS ('', 3, (#16010, #16020, #16030, #16040), .UNSPECIFIED., .F., .U., (4, 4), (0., 720.), .UNSPECIFIED.);
#16060 = EDGE_CURVE ('', #15950, #15110, #16050, .T.);
#16070 = ORIENTED_EDGE ('', *, *, #16060, .T.);
#16080 = ORIENTED_EDGE ('', *, *, #15150, .T.);
#16090 = EDGE_LOOP ('', (#15930, #16000, #16070, #16080));
#16100 = FACE_OUTER_BOUND ('', #16090, .T.);
#16110 = CARTESIAN_POINT ('', (-160., -360., 888.020100629408));
#16120 = CARTESIAN_POINT ('', (-160., 360., 888.020100629408));
#16130 = CARTESIAN_POINT ('', (-160., -360., 941.979899370593));
#16140 = CARTESIAN_POINT ('', (-160., 360., 941.979899370593));
#16150 = B_SPLINE_SURFACE_WITH_KNOTS ('', 1, 1, ((#16110, #16120), (#16130, #16140)), .UNSPECIFIED., .F., .F., .U., (2, 2), (2, 2), (0.491388928585636, 0.508611071414365), (0., 1.), .UNSPECIFIED.);
#16160 = ADVANCED_FACE ('', (#16100), #16150, .T.);
#16170 = CARTESIAN_POINT ('', (160., 360., 941.979899370592));
#16180 = VERTEX_POINT ('', #16170);
#16190 = CARTESIAN_POINT ('', (159.999999999999, 360., 941.979899370592));
#16200 = CARTESIAN_POINT ('', (80.2010062940805, 360., 950.));
#16210 = CARTESIAN_POINT ('', (9.79717439317883E-14, 360., 950.));
#16220 = CARTESIAN_POINT ('', (-80.2010062940806, 360., 950.));
#16230 = CARTESIAN_POINT ('', (-160., 360., 941.979899370592));
#16240 = (
   BOUNDED_CURVE ()
   B_SPLINE_CURVE (2, (#16190, #16200, #16210, #16220, #16230), .UNSPECIFIED., .F., .U.)
   B_SPLINE_CURVE_WITH_KNOTS ((3, 2, 3), (0.465276776279019, 0.5, 0.534723223720981), .UNSPECIFIED.)
   CURVE ()
   GEOMETRIC_REPRESENTATION_ITEM ()
   RATIONAL_B_SPLINE_CURVE ((0.962144349087094, 0.979659606473564, 1., 0.979659606473564, 0.962144349087094))
   REPRESENTATION_ITEM ('')
);
#16250 = EDGE_CURVE ('', #16180, #15880, #16240, .T.);
#16260 = ORIENTED_EDGE ('', *, *, #16250, .F.);
#16270 = CARTESIAN_POINT ('', (160., 360., 888.020100629408));
#16280 = VERTEX_POINT ('', #16270);
#16290 = CARTESIAN_POINT ('', (160., 360., 888.020100629408));
#16300 = CARTESIAN_POINT ('', (160., 360., 941.979899370592));
#16310 = B_SPLINE_CURVE_WITH_KNOTS ('', 1, (#16290, #16300), .UNSPECIFIED., .F., .U., (2, 2), (0., 1.), .UNSPECIFIED.);
#16320 = EDGE_CURVE ('', #16280, #16180, #16310, .T.);
#16330 = ORIENTED_EDGE ('', *, *, #16320, .F.);
#16340 = CARTESIAN_POINT ('', (160., 360., 888.020100629408));
#16350 = CARTESIAN_POINT ('', (154.186743440216, 360., 887.435846362169));
#16360 = CARTESIAN_POINT ('', (148.379437058939, 360., 886.88428607243));
#16370 = CARTESIAN_POINT ('', (142.560132059468, 360., 886.363715038093));
#16380 = CARTESIAN_POINT ('', (136.741273399369, 360., 885.843183931437));
#16390 = CARTESIAN_POINT ('', (130.927677997826, 360., 885.355189014545));
#16400 = CARTESIAN_POINT ('', (125.103469010768, 360., 884.898397580433));
#16410 = CARTESIAN_POINT ('', (119.279706466845, 360., 884.441641160757));
#16420 = CARTESIAN_POINT ('', (113.460519708948, 360., 884.017282266512));
#16430 = CARTESIAN_POINT ('', (107.632105449772, 360., 883.624314305543));
#16440 = CARTESIAN_POINT ('', (101.804137774017, 360., 883.231376454474));
#16450 = CARTESIAN_POINT ('', (95.9800579498185, 360., 882.870716540664));
#16460 = CARTESIAN_POINT ('', (90.1481375856082, 360., 882.541608275869));
#16470 = CARTESIAN_POINT ('', (84.3166639814354, 360., 882.21252522274));
#16480 = CARTESIAN_POINT ('', (78.488389923055, 360., 881.915619553417));
#16490 = CARTESIAN_POINT ('', (72.6536629883543, 360., 881.650399551345));
#16500 = CARTESIAN_POINT ('', (66.819383026468, 360., 881.385199866613));
#16510 = CARTESIAN_POINT ('', (60.98761402397, 360., 881.152096011253));
#16520 = CARTESIAN_POINT ('', (55.1507803365858, 360., 880.950785176308));
#16530 = CARTESIAN_POINT ('', (49.3143938708027, 360., 880.749489765917));
#16540 = CARTESIAN_POINT ('', (43.4798295880209, 360., 880.580227599453));
#16550 = CARTESIAN_POINT ('', (37.6415891647898, 360., 880.442839169181));
#16560 = CARTESIAN_POINT ('', (31.8037962478239, 360., 880.305461269854));
#16570 = CARTESIAN_POINT ('', (25.9671366381556, 360., 880.20007297361));
#16580 = CARTESIAN_POINT ('', (20.1281896106849, 360., 880.126612514916));
#16590 = CARTESIAN_POINT ('', (14.2896904099091, 360., 880.053157690382));
#16600 = CARTESIAN_POINT ('', (8.45163563207924, 360., 880.011667753895));
#16610 = CARTESIAN_POINT ('', (2.61268216247275, 360., 880.002133160198));
#16620 = CARTESIAN_POINT ('', (1.84306539199405, 360., 880.000876431017));
#16630 = CARTESIAN_POINT ('', (1.07344961160642, 360., 880.000174994546));
#16640 = CARTESIAN_POINT ('', (0.303831828930171, 360., 880.000028848057));
#16650 = CARTESIAN_POINT ('', (-0.465958412651431, 360., 879.999882668818));
#16660 = CARTESIAN_POINT ('', (-1.2357492421165, 360., 880.000292031012));
#16670 = CARTESIAN_POINT ('', (-2.00553889284287, 360., 880.001256933697));
#16680 = CARTESIAN_POINT ('', (-15.1896074579254, 360., 880.0177826731));
#16690 = CARTESIAN_POINT ('', (-28.3780756587168, 360., 880.197354434324));
#16700 = CARTESIAN_POINT ('', (-41.5577066683947, 360., 880.539791987164));
#16710 = CARTESIAN_POINT ('', (-50.3347439779515, 360., 880.767839887388));
#16720 = CARTESIAN_POINT ('', (-59.1166581162194, 360., 881.06838510118));
#16730 = CARTESIAN_POINT ('', (-67.8887504609207, 360., 881.440924594635));
#16740 = CARTESIAN_POINT ('', (-76.6593198638068, 360., 881.813399410708));
#16750 = CARTESIAN_POINT ('', (-85.4371056373265, 360., 882.258605842155));
#16760 = CARTESIAN_POINT ('', (-94.2003531560482, 360., 882.775440501469));
#16770 = CARTESIAN_POINT ('', (-102.962079909654, 360., 883.29218546982));
#16780 = CARTESIAN_POINT ('', (-111.73335935964, 360., 883.881993307739));
#16790 = CARTESIAN_POINT ('', (-120.485390396618, 360., 884.54292733995));
#16800 = CARTESIAN_POINT ('', (-129.235902562734, 360., 885.203746670393));
#16810 = CARTESIAN_POINT ('', (-137.998299844022, 360., 885.938057230675));
#16820 = CARTESIAN_POINT ('', (-146.736746187933, 360., 886.742855870975));
#16830 = CARTESIAN_POINT ('', (-151.157849039853, 360., 887.150033236815));
#16840 = CARTESIAN_POINT ('', (-155.582441353399, 360., 887.576119280312));
#16850 = CARTESIAN_POINT ('', (-160., 360., 888.020100629408));
#16860 = B_SPLINE_CURVE_WITH_KNOTS ('', 3, (#16340, #16350, #16360, #16370, #16380, #16390, #16400, #16410, #16420, #16430, #16440, #16450, #16460, #16470, #16480, #16490, #16500, #16510, #16520, #16530, #16540, #16550, #16560, #16570, #16580, #16590, #16600, #16610, #16620, #16630, #16640, #16650, #16660, #16670, #16680, #16690, #16700, #16710, #16720, #16730, #16740, #16750, #16760, #16770, #16780, #16790, #16800, #16810, #16820, #16830, #16840, #16850), .UNSPECIFIED., .F., .U., (4, 3, 3, 3, 3, 3, 3, 3, 3, 3, 3, 3, 3, 3, 3, 3, 3, 4), (0., 17.5276280171584, 35.0539116692293, 52.5788518789476, 70.1024492967161, 87.6247043019428, 105.145617004141, 122.66518724379, 140.183414592965, 157.700298355734, 160.009151745392, 162.318522511775, 201.870759278609, 228.210757532279, 254.546182842212, 280.877037929058, 307.203323428754, 320.522763901633), .UNSPECIFIED.);
#16870 = EDGE_CURVE ('', #16280, #15950, #16860, .T.);
#16880 = ORIENTED_EDGE ('', *, *, #16870, .T.);
#16890 = ORIENTED_EDGE ('', *, *, #15990, .T.);
#16900 = EDGE_LOOP ('', (#16260, #16330, #16880, #16890));
#16910 = FACE_OUTER_BOUND ('', #16900, .T.);
#16920 = CARTESIAN_POINT ('', (-160., 360., 879.999882668818));
#16930 = CARTESIAN_POINT ('', (160., 360., 879.999882668818));
#16940 = CARTESIAN_POINT ('', (-160., 360., 950.));
#16950 = CARTESIAN_POINT ('', (160., 360., 950.));
#16960 = B_SPLINE_SURFACE_WITH_KNOTS ('', 1, 1, ((#16920, #16930), (#16940, #16950)), .UNSPECIFIED., .F., .F., .U., (2, 2), (2, 2), (0.488829146257734, 0.511170816294121), (0., 1.), .UNSPECIFIED.);
#16970 = ADVANCED_FACE ('', (#16910), #16960, .T.);
#16980 = CARTESIAN_POINT ('', (160., -360., 941.979899370593));
#16990 = CARTESIAN_POINT ('', (160., 360., 941.979899370593));
#17000 = B_SPLINE_CURVE_WITH_KNOTS ('', 1, (#16980, #16990), .UNSPECIFIED., .F., .U., (2, 2), (0., 1.), .UNSPECIFIED.);
#17010 = EDGE_CURVE ('', #14990, #16180, #17000, .T.);
#17020 = ORIENTED_EDGE ('', *, *, #17010, .F.);
#17030 = ORIENTED_EDGE ('', *, *, #15770, .F.);
#17040 = CARTESIAN_POINT ('', (160., -360., 888.020100629408));
#17050 = CARTESIAN_POINT ('', (160., -120., 888.020100629408));
#17060 = CARTESIAN_POINT ('', (160., 120., 888.020100629408));
#17070 = CARTESIAN_POINT ('', (160., 360., 888.020100629408));
#17080 = B_SPLINE_CURVE_WITH_KNOTS ('', 3, (#17040, #17050, #17060, #17070), .UNSPECIFIED., .F., .U., (4, 4), (0., 720.), .UNSPECIFIED.);
#17090 = EDGE_CURVE ('', #15180, #16280, #17080, .T.);
#17100 = ORIENTED_EDGE ('', *, *, #17090, .T.);
#17110 = ORIENTED_EDGE ('', *, *, #16320, .T.);
#17120 = EDGE_LOOP ('', (#17020, #17030, #17100, #17110));
#17130 = FACE_OUTER_BOUND ('', #17120, .T.);
#17140 = CARTESIAN_POINT ('', (160., 360., 888.020100629408));
#17150 = CARTESIAN_POINT ('', (160., -360., 888.020100629408));
#17160 = CARTESIAN_POINT ('', (160., 360., 941.979899370593));
#17170 = CARTESIAN_POINT ('', (160., -360., 941.979899370593));
#17180 = B_SPLINE_SURFACE_WITH_KNOTS ('', 1, 1, ((#17140, #17150), (#17160, #17170)), .UNSPECIFIED., .F., .F., .U., (2, 2), (2, 2), (0.491388928585636, 0.508611071414365), (0., 1.), .UNSPECIFIED.);
#17190 = ADVANCED_FACE ('', (#17130), #17180, .T.);
#17200 = ORIENTED_EDGE ('', *, *, #15720, .F.);
#17210 = ORIENTED_EDGE ('', *, *, #16060, .F.);
#17220 = ORIENTED_EDGE ('', *, *, #16870, .F.);
#17230 = ORIENTED_EDGE ('', *, *, #17090, .F.);
#17240 = EDGE_LOOP ('', (#17200, #17210, #17220, #17230));
#17250 = FACE_OUTER_BOUND ('', #17240, .T.);
#17260 = CARTESIAN_POINT ('', (-160.000000000054, -360., 888.020100629413));
#17270 = CARTESIAN_POINT ('', (-80.201006294108, -360., 880.));
#17280 = CARTESIAN_POINT ('', (-9.79717439317883E-14, -360., 880.));
#17290 = CARTESIAN_POINT ('', (80.2010062941078, -360., 880.));
#17300 = CARTESIAN_POINT ('', (160.000000000054, -360., 888.020100629413));
#17310 = CARTESIAN_POINT ('', (-160.000000000054, 360., 888.020100629413));
#17320 = CARTESIAN_POINT ('', (-80.201006294108, 360., 880.));
#17330 = CARTESIAN_POINT ('', (-9.79717439317883E-14, 360., 880.));
#17340 = CARTESIAN_POINT ('', (80.2010062941078, 360., 880.));
#17350 = CARTESIAN_POINT ('', (160.000000000054, 360., 888.020100629413));
#17360 = (
   BOUNDED_SURFACE ()
   B_SPLINE_SURFACE (1, 2, ((#17260, #17270, #17280, #17290, #17300), (#17310, #17320, #17330, #17340, #17350)), .UNSPECIFIED., .F., .F., .U.)
   B_SPLINE_SURFACE_WITH_KNOTS ((2, 2), (3, 2, 3), (0.00109621911812, 0.99890378088188), (0.465276776279007, 0.5, 0.534723223720993), .UNSPECIFIED.)
   SURFACE ()
   GEOMETRIC_REPRESENTATION_ITEM ()
   RATIONAL_B_SPLINE_SURFACE (((0.962144349087082, 0.979659606473558, 1., 0.979659606473558, 0.962144349087082), (0.962144349087082, 0.979659606473558, 1., 0.979659606473558, 0.962144349087082)))
   REPRESENTATION_ITEM ('')
);
#17370 = ADVANCED_FACE ('', (#17250), #17360, .T.);
#17380 = ORIENTED_EDGE ('', *, *, #15080, .F.);
#17390 = ORIENTED_EDGE ('', *, *, #17010, .T.);
#17400 = ORIENTED_EDGE ('', *, *, #16250, .T.);
#17410 = ORIENTED_EDGE ('', *, *, #15920, .F.);
#17420 = EDGE_LOOP ('', (#17380, #17390, #17400, #17410));
#17430 = FACE_OUTER_BOUND ('', #17420, .T.);
#17440 = CARTESIAN_POINT ('', (160.000000000054, -360., 941.979899370587));
#17450 = CARTESIAN_POINT ('', (80.201006294108, -360., 950.));
#17460 = CARTESIAN_POINT ('', (9.79717439317882E-14, -360., 950.));
#17470 = CARTESIAN_POINT ('', (-80.2010062940793, -360., 950.));
#17480 = CARTESIAN_POINT ('', (-159.999999999997, -360., 941.979899370592));
#17490 = CARTESIAN_POINT ('', (160.000000000054, 360., 941.979899370587));
#17500 = CARTESIAN_POINT ('', (80.201006294108, 360., 950.));
#17510 = CARTESIAN_POINT ('', (9.79717439317883E-14, 360., 950.));
#17520 = CARTESIAN_POINT ('', (-80.2010062940793, 360., 950.));
#17530 = CARTESIAN_POINT ('', (-159.999999999997, 360., 941.979899370592));
#17540 = (
   BOUNDED_SURFACE ()
   B_SPLINE_SURFACE (1, 2, ((#17440, #17450, #17460, #17470, #17480), (#17490, #17500, #17510, #17520, #17530)), .UNSPECIFIED., .F., .F., .U.)
   B_SPLINE_SURFACE_WITH_KNOTS ((2, 2), (3, 2, 3), (0.00109621911812039, 0.99890378088188), (0.465276776279007, 0.5, 0.534723223720981), .UNSPECIFIED.)
   SURFACE ()
   GEOMETRIC_REPRESENTATION_ITEM ()
   RATIONAL_B_SPLINE_SURFACE (((0.962144349087082, 0.979659606473558, 1., 0.979659606473565, 0.962144349087094), (0.962144349087082, 0.979659606473558, 1., 0.979659606473565, 0.962144349087094)))
   REPRESENTATION_ITEM ('')
);
#17550 = ADVANCED_FACE ('', (#17430), #17540, .T.);
#17560 = CLOSED_SHELL ('', (#15860, #16160, #16970, #17190, #17370, #17550));
#17570 = MANIFOLD_SOLID_BREP ('', #17560);
#17580 = (
   LENGTH_UNIT ()
   NAMED_UNIT (*)
   SI_UNIT (.MILLI., .METRE.)
);
#17590 = (
   NAMED_UNIT (*)
   SI_UNIT ($, .STERADIAN.)
   SOLID_ANGLE_UNIT ()
);
#17600 = (
   NAMED_UNIT (*)
   SI_UNIT ($, .RADIAN.)
   PLANE_ANGLE_UNIT ()
);
#17610 = UNCERTAINTY_MEASURE_WITH_UNIT (LENGTH_MEASURE(1.E-5), #17580, 'DISTANCE_ACCURACY_VALUE', '');
#17620 = (
   GEOMETRIC_REPRESENTATION_CONTEXT (3)
   GLOBAL_UNCERTAINTY_ASSIGNED_CONTEXT ((#17610))
   GLOBAL_UNIT_ASSIGNED_CONTEXT ((#17580, #17590, #17600))
   REPRESENTATION_CONTEXT ('', '3D')
);
#17630 = ADVANCED_BREP_SHAPE_REPRESENTATION ('', (#17570), #17620);
#17640 = APPLICATION_CONTEXT ('configuration controlled 3D designs of mechanical parts and assemblies');
#17650 = APPLICATION_PROTOCOL_DEFINITION ('International Standard', 'config_control_design', 1997, #17640);
#17660 = MECHANICAL_CONTEXT ('', #17640, 'mechanical');
#17670 = PRODUCT ('product-name', '', '', (#17660));
#17680 = PERSON_AND_ORGANIZATION_ROLE ('design_owner');
#17690 = PERSON ('', '', $, $, $, $);
#17700 = ORGANIZATION ($, '', '');
#17710 = PERSON_AND_ORGANIZATION (#17690, #17700);
#17720 = CC_DESIGN_PERSON_AND_ORGANIZATION_ASSIGNMENT (#17710, #17680, (#17670));
#17730 = PRODUCT_RELATED_PRODUCT_CATEGORY ('detail', $, (#17670));
#17740 = PRODUCT_DEFINITION_FORMATION_WITH_SPECIFIED_SOURCE ('', '', #17670, .NOT_KNOWN.);
#17750 = APPROVAL_STATUS ('approved');
#17760 = APPROVAL (#17750, '');
#17770 = CALENDAR_DATE (2019, 11, 1);
#17780 = COORDINATED_UNIVERSAL_TIME_OFFSET (0, $, .AHEAD.);
#17790 = LOCAL_TIME (9, 59, 12., #17780);
#17800 = DATE_AND_TIME (#17770, #17790);
#17810 = APPROVAL_DATE_TIME (#17800, #17760);
#17820 = APPROVAL_ROLE ('');
#17830 = PERSON ('', '', $, $, $, $);
#17840 = ORGANIZATION ($, '', '');
#17850 = PERSON_AND_ORGANIZATION (#17830, #17840);
#17860 = APPROVAL_PERSON_ORGANIZATION (#17850, #17760, #17820);
#17870 = CC_DESIGN_APPROVAL (#17760, (#17740));
#17880 = PERSON_AND_ORGANIZATION_ROLE ('creator');
#17890 = PERSON ('', '', $, $, $, $);
#17900 = ORGANIZATION ($, '', '');
#17910 = PERSON_AND_ORGANIZATION (#17890, #17900);
#17920 = CC_DESIGN_PERSON_AND_ORGANIZATION_ASSIGNMENT (#17910, #17880, (#17740));
#17930 = PERSON_AND_ORGANIZATION_ROLE ('part_supplier');
#17940 = PERSON ('', '', $, $, $, $);
#17950 = ORGANIZATION ($, '', '');
#17960 = PERSON_AND_ORGANIZATION (#17940, #17950);
#17970 = CC_DESIGN_PERSON_AND_ORGANIZATION_ASSIGNMENT (#17960, #17930, (#17740));
#17980 = SECURITY_CLASSIFICATION_LEVEL ('unclassified');
#17990 = SECURITY_CLASSIFICATION ('', '', #17980);
#18000 = APPROVAL_STATUS ('approved');
#18010 = APPROVAL (#18000, '');
#18020 = CALENDAR_DATE (2019, 11, 1);
#18030 = COORDINATED_UNIVERSAL_TIME_OFFSET (0, $, .AHEAD.);
#18040 = LOCAL_TIME (9, 59, 12., #18030);
#18050 = DATE_AND_TIME (#18020, #18040);
#18060 = APPROVAL_DATE_TIME (#18050, #18010);
#18070 = APPROVAL_ROLE ('');
#18080 = PERSON ('', '', $, $, $, $);
#18090 = ORGANIZATION ($, '', '');
#18100 = PERSON_AND_ORGANIZATION (#18080, #18090);
#18110 = APPROVAL_PERSON_ORGANIZATION (#18100, #18010, #18070);
#18120 = CC_DESIGN_APPROVAL (#18010, (#17990));
#18130 = DATE_TIME_ROLE ('classification_date');
#18140 = CALENDAR_DATE (2019, 11, 1);
#18150 = COORDINATED_UNIVERSAL_TIME_OFFSET (0, $, .AHEAD.);
#18160 = LOCAL_TIME (9, 59, 12., #18150);
#18170 = DATE_AND_TIME (#18140, #18160);
#18180 = CC_DESIGN_DATE_AND_TIME_ASSIGNMENT (#18170, #18130, (#17990));
#18190 = PERSON_AND_ORGANIZATION_ROLE ('classification_officer');
#18200 = PERSON ('', '', $, $, $, $);
#18210 = ORGANIZATION ($, '', '');
#18220 = PERSON_AND_ORGANIZATION (#18200, #18210);
#18230 = CC_DESIGN_PERSON_AND_ORGANIZATION_ASSIGNMENT (#18220, #18190, (#17990));
#18240 = CC_DESIGN_SECURITY_CLASSIFICATION (#17990, (#17740));
#18250 = DESIGN_CONTEXT ('', #17640, 'design');
#18260 = PRODUCT_DEFINITION ('', '', #17740, #18250);
#18270 = APPROVAL_STATUS ('approved');
#18280 = APPROVAL (#18270, '');
#18290 = CALENDAR_DATE (2019, 11, 1);
#18300 = COORDINATED_UNIVERSAL_TIME_OFFSET (0, $, .AHEAD.);
#18310 = LOCAL_TIME (9, 59, 12., #18300);
#18320 = DATE_AND_TIME (#18290, #18310);
#18330 = APPROVAL_DATE_TIME (#18320, #18280);
#18340 = APPROVAL_ROLE ('');
#18350 = PERSON ('', '', $, $, $, $);
#18360 = ORGANIZATION ($, '', '');
#18370 = PERSON_AND_ORGANIZATION (#18350, #18360);
#18380 = APPROVAL_PERSON_ORGANIZATION (#18370, #18280, #18340);
#18390 = CC_DESIGN_APPROVAL (#18280, (#18260));
#18400 = DATE_TIME_ROLE ('creation_date');
#18410 = CALENDAR_DATE (2019, 11, 1);
#18420 = COORDINATED_UNIVERSAL_TIME_OFFSET (0, $, .AHEAD.);
#18430 = LOCAL_TIME (9, 59, 12., #18420);
#18440 = DATE_AND_TIME (#18410, #18430);
#18450 = CC_DESIGN_DATE_AND_TIME_ASSIGNMENT (#18440, #18400, (#18260));
#18460 = PERSON_AND_ORGANIZATION_ROLE ('creator');
#18470 = PERSON ('', '', $, $, $, $);
#18480 = ORGANIZATION ($, '', '');
#18490 = PERSON_AND_ORGANIZATION (#18470, #18480);
#18500 = CC_DESIGN_PERSON_AND_ORGANIZATION_ASSIGNMENT (#18490, #18460, (#18260));
#18510 = PRODUCT_DEFINITION_SHAPE ('', '', #18260);
#18520 = SHAPE_DEFINITION_REPRESENTATION (#18510, #17630);
#18530 = CARTESIAN_POINT ('', (-60., -60., 0.));
#18540 = VERTEX_POINT ('', #18530);
#18550 = CARTESIAN_POINT ('', (60., -60., 0.));
#18560 = VERTEX_POINT ('', #18550);
#18570 = CARTESIAN_POINT ('', (-60., -60., 0.));
#18580 = CARTESIAN_POINT ('', (-20., -60., 0.));
#18590 = CARTESIAN_POINT ('', (20., -60., 0.));
#18600 = CARTESIAN_POINT ('', (60., -60., 0.));
#18610 = B_SPLINE_CURVE_WITH_KNOTS ('', 3, (#18570, #18580, #18590, #18600), .UNSPECIFIED., .F., .U., (4, 4), (0., 120.), .UNSPECIFIED.);
#18620 = EDGE_CURVE ('', #18540, #18560, #18610, .T.);
#18630 = ORIENTED_EDGE ('', *, *, #18620, .T.);
#18640 = CARTESIAN_POINT ('', (60., 60., 0.));
#18650 = VERTEX_POINT ('', #18640);
#18660 = CARTESIAN_POINT ('', (60., -60., 0.));
#18670 = CARTESIAN_POINT ('', (60., -20., 0.));
#18680 = CARTESIAN_POINT ('', (60., 20., 0.));
#18690 = CARTESIAN_POINT ('', (60., 60., 0.));
#18700 = B_SPLINE_CURVE_WITH_KNOTS ('', 3, (#18660, #18670, #18680, #18690), .UNSPECIFIED., .F., .U., (4, 4), (0., 120.), .UNSPECIFIED.);
#18710 = EDGE_CURVE ('', #18560, #18650, #18700, .T.);
#18720 = ORIENTED_EDGE ('', *, *, #18710, .T.);
#18730 = CARTESIAN_POINT ('', (-60., 60., 0.));
#18740 = VERTEX_POINT ('', #18730);
#18750 = CARTESIAN_POINT ('', (60., 60., 0.));
#18760 = CARTESIAN_POINT ('', (20., 60., 0.));
#18770 = CARTESIAN_POINT ('', (-20., 60., 0.));
#18780 = CARTESIAN_POINT ('', (-60., 60., 0.));
#18790 = B_SPLINE_CURVE_WITH_KNOTS ('', 3, (#18750, #18760, #18770, #18780), .UNSPECIFIED., .F., .U., (4, 4), (0., 120.), .UNSPECIFIED.);
#18800 = EDGE_CURVE ('', #18650, #18740, #18790, .T.);
#18810 = ORIENTED_EDGE ('', *, *, #18800, .T.);
#18820 = CARTESIAN_POINT ('', (-60., 60., 0.));
#18830 = CARTESIAN_POINT ('', (-60., 20., 0.));
#18840 = CARTESIAN_POINT ('', (-60., -20., 0.));
#18850 = CARTESIAN_POINT ('', (-60., -60., 0.));
#18860 = B_SPLINE_CURVE_WITH_KNOTS ('', 3, (#18820, #18830, #18840, #18850), .UNSPECIFIED., .F., .U., (4, 4), (0., 120.), .UNSPECIFIED.);
#18870 = EDGE_CURVE ('', #18740, #18540, #18860, .T.);
#18880 = ORIENTED_EDGE ('', *, *, #18870, .T.);
#18890 = EDGE_LOOP ('', (#18630, #18720, #18810, #18880));
#18900 = FACE_OUTER_BOUND ('', #18890, .T.);
#18910 = CARTESIAN_POINT ('', (-60., -60., 0.));
#18920 = CARTESIAN_POINT ('', (-60., 60., 0.));
#18930 = CARTESIAN_POINT ('', (60., -60., 0.));
#18940 = CARTESIAN_POINT ('', (60., 60., 0.));
#18950 = B_SPLINE_SURFACE_WITH_KNOTS ('', 1, 1, ((#18910, #18920), (#18930, #18940)), .UNSPECIFIED., .F., .F., .U., (2, 2), (2, 2), (0.00141022484417187, 0.998589775155828), (0.00141022484417187, 0.998589775155828), .UNSPECIFIED.);
#18960 = ADVANCED_FACE ('', (#18900), #18950, .T.);
#18970 = OPEN_SHELL ('', (#18960));
#18980 = SHELL_BASED_SURFACE_MODEL ('', (#18970));
#18990 = (
   LENGTH_UNIT ()
   NAMED_UNIT (*)
   SI_UNIT (.MILLI., .METRE.)
);
#19000 = (
   NAMED_UNIT (*)
   SI_UNIT ($, .STERADIAN.)
   SOLID_ANGLE_UNIT ()
);
#19010 = (
   NAMED_UNIT (*)
   SI_UNIT ($, .RADIAN.)
   PLANE_ANGLE_UNIT ()
);
#19020 = UNCERTAINTY_MEASURE_WITH_UNIT (LENGTH_MEASURE(1.E-5), #18990, 'DISTANCE_ACCURACY_VALUE', '');
#19030 = (
   GEOMETRIC_REPRESENTATION_CONTEXT (3)
   GLOBAL_UNCERTAINTY_ASSIGNED_CONTEXT ((#19020))
   GLOBAL_UNIT_ASSIGNED_CONTEXT ((#18990, #19000, #19010))
   REPRESENTATION_CONTEXT ('', '3D')
);
#19040 = MANIFOLD_SURFACE_SHAPE_REPRESENTATION ('', (#18980), #19030);
#19050 = APPLICATION_CONTEXT ('configuration controlled 3D designs of mechanical parts and assemblies');
#19060 = APPLICATION_PROTOCOL_DEFINITION ('International Standard', 'config_control_design', 1997, #19050);
#19070 = MECHANICAL_CONTEXT ('', #19050, 'mechanical');
#19080 = PRODUCT ('product-name', '', '', (#19070));
#19090 = PERSON_AND_ORGANIZATION_ROLE ('design_owner');
#19100 = PERSON ('', '', $, $, $, $);
#19110 = ORGANIZATION ($, '', '');
#19120 = PERSON_AND_ORGANIZATION (#19100, #19110);
#19130 = CC_DESIGN_PERSON_AND_ORGANIZATION_ASSIGNMENT (#19120, #19090, (#19080));
#19140 = PRODUCT_RELATED_PRODUCT_CATEGORY ('detail', $, (#19080));
#19150 = PRODUCT_DEFINITION_FORMATION_WITH_SPECIFIED_SOURCE ('', '', #19080, .NOT_KNOWN.);
#19160 = APPROVAL_STATUS ('approved');
#19170 = APPROVAL (#19160, '');
#19180 = CALENDAR_DATE (2019, 11, 1);
#19190 = COORDINATED_UNIVERSAL_TIME_OFFSET (0, $, .AHEAD.);
#19200 = LOCAL_TIME (9, 59, 12., #19190);
#19210 = DATE_AND_TIME (#19180, #19200);
#19220 = APPROVAL_DATE_TIME (#19210, #19170);
#19230 = APPROVAL_ROLE ('');
#19240 = PERSON ('', '', $, $, $, $);
#19250 = ORGANIZATION ($, '', '');
#19260 = PERSON_AND_ORGANIZATION (#19240, #19250);
#19270 = APPROVAL_PERSON_ORGANIZATION (#19260, #19170, #19230);
#19280 = CC_DESIGN_APPROVAL (#19170, (#19150));
#19290 = PERSON_AND_ORGANIZATION_ROLE ('creator');
#19300 = PERSON ('', '', $, $, $, $);
#19310 = ORGANIZATION ($, '', '');
#19320 = PERSON_AND_ORGANIZATION (#19300, #19310);
#19330 = CC_DESIGN_PERSON_AND_ORGANIZATION_ASSIGNMENT (#19320, #19290, (#19150));
#19340 = PERSON_AND_ORGANIZATION_ROLE ('part_supplier');
#19350 = PERSON ('', '', $, $, $, $);
#19360 = ORGANIZATION ($, '', '');
#19370 = PERSON_AND_ORGANIZATION (#19350, #19360);
#19380 = CC_DESIGN_PERSON_AND_ORGANIZATION_ASSIGNMENT (#19370, #19340, (#19150));
#19390 = SECURITY_CLASSIFICATION_LEVEL ('unclassified');
#19400 = SECURITY_CLASSIFICATION ('', '', #19390);
#19410 = APPROVAL_STATUS ('approved');
#19420 = APPROVAL (#19410, '');
#19430 = CALENDAR_DATE (2019, 11, 1);
#19440 = COORDINATED_UNIVERSAL_TIME_OFFSET (0, $, .AHEAD.);
#19450 = LOCAL_TIME (9, 59, 12., #19440);
#19460 = DATE_AND_TIME (#19430, #19450);
#19470 = APPROVAL_DATE_TIME (#19460, #19420);
#19480 = APPROVAL_ROLE ('');
#19490 = PERSON ('', '', $, $, $, $);
#19500 = ORGANIZATION ($, '', '');
#19510 = PERSON_AND_ORGANIZATION (#19490, #19500);
#19520 = APPROVAL_PERSON_ORGANIZATION (#19510, #19420, #19480);
#19530 = CC_DESIGN_APPROVAL (#19420, (#19400));
#19540 = DATE_TIME_ROLE ('classification_date');
#19550 = CALENDAR_DATE (2019, 11, 1);
#19560 = COORDINATED_UNIVERSAL_TIME_OFFSET (0, $, .AHEAD.);
#19570 = LOCAL_TIME (9, 59, 12., #19560);
#19580 = DATE_AND_TIME (#19550, #19570);
#19590 = CC_DESIGN_DATE_AND_TIME_ASSIGNMENT (#19580, #19540, (#19400));
#19600 = PERSON_AND_ORGANIZATION_ROLE ('classification_officer');
#19610 = PERSON ('', '', $, $, $, $);
#19620 = ORGANIZATION ($, '', '');
#19630 = PERSON_AND_ORGANIZATION (#19610, #19620);
#19640 = CC_DESIGN_PERSON_AND_ORGANIZATION_ASSIGNMENT (#19630, #19600, (#19400));
#19650 = CC_DESIGN_SECURITY_CLASSIFICATION (#19400, (#19150));
#19660 = DESIGN_CONTEXT ('', #19050, 'design');
#19670 = PRODUCT_DEFINITION ('', '', #19150, #19660);
#19680 = APPROVAL_STATUS ('approved');
#19690 = APPROVAL (#19680, '');
#19700 = CALENDAR_DATE (2019, 11, 1);
#19710 = COORDINATED_UNIVERSAL_TIME_OFFSET (0, $, .AHEAD.);
#19720 = LOCAL_TIME (9, 59, 12., #19710);
#19730 = DATE_AND_TIME (#19700, #19720);
#19740 = APPROVAL_DATE_TIME (#19730, #19690);
#19750 = APPROVAL_ROLE ('');
#19760 = PERSON ('', '', $, $, $, $);
#19770 = ORGANIZATION ($, '', '');
#19780 = PERSON_AND_ORGANIZATION (#19760, #19770);
#19790 = APPROVAL_PERSON_ORGANIZATION (#19780, #19690, #19750);
#19800 = CC_DESIGN_APPROVAL (#19690, (#19670));
#19810 = DATE_TIME_ROLE ('creation_date');
#19820 = CALENDAR_DATE (2019, 11, 1);
#19830 = COORDINATED_UNIVERSAL_TIME_OFFSET (0, $, .AHEAD.);
#19840 = LOCAL_TIME (9, 59, 12., #19830);
#19850 = DATE_AND_TIME (#19820, #19840);
#19860 = CC_DESIGN_DATE_AND_TIME_ASSIGNMENT (#19850, #19810, (#19670));
#19870 = PERSON_AND_ORGANIZATION_ROLE ('creator');
#19880 = PERSON ('', '', $, $, $, $);
#19890 = ORGANIZATION ($, '', '');
#19900 = PERSON_AND_ORGANIZATION (#19880, #19890);
#19910 = CC_DESIGN_PERSON_AND_ORGANIZATION_ASSIGNMENT (#19900, #19870, (#19670));
#19920 = PRODUCT_DEFINITION_SHAPE ('', '', #19670);
#19930 = SHAPE_DEFINITION_REPRESENTATION (#19920, #19040);
#19940 = GEOMETRIC_CURVE_SET ('', (#30, #60, #90, #120, #150, #180, #210, #240, #270, #300, #330, #360, #390, #420, #450, #480, #510, #540, #570, #600));
#19950 = (
   LENGTH_UNIT ()
   NAMED_UNIT (*)
   SI_UNIT (.MILLI., .METRE.)
);
#19960 = (
   NAMED_UNIT (*)
   SI_UNIT ($, .STERADIAN.)
   SOLID_ANGLE_UNIT ()
);
#19970 = (
   NAMED_UNIT (*)
   SI_UNIT ($, .RADIAN.)
   PLANE_ANGLE_UNIT ()
);
#19980 = UNCERTAINTY_MEASURE_WITH_UNIT (LENGTH_MEASURE(1.E-5), #19950, 'DISTANCE_ACCURACY_VALUE', '');
#19990 = (
   GEOMETRIC_REPRESENTATION_CONTEXT (3)
   GLOBAL_UNCERTAINTY_ASSIGNED_CONTEXT ((#19980))
   GLOBAL_UNIT_ASSIGNED_CONTEXT ((#19950, #19960, #19970))
   REPRESENTATION_CONTEXT ('', '3D')
);
#20000 = GEOMETRICALLY_BOUNDED_WIREFRAME_SHAPE_REPRESENTATION ('', (#19940), #19990);
#20010 = APPLICATION_CONTEXT ('configuration controlled 3D designs of mechanical parts and assemblies');
#20020 = APPLICATION_PROTOCOL_DEFINITION ('International Standard', 'config_control_design', 1997, #20010);
#20030 = MECHANICAL_CONTEXT ('', #20010, 'mechanical');
#20040 = PRODUCT ('product-name', '', '', (#20030));
#20050 = PERSON_AND_ORGANIZATION_ROLE ('design_owner');
#20060 = PERSON ('', '', $, $, $, $);
#20070 = ORGANIZATION ($, '', '');
#20080 = PERSON_AND_ORGANIZATION (#20060, #20070);
#20090 = CC_DESIGN_PERSON_AND_ORGANIZATION_ASSIGNMENT (#20080, #20050, (#20040));
#20100 = PRODUCT_RELATED_PRODUCT_CATEGORY ('detail', $, (#20040));
#20110 = PRODUCT_DEFINITION_FORMATION_WITH_SPECIFIED_SOURCE ('', '', #20040, .NOT_KNOWN.);
#20120 = APPROVAL_STATUS ('approved');
#20130 = APPROVAL (#20120, '');
#20140 = CALENDAR_DATE (2019, 11, 1);
#20150 = COORDINATED_UNIVERSAL_TIME_OFFSET (0, $, .AHEAD.);
#20160 = LOCAL_TIME (9, 59, 12., #20150);
#20170 = DATE_AND_TIME (#20140, #20160);
#20180 = APPROVAL_DATE_TIME (#20170, #20130);
#20190 = APPROVAL_ROLE ('');
#20200 = PERSON ('', '', $, $, $, $);
#20210 = ORGANIZATION ($, '', '');
#20220 = PERSON_AND_ORGANIZATION (#20200, #20210);
#20230 = APPROVAL_PERSON_ORGANIZATION (#20220, #20130, #20190);
#20240 = CC_DESIGN_APPROVAL (#20130, (#20110));
#20250 = PERSON_AND_ORGANIZATION_ROLE ('creator');
#20260 = PERSON ('', '', $, $, $, $);
#20270 = ORGANIZATION ($, '', '');
#20280 = PERSON_AND_ORGANIZATION (#20260, #20270);
#20290 = CC_DESIGN_PERSON_AND_ORGANIZATION_ASSIGNMENT (#20280, #20250, (#20110));
#20300 = PERSON_AND_ORGANIZATION_ROLE ('part_supplier');
#20310 = PERSON ('', '', $, $, $, $);
#20320 = ORGANIZATION ($, '', '');
#20330 = PERSON_AND_ORGANIZATION (#20310, #20320);
#20340 = CC_DESIGN_PERSON_AND_ORGANIZATION_ASSIGNMENT (#20330, #20300, (#20110));
#20350 = SECURITY_CLASSIFICATION_LEVEL ('unclassified');
#20360 = SECURITY_CLASSIFICATION ('', '', #20350);
#20370 = APPROVAL_STATUS ('approved');
#20380 = APPROVAL (#20370, '');
#20390 = CALENDAR_DATE (2019, 11, 1);
#20400 = COORDINATED_UNIVERSAL_TIME_OFFSET (0, $, .AHEAD.);
#20410 = LOCAL_TIME (9, 59, 12., #20400);
#20420 = DATE_AND_TIME (#20390, #20410);
#20430 = APPROVAL_DATE_TIME (#20420, #20380);
#20440 = APPROVAL_ROLE ('');
#20450 = PERSON ('', '', $, $, $, $);
#20460 = ORGANIZATION ($, '', '');
#20470 = PERSON_AND_ORGANIZATION (#20450, #20460);
#20480 = APPROVAL_PERSON_ORGANIZATION (#20470, #20380, #20440);
#20490 = CC_DESIGN_APPROVAL (#20380, (#20360));
#20500 = DATE_TIME_ROLE ('classification_date');
#20510 = CALENDAR_DATE (2019, 11, 1);
#20520 = COORDINATED_UNIVERSAL_TIME_OFFSET (0, $, .AHEAD.);
#20530 = LOCAL_TIME (9, 59, 12., #20520);
#20540 = DATE_AND_TIME (#20510, #20530);
#20550 = CC_DESIGN_DATE_AND_TIME_ASSIGNMENT (#20540, #20500, (#20360));
#20560 = PERSON_AND_ORGANIZATION_ROLE ('classification_officer');
#20570 = PERSON ('', '', $, $, $, $);
#20580 = ORGANIZATION ($, '', '');
#20590 = PERSON_AND_ORGANIZATION (#20570, #20580);
#20600 = CC_DESIGN_PERSON_AND_ORGANIZATION_ASSIGNMENT (#20590, #20560, (#20360));
#20610 = CC_DESIGN_SECURITY_CLASSIFICATION (#20360, (#20110));
#20620 = DESIGN_CONTEXT ('', #20010, 'design');
#20630 = PRODUCT_DEFINITION ('', '', #20110, #20620);
#20640 = APPROVAL_STATUS ('approved');
#20650 = APPROVAL (#20640, '');
#20660 = CALENDAR_DATE (2019, 11, 1);
#20670 = COORDINATED_UNIVERSAL_TIME_OFFSET (0, $, .AHEAD.);
#20680 = LOCAL_TIME (9, 59, 12., #20670);
#20690 = DATE_AND_TIME (#20660, #20680);
#20700 = APPROVAL_DATE_TIME (#20690, #20650);
#20710 = APPROVAL_ROLE ('');
#20720 = PERSON ('', '', $, $, $, $);
#20730 = ORGANIZATION ($, '', '');
#20740 = PERSON_AND_ORGANIZATION (#20720, #20730);
#20750 = APPROVAL_PERSON_ORGANIZATION (#20740, #20650, #20710);
#20760 = CC_DESIGN_APPROVAL (#20650, (#20630));
#20770 = DATE_TIME_ROLE ('creation_date');
#20780 = CALENDAR_DATE (2019, 11, 1);
#20790 = COORDINATED_UNIVERSAL_TIME_OFFSET (0, $, .AHEAD.);
#20800 = LOCAL_TIME (9, 59, 12., #20790);
#20810 = DATE_AND_TIME (#20780, #20800);
#20820 = CC_DESIGN_DATE_AND_TIME_ASSIGNMENT (#20810, #20770, (#20630));
#20830 = PERSON_AND_ORGANIZATION_ROLE ('creator');
#20840 = PERSON ('', '', $, $, $, $);
#20850 = ORGANIZATION ($, '', '');
#20860 = PERSON_AND_ORGANIZATION (#20840, #20850);
#20870 = CC_DESIGN_PERSON_AND_ORGANIZATION_ASSIGNMENT (#20860, #20830, (#20630));
#20880 = PRODUCT_DEFINITION_SHAPE ('', '', #20630);
#20890 = SHAPE_DEFINITION_REPRESENTATION (#20880, #20000);
ENDSEC;
END-ISO-10303-21;
