ISO-10303-21;
HEADER;
FILE_DESCRIPTION ((), '1');
FILE_NAME ('D:\MIRmaterial\MIRoptical\illumination\MIR_optics_Tx_combine2.stp', '2018-12-18T18:45:35', ('Unknown'), ('Unknown'), 'HarmonyWare STEP v1.1.9', 'HarmonyWare Translators', '');
FILE_SCHEMA (('CONFIG_CONTROL_DESIGN'));
ENDSEC;

DATA;
#10 = CARTESIAN_POINT ('', (0., 0., 0.));
#20 = CARTESIAN_POINT ('', (0., 0., 150.));
#30 = B_SPLINE_CURVE_WITH_KNOTS ('', 1, (#10, #20), .UNSPECIFIED., .F., .U., (2, 2), (0., 1.), .UNSPECIFIED.);
#40 = CARTESIAN_POINT ('', (0., 0., 150.));
#50 = CARTESIAN_POINT ('', (0., 0., 190.));
#60 = B_SPLINE_CURVE_WITH_KNOTS ('', 1, (#40, #50), .UNSPECIFIED., .F., .U., (2, 2), (0., 1.), .UNSPECIFIED.);
#70 = CARTESIAN_POINT ('', (0., 0., 190.));
#80 = CARTESIAN_POINT ('', (0., 0., 880.));
#90 = B_SPLINE_CURVE_WITH_KNOTS ('', 1, (#70, #80), .UNSPECIFIED., .F., .U., (2, 2), (0., 1.), .UNSPECIFIED.);
#100 = CARTESIAN_POINT ('', (0., 0., 880.));
#110 = CARTESIAN_POINT ('', (0., 0., 930.));
#120 = B_SPLINE_CURVE_WITH_KNOTS ('', 1, (#100, #110), .UNSPECIFIED., .F., .U., (2, 2), (0., 1.), .UNSPECIFIED.);
#130 = CARTESIAN_POINT ('', (0., 0., 930.));
#140 = CARTESIAN_POINT ('', (0., 0., 1230.));
#150 = B_SPLINE_CURVE_WITH_KNOTS ('', 1, (#130, #140), .UNSPECIFIED., .F., .U., (2, 2), (0., 1.), .UNSPECIFIED.);
#160 = CARTESIAN_POINT ('', (0., 0., 1230.));
#170 = CARTESIAN_POINT ('', (500., 0., 1230.));
#180 = B_SPLINE_CURVE_WITH_KNOTS ('', 1, (#160, #170), .UNSPECIFIED., .F., .U., (2, 2), (0., 1.), .UNSPECIFIED.);
#190 = CARTESIAN_POINT ('', (500., 0., 1230.));
#200 = CARTESIAN_POINT ('', (500., 0., 1680.));
#210 = B_SPLINE_CURVE_WITH_KNOTS ('', 1, (#190, #200), .UNSPECIFIED., .F., .U., (2, 2), (0., 1.), .UNSPECIFIED.);
#220 = CARTESIAN_POINT ('', (500., 0., 1680.));
#230 = CARTESIAN_POINT ('', (99.9999999999999, 0., 1680.));
#240 = B_SPLINE_CURVE_WITH_KNOTS ('', 1, (#220, #230), .UNSPECIFIED., .F., .U., (2, 2), (0., 1.), .UNSPECIFIED.);
#250 = CARTESIAN_POINT ('', (99.9999999999999, 0., 1680.));
#260 = CARTESIAN_POINT ('', (100., 0., 2180.));
#270 = B_SPLINE_CURVE_WITH_KNOTS ('', 1, (#250, #260), .UNSPECIFIED., .F., .U., (2, 2), (0., 1.), .UNSPECIFIED.);
#280 = CARTESIAN_POINT ('', (0., 1.00503781519379E-7, 0.));
#290 = CARTESIAN_POINT ('', (0., 15.0508141584289, 149.753709058631));
#300 = B_SPLINE_CURVE_WITH_KNOTS ('', 1, (#280, #290), .UNSPECIFIED., .F., .U., (2, 2), (0., 1.), .UNSPECIFIED.);
#310 = CARTESIAN_POINT ('', (0., 15.0508141584289, 149.753709058631));
#320 = CARTESIAN_POINT ('', (0., 18.0709420993831, 190.355092433691));
#330 = B_SPLINE_CURVE_WITH_KNOTS ('', 1, (#310, #320), .UNSPECIFIED., .F., .U., (2, 2), (0., 1.), .UNSPECIFIED.);
#340 = CARTESIAN_POINT ('', (0., 18.0709420993831, 190.355092433691));
#350 = CARTESIAN_POINT ('', (0., 119.264966008821, 880.));
#360 = B_SPLINE_CURVE_WITH_KNOTS ('', 1, (#340, #350), .UNSPECIFIED., .F., .U., (2, 2), (0., 1.), .UNSPECIFIED.);
#370 = CARTESIAN_POINT ('', (0., 119.264966008821, 880.));
#380 = CARTESIAN_POINT ('', (0., 123.754263262571, 930.));
#390 = B_SPLINE_CURVE_WITH_KNOTS ('', 1, (#370, #380), .UNSPECIFIED., .F., .U., (2, 2), (0., 1.), .UNSPECIFIED.);
#400 = CARTESIAN_POINT ('', (0., 123.754263262571, 930.));
#410 = CARTESIAN_POINT ('', (0., 167.774318858954, 1230.));
#420 = B_SPLINE_CURVE_WITH_KNOTS ('', 1, (#400, #410), .UNSPECIFIED., .F., .U., (2, 2), (0., 1.), .UNSPECIFIED.);
#430 = CARTESIAN_POINT ('', (0., 167.774318858954, 1230.));
#440 = CARTESIAN_POINT ('', (500., 241.141078186259, 1230.));
#450 = B_SPLINE_CURVE_WITH_KNOTS ('', 1, (#430, #440), .UNSPECIFIED., .F., .U., (2, 2), (0., 1.), .UNSPECIFIED.);
#460 = CARTESIAN_POINT ('', (500., 241.141078186259, 1230.));
#470 = CARTESIAN_POINT ('', (500., 307.171161580833, 1680.));
#480 = B_SPLINE_CURVE_WITH_KNOTS ('', 1, (#460, #470), .UNSPECIFIED., .F., .U., (2, 2), (0., 1.), .UNSPECIFIED.);
#490 = CARTESIAN_POINT ('', (500., 307.171161580833, 1680.));
#500 = CARTESIAN_POINT ('', (99.9999999999998, 365.864569042678, 1680.));
#510 = B_SPLINE_CURVE_WITH_KNOTS ('', 1, (#490, #500), .UNSPECIFIED., .F., .U., (2, 2), (0., 1.), .UNSPECIFIED.);
#520 = CARTESIAN_POINT ('', (99.9999999999999, 365.864569042678, 1680.));
#530 = CARTESIAN_POINT ('', (100., 439.231328369983, 2180.));
#540 = B_SPLINE_CURVE_WITH_KNOTS ('', 1, (#520, #530), .UNSPECIFIED., .F., .U., (2, 2), (0., 1.), .UNSPECIFIED.);
#550 = CARTESIAN_POINT ('', (0., -1.00503781519379E-7, 0.));
#560 = CARTESIAN_POINT ('', (0., -15.0508141584289, 149.753709058631));
#570 = B_SPLINE_CURVE_WITH_KNOTS ('', 1, (#550, #560), .UNSPECIFIED., .F., .U., (2, 2), (0., 1.), .UNSPECIFIED.);
#580 = CARTESIAN_POINT ('', (0., -15.0508141584289, 149.753709058631));
#590 = CARTESIAN_POINT ('', (0., -18.0709420993831, 190.355092433691));
#600 = B_SPLINE_CURVE_WITH_KNOTS ('', 1, (#580, #590), .UNSPECIFIED., .F., .U., (2, 2), (0., 1.), .UNSPECIFIED.);
#610 = CARTESIAN_POINT ('', (0., -18.0709420993831, 190.355092433691));
#620 = CARTESIAN_POINT ('', (0., -119.264966008821, 880.));
#630 = B_SPLINE_CURVE_WITH_KNOTS ('', 1, (#610, #620), .UNSPECIFIED., .F., .U., (2, 2), (0., 1.), .UNSPECIFIED.);
#640 = CARTESIAN_POINT ('', (0., -119.264966008821, 880.));
#650 = CARTESIAN_POINT ('', (0., -123.754263262571, 930.));
#660 = B_SPLINE_CURVE_WITH_KNOTS ('', 1, (#640, #650), .UNSPECIFIED., .F., .U., (2, 2), (0., 1.), .UNSPECIFIED.);
#670 = CARTESIAN_POINT ('', (0., -123.754263262571, 930.));
#680 = CARTESIAN_POINT ('', (0., -167.774318858954, 1230.));
#690 = B_SPLINE_CURVE_WITH_KNOTS ('', 1, (#670, #680), .UNSPECIFIED., .F., .U., (2, 2), (0., 1.), .UNSPECIFIED.);
#700 = CARTESIAN_POINT ('', (0., -167.774318858954, 1230.));
#710 = CARTESIAN_POINT ('', (500., -241.141078186259, 1230.));
#720 = B_SPLINE_CURVE_WITH_KNOTS ('', 1, (#700, #710), .UNSPECIFIED., .F., .U., (2, 2), (0., 1.), .UNSPECIFIED.);
#730 = CARTESIAN_POINT ('', (500., -241.141078186259, 1230.));
#740 = CARTESIAN_POINT ('', (500., -307.171161580833, 1680.));
#750 = B_SPLINE_CURVE_WITH_KNOTS ('', 1, (#730, #740), .UNSPECIFIED., .F., .U., (2, 2), (0., 1.), .UNSPECIFIED.);
#760 = CARTESIAN_POINT ('', (500., -307.171161580833, 1680.));
#770 = CARTESIAN_POINT ('', (99.9999999999998, -365.864569042678, 1680.));
#780 = B_SPLINE_CURVE_WITH_KNOTS ('', 1, (#760, #770), .UNSPECIFIED., .F., .U., (2, 2), (0., 1.), .UNSPECIFIED.);
#790 = CARTESIAN_POINT ('', (99.9999999999999, -365.864569042678, 1680.));
#800 = CARTESIAN_POINT ('', (100., -439.231328369983, 2180.));
#810 = B_SPLINE_CURVE_WITH_KNOTS ('', 1, (#790, #800), .UNSPECIFIED., .F., .U., (2, 2), (0., 1.), .UNSPECIFIED.);
#820 = CARTESIAN_POINT ('', (1.00503781519379E-7, 0., 0.));
#830 = CARTESIAN_POINT ('', (15.104238470436, 0., 150.285274251463));
#840 = B_SPLINE_CURVE_WITH_KNOTS ('', 1, (#820, #830), .UNSPECIFIED., .F., .U., (2, 2), (0., 1.), .UNSPECIFIED.);
#850 = CARTESIAN_POINT ('', (15.104238470436, 0., 150.285274251463));
#860 = CARTESIAN_POINT ('', (16.9564071868274, 0., 189.640438713745));
#870 = B_SPLINE_CURVE_WITH_KNOTS ('', 1, (#850, #860), .UNSPECIFIED., .F., .U., (2, 2), (0., 1.), .UNSPECIFIED.);
#880 = CARTESIAN_POINT ('', (16.9564071868274, 0., 189.640438713745));
#890 = CARTESIAN_POINT ('', (51.4832408743895, 0., 880.828503283944));
#900 = B_SPLINE_CURVE_WITH_KNOTS ('', 1, (#880, #890), .UNSPECIFIED., .F., .U., (2, 2), (0., 1.), .UNSPECIFIED.);
#910 = CARTESIAN_POINT ('', (51.4832408743895, 0., 880.828503283944));
#920 = CARTESIAN_POINT ('', (52.3698944362221, 0., 929.142706001168));
#930 = B_SPLINE_CURVE_WITH_KNOTS ('', 1, (#910, #920), .UNSPECIFIED., .F., .U., (2, 2), (0., 1.), .UNSPECIFIED.);
#940 = CARTESIAN_POINT ('', (52.3698944362221, 0., 929.142706001168));
#950 = CARTESIAN_POINT ('', (55.7141713889689, 0., 1285.71417138897));
#960 = B_SPLINE_CURVE_WITH_KNOTS ('', 1, (#940, #950), .UNSPECIFIED., .F., .U., (2, 2), (0., 1.), .UNSPECIFIED.);
#970 = CARTESIAN_POINT ('', (55.7141713889689, 0., 1285.71417138897));
#980 = CARTESIAN_POINT ('', (560.448060883098, 0., 1290.4480608831));
#990 = B_SPLINE_CURVE_WITH_KNOTS ('', 1, (#970, #980), .UNSPECIFIED., .F., .U., (2, 2), (0., 1.), .UNSPECIFIED.);
#1000 = CARTESIAN_POINT ('', (560.448060883098, 0., 1290.4480608831));
#1010 = CARTESIAN_POINT ('', (563.506039141785, 0., 1616.49396085821));
#1020 = B_SPLINE_CURVE_WITH_KNOTS ('', 1, (#1000, #1010), .UNSPECIFIED., .F., .U., (2, 2), (0., 1.), .UNSPECIFIED.);
#1030 = CARTESIAN_POINT ('', (563.506039141785, 0., 1616.49396085821));
#1040 = CARTESIAN_POINT ('', (167.2227723205, 0., 1612.7772276795));
#1050 = B_SPLINE_CURVE_WITH_KNOTS ('', 1, (#1030, #1040), .UNSPECIFIED., .F., .U., (2, 2), (0., 1.), .UNSPECIFIED.);
#1060 = CARTESIAN_POINT ('', (167.2227723205, 0., 1612.7772276795));
#1070 = CARTESIAN_POINT ('', (172.54274385126, 0., 2180.));
#1080 = B_SPLINE_CURVE_WITH_KNOTS ('', 1, (#1060, #1070), .UNSPECIFIED., .F., .U., (2, 2), (0., 1.), .UNSPECIFIED.);
#1090 = CARTESIAN_POINT ('', (-1.00503781519379E-7, 0., 0.));
#1100 = CARTESIAN_POINT ('', (-15.104238470436, 0., 150.285274251463));
#1110 = B_SPLINE_CURVE_WITH_KNOTS ('', 1, (#1090, #1100), .UNSPECIFIED., .F., .U., (2, 2), (0., 1.), .UNSPECIFIED.);
#1120 = CARTESIAN_POINT ('', (-15.104238470436, 0., 150.285274251463));
#1130 = CARTESIAN_POINT ('', (-16.9564071868274, 0., 189.640438713745));
#1140 = B_SPLINE_CURVE_WITH_KNOTS ('', 1, (#1120, #1130), .UNSPECIFIED., .F., .U., (2, 2), (0., 1.), .UNSPECIFIED.);
#1150 = CARTESIAN_POINT ('', (-16.9564071868274, 0., 189.640438713745));
#1160 = CARTESIAN_POINT ('', (-51.4832408743895, 0., 880.828503283944));
#1170 = B_SPLINE_CURVE_WITH_KNOTS ('', 1, (#1150, #1160), .UNSPECIFIED., .F., .U., (2, 2), (0., 1.), .UNSPECIFIED.);
#1180 = CARTESIAN_POINT ('', (-51.4832408743895, 0., 880.828503283944));
#1190 = CARTESIAN_POINT ('', (-52.3698944362221, 0., 929.142706001168));
#1200 = B_SPLINE_CURVE_WITH_KNOTS ('', 1, (#1180, #1190), .UNSPECIFIED., .F., .U., (2, 2), (0., 1.), .UNSPECIFIED.);
#1210 = CARTESIAN_POINT ('', (-52.3698944362221, 0., 929.142706001168));
#1220 = CARTESIAN_POINT ('', (-54.6787978423391, 0., 1175.32120215766));
#1230 = B_SPLINE_CURVE_WITH_KNOTS ('', 1, (#1210, #1220), .UNSPECIFIED., .F., .U., (2, 2), (0., 1.), .UNSPECIFIED.);
#1240 = CARTESIAN_POINT ('', (-54.6787978423391, 0., 1175.32120215766));
#1250 = CARTESIAN_POINT ('', (440.675285684268, 0., 1170.67528568427));
#1260 = B_SPLINE_CURVE_WITH_KNOTS ('', 1, (#1240, #1250), .UNSPECIFIED., .F., .U., (2, 2), (0., 1.), .UNSPECIFIED.);
#1270 = CARTESIAN_POINT ('', (440.675285684268, 0., 1170.67528568427));
#1280 = CARTESIAN_POINT ('', (435.291438572186, 0., 1744.70856142781));
#1290 = B_SPLINE_CURVE_WITH_KNOTS ('', 1, (#1270, #1280), .UNSPECIFIED., .F., .U., (2, 2), (0., 1.), .UNSPECIFIED.);
#1300 = CARTESIAN_POINT ('', (435.291438572186, 0., 1744.70856142781));
#1310 = CARTESIAN_POINT ('', (31.5043269768832, 0., 1748.49567302312));
#1320 = B_SPLINE_CURVE_WITH_KNOTS ('', 1, (#1300, #1310), .UNSPECIFIED., .F., .U., (2, 2), (0., 1.), .UNSPECIFIED.);
#1330 = CARTESIAN_POINT ('', (31.5043269768832, 0., 1748.49567302312));
#1340 = CARTESIAN_POINT ('', (27.45725614874, 0., 2180.));
#1350 = B_SPLINE_CURVE_WITH_KNOTS ('', 1, (#1330, #1340), .UNSPECIFIED., .F., .U., (2, 2), (0., 1.), .UNSPECIFIED.);
#1360 = CARTESIAN_POINT ('', (-90., 90., 188.862447920035));
#1370 = VERTEX_POINT ('', #1360);
#1380 = CARTESIAN_POINT ('', (90., 90., 188.862447920035));
#1390 = VERTEX_POINT ('', #1380);
#1400 = CARTESIAN_POINT ('', (-89.9999999999999, 89.9999999999999, 188.862447920035));
#1410 = CARTESIAN_POINT ('', (-45.5586511245912, 90., 198.890269339786));
#1420 = CARTESIAN_POINT ('', (-2.50373079774734E-14, 90., 198.890269339786));
#1430 = CARTESIAN_POINT ('', (45.5586511245912, 90., 198.890269339786));
#1440 = CARTESIAN_POINT ('', (90., 90., 188.862447920035));
#1450 = (
   BOUNDED_CURVE ()
   B_SPLINE_CURVE (2, (#1400, #1410, #1420, #1430, #1440), .UNSPECIFIED., .F., .U.)
   B_SPLINE_CURVE_WITH_KNOTS ((3, 2, 3), (0.424689698158694, 0.5, 0.575310301841306), .UNSPECIFIED.)
   CURVE ()
   GEOMETRIC_REPRESENTATION_ITEM ()
   RATIONAL_B_SPLINE_CURVE ((0.925057975963299, 0.955884246567775, 1., 0.955884246567774, 0.925057975963299))
   REPRESENTATION_ITEM ('')
);
#1460 = EDGE_CURVE ('', #1370, #1390, #1450, .T.);
#1470 = ORIENTED_EDGE ('', *, *, #1460, .T.);
#1480 = CARTESIAN_POINT ('', (90., 90., 151.137552079965));
#1490 = VERTEX_POINT ('', #1480);
#1500 = CARTESIAN_POINT ('', (90., 90., 151.137552079965));
#1510 = CARTESIAN_POINT ('', (90., 90., 188.862447920035));
#1520 = B_SPLINE_CURVE_WITH_KNOTS ('', 1, (#1500, #1510), .UNSPECIFIED., .F., .U., (2, 2), (0., 1.), .UNSPECIFIED.);
#1530 = EDGE_CURVE ('', #1490, #1390, #1520, .T.);
#1540 = ORIENTED_EDGE ('', *, *, #1530, .F.);
#1550 = CARTESIAN_POINT ('', (-90., 90., 151.137552079965));
#1560 = VERTEX_POINT ('', #1550);
#1570 = CARTESIAN_POINT ('', (90., 90., 151.137552079965));
#1580 = CARTESIAN_POINT ('', (88.7452179019631, 90., 150.854420916798));
#1590 = CARTESIAN_POINT ('', (87.4928175309214, 90., 150.578025288252));
#1600 = CARTESIAN_POINT ('', (86.2354217705911, 90., 150.306737118561));
#1610 = CARTESIAN_POINT ('', (84.9780959989514, 90., 150.035464049211));
#1620 = CARTESIAN_POINT ('', (83.7230506887719, 90., 149.770868624856));
#1630 = CARTESIAN_POINT ('', (82.463223198516, 90., 149.511461861298));
#1640 = CARTESIAN_POINT ('', (81.2034656898972, 90., 149.25206950742));
#1650 = CARTESIAN_POINT ('', (79.9458870742895, 90., 148.999299534226));
#1660 = CARTESIAN_POINT ('', (78.6837399964129, 90., 148.751795741165));
#1670 = CARTESIAN_POINT ('', (77.4216628960369, 90., 148.504305670512));
#1680 = CARTESIAN_POINT ('', (76.1616628322547, 90., 148.26338533147));
#1690 = CARTESIAN_POINT ('', (74.897308507698, 90., 148.02780501748));
#1700 = CARTESIAN_POINT ('', (73.6330241594161, 90., 147.792237741791));
#1710 = CARTESIAN_POINT ('', (72.370714718212, 90., 147.56319015429));
#1720 = CARTESIAN_POINT ('', (71.1042656765636, 90., 147.33955277013));
#1730 = CARTESIAN_POINT ('', (69.8378866128683, 90., 147.115927743108));
#1740 = CARTESIAN_POINT ('', (68.5733800684331, 90., 146.898774957408));
#1750 = CARTESIAN_POINT ('', (67.3049490179228, 90., 146.6870988941));
#1760 = CARTESIAN_POINT ('', (66.0365879499408, 90., 146.475434509493));
#1770 = CARTESIAN_POINT ('', (64.7699967698299, 90., 146.270197507282));
#1780 = CARTESIAN_POINT ('', (63.4996965873041, 90., 146.070500094283));
#1790 = CARTESIAN_POINT ('', (62.2294663947726, 90., 145.870813684054));
#1800 = CARTESIAN_POINT ('', (60.9609032298183, 90., 145.677512377098));
#1810 = CARTESIAN_POINT ('', (59.6888469506995, 90., 145.489809880569));
#1820 = CARTESIAN_POINT ('', (58.4168606719247, 90., 145.302117713173));
#1830 = CARTESIAN_POINT ('', (57.1464383461363, 90., 145.120770942054));
#1840 = CARTESIAN_POINT ('', (55.8727391543664, 90., 144.945078563227));
#1850 = CARTESIAN_POINT ('', (54.5991099761673, 90., 144.769395841979));
#1860 = CARTESIAN_POINT ('', (53.3269414766197, 90., 144.600021374922));
#1870 = CARTESIAN_POINT ('', (52.0517126945887, 90., 144.436353248565));
#1880 = CARTESIAN_POINT ('', (50.7765539422257, 90., 144.272694110105));
#1890 = CARTESIAN_POINT ('', (49.5027524089371, 90., 144.115308641901));
#1900 = CARTESIAN_POINT ('', (48.2261074873979, 90., 143.963677834881));
#1910 = CARTESIAN_POINT ('', (46.9495326144878, 90., 143.812055347739));
#1920 = CARTESIAN_POINT ('', (45.6742113302869, 90., 143.666674498751));
#1930 = CARTESIAN_POINT ('', (44.3962638382573, 90., 143.52709300869));
#1940 = CARTESIAN_POINT ('', (43.1183864166752, 90., 143.387519171945));
#1950 = CARTESIAN_POINT ('', (41.84165879706, 90., 143.254157487217));
#1960 = CARTESIAN_POINT ('', (40.5625224117127, 90., 143.126636241248));
#1970 = CARTESIAN_POINT ('', (39.2834561214821, 90., 142.999121983287));
#1980 = CARTESIAN_POINT ('', (38.0054357044697, 90., 142.877792931733));
#1990 = CARTESIAN_POINT ('', (36.7252242010113, 90., 142.762341785355));
#2000 = CARTESIAN_POINT ('', (35.4450828201833, 90., 142.646896962727));
#2010 = CARTESIAN_POINT ('', (34.1658832561527, 90., 142.537612936419));
#2020 = CARTESIAN_POINT ('', (32.8847104976923, 90., 142.434240672446));
#2030 = CARTESIAN_POINT ('', (31.6036078922144, 90., 142.330874068813));
#2040 = CARTESIAN_POINT ('', (30.3233429337418, 90., 142.233646382361));
#2050 = CARTESIAN_POINT ('', (29.0413228611513, 90., 142.142360709969));
#2060 = CARTESIAN_POINT ('', (27.7593729747274, 90., 142.051080035153));
#2070 = CARTESIAN_POINT ('', (26.4781564664165, 90., 141.965918925177));
#2080 = CARTESIAN_POINT ('', (25.1954030881814, 90., 141.886726479049));
#2090 = CARTESIAN_POINT ('', (23.9127199321232, 90., 141.807538368178));
#2100 = CARTESIAN_POINT ('', (22.6306658004299, 90., 141.734452992874));
#2110 = CARTESIAN_POINT ('', (21.3472931824938, 90., 141.667359332439));
#2120 = CARTESIAN_POINT ('', (20.0639908255651, 90., 141.600269345192));
#2130 = CARTESIAN_POINT ('', (18.7812130686187, 90., 141.53926778399));
#2140 = CARTESIAN_POINT ('', (17.4973353242208, 90., 141.484277392761));
#2150 = CARTESIAN_POINT ('', (16.2135278824753, 90., 141.4292900127));
#2160 = CARTESIAN_POINT ('', (14.9301405598956, 90., 141.380379266017));
#2170 = CARTESIAN_POINT ('', (13.645871839403, 90., 141.337495551029));
#2180 = CARTESIAN_POINT ('', (12.361673466017, 90., 141.294614185039));
#2190 = CARTESIAN_POINT ('', (11.0777906887294, 90., 141.257800174128));
#2200 = CARTESIAN_POINT ('', (9.7932451694647, 90., 141.227025465463));
#2210 = CARTESIAN_POINT ('', (8.50877004456418, 90., 141.196252443282));
#2220 = CARTESIAN_POINT ('', (7.2245059646139, 90., 141.171540010171));
#2230 = CARTESIAN_POINT ('', (5.93979784067906, 90., 141.15287556059));
#2240 = CARTESIAN_POINT ('', (4.65516016116434, 90., 141.134212134437));
#2250 = CARTESIAN_POINT ('', (3.37062896152866, 90., 141.121605041967));
#2260 = CARTESIAN_POINT ('', (2.0858724336263, 90., 141.115051026633));
#2270 = CARTESIAN_POINT ('', (1.51459616089931, 90., 141.11213673636));
#2280 = CARTESIAN_POINT ('', (0.943326270631587, 90., 141.11041972021));
#2290 = CARTESIAN_POINT ('', (0.37204280099984, 90., 141.109899918185));
#2300 = CARTESIAN_POINT ('', (0.118054854882539, 90., 141.109668818467));
#2310 = CARTESIAN_POINT ('', (-0.135933119216136, 90., 141.109674371134));
#2320 = CARTESIAN_POINT ('', (-0.389921054986081, 90., 141.109916576186));
#2330 = CARTESIAN_POINT ('', (-4.74373299051058, 90., 141.114068408211));
#2340 = CARTESIAN_POINT ('', (-9.09979507867581, 90., 141.187816001166));
#2350 = CARTESIAN_POINT ('', (-13.4512524836705, 90., 141.331043303528));
#2360 = CARTESIAN_POINT ('', (-16.3480083714514, 90., 141.426389412381));
#2370 = CARTESIAN_POINT ('', (-19.247249876385, 90., 141.552701051271));
#2380 = CARTESIAN_POINT ('', (-22.1413221351219, 90., 141.709644719752));
#2390 = CARTESIAN_POINT ('', (-24.0692603836045, 90., 141.814195565159));
#2400 = CARTESIAN_POINT ('', (-25.9987409290781, 90., 141.932547600725));
#2410 = CARTESIAN_POINT ('', (-27.9250039889114, 90., 142.064408867059));
#2420 = CARTESIAN_POINT ('', (-29.8510284035823, 90., 142.196253797071));
#2430 = CARTESIAN_POINT ('', (-31.7789487966699, 90., 142.341959815248));
#2440 = CARTESIAN_POINT ('', (-33.7029114937888, 90., 142.50108451972));
#2450 = CARTESIAN_POINT ('', (-35.6266358351266, 90., 142.660189510559));
#2460 = CARTESIAN_POINT ('', (-37.552609145268, 90., 142.83322834877));
#2470 = CARTESIAN_POINT ('', (-39.4738857828819, 90., 143.01957700405));
#2480 = CARTESIAN_POINT ('', (-41.3949243319299, 90., 143.20590256662));
#2490 = CARTESIAN_POINT ('', (-43.318564040457, 90., 143.406247617407));
#2500 = CARTESIAN_POINT ('', (-45.2367695195137, 90., 143.61977527911));
#2510 = CARTESIAN_POINT ('', (-47.1547371550397, 90., 143.833276464936));
#2520 = CARTESIAN_POINT ('', (-49.0756572320336, 90., 144.060895686787));
#2530 = CARTESIAN_POINT ('', (-50.9904071282849, 90., 144.301551960506));
#2540 = CARTESIAN_POINT ('', (-52.9049194038453, 90., 144.542178368752));
#2550 = CARTESIAN_POINT ('', (-54.8227343848386, 90., 144.797034298052));
#2560 = CARTESIAN_POINT ('', (-56.7336450257952, 90., 145.064763347459));
#2570 = CARTESIAN_POINT ('', (-58.6443182466875, 90., 145.332459133013));
#2580 = CARTESIAN_POINT ('', (-60.5586433091968, 90., 145.614508897138));
#2590 = CARTESIAN_POINT ('', (-62.4653318509564, 90., 145.909249453155));
#2600 = CARTESIAN_POINT ('', (-64.3717831510463, 90., 146.203953335777));
#2610 = CARTESIAN_POINT ('', (-66.2822341909159, 90., 146.513148667319));
#2620 = CARTESIAN_POINT ('', (-68.1843186948507, 90., 146.834834038354));
#2630 = CARTESIAN_POINT ('', (-70.0861661132584, 90., 147.156479312881));
#2640 = CARTESIAN_POINT ('', (-71.9923598207999, 90., 147.492766565021));
#2650 = CARTESIAN_POINT ('', (-73.8894593300883, 90., 147.841324648256));
#2660 = CARTESIAN_POINT ('', (-75.1541032929615, 90., 148.073680343629));
#2670 = CARTESIAN_POINT ('', (-76.4208048197928, 90., 148.312601311692));
#2680 = CARTESIAN_POINT ('', (-77.6831985973571, 90., 148.556886948541));
#2690 = CARTESIAN_POINT ('', (-78.9455222350794, 90., 148.80115901264));
#2700 = CARTESIAN_POINT ('', (-80.2100053739345, 90., 149.052047606571));
#2710 = CARTESIAN_POINT ('', (-81.4699664494123, 90., 149.308227027938));
#2720 = CARTESIAN_POINT ('', (-82.7298574002176, 90., 149.564392191327));
#2730 = CARTESIAN_POINT ('', (-83.9920094752184, 90., 149.827227749218));
#2740 = CARTESIAN_POINT ('', (-85.2494257142018, 90., 150.095276626843));
#2750 = CARTESIAN_POINT ('', (-86.5067718407502, 90., 150.363310558296));
#2760 = CARTESIAN_POINT ('', (-87.7664803855411, 90., 150.638071365125));
#2770 = CARTESIAN_POINT ('', (-89.0212398880445, 90., 150.917964311148));
#2780 = CARTESIAN_POINT ('', (-89.3474985027215, 90., 150.990741193607));
#2790 = CARTESIAN_POINT ('', (-89.6739209033039, 90., 151.063975038918));
#2800 = CARTESIAN_POINT ('', (-90., 90., 151.137552079965));
#2810 = B_SPLINE_CURVE_WITH_KNOTS ('', 3, (#1570, #1580, #1590, #1600, #1610, #1620, #1630, #1640, #1650, #1660, #1670, #1680, #1690, #1700, #1710, #1720, #1730, #1740, #1750, #1760, #1770, #1780, #1790, #1800, #1810, #1820, #1830, #1840, #1850, #1860, #1870, #1880, #1890, #1900, #1910, #1920, #1930, #1940, #1950, #1960, #1970, #1980, #1990, #2000, #2010, #2020, #2030, #2040, #2050, #2060, #2070, #2080, #2090, #2100, #2110, #2120, #2130, #2140, #2150, #2160, #2170, #2180, #2190, #2200, #2210, #2220, #2230, #2240, #2250, #2260, #2270, #2280, #2290, #2300, #2310, #2320, #2330, #2340, #2350, #2360, #2370, #2380, #2390, #2400, #2410, #2420, #2430, #2440, #2450, #2460, #2470, #2480, #2490, #2500, #2510, #2520, #2530, #2540, #2550, #2560, #2570, #2580, #2590, #2600, #2610, #2620, #2630, #2640, #2650, #2660, #2670, #2680, #2690, #2700, #2710, #2720, #2730, #2740, #2750, #2760, #2770, #2780, #2790, #2800), .UNSPECIFIED., .F., .U., (4, 3, 3, 3, 3, 3, 3, 3, 3, 3, 3, 3, 3, 3, 3, 3, 3, 3, 3, 3, 3, 3, 3, 3, 3, 3, 3, 3, 3, 3, 3, 3, 3, 3, 3, 3, 3, 3, 3, 3, 3, 4), (0., 3.8589859188644, 7.71775704030401, 11.5763138124598, 15.4346566537955, 19.2927859533621, 23.150702071046, 27.0084053378036, 30.8658960558792, 34.7231744990096, 38.5802409126131, 42.4370955139643, 46.2937384923554, 50.150170009242, 54.0063901983762, 57.8623991659251, 61.7181969905757, 65.5737837236262, 69.4291593890638, 73.284323983629, 77.1392774768663, 80.9940198111616, 84.8485509017667, 88.7028706368097, 90.4167217551446, 91.1786859089076, 104.240127654313, 112.935101488937, 118.727414578122, 124.519010056339, 130.309888025705, 136.100048377523, 141.889490791562, 147.678214735105, 153.466219461757, 159.253504010008, 165.040067201555, 168.897504394568, 172.754727264569, 176.611735456121, 180.468528584253, 181.471359788615), .UNSPECIFIED.);
#2820 = EDGE_CURVE ('', #1490, #1560, #2810, .T.);
#2830 = ORIENTED_EDGE ('', *, *, #2820, .T.);
#2840 = CARTESIAN_POINT ('', (-90., 90., 151.137552079965));
#2850 = CARTESIAN_POINT ('', (-90., 90., 188.862447920035));
#2860 = B_SPLINE_CURVE_WITH_KNOTS ('', 1, (#2840, #2850), .UNSPECIFIED., .F., .U., (2, 2), (0., 1.), .UNSPECIFIED.);
#2870 = EDGE_CURVE ('', #1560, #1370, #2860, .T.);
#2880 = ORIENTED_EDGE ('', *, *, #2870, .T.);
#2890 = EDGE_LOOP ('', (#1470, #1540, #2830, #2880));
#2900 = FACE_OUTER_BOUND ('', #2890, .T.);
#2910 = CARTESIAN_POINT ('', (-90., 90., 141.109668818467));
#2920 = CARTESIAN_POINT ('', (90., 90., 141.109668818467));
#2930 = CARTESIAN_POINT ('', (-90., 90., 198.890269339786));
#2940 = CARTESIAN_POINT ('', (90., 90., 198.890269339786));
#2950 = B_SPLINE_SURFACE_WITH_KNOTS ('', 1, 1, ((#2910, #2920), (#2930, #2940)), .UNSPECIFIED., .F., .F., .U., (2, 2), (2, 2), (0.462038560102054, 0.537961358638864), (0., 1.), .UNSPECIFIED.);
#2960 = ADVANCED_FACE ('', (#2900), #2950, .T.);
#2970 = CARTESIAN_POINT ('', (-90., -90., 188.862437216453));
#2980 = VERTEX_POINT ('', #2970);
#2990 = CARTESIAN_POINT ('', (90., -90., 188.862437216452));
#3000 = VERTEX_POINT ('', #2990);
#3010 = CARTESIAN_POINT ('', (-90., -90., 188.862437216453));
#3020 = CARTESIAN_POINT ('', (-45.558651153839, -90., 198.890258898703));
#3030 = CARTESIAN_POINT ('', (-2.50373073381415E-14, -90., 198.890258898703));
#3040 = CARTESIAN_POINT ('', (45.5586511538389, -90., 198.890258898703));
#3050 = CARTESIAN_POINT ('', (89.9999999999999, -90., 188.862437216453));
#3060 = (
   BOUNDED_CURVE ()
   B_SPLINE_CURVE (2, (#3010, #3020, #3030, #3040, #3050), .UNSPECIFIED., .F., .U.)
   B_SPLINE_CURVE_WITH_KNOTS ((3, 2, 3), (0.424689696274255, 0.5, 0.575310303725745), .UNSPECIFIED.)
   CURVE ()
   GEOMETRIC_REPRESENTATION_ITEM ()
   RATIONAL_B_SPLINE_CURVE ((0.925057974420609, 0.955884245463896, 1., 0.955884245463896, 0.925057974420609))
   REPRESENTATION_ITEM ('')
);
#3070 = EDGE_CURVE ('', #2980, #3000, #3060, .T.);
#3080 = ORIENTED_EDGE ('', *, *, #3070, .F.);
#3090 = CARTESIAN_POINT ('', (-90., -90., 151.137562783547));
#3100 = VERTEX_POINT ('', #3090);
#3110 = CARTESIAN_POINT ('', (-90., -90., 151.137562783547));
#3120 = CARTESIAN_POINT ('', (-90., -90., 188.862437216453));
#3130 = B_SPLINE_CURVE_WITH_KNOTS ('', 1, (#3110, #3120), .UNSPECIFIED., .F., .U., (2, 2), (0., 1.), .UNSPECIFIED.);
#3140 = EDGE_CURVE ('', #3100, #2980, #3130, .T.);
#3150 = ORIENTED_EDGE ('', *, *, #3140, .F.);
#3160 = CARTESIAN_POINT ('', (90., -90., 151.137562783547));
#3170 = VERTEX_POINT ('', #3160);
#3180 = CARTESIAN_POINT ('', (-90., -90., 151.137562783547));
#3190 = CARTESIAN_POINT ('', (-88.7452179035422, -90., 150.854431613139));
#3200 = CARTESIAN_POINT ('', (-87.4928175342008, -90., 150.578035977558));
#3210 = CARTESIAN_POINT ('', (-86.235421775316, -90., 150.306747800914));
#3220 = CARTESIAN_POINT ('', (-84.9780960051253, -90., 150.035474724612));
#3230 = CARTESIAN_POINT ('', (-83.723050696511, -90., 149.770879293507));
#3240 = CARTESIAN_POINT ('', (-82.4632232075761, -90., 149.511472523287));
#3250 = CARTESIAN_POINT ('', (-81.2034657002819, -90., 149.252080162747));
#3260 = CARTESIAN_POINT ('', (-79.94588708611, -90., 148.99931018309));
#3270 = CARTESIAN_POINT ('', (-78.6837400094355, -90., 148.75180638366));
#3280 = CARTESIAN_POINT ('', (-77.4216629102652, -90., 148.504316306638));
#3290 = CARTESIAN_POINT ('', (-76.1616628477949, -90., 148.263395961421));
#3300 = CARTESIAN_POINT ('', (-74.8973085243271, -90., 148.027815641355));
#3310 = CARTESIAN_POINT ('', (-73.6330241771377, -90., 147.792248359592));
#3320 = CARTESIAN_POINT ('', (-72.3707147371271, -90., 147.563200766206));
#3330 = CARTESIAN_POINT ('', (-71.1042656964601, -90., 147.339563376266));
#3340 = CARTESIAN_POINT ('', (-69.8378866337497, -90., 147.115938343466));
#3350 = CARTESIAN_POINT ('', (-68.5733800903955, -90., 146.898785552174));
#3360 = CARTESIAN_POINT ('', (-67.3049490407646, -90., 146.687109483383));
#3370 = CARTESIAN_POINT ('', (-66.0365879736657, -90., 146.475445093294));
#3380 = CARTESIAN_POINT ('', (-64.7699967945286, -90., 146.270208085784));
#3390 = CARTESIAN_POINT ('', (-63.4996966127861, -90., 146.070510667601));
#3400 = CARTESIAN_POINT ('', (-62.2294664210413, -90., 145.870824252188));
#3410 = CARTESIAN_POINT ('', (-60.9609032569596, -90., 145.677522940229));
#3420 = CARTESIAN_POINT ('', (-59.6888469785335, -90., 145.489820438815));
#3430 = CARTESIAN_POINT ('', (-58.416860700455, -90., 145.302128266536));
#3440 = CARTESIAN_POINT ('', (-57.1464383754435, -90., 145.12078149071));
#3450 = CARTESIAN_POINT ('', (-55.8727391842817, -90., 144.945089107299));
#3460 = CARTESIAN_POINT ('', (-54.5991100066941, -90., 144.769406381468));
#3470 = CARTESIAN_POINT ('', (-53.3269415078334, -90., 144.600031910003));
#3480 = CARTESIAN_POINT ('', (-52.0517127263314, -90., 144.436363779364));
#3490 = CARTESIAN_POINT ('', (-50.7765539745009, -90., 144.272704636624));
#3500 = CARTESIAN_POINT ('', (-49.5027524418149, -90., 144.11531916431));
#3510 = CARTESIAN_POINT ('', (-48.2261075207314, -90., 143.963688353311));
#3520 = CARTESIAN_POINT ('', (-46.9495326482805, -90., 143.812065862191));
#3530 = CARTESIAN_POINT ('', (-45.6742113646037, -90., 143.666685009394));
#3540 = CARTESIAN_POINT ('', (-44.3962638729622, -90., 143.527103515658));
#3550 = CARTESIAN_POINT ('', (-43.1183864517718, -90., 143.387529675239));
#3560 = CARTESIAN_POINT ('', (-41.8416588326079, -90., 143.254167987004));
#3570 = CARTESIAN_POINT ('', (-40.562522447587, -90., 143.126646737664));
#3580 = CARTESIAN_POINT ('', (-39.2834561576864, -90., 142.999132476334));
#3590 = CARTESIAN_POINT ('', (-38.0054357410583, -90., 142.877803421575));
#3600 = CARTESIAN_POINT ('', (-36.7252242378702, -90., 142.762352272133));
#3610 = CARTESIAN_POINT ('', (-35.4450828573162, -90., 142.646907446441));
#3620 = CARTESIAN_POINT ('', (-34.1658832936086, -90., 142.537623417231));
#3630 = CARTESIAN_POINT ('', (-32.8847105353685, -90., 142.4342511505));
#3640 = CARTESIAN_POINT ('', (-31.6036079301144, -90., 142.330884544109));
#3650 = CARTESIAN_POINT ('', (-30.3233429719093, -90., 142.23365685506));
#3660 = CARTESIAN_POINT ('', (-29.0413228994946, -90., 142.142371180217));
#3670 = CARTESIAN_POINT ('', (-27.7593730132501, -90., 142.05109050295));
#3680 = CARTESIAN_POINT ('', (-26.478156505157, -90., 141.965929390682));
#3690 = CARTESIAN_POINT ('', (-25.1954031270592, -90., 141.88673694241));
#3700 = CARTESIAN_POINT ('', (-23.9127199711417, -90., 141.807548829396));
#3710 = CARTESIAN_POINT ('', (-22.6306658396224, -90., 141.734463452106));
#3720 = CARTESIAN_POINT ('', (-21.3472932217908, -90., 141.667369789835));
#3730 = CARTESIAN_POINT ('', (-20.0639908649701, -90., 141.600279800751));
#3740 = CARTESIAN_POINT ('', (-18.7812131081595, -90., 141.53927823787));
#3750 = CARTESIAN_POINT ('', (-17.4973353638391, -90., 141.484287845114));
#3760 = CARTESIAN_POINT ('', (-16.2135279221748, -90., 141.429300463525));
#3770 = CARTESIAN_POINT ('', (-14.9301405996986, -90., 141.38038971547));
#3780 = CARTESIAN_POINT ('', (-13.6458718792623, -90., 141.337505999262));
#3790 = CARTESIAN_POINT ('', (-12.3616735059362, -90., 141.294624632052));
#3800 = CARTESIAN_POINT ('', (-11.0777907287258, -90., 141.257810620077));
#3810 = CARTESIAN_POINT ('', (-9.79324520950212, -90., 141.227035910501));
#3820 = CARTESIAN_POINT ('', (-8.50877008464622, -90., 141.196262887409));
#3830 = CARTESIAN_POINT ('', (-7.22450600475239, -90., 141.171550453541));
#3840 = CARTESIAN_POINT ('', (-5.93979788084909, -90., 141.152886003358));
#3850 = CARTESIAN_POINT ('', (-4.65516020136949, -90., 141.134222576603));
#3860 = CARTESIAN_POINT ('', (-3.37062900177541, -90., 141.121615483684));
#3870 = CARTESIAN_POINT ('', (-2.08587247390091, -90., 141.115061468057));
#3880 = CARTESIAN_POINT ('', (-1.51459620118044, -90., 141.112147177654));
#3890 = CARTESIAN_POINT ('', (-0.943326310919776, -90., 141.110430161403));
#3900 = CARTESIAN_POINT ('', (-0.372042841293938, -90., 141.109910359308));
#3910 = CARTESIAN_POINT ('', (-0.11805489518253, -90., 141.109679259559));
#3920 = CARTESIAN_POINT ('', (0.135933078910213, -90., 141.109684812202));
#3930 = CARTESIAN_POINT ('', (0.389921014674311, -90., 141.109927017235));
#3940 = CARTESIAN_POINT ('', (4.74373295054638, -90., 141.114078848937));
#3950 = CARTESIAN_POINT ('', (9.09979503916209, -90., 141.18782644336));
#3960 = CARTESIAN_POINT ('', (13.4512524443972, -90., 141.331053748972));
#3970 = CARTESIAN_POINT ('', (16.3480083322024, -90., 141.426399859985));
#3980 = CARTESIAN_POINT ('', (19.2472498372819, -90., 141.552711501834));
#3990 = CARTESIAN_POINT ('', (22.1413220959117, -90., 141.709655174049));
#4000 = CARTESIAN_POINT ('', (24.0692603442846, -90., 141.814206021943));
#4010 = CARTESIAN_POINT ('', (25.9987408897249, -90., 141.932558060353));
#4020 = CARTESIAN_POINT ('', (27.9250039493654, -90., 142.06441932987));
#4030 = CARTESIAN_POINT ('', (29.8510283638314, -90., 142.196264263063));
#4040 = CARTESIAN_POINT ('', (31.7789487568085, -90., 142.341970284784));
#4050 = CARTESIAN_POINT ('', (33.7029114536198, -90., 142.50109499313));
#4060 = CARTESIAN_POINT ('', (35.6266357946378, -90., 142.660199987843));
#4070 = CARTESIAN_POINT ('', (37.5526091045717, -90., 142.833238830295));
#4080 = CARTESIAN_POINT ('', (39.4738857417435, -90., 143.019587490139));
#4090 = CARTESIAN_POINT ('', (41.3949242903372, -90., 143.205913057272));
#4100 = CARTESIAN_POINT ('', (43.3185639985402, -90., 143.406258112997));
#4110 = CARTESIAN_POINT ('', (45.2367694770006, -90., 143.619785779951));
#4120 = CARTESIAN_POINT ('', (47.1547371119183, -90., 143.833286971025));
#4130 = CARTESIAN_POINT ('', (49.0756571884518, -90., 144.060906198507));
#4140 = CARTESIAN_POINT ('', (50.9904070839333, -90., 144.301562478159));
#4150 = CARTESIAN_POINT ('', (52.9049193587118, -90., 144.542188892336));
#4160 = CARTESIAN_POINT ('', (54.8227343390888, -90., 144.797044827958));
#4170 = CARTESIAN_POINT ('', (56.7336449790826, -90., 145.064773883975));
#4180 = CARTESIAN_POINT ('', (58.6443181989999, -90., 145.332469676138));
#4190 = CARTESIAN_POINT ('', (60.5586432607175, -90., 145.614519447273));
#4200 = CARTESIAN_POINT ('', (62.4653318013018, -90., 145.909260010574));
#4210 = CARTESIAN_POINT ('', (64.3717831002044, -90., 146.203963900478));
#4220 = CARTESIAN_POINT ('', (66.2822341390873, -90., 146.513159239713));
#4230 = CARTESIAN_POINT ('', (68.1843186416152, -90., 146.834844618701));
#4240 = CARTESIAN_POINT ('', (70.086166058604, -90., 147.156489901178));
#4250 = CARTESIAN_POINT ('', (71.9923597649445, -90., 147.49277716169));
#4260 = CARTESIAN_POINT ('', (73.8894592725752, -90., 147.841335253541));
#4270 = CARTESIAN_POINT ('', (75.1541032343544, -90., 148.07369095466));
#4280 = CARTESIAN_POINT ('', (76.4208047601947, -90., 148.312611928661));
#4290 = CARTESIAN_POINT ('', (77.6831985365518, -90., 148.55689757155));
#4300 = CARTESIAN_POINT ('', (78.9455221730633, -90., 148.801169641687));
#4310 = CARTESIAN_POINT ('', (80.2100053108158, -90., 149.052058241852));
#4320 = CARTESIAN_POINT ('', (81.4699663849641, -90., 149.308237669551));
#4330 = CARTESIAN_POINT ('', (82.7298573344362, -90., 149.564402839269));
#4340 = CARTESIAN_POINT ('', (83.9920094082171, -90., 149.82723840369));
#4350 = CARTESIAN_POINT ('', (85.2494256457431, -90., 150.095287287935));
#4360 = CARTESIAN_POINT ('', (86.5067717708305, -90., 150.363321226006));
#4370 = CARTESIAN_POINT ('', (87.7664803142785, -90., 150.638082039659));
#4380 = CARTESIAN_POINT ('', (89.0212398151909, -90., 150.91797499259));
#4390 = CARTESIAN_POINT ('', (89.3474984541535, -90., 150.990751882355));
#4400 = CARTESIAN_POINT ('', (89.6739208790546, -90., 151.063985735055));
#4410 = CARTESIAN_POINT ('', (90., -90., 151.137562783547));
#4420 = B_SPLINE_CURVE_WITH_KNOTS ('', 3, (#3180, #3190, #3200, #3210, #3220, #3230, #3240, #3250, #3260, #3270, #3280, #3290, #3300, #3310, #3320, #3330, #3340, #3350, #3360, #3370, #3380, #3390, #3400, #3410, #3420, #3430, #3440, #3450, #3460, #3470, #3480, #3490, #3500, #3510, #3520, #3530, #3540, #3550, #3560, #3570, #3580, #3590, #3600, #3610, #3620, #3630, #3640, #3650, #3660, #3670, #3680, #3690, #3700, #3710, #3720, #3730, #3740, #3750, #3760, #3770, #3780, #3790, #3800, #3810, #3820, #3830, #3840, #3850, #3860, #3870, #3880, #3890, #3900, #3910, #3920, #3930, #3940, #3950, #3960, #3970, #3980, #3990, #4000, #4010, #4020, #4030, #4040, #4050, #4060, #4070, #4080, #4090, #4100, #4110, #4120, #4130, #4140, #4150, #4160, #4170, #4180, #4190, #4200, #4210, #4220, #4230, #4240, #4250, #4260, #4270, #4280, #4290, #4300, #4310, #4320, #4330, #4340, #4350, #4360, #4370, #4380, #4390, #4400, #4410), .UNSPECIFIED., .F., .U., (4, 3, 3, 3, 3, 3, 3, 3, 3, 3, 3, 3, 3, 3, 3, 3, 3, 3, 3, 3, 3, 3, 3, 3, 3, 3, 3, 3, 3, 3, 3, 3, 3, 3, 3, 3, 3, 3, 3, 3, 3, 4), (0., 3.85898591902509, 7.71775704061421, 11.5763138129083, 15.4346566543712, 19.2927859540538, 23.1507020718429, 27.0084053386945, 30.8658960568533, 34.7231745000558, 38.5802409137204, 42.437095515122, 46.2937384935526, 50.1501700104678, 54.0063901996198, 57.8623991671758, 61.7181969918226, 65.5737837248585, 69.4291593902709, 73.2843239848, 77.1392774779904, 80.9940198122281, 84.8485509027649, 88.7028706377289, 90.4167217560462, 91.1786859097915, 104.240127656239, 112.935101491149, 118.727414580409, 124.519010058664, 130.309888028032, 136.100048379814, 141.889490793781, 147.678214737216, 153.466219463722, 159.25350401179, 165.040067203117, 168.897504396016, 172.754727265893, 176.611735457309, 180.468528585295, 181.471359865537), .UNSPECIFIED.);
#4430 = EDGE_CURVE ('', #3100, #3170, #4420, .T.);
#4440 = ORIENTED_EDGE ('', *, *, #4430, .T.);
#4450 = CARTESIAN_POINT ('', (90., -90., 151.137562783547));
#4460 = CARTESIAN_POINT ('', (90., -90., 188.862437216452));
#4470 = B_SPLINE_CURVE_WITH_KNOTS ('', 1, (#4450, #4460), .UNSPECIFIED., .F., .U., (2, 2), (0., 1.), .UNSPECIFIED.);
#4480 = EDGE_CURVE ('', #3170, #3000, #4470, .T.);
#4490 = ORIENTED_EDGE ('', *, *, #4480, .T.);
#4500 = EDGE_LOOP ('', (#3080, #3150, #4440, #4490));
#4510 = FACE_OUTER_BOUND ('', #4500, .T.);
#4520 = CARTESIAN_POINT ('', (90., -90., 141.109679259559));
#4530 = CARTESIAN_POINT ('', (-90., -90., 141.109679259559));
#4540 = CARTESIAN_POINT ('', (90., -90., 198.890258898703));
#4550 = CARTESIAN_POINT ('', (-90., -90., 198.890258898703));
#4560 = B_SPLINE_SURFACE_WITH_KNOTS ('', 1, 1, ((#4520, #4530), (#4540, #4550)), .UNSPECIFIED., .F., .F., .U., (2, 2), (2, 2), (0.462038573821486, 0.537961344919446), (0., 1.), .UNSPECIFIED.);
#4570 = ADVANCED_FACE ('', (#4510), #4560, .T.);
#4580 = CARTESIAN_POINT ('', (-90., 90., 188.862447920035));
#4590 = CARTESIAN_POINT ('', (-90., 88.1080021820395, 188.475487254191));
#4600 = CARTESIAN_POINT ('', (-90., 86.2203896815527, 188.102020381137));
#4610 = CARTESIAN_POINT ('', (-90., 84.3235810180407, 187.739375659537));
#4620 = CARTESIAN_POINT ('', (-90., 82.4268469403165, 187.376745197754));
#4630 = CARTESIAN_POINT ('', (-90., 80.5342185062888, 187.027482984755));
#4640 = CARTESIAN_POINT ('', (-90., 78.6329818839886, 186.68925182203));
#4650 = CARTESIAN_POINT ('', (-90., 76.731820867312, 186.351034109592));
#4660 = CARTESIAN_POINT ('', (-90., 74.8344820517665, 186.026061810599));
#4670 = CARTESIAN_POINT ('', (-90., 72.9291305202363, 185.712310358598));
#4680 = CARTESIAN_POINT ('', (-90., 71.0238554709377, 185.398571500814));
#4690 = CARTESIAN_POINT ('', (-90., 69.1221160753607, 185.097958038127));
#4700 = CARTESIAN_POINT ('', (-90., 67.212965571193, 184.808735914492));
#4710 = CARTESIAN_POINT ('', (-90., 65.3041816505698, 184.519569325541));
#4720 = CARTESIAN_POINT ('', (-90., 63.3986491055569, 184.243419542232));
#4730 = CARTESIAN_POINT ('', (-90., 61.4863020452494, 183.97884045627));
#4740 = CARTESIAN_POINT ('', (-90., 59.5740298445833, 183.714271727369));
#4750 = CARTESIAN_POINT ('', (-90., 57.664722446804, 183.462629650424));
#4760 = CARTESIAN_POINT ('', (-90., 55.7492015112864, 183.222710648787));
#4770 = CARTESIAN_POINT ('', (-90., 54.8982635233428, 183.116130663814));
#4780 = CARTESIAN_POINT ('', (-90., 54.0478704604164, 183.012090615693));
#4790 = CARTESIAN_POINT ('', (-90., 53.1963362062252, 182.910384340265));
#4800 = CARTESIAN_POINT ('', (-90., 52.3448467719812, 182.80868341808));
#4810 = CARTESIAN_POINT ('', (-90., 51.4938764787235, 182.709513165197));
#4820 = CARTESIAN_POINT ('', (-90., 50.6418190298601, 182.612686319544));
#4830 = CARTESIAN_POINT ('', (-90., 48.7240809596152, 182.394756732311));
#4840 = CARTESIAN_POINT ('', (-90., 46.8087601915832, 182.189584620122));
#4850 = CARTESIAN_POINT ('', (-90., 44.8883733629081, 181.996382551527));
#4860 = CARTESIAN_POINT ('', (-90., 42.9680612560336, 181.803188000378));
#4870 = CARTESIAN_POINT ('', (-90., 41.0498768707766, 181.622690170259));
#4880 = CARTESIAN_POINT ('', (-90., 39.127232942286, 181.454276849407));
#4890 = CARTESIAN_POINT ('', (-90., 37.2046643626608, 181.285870128712));
#4900 = CARTESIAN_POINT ('', (-90., 35.2839317255021, 181.130102323508));
#4910 = CARTESIAN_POINT ('', (-90., 33.3593504687334, 180.986513490265));
#4920 = CARTESIAN_POINT ('', (-90., 31.4348450248877, 180.84293031326));
#4930 = CARTESIAN_POINT ('', (-90., 29.5118822299833, 180.711931300331));
#4940 = CARTESIAN_POINT ('', (-90., 27.58568474119, 180.593185495028));
#4950 = CARTESIAN_POINT ('', (-90., 26.7298479373188, 180.540425053238));
#4960 = CARTESIAN_POINT ('', (-90., 25.874274565955, 180.490141691402));
#4970 = CARTESIAN_POINT ('', (-90., 25.0181494643605, 180.442286602873));
#4980 = CARTESIAN_POINT ('', (-90., 24.1620550199795, 180.394433228001));
#4990 = CARTESIAN_POINT ('', (-90., 23.3061983486383, 180.349051705247));
#5000 = CARTESIAN_POINT ('', (-90., 22.4498436469846, 180.306106762095));
#5010 = CARTESIAN_POINT ('', (-90., 19.5590110451254, 180.16113571037));
#5020 = CARTESIAN_POINT ('', (-90., 16.6702304105748, 180.044286728303));
#5030 = CARTESIAN_POINT ('', (-90., 13.7771326686005, 179.955319356796));
#5040 = CARTESIAN_POINT ('', (-90., 12.4916386667331, 179.915788365231));
#5050 = CARTESIAN_POINT ('', (-90., 11.20641074962, 179.881802178303));
#5060 = CARTESIAN_POINT ('', (-90., 9.92062408767921, 179.853338374865));
#5070 = CARTESIAN_POINT ('', (-90., 8.63495640522571, 179.824877205308));
#5080 = CARTESIAN_POINT ('', (-90., 7.34946742121753, 179.801950193095));
#5090 = CARTESIAN_POINT ('', (-90., 6.06360248759556, 179.784549033384));
#5100 = CARTESIAN_POINT ('', (-90., 1.72381809667018, 179.725820251438));
#5110 = CARTESIAN_POINT ('', (-90., -2.61615818727335, 179.730121624689));
#5120 = CARTESIAN_POINT ('', (-90., -6.95581701348128, 179.797492995938));
#5130 = CARTESIAN_POINT ('', (-90., -9.84850103092343, 179.842400694136));
#5140 = CARTESIAN_POINT ('', (-90., -12.7425012663486, 179.915377694023));
#5150 = CARTESIAN_POINT ('', (-90., -15.633773265849, 180.016292266941));
#5160 = CARTESIAN_POINT ('', (-90., -16.4904891526043, 180.046194371564));
#5170 = CARTESIAN_POINT ('', (-90., -17.3473755357769, 180.078562415222));
#5180 = CARTESIAN_POINT ('', (-90., -18.2039059311207, 180.113375176272));
#5190 = CARTESIAN_POINT ('', (-90., -19.0604050894564, 180.148186667727));
#5200 = CARTESIAN_POINT ('', (-90., -19.9171005537878, 180.185464806758));
#5210 = CARTESIAN_POINT ('', (-90., -20.773386041467, 180.225186485437));
#5220 = CARTESIAN_POINT ('', (-90., -23.6621949909483, 180.359193592303));
#5230 = CARTESIAN_POINT ('', (-90., -26.5538984483331, 180.521400372041));
#5240 = CARTESIAN_POINT ('', (-90., -29.4395718268665, 180.711306147933));
#5250 = CARTESIAN_POINT ('', (-90., -30.7223948212904, 180.795728556199));
#5260 = CARTESIAN_POINT ('', (-90., -32.0059282859554, 180.885745001137));
#5270 = CARTESIAN_POINT ('', (-90., -33.2879775928598, 180.981199454707));
#5280 = CARTESIAN_POINT ('', (-90., -34.5699075950524, 181.076645025492));
#5290 = CARTESIAN_POINT ('', (-90., -35.852633930038, 181.177693778612));
#5300 = CARTESIAN_POINT ('', (-90., -37.1336963851668, 181.284152097044));
#5310 = CARTESIAN_POINT ('', (-90., -39.0548663086363, 181.44380435963));
#5320 = CARTESIAN_POINT ('', (-90., -40.9780737019304, 181.616115998002));
#5330 = CARTESIAN_POINT ('', (-90., -42.8970254163436, 181.80052596938));
#5340 = CARTESIAN_POINT ('', (-90., -44.8159013075567, 181.984928654199));
#5350 = CARTESIAN_POINT ('', (-90., -46.7371061449836, 182.182065414074));
#5360 = CARTESIAN_POINT ('', (-90., -48.6534448883507, 182.391194218206));
#5370 = CARTESIAN_POINT ('', (-90., -50.5697083140914, 182.600314802975));
#5380 = CARTESIAN_POINT ('', (-90., -52.4885900984644, 182.822247157823));
#5390 = CARTESIAN_POINT ('', (-90., -54.4019994605167, 183.056045252375));
#5400 = CARTESIAN_POINT ('', (-90., -56.3153341717048, 183.289834225393));
#5410 = CARTESIAN_POINT ('', (-90., -58.231573916213, 183.536515505778));
#5420 = CARTESIAN_POINT ('', (-90., -60.1417403800959, 183.794916514288));
#5430 = CARTESIAN_POINT ('', (-90., -60.9910133561326, 183.909803356696));
#5440 = CARTESIAN_POINT ('', (-90., -61.8409002099623, 184.027247842736));
#5450 = CARTESIAN_POINT ('', (-90., -62.6895026290835, 184.146987178989));
#5460 = CARTESIAN_POINT ('', (-90., -64.5977186399777, 184.416239909625));
#5470 = CARTESIAN_POINT ('', (-90., -66.5092533093691, 184.698513782575));
#5480 = CARTESIAN_POINT ('', (-90., -68.4138473833183, 184.992293956626));
#5490 = CARTESIAN_POINT ('', (-90., -70.3183654799603, 185.286062411314));
#5500 = CARTESIAN_POINT ('', (-90., -72.2264883080548, 185.59296674701));
#5510 = CARTESIAN_POINT ('', (-90., -74.1270702260001, 185.911207942625));
#5520 = CARTESIAN_POINT ('', (-90., -74.9722101920365, 186.052721628888));
#5530 = CARTESIAN_POINT ('', (-90., -75.8181022917202, 186.19684748252));
#5540 = CARTESIAN_POINT ('', (-90., -76.6624198314168, 186.34318810488));
#5550 = CARTESIAN_POINT ('', (-90., -78.5608909068834, 186.67223899587));
#5560 = CARTESIAN_POINT ('', (-90., -80.4633734780249, 187.014588219944));
#5570 = CARTESIAN_POINT ('', (-90., -82.3574609484036, 187.367999549417));
#5580 = CARTESIAN_POINT ('', (-90., -84.2514672151907, 187.721395727387));
#5590 = CARTESIAN_POINT ('', (-90., -86.1497664264276, 188.088224561372));
#5600 = CARTESIAN_POINT ('', (-90., -88.0390789944959, 188.465910432662));
#5610 = CARTESIAN_POINT ('', (-90., -88.6927362598747, 188.596580771691));
#5620 = CARTESIAN_POINT ('', (-90., -89.3469288814735, 188.728868237154));
#5630 = CARTESIAN_POINT ('', (-90., -90., 188.862437216453));
#5640 = B_SPLINE_CURVE_WITH_KNOTS ('', 3, (#4580, #4590, #4600, #4610, #4620, #4630, #4640, #4650, #4660, #4670, #4680, #4690, #4700, #4710, #4720, #4730, #4740, #4750, #4760, #4770, #4780, #4790, #4800, #4810, #4820, #4830, #4840, #4850, #4860, #4870, #4880, #4890, #4900, #4910, #4920, #4930, #4940, #4950, #4960, #4970, #4980, #4990, #5000, #5010, #5020, #5030, #5040, #5050, #5060, #5070, #5080, #5090, #5100, #5110, #5120, #5130, #5140, #5150, #5160, #5170, #5180, #5190, #5200, #5210, #5220, #5230, #5240, #5250, #5260, #5270, #5280, #5290, #5300, #5310, #5320, #5330, #5340, #5350, #5360, #5370, #5380, #5390, #5400, #5410, #5420, #5430, #5440, #5450, #5460, #5470, #5480, #5490, #5500, #5510, #5520, #5530, #5540, #5550, #5560, #5570, #5580, #5590, #5600, #5610, #5620, #5630), .UNSPECIFIED., .F., .U., (4, 3, 3, 3, 3, 3, 3, 3, 3, 3, 3, 3, 3, 3, 3, 3, 3, 3, 3, 3, 3, 3, 3, 3, 3, 3, 3, 3, 3, 3, 3, 3, 3, 3, 3, 4), (0., 5.79349192635173, 11.5867560426097, 17.379789780733, 23.1725909821615, 28.9642798849046, 34.755742069515, 37.3285018275765, 39.9011261701152, 45.6913691269802, 51.4813867868514, 57.271177534576, 63.0607402114105, 65.6331248427797, 68.2054173589373, 76.8888134480427, 80.7471184843481, 84.6050664947419, 97.6256117469937, 106.304709495902, 108.876422197258, 111.448041110221, 120.123787502413, 123.980581222897, 127.83701603857, 133.62039260232, 139.403540648534, 145.18646140039, 150.969156534018, 153.540182043316, 159.321537281899, 165.102661892964, 167.673379530186, 173.453708432524, 179.233789519767, 181.233560262316), .UNSPECIFIED.);
#5650 = EDGE_CURVE ('', #1370, #2980, #5640, .T.);
#5660 = ORIENTED_EDGE ('', *, *, #5650, .F.);
#5670 = ORIENTED_EDGE ('', *, *, #2870, .F.);
#5680 = CARTESIAN_POINT ('', (-90., 90., 151.137552079965));
#5690 = CARTESIAN_POINT ('', (-90., 88.1080021820395, 151.524512745809));
#5700 = CARTESIAN_POINT ('', (-90., 86.2203896815527, 151.897979618863));
#5710 = CARTESIAN_POINT ('', (-90., 84.3235810180407, 152.260624340463));
#5720 = CARTESIAN_POINT ('', (-90., 82.4268469403165, 152.623254802246));
#5730 = CARTESIAN_POINT ('', (-90., 80.5342185062888, 152.972517015245));
#5740 = CARTESIAN_POINT ('', (-90., 78.6329818839886, 153.31074817797));
#5750 = CARTESIAN_POINT ('', (-90., 76.731820867312, 153.648965890408));
#5760 = CARTESIAN_POINT ('', (-90., 74.8344820517665, 153.973938189401));
#5770 = CARTESIAN_POINT ('', (-90., 72.9291305202363, 154.287689641402));
#5780 = CARTESIAN_POINT ('', (-90., 71.0238554709377, 154.601428499186));
#5790 = CARTESIAN_POINT ('', (-90., 69.1221160753607, 154.902041961873));
#5800 = CARTESIAN_POINT ('', (-90., 67.2129655711931, 155.191264085508));
#5810 = CARTESIAN_POINT ('', (-90., 65.3041816505698, 155.480430674459));
#5820 = CARTESIAN_POINT ('', (-90., 63.3986491055569, 155.756580457768));
#5830 = CARTESIAN_POINT ('', (-90., 61.4863020452494, 156.02115954373));
#5840 = CARTESIAN_POINT ('', (-90., 59.5740298445833, 156.285728272631));
#5850 = CARTESIAN_POINT ('', (-90., 57.664722446804, 156.537370349576));
#5860 = CARTESIAN_POINT ('', (-90., 55.7492015112865, 156.777289351213));
#5870 = CARTESIAN_POINT ('', (-90., 54.8982635233429, 156.883869336186));
#5880 = CARTESIAN_POINT ('', (-90., 54.0478704604164, 156.987909384307));
#5890 = CARTESIAN_POINT ('', (-90., 53.1963362062253, 157.089615659735));
#5900 = CARTESIAN_POINT ('', (-90., 52.3448467719812, 157.19131658192));
#5910 = CARTESIAN_POINT ('', (-90., 51.4938764787235, 157.290486834803));
#5920 = CARTESIAN_POINT ('', (-90., 50.6418190298602, 157.387313680456));
#5930 = CARTESIAN_POINT ('', (-90., 48.7240809596153, 157.605243267689));
#5940 = CARTESIAN_POINT ('', (-90., 46.8087601915832, 157.810415379878));
#5950 = CARTESIAN_POINT ('', (-90., 44.8883733629082, 158.003617448473));
#5960 = CARTESIAN_POINT ('', (-90., 42.9680612560337, 158.196811999622));
#5970 = CARTESIAN_POINT ('', (-90., 41.0498768707767, 158.377309829741));
#5980 = CARTESIAN_POINT ('', (-90., 39.1272329422861, 158.545723150593));
#5990 = CARTESIAN_POINT ('', (-90., 37.2046643626608, 158.714129871288));
#6000 = CARTESIAN_POINT ('', (-90., 35.2839317255022, 158.869897676492));
#6010 = CARTESIAN_POINT ('', (-90., 33.3593504687334, 159.013486509735));
#6020 = CARTESIAN_POINT ('', (-90., 31.4348450248877, 159.15706968674));
#6030 = CARTESIAN_POINT ('', (-90., 29.5118822299834, 159.288068699669));
#6040 = CARTESIAN_POINT ('', (-90., 27.5856847411901, 159.406814504972));
#6050 = CARTESIAN_POINT ('', (-90., 26.7298479373189, 159.459574946762));
#6060 = CARTESIAN_POINT ('', (-90., 25.8742745659551, 159.509858308598));
#6070 = CARTESIAN_POINT ('', (-90., 25.0181494643606, 159.557713397127));
#6080 = CARTESIAN_POINT ('', (-90., 24.1620550199796, 159.605566771999));
#6090 = CARTESIAN_POINT ('', (-90., 23.3061983486384, 159.650948294753));
#6100 = CARTESIAN_POINT ('', (-90., 22.4498436469847, 159.693893237905));
#6110 = CARTESIAN_POINT ('', (-90., 19.5590110451255, 159.83886428963));
#6120 = CARTESIAN_POINT ('', (-90., 16.6702304105749, 159.955713271697));
#6130 = CARTESIAN_POINT ('', (-90., 13.7771326686006, 160.044680643204));
#6140 = CARTESIAN_POINT ('', (-90., 12.4916386667332, 160.084211634769));
#6150 = CARTESIAN_POINT ('', (-90., 11.2064107496201, 160.118197821697));
#6160 = CARTESIAN_POINT ('', (-90., 9.92062408767928, 160.146661625135));
#6170 = CARTESIAN_POINT ('', (-90., 8.63495640522578, 160.175122794692));
#6180 = CARTESIAN_POINT ('', (-90., 7.3494674212176, 160.198049806905));
#6190 = CARTESIAN_POINT ('', (-90., 6.06360248759564, 160.215450966616));
#6200 = CARTESIAN_POINT ('', (-90., 1.72381809667026, 160.274179748562));
#6210 = CARTESIAN_POINT ('', (-90., -2.61615818727327, 160.269878375311));
#6220 = CARTESIAN_POINT ('', (-90., -6.95581701348119, 160.202507004062));
#6230 = CARTESIAN_POINT ('', (-90., -9.84850103092335, 160.157599305864));
#6240 = CARTESIAN_POINT ('', (-90., -12.7425012663485, 160.084622305977));
#6250 = CARTESIAN_POINT ('', (-90., -15.633773265849, 159.983707733059));
#6260 = CARTESIAN_POINT ('', (-90., -16.4904891526042, 159.953805628436));
#6270 = CARTESIAN_POINT ('', (-90., -17.3473755357768, 159.921437584778));
#6280 = CARTESIAN_POINT ('', (-90., -18.2039059311206, 159.886624823728));
#6290 = CARTESIAN_POINT ('', (-90., -19.0604050894564, 159.851813332273));
#6300 = CARTESIAN_POINT ('', (-90., -19.9171005537877, 159.814535193242));
#6310 = CARTESIAN_POINT ('', (-90., -20.773386041467, 159.774813514563));
#6320 = CARTESIAN_POINT ('', (-90., -23.6621949909482, 159.640806407697));
#6330 = CARTESIAN_POINT ('', (-90., -26.553898448333, 159.478599627959));
#6340 = CARTESIAN_POINT ('', (-90., -29.4395718268664, 159.288693852067));
#6350 = CARTESIAN_POINT ('', (-90., -30.7223948212903, 159.204271443801));
#6360 = CARTESIAN_POINT ('', (-90., -32.0059282859553, 159.114254998863));
#6370 = CARTESIAN_POINT ('', (-90., -33.2879775928597, 159.018800545294));
#6380 = CARTESIAN_POINT ('', (-90., -34.5699075950523, 158.923354974508));
#6390 = CARTESIAN_POINT ('', (-90., -35.8526339300379, 158.822306221388));
#6400 = CARTESIAN_POINT ('', (-90., -37.1336963851667, 158.715847902956));
#6410 = CARTESIAN_POINT ('', (-90., -39.0548663086362, 158.55619564037));
#6420 = CARTESIAN_POINT ('', (-90., -40.9780737019303, 158.383884001998));
#6430 = CARTESIAN_POINT ('', (-90., -42.8970254163435, 158.19947403062));
#6440 = CARTESIAN_POINT ('', (-90., -44.8159013075567, 158.015071345801));
#6450 = CARTESIAN_POINT ('', (-90., -46.7371061449835, 157.817934585926));
#6460 = CARTESIAN_POINT ('', (-90., -48.6534448883506, 157.608805781794));
#6470 = CARTESIAN_POINT ('', (-90., -50.5697083140913, 157.399685197025));
#6480 = CARTESIAN_POINT ('', (-90., -52.4885900984643, 157.177752842177));
#6490 = CARTESIAN_POINT ('', (-90., -54.4019994605166, 156.943954747625));
#6500 = CARTESIAN_POINT ('', (-90., -56.3153341717047, 156.710165774607));
#6510 = CARTESIAN_POINT ('', (-90., -58.2315739162129, 156.463484494222));
#6520 = CARTESIAN_POINT ('', (-90., -60.1417403800958, 156.205083485712));
#6530 = CARTESIAN_POINT ('', (-90., -60.9910133561325, 156.090196643304));
#6540 = CARTESIAN_POINT ('', (-90., -61.8409002099623, 155.972752157264));
#6550 = CARTESIAN_POINT ('', (-90., -62.6895026290834, 155.853012821011));
#6560 = CARTESIAN_POINT ('', (-90., -64.5977186399776, 155.583760090375));
#6570 = CARTESIAN_POINT ('', (-90., -66.5092533093691, 155.301486217425));
#6580 = CARTESIAN_POINT ('', (-90., -68.4138473833183, 155.007706043374));
#6590 = CARTESIAN_POINT ('', (-90., -70.3183654799602, 154.713937588686));
#6600 = CARTESIAN_POINT ('', (-90., -72.2264883080548, 154.40703325299));
#6610 = CARTESIAN_POINT ('', (-90., -74.127070226, 154.088792057375));
#6620 = CARTESIAN_POINT ('', (-90., -74.9722101920365, 153.947278371112));
#6630 = CARTESIAN_POINT ('', (-90., -75.8181022917202, 153.80315251748));
#6640 = CARTESIAN_POINT ('', (-90., -76.6624198314168, 153.65681189512));
#6650 = CARTESIAN_POINT ('', (-90., -78.5608909068834, 153.32776100413));
#6660 = CARTESIAN_POINT ('', (-90., -80.4633734780249, 152.985411780056));
#6670 = CARTESIAN_POINT ('', (-90., -82.3574609484036, 152.632000450583));
#6680 = CARTESIAN_POINT ('', (-90., -84.2514672151907, 152.278604272613));
#6690 = CARTESIAN_POINT ('', (-90., -86.1497664264276, 151.911775438628));
#6700 = CARTESIAN_POINT ('', (-90., -88.0390789944959, 151.534089567338));
#6710 = CARTESIAN_POINT ('', (-90., -88.6927362598747, 151.403419228309));
#6720 = CARTESIAN_POINT ('', (-90., -89.3469288814735, 151.271131762846));
#6730 = CARTESIAN_POINT ('', (-90., -90., 151.137562783547));
#6740 = B_SPLINE_CURVE_WITH_KNOTS ('', 3, (#5680, #5690, #5700, #5710, #5720, #5730, #5740, #5750, #5760, #5770, #5780, #5790, #5800, #5810, #5820, #5830, #5840, #5850, #5860, #5870, #5880, #5890, #5900, #5910, #5920, #5930, #5940, #5950, #5960, #5970, #5980, #5990, #6000, #6010, #6020, #6030, #6040, #6050, #6060, #6070, #6080, #6090, #6100, #6110, #6120, #6130, #6140, #6150, #6160, #6170, #6180, #6190, #6200, #6210, #6220, #6230, #6240, #6250, #6260, #6270, #6280, #6290, #6300, #6310, #6320, #6330, #6340, #6350, #6360, #6370, #6380, #6390, #6400, #6410, #6420, #6430, #6440, #6450, #6460, #6470, #6480, #6490, #6500, #6510, #6520, #6530, #6540, #6550, #6560, #6570, #6580, #6590, #6600, #6610, #6620, #6630, #6640, #6650, #6660, #6670, #6680, #6690, #6700, #6710, #6720, #6730), .UNSPECIFIED., .F., .U., (4, 3, 3, 3, 3, 3, 3, 3, 3, 3, 3, 3, 3, 3, 3, 3, 3, 3, 3, 3, 3, 3, 3, 3, 3, 3, 3, 3, 3, 3, 3, 3, 3, 3, 3, 4), (0., 5.79349192635173, 11.5867560426097, 17.379789780733, 23.1725909821615, 28.9642798849046, 34.755742069515, 37.3285018275764, 39.9011261701151, 45.6913691269802, 51.4813867868513, 57.2711775345759, 63.0607402114105, 65.6331248427796, 68.2054173589372, 76.8888134480426, 80.7471184843481, 84.6050664947418, 97.6256117469936, 106.304709495902, 108.876422197258, 111.448041110221, 120.123787502413, 123.980581222897, 127.83701603857, 133.62039260232, 139.403540648534, 145.18646140039, 150.969156534018, 153.540182043316, 159.321537281899, 165.102661892964, 167.673379530186, 173.453708432524, 179.233789519767, 181.233560262316), .UNSPECIFIED.);
#6750 = EDGE_CURVE ('', #1560, #3100, #6740, .T.);
#6760 = ORIENTED_EDGE ('', *, *, #6750, .T.);
#6770 = ORIENTED_EDGE ('', *, *, #3140, .T.);
#6780 = EDGE_LOOP ('', (#5660, #5670, #6760, #6770));
#6790 = FACE_OUTER_BOUND ('', #6780, .T.);
#6800 = CARTESIAN_POINT ('', (-90., -90., 151.137552079965));
#6810 = CARTESIAN_POINT ('', (-90., 90., 151.137552079965));
#6820 = CARTESIAN_POINT ('', (-90., -90., 188.862447920035));
#6830 = CARTESIAN_POINT ('', (-90., 90., 188.862447920035));
#6840 = B_SPLINE_SURFACE_WITH_KNOTS ('', 1, 1, ((#6800, #6810), (#6820, #6830)), .UNSPECIFIED., .F., .F., .U., (2, 2), (2, 2), (0.475215040681076, 0.524784959318924), (0., 1.), .UNSPECIFIED.);
#6850 = ADVANCED_FACE ('', (#6790), #6840, .T.);
#6860 = CARTESIAN_POINT ('', (90., -90., 188.862437216453));
#6870 = CARTESIAN_POINT ('', (90., -88.1079557891265, 188.475468007642));
#6880 = CARTESIAN_POINT ('', (90., -86.2202972071415, 188.101995504465));
#6890 = CARTESIAN_POINT ('', (90., -84.3234417863842, 187.739344188168));
#6900 = CARTESIAN_POINT ('', (90., -82.4266615784413, 187.376707251474));
#6910 = CARTESIAN_POINT ('', (90., -80.5339861289105, 187.027437558532));
#6920 = CARTESIAN_POINT ('', (90., -78.6327043282047, 186.689194717656));
#6930 = CARTESIAN_POINT ('', (90., -77.3657248362268, 186.463795861717));
#6940 = CARTESIAN_POINT ('', (90., -76.1004653713999, 186.244287676791));
#6950 = CARTESIAN_POINT ('', (90., -74.8316011835109, 186.02975248144));
#6960 = CARTESIAN_POINT ('', (90., -72.9277759851279, 185.707860261022));
#6970 = CARTESIAN_POINT ('', (90., -71.0275840256191, 185.399134986267));
#6980 = CARTESIAN_POINT ('', (90., -69.1197761634641, 185.101756189674));
#6990 = CARTESIAN_POINT ('', (90., -67.2120440018205, 184.804389192868));
#7000 = CARTESIAN_POINT ('', (90., -65.307658793296, 184.520080487916));
#7010 = CARTESIAN_POINT ('', (90., -63.3962584980166, 184.247283782355));
#7020 = CARTESIAN_POINT ('', (90., -62.5472432822151, 184.126111595444));
#7030 = CARTESIAN_POINT ('', (90., -61.6988482132149, 184.00750192068));
#7040 = CARTESIAN_POINT ('', (90., -60.8491542348009, 183.891184774093));
#7050 = CARTESIAN_POINT ('', (90., -58.9366704724842, 183.629379159626));
#7060 = CARTESIAN_POINT ('', (90., -57.0271170812007, 183.380473153434));
#7070 = CARTESIAN_POINT ('', (90., -55.1114223930234, 183.143301944007));
#7080 = CARTESIAN_POINT ('', (90., -53.1958019547302, 182.906139927033));
#7090 = CARTESIAN_POINT ('', (89.9999999999999, -51.2828252376486, 182.681803263105));
#7100 = CARTESIAN_POINT ('', (89.9999999999999, -49.364308035986, 182.469343307287));
#7110 = CARTESIAN_POINT ('', (89.9999999999999, -47.4458658683914, 182.256891660873));
#7120 = CARTESIAN_POINT ('', (90., -45.5297779413438, 182.057193951298));
#7130 = CARTESIAN_POINT ('', (90., -43.6087560222213, 181.869495153433));
#7140 = CARTESIAN_POINT ('', (90., -41.6878097622143, 181.681803748052));
#7150 = CARTESIAN_POINT ('', (90., -39.7689261042481, 181.506797840517));
#7160 = CARTESIAN_POINT ('', (90., -37.8457192453917, 181.34389303538));
#7170 = CARTESIAN_POINT ('', (90., -36.5638803541164, 181.235315159923));
#7180 = CARTESIAN_POINT ('', (90., -35.2828504791819, 181.132349308819));
#7190 = CARTESIAN_POINT ('', (90., -34.0001257722484, 181.034792020792));
#7200 = CARTESIAN_POINT ('', (90., -33.1451306446106, 180.969765592691));
#7210 = CARTESIAN_POINT ('', (90.0000000000001, -32.2904634214091, 180.907226342475));
#7220 = CARTESIAN_POINT ('', (90.0000000000001, -31.4351095441102, 180.847102726269));
#7230 = CARTESIAN_POINT ('', (90.0000000000001, -28.5471272201683, 180.644103774066));
#7240 = CARTESIAN_POINT ('', (90., -25.6622253127023, 180.469363217686));
#7250 = CARTESIAN_POINT ('', (90., -22.7708543673912, 180.32231038838));
#7260 = CARTESIAN_POINT ('', (90., -21.9145415074873, 180.2787589966));
#7270 = CARTESIAN_POINT ('', (90., -21.058443958206, 180.237680083763));
#7280 = CARTESIAN_POINT ('', (90., -20.201895370353, 180.199041315539));
#7290 = CARTESIAN_POINT ('', (90., -19.3453754985621, 180.160403842693));
#7300 = CARTESIAN_POINT ('', (90., -18.4890450104116, 180.124235396664));
#7310 = CARTESIAN_POINT ('', (90., -17.6323177257385, 180.090508481931));
#7320 = CARTESIAN_POINT ('', (90., -14.7405683837994, 179.976668540995));
#7330 = CARTESIAN_POINT ('', (90., -11.8503184600231, 179.890875792304));
#7340 = CARTESIAN_POINT ('', (90., -8.95690739749937, 179.833029340184));
#7350 = CARTESIAN_POINT ('', (90., -6.06375049778399, 179.775187969407));
#7360 = CARTESIAN_POINT ('', (90., -3.17109992774556, 179.745381122749));
#7370 = CARTESIAN_POINT ('', (90., -0.277365439983046, 179.743596500148));
#7380 = CARTESIAN_POINT ('', (90., 2.6161141405608, 179.741812034754));
#7390 = CARTESIAN_POINT ('', (90., 5.51008186885426, 179.768065074277));
#7400 = CARTESIAN_POINT ('', (90., 8.40305342830517, 179.822312871921));
#7410 = CARTESIAN_POINT ('', (90., 9.26016608369672, 179.838385091412));
#7420 = CARTESIAN_POINT ('', (90., 10.1173767021926, 179.856917068744));
#7430 = CARTESIAN_POINT ('', (90., 10.9743830655142, 179.877905482169));
#7440 = CARTESIAN_POINT ('', (90., 13.8660967248484, 179.948724655032));
#7450 = CARTESIAN_POINT ('', (90., 16.7595862756093, 180.047635226197));
#7460 = CARTESIAN_POINT ('', (90., 19.6493860577036, 180.174443988642));
#7470 = CARTESIAN_POINT ('', (90., 20.9338793843108, 180.230809488468));
#7480 = CARTESIAN_POINT ('', (90., 22.2188624565293, 180.292737746541));
#7490 = CARTESIAN_POINT ('', (90., 23.5028232540229, 180.360153220796));
#7500 = CARTESIAN_POINT ('', (90., 24.3587929888789, 180.405096653442));
#7510 = CARTESIAN_POINT ('', (90., 25.2150120501757, 180.452514318324));
#7520 = CARTESIAN_POINT ('', (90., 26.0707101935965, 180.502361950903));
#7530 = CARTESIAN_POINT ('', (90., 28.9572406094593, 180.670513195242));
#7540 = CARTESIAN_POINT ('', (90., 31.8472673654989, 180.866926396005));
#7550 = CARTESIAN_POINT ('', (90., 34.730004639265, 181.090887314723));
#7560 = CARTESIAN_POINT ('', (90., 36.6521406460516, 181.240218767818));
#7570 = CARTESIAN_POINT ('', (90., 38.5761936093517, 181.402192830665));
#7580 = CARTESIAN_POINT ('', (90., 40.496243204678, 181.576308490374));
#7590 = CARTESIAN_POINT ('', (90., 42.416217418202, 181.750417314244));
#7600 = CARTESIAN_POINT ('', (90., 44.3383995958591, 181.937233947126));
#7610 = CARTESIAN_POINT ('', (90., 46.255969046298, 182.136086319224));
#7620 = CARTESIAN_POINT ('', (90., 48.1734636811483, 182.33493093293));
#7630 = CARTESIAN_POINT ('', (90., 50.0934549376678, 182.54655145998));
#7640 = CARTESIAN_POINT ('', (90., 52.008228805795, 182.770081970239));
#7650 = CARTESIAN_POINT ('', (90., 52.859475780776, 182.869456457138));
#7660 = CARTESIAN_POINT ('', (90., 53.7112565692834, 182.971363867069));
#7670 = CARTESIAN_POINT ('', (90., 54.5619207793492, 183.075609263965));
#7680 = CARTESIAN_POINT ('', (90., 56.4750147617827, 183.31005105561));
#7690 = CARTESIAN_POINT ('', (90., 58.391022952834, 183.557386944164));
#7700 = CARTESIAN_POINT ('', (90., 60.3009386873811, 183.816449535486));
#7710 = CARTESIAN_POINT ('', (90., 62.2107791601526, 184.075501918237));
#7720 = CARTESIAN_POINT ('', (90., 64.123820571281, 184.347544524508));
#7730 = CARTESIAN_POINT ('', (90., 66.0301682742145, 184.63115905863));
#7740 = CARTESIAN_POINT ('', (90., 66.8777861965394, 184.757262372199));
#7750 = CARTESIAN_POINT ('', (90., 67.7260761980266, 184.885945970133));
#7760 = CARTESIAN_POINT ('', (90., 68.5729596658851, 185.016890919663));
#7770 = CARTESIAN_POINT ('', (90., 70.4772572091844, 185.311333018441));
#7780 = CARTESIAN_POINT ('', (90., 72.3851646135778, 185.618899456213));
#7790 = CARTESIAN_POINT ('', (90., 74.2855203587211, 185.937793364668));
#7800 = CARTESIAN_POINT ('', (90., 76.185799671265, 186.256674447161));
#7810 = CARTESIAN_POINT ('', (90., 78.0899740811826, 186.588806849965));
#7820 = CARTESIAN_POINT ('', (90., 79.985997912286, 186.93208551569));
#7830 = CARTESIAN_POINT ('', (90., 81.8819461210973, 187.275350489858));
#7840 = CARTESIAN_POINT ('', (90., 83.7820714032639, 187.631996653477));
#7850 = CARTESIAN_POINT ('', (90., 85.6734536219888, 187.99958848646));
#7860 = CARTESIAN_POINT ('', (90., 87.1157163144265, 188.279893536126));
#7870 = CARTESIAN_POINT ('', (90., 88.560549016749, 188.568044350622));
#7880 = CARTESIAN_POINT ('', (90., 90., 188.862447920035));
#7890 = B_SPLINE_CURVE_WITH_KNOTS ('', 3, (#6860, #6870, #6880, #6890, #6900, #6910, #6920, #6930, #6940, #6950, #6960, #6970, #6980, #6990, #7000, #7010, #7020, #7030, #7040, #7050, #7060, #7070, #7080, #7090, #7100, #7110, #7120, #7130, #7140, #7150, #7160, #7170, #7180, #7190, #7200, #7210, #7220, #7230, #7240, #7250, #7260, #7270, #7280, #7290, #7300, #7310, #7320, #7330, #7340, #7350, #7360, #7370, #7380, #7390, #7400, #7410, #7420, #7430, #7440, #7450, #7460, #7470, #7480, #7490, #7500, #7510, #7520, #7530, #7540, #7550, #7560, #7570, #7580, #7590, #7600, #7610, #7620, #7630, #7640, #7650, #7660, #7670, #7680, #7690, #7700, #7710, #7720, #7730, #7740, #7750, #7760, #7770, #7780, #7790, #7800, #7810, #7820, #7830, #7840, #7850, #7860, #7870, #7880), .UNSPECIFIED., .F., .U., (4, 3, 3, 3, 3, 3, 3, 3, 3, 3, 3, 3, 3, 3, 3, 3, 3, 3, 3, 3, 3, 3, 3, 3, 3, 3, 3, 3, 3, 3, 3, 3, 3, 3, 4), (0., 5.79363341783111, 11.5870371104706, 15.4476555966929, 21.2401925959769, 27.0324997513538, 29.6053553283128, 35.3963161197555, 41.1870524609399, 46.9775623238296, 52.7678441284917, 56.6271317420315, 59.1995247799873, 67.8848488558045, 70.457107773539, 73.0292804554804, 81.711248210478, 90.3924533246828, 99.0728937170862, 101.644683712876, 110.322425883823, 114.179614183741, 116.751060642866, 125.425332609093, 131.209116872291, 136.992674062145, 142.77600560164, 145.347089091056, 151.129305262528, 156.911293581092, 159.482134628581, 165.262913775594, 171.043460418783, 176.823776506754, 181.231523477009), .UNSPECIFIED.);
#7900 = EDGE_CURVE ('', #3000, #1390, #7890, .T.);
#7910 = ORIENTED_EDGE ('', *, *, #7900, .F.);
#7920 = ORIENTED_EDGE ('', *, *, #4480, .F.);
#7930 = CARTESIAN_POINT ('', (90., -90., 151.137562783547));
#7940 = CARTESIAN_POINT ('', (90., -88.1079557891265, 151.524531992358));
#7950 = CARTESIAN_POINT ('', (90., -86.2202972071414, 151.898004495535));
#7960 = CARTESIAN_POINT ('', (90., -84.3234417863842, 152.260655811832));
#7970 = CARTESIAN_POINT ('', (90., -82.4266615784413, 152.623292748526));
#7980 = CARTESIAN_POINT ('', (90., -80.5339861289105, 152.972562441468));
#7990 = CARTESIAN_POINT ('', (90., -78.6327043282047, 153.310805282344));
#8000 = CARTESIAN_POINT ('', (90., -77.3657248362268, 153.536204138283));
#8010 = CARTESIAN_POINT ('', (90., -76.1004653713999, 153.755712323209));
#8020 = CARTESIAN_POINT ('', (90., -74.8316011835109, 153.97024751856));
#8030 = CARTESIAN_POINT ('', (90., -72.9277759851279, 154.292139738978));
#8040 = CARTESIAN_POINT ('', (90., -71.0275840256191, 154.600865013733));
#8050 = CARTESIAN_POINT ('', (90., -69.1197761634641, 154.898243810326));
#8060 = CARTESIAN_POINT ('', (90., -67.2120440018205, 155.195610807132));
#8070 = CARTESIAN_POINT ('', (90., -65.307658793296, 155.479919512084));
#8080 = CARTESIAN_POINT ('', (90., -63.3962584980166, 155.752716217645));
#8090 = CARTESIAN_POINT ('', (90., -62.5472432822152, 155.873888404556));
#8100 = CARTESIAN_POINT ('', (90., -61.6988482132149, 155.992498079319));
#8110 = CARTESIAN_POINT ('', (90., -60.8491542348009, 156.108815225907));
#8120 = CARTESIAN_POINT ('', (90., -58.9366704724842, 156.370620840374));
#8130 = CARTESIAN_POINT ('', (90., -57.0271170812007, 156.619526846566));
#8140 = CARTESIAN_POINT ('', (90., -55.1114223930234, 156.856698055993));
#8150 = CARTESIAN_POINT ('', (90., -53.1958019547302, 157.093860072967));
#8160 = CARTESIAN_POINT ('', (90., -51.2828252376486, 157.318196736895));
#8170 = CARTESIAN_POINT ('', (90., -49.364308035986, 157.530656692713));
#8180 = CARTESIAN_POINT ('', (90., -47.4458658683914, 157.743108339127));
#8190 = CARTESIAN_POINT ('', (90., -45.5297779413438, 157.942806048702));
#8200 = CARTESIAN_POINT ('', (90., -43.6087560222213, 158.130504846567));
#8210 = CARTESIAN_POINT ('', (90., -41.6878097622143, 158.318196251948));
#8220 = CARTESIAN_POINT ('', (90., -39.7689261042481, 158.493202159483));
#8230 = CARTESIAN_POINT ('', (90., -37.8457192453917, 158.65610696462));
#8240 = CARTESIAN_POINT ('', (90., -36.5638803541165, 158.764684840077));
#8250 = CARTESIAN_POINT ('', (90., -35.2828504791819, 158.867650691181));
#8260 = CARTESIAN_POINT ('', (90., -34.0001257722485, 158.965207979208));
#8270 = CARTESIAN_POINT ('', (90., -33.1451306446106, 159.030234407309));
#8280 = CARTESIAN_POINT ('', (90., -32.2904634214091, 159.092773657525));
#8290 = CARTESIAN_POINT ('', (90., -31.4351095441102, 159.152897273731));
#8300 = CARTESIAN_POINT ('', (90., -28.5471272201683, 159.355896225934));
#8310 = CARTESIAN_POINT ('', (90., -25.6622253127024, 159.530636782314));
#8320 = CARTESIAN_POINT ('', (90., -22.7708543673912, 159.67768961162));
#8330 = CARTESIAN_POINT ('', (90., -21.9145415074873, 159.7212410034));
#8340 = CARTESIAN_POINT ('', (90., -21.058443958206, 159.762319916237));
#8350 = CARTESIAN_POINT ('', (90., -20.2018953703531, 159.800958684461));
#8360 = CARTESIAN_POINT ('', (90., -19.3453754985622, 159.839596157307));
#8370 = CARTESIAN_POINT ('', (90., -18.4890450104116, 159.875764603336));
#8380 = CARTESIAN_POINT ('', (90., -17.6323177257385, 159.909491518069));
#8390 = CARTESIAN_POINT ('', (90., -14.7405683837994, 160.023331459005));
#8400 = CARTESIAN_POINT ('', (90., -11.8503184600231, 160.109124207696));
#8410 = CARTESIAN_POINT ('', (90., -8.95690739749938, 160.166970659816));
#8420 = CARTESIAN_POINT ('', (90., -6.06375049778399, 160.224812030593));
#8430 = CARTESIAN_POINT ('', (90., -3.17109992774557, 160.254618877251));
#8440 = CARTESIAN_POINT ('', (90., -0.277365439983052, 160.256403499852));
#8450 = CARTESIAN_POINT ('', (90., 2.61611414056079, 160.258187965246));
#8460 = CARTESIAN_POINT ('', (90., 5.51008186885427, 160.231934925723));
#8470 = CARTESIAN_POINT ('', (90., 8.40305342830517, 160.177687128079));
#8480 = CARTESIAN_POINT ('', (90., 9.26016608369672, 160.161614908588));
#8490 = CARTESIAN_POINT ('', (90., 10.1173767021926, 160.143082931256));
#8500 = CARTESIAN_POINT ('', (90., 10.9743830655142, 160.122094517831));
#8510 = CARTESIAN_POINT ('', (90., 13.8660967248484, 160.051275344968));
#8520 = CARTESIAN_POINT ('', (90., 16.7595862756093, 159.952364773803));
#8530 = CARTESIAN_POINT ('', (90., 19.6493860577036, 159.825556011358));
#8540 = CARTESIAN_POINT ('', (90., 20.9338793843108, 159.769190511532));
#8550 = CARTESIAN_POINT ('', (90., 22.2188624565293, 159.707262253458));
#8560 = CARTESIAN_POINT ('', (90., 23.502823254023, 159.639846779204));
#8570 = CARTESIAN_POINT ('', (90., 24.3587929888789, 159.594903346558));
#8580 = CARTESIAN_POINT ('', (90., 25.2150120501757, 159.547485681676));
#8590 = CARTESIAN_POINT ('', (90., 26.0707101935965, 159.497638049097));
#8600 = CARTESIAN_POINT ('', (90., 28.9572406094593, 159.329486804758));
#8610 = CARTESIAN_POINT ('', (90., 31.8472673654989, 159.133073603995));
#8620 = CARTESIAN_POINT ('', (90., 34.7300046392651, 158.909112685277));
#8630 = CARTESIAN_POINT ('', (90., 36.6521406460516, 158.759781232182));
#8640 = CARTESIAN_POINT ('', (90., 38.5761936093517, 158.597807169335));
#8650 = CARTESIAN_POINT ('', (90., 40.496243204678, 158.423691509626));
#8660 = CARTESIAN_POINT ('', (90., 42.416217418202, 158.249582685756));
#8670 = CARTESIAN_POINT ('', (90., 44.3383995958591, 158.062766052874));
#8680 = CARTESIAN_POINT ('', (90., 46.255969046298, 157.863913680776));
#8690 = CARTESIAN_POINT ('', (90., 48.1734636811483, 157.66506906707));
#8700 = CARTESIAN_POINT ('', (90., 50.0934549376678, 157.45344854002));
#8710 = CARTESIAN_POINT ('', (90., 52.008228805795, 157.229918029761));
#8720 = CARTESIAN_POINT ('', (90., 52.8594757807761, 157.130543542862));
#8730 = CARTESIAN_POINT ('', (90., 53.7112565692834, 157.028636132931));
#8740 = CARTESIAN_POINT ('', (90., 54.5619207793493, 156.924390736035));
#8750 = CARTESIAN_POINT ('', (90., 56.4750147617828, 156.68994894439));
#8760 = CARTESIAN_POINT ('', (90., 58.391022952834, 156.442613055836));
#8770 = CARTESIAN_POINT ('', (90., 60.3009386873811, 156.183550464514));
#8780 = CARTESIAN_POINT ('', (90., 62.2107791601526, 155.924498081763));
#8790 = CARTESIAN_POINT ('', (90., 64.123820571281, 155.652455475492));
#8800 = CARTESIAN_POINT ('', (90., 66.0301682742145, 155.36884094137));
#8810 = CARTESIAN_POINT ('', (90., 66.8777861965395, 155.242737627801));
#8820 = CARTESIAN_POINT ('', (90., 67.7260761980266, 155.114054029867));
#8830 = CARTESIAN_POINT ('', (90., 68.5729596658851, 154.983109080337));
#8840 = CARTESIAN_POINT ('', (90., 70.4772572091844, 154.688666981559));
#8850 = CARTESIAN_POINT ('', (90., 72.3851646135778, 154.381100543787));
#8860 = CARTESIAN_POINT ('', (90., 74.2855203587211, 154.062206635332));
#8870 = CARTESIAN_POINT ('', (90., 76.185799671265, 153.743325552839));
#8880 = CARTESIAN_POINT ('', (90., 78.0899740811826, 153.411193150035));
#8890 = CARTESIAN_POINT ('', (90., 79.9859979122861, 153.06791448431));
#8900 = CARTESIAN_POINT ('', (90., 81.8819461210973, 152.724649510142));
#8910 = CARTESIAN_POINT ('', (90., 83.782071403264, 152.368003346523));
#8920 = CARTESIAN_POINT ('', (90., 85.6734536219889, 152.00041151354));
#8930 = CARTESIAN_POINT ('', (90., 87.1157163144265, 151.720106463874));
#8940 = CARTESIAN_POINT ('', (90., 88.560549016749, 151.431955649378));
#8950 = CARTESIAN_POINT ('', (90., 90., 151.137552079965));
#8960 = B_SPLINE_CURVE_WITH_KNOTS ('', 3, (#7930, #7940, #7950, #7960, #7970, #7980, #7990, #8000, #8010, #8020, #8030, #8040, #8050, #8060, #8070, #8080, #8090, #8100, #8110, #8120, #8130, #8140, #8150, #8160, #8170, #8180, #8190, #8200, #8210, #8220, #8230, #8240, #8250, #8260, #8270, #8280, #8290, #8300, #8310, #8320, #8330, #8340, #8350, #8360, #8370, #8380, #8390, #8400, #8410, #8420, #8430, #8440, #8450, #8460, #8470, #8480, #8490, #8500, #8510, #8520, #8530, #8540, #8550, #8560, #8570, #8580, #8590, #8600, #8610, #8620, #8630, #8640, #8650, #8660, #8670, #8680, #8690, #8700, #8710, #8720, #8730, #8740, #8750, #8760, #8770, #8780, #8790, #8800, #8810, #8820, #8830, #8840, #8850, #8860, #8870, #8880, #8890, #8900, #8910, #8920, #8930, #8940, #8950), .UNSPECIFIED., .F., .U., (4, 3, 3, 3, 3, 3, 3, 3, 3, 3, 3, 3, 3, 3, 3, 3, 3, 3, 3, 3, 3, 3, 3, 3, 3, 3, 3, 3, 3, 3, 3, 3, 3, 3, 4), (0., 5.79363341783108, 11.5870371104706, 15.4476555966929, 21.2401925959769, 27.0324997513538, 29.6053553283128, 35.3963161197555, 41.1870524609399, 46.9775623238296, 52.7678441284917, 56.6271317420315, 59.1995247799873, 67.8848488558044, 70.4571077735389, 73.0292804554804, 81.711248210478, 90.3924533246828, 99.0728937170862, 101.644683712876, 110.322425883823, 114.179614183741, 116.751060642866, 125.425332609093, 131.209116872291, 136.992674062145, 142.77600560164, 145.347089091056, 151.129305262528, 156.911293581092, 159.482134628581, 165.262913775594, 171.043460418783, 176.823776506754, 181.231523477009), .UNSPECIFIED.);
#8970 = EDGE_CURVE ('', #3170, #1490, #8960, .T.);
#8980 = ORIENTED_EDGE ('', *, *, #8970, .T.);
#8990 = ORIENTED_EDGE ('', *, *, #1530, .T.);
#9000 = EDGE_LOOP ('', (#7910, #7920, #8980, #8990));
#9010 = FACE_OUTER_BOUND ('', #9000, .T.);
#9020 = CARTESIAN_POINT ('', (90., 90., 151.137552079965));
#9030 = CARTESIAN_POINT ('', (90., -90., 151.137552079965));
#9040 = CARTESIAN_POINT ('', (90., 90., 188.862447920035));
#9050 = CARTESIAN_POINT ('', (90., -90., 188.862447920035));
#9060 = B_SPLINE_SURFACE_WITH_KNOTS ('', 1, 1, ((#9020, #9030), (#9040, #9050)), .UNSPECIFIED., .F., .F., .U., (2, 2), (2, 2), (0.475215040681076, 0.524784959318924), (0., 1.), .UNSPECIFIED.);
#9070 = ADVANCED_FACE ('', (#9010), #9060, .T.);
#9080 = ORIENTED_EDGE ('', *, *, #4430, .F.);
#9090 = ORIENTED_EDGE ('', *, *, #6750, .F.);
#9100 = ORIENTED_EDGE ('', *, *, #2820, .F.);
#9110 = ORIENTED_EDGE ('', *, *, #8970, .F.);
#9120 = EDGE_LOOP ('', (#9080, #9090, #9100, #9110));
#9130 = FACE_OUTER_BOUND ('', #9120, .T.);
#9140 = CARTESIAN_POINT ('', (92.0006877403089, -90.0000000000046, 151.594280566205));
#9150 = CARTESIAN_POINT ('', (91.7043585449128, -83.3987127871364, 152.877523650368));
#9160 = CARTESIAN_POINT ('', (91.1780812128321, -69.5785253846694, 155.156548995278));
#9170 = CARTESIAN_POINT ('', (90.5140041677504, -48.0073980218384, 158.032311116232));
#9180 = CARTESIAN_POINT ('', (90.1578017865403, -26.3674784915256, 159.57483291075));
#9190 = CARTESIAN_POINT ('', (89.9551898878679, -4.76444813456946, 160.452236561082));
#9200 = CARTESIAN_POINT ('', (90.0570711479659, 16.8432179844024, 160.01104337304));
#9210 = CARTESIAN_POINT ('', (90.3118444991835, 38.47827495973, 158.907756400111));
#9220 = CARTESIAN_POINT ('', (90.8731787876589, 60.0541346317383, 156.476918147313));
#9230 = CARTESIAN_POINT ('', (91.4921534068018, 78.6714216947215, 153.79647048428));
#9240 = CARTESIAN_POINT ('', (92.0006900895621, 90.0000000000047, 151.594270392847));
#9250 = CARTESIAN_POINT ('', (46.5977609682827, -90.0000000000046, 141.109741101296));
#9260 = CARTESIAN_POINT ('', (46.4476721227084, -83.3987127871365, 142.426754315009));
#9270 = CARTESIAN_POINT ('', (46.1811160139916, -69.5785253846694, 144.76575503177));
#9280 = CARTESIAN_POINT ('', (45.8447652304128, -48.0073980218384, 147.717196391193));
#9290 = CARTESIAN_POINT ('', (45.66435099848, -26.3674784915256, 149.300311555337));
#9300 = CARTESIAN_POINT ('', (45.5617293653644, -4.76444813456946, 150.200805168362));
#9310 = CARTESIAN_POINT ('', (45.61333157315, 16.8432179844024, 149.748001435677));
#9320 = CARTESIAN_POINT ('', (45.7423726489584, 38.47827495973, 148.615680100929));
#9330 = CARTESIAN_POINT ('', (46.0266848822704, 60.0541346317383, 146.120871331768));
#9340 = CARTESIAN_POINT ('', (46.3401915750646, 78.6714216947215, 143.369884371893));
#9350 = CARTESIAN_POINT ('', (46.5977621581645, 90.0000000000047, 141.109730660213));
#9360 = CARTESIAN_POINT ('', (2.50373073381415E-14, -90.0000000000046, 141.109741101296));
#9370 = CARTESIAN_POINT ('', (2.49566635373111E-14, -83.3987127871365, 142.426754315009));
#9380 = CARTESIAN_POINT ('', (2.48134410502619E-14, -69.5785253846694, 144.76575503177));
#9390 = CARTESIAN_POINT ('', (2.46327173895774E-14, -48.0073980218384, 147.717196391193));
#9400 = CARTESIAN_POINT ('', (2.45357795436549E-14, -26.3674784915256, 149.300311555337));
#9410 = CARTESIAN_POINT ('', (2.44806402126127E-14, -4.76444813456946, 150.200805168362));
#9420 = CARTESIAN_POINT ('', (2.45083664447064E-14, 16.8432179844024, 149.748001435677));
#9430 = CARTESIAN_POINT ('', (2.45777011296167E-14, 38.47827495973, 148.615680100929));
#9440 = CARTESIAN_POINT ('', (2.47304641082986E-14, 60.0541346317383, 146.120871331768));
#9450 = CARTESIAN_POINT ('', (2.4898913477044E-14, 78.6714216947215, 143.369884371893));
#9460 = CARTESIAN_POINT ('', (2.50373079774735E-14, 90.0000000000047, 141.109730660213));
#9470 = CARTESIAN_POINT ('', (-46.5996230574159, -90.0000000000046, 141.109741101296));
#9480 = CARTESIAN_POINT ('', (-46.4495282141541, -83.3987127871365, 142.426754315009));
#9490 = CARTESIAN_POINT ('', (-46.1829614536115, -69.5785253846694, 144.76575503177));
#9500 = CARTESIAN_POINT ('', (-45.8465972291478, -48.0073980218384, 147.717196391193));
#9510 = CARTESIAN_POINT ('', (-45.6661757876973, -26.3674784915256, 149.300311555337));
#9520 = CARTESIAN_POINT ('', (-45.5635500537275, -4.76444813456946, 150.200805168362));
#9530 = CARTESIAN_POINT ('', (-45.6151543235845, 16.8432179844024, 149.748001435677));
#9540 = CARTESIAN_POINT ('', (-45.7442005559923, 38.47827495973, 148.615680100929));
#9550 = CARTESIAN_POINT ('', (-46.028524150681, 60.0541346317383, 146.120871331768));
#9560 = CARTESIAN_POINT ('', (-46.3420433714893, 78.6714216947215, 143.369884371893));
#9570 = CARTESIAN_POINT ('', (-46.5996242473452, 90.0000000000046, 141.109730660213));
#9580 = CARTESIAN_POINT ('', (-92.0042698973141, -90.0000000000046, 151.595107782408));
#9590 = CARTESIAN_POINT ('', (-91.7079291639859, -83.3987127871365, 152.878348202152));
#9600 = CARTESIAN_POINT ('', (-91.1816313406666, -69.5785253846694, 155.157368815085));
#9610 = CARTESIAN_POINT ('', (-90.5175284389495, -48.0073980218384, 158.033124965048));
#9620 = CARTESIAN_POINT ('', (-90.1613121885729, -26.3674784915256, 159.575643556803));
#9630 = CARTESIAN_POINT ('', (-89.9586924009635, -4.76444813456946, 160.453045385367));
#9640 = CARTESIAN_POINT ('', (-90.0605776279305, 16.8432179844024, 160.011853113382));
#9650 = CARTESIAN_POINT ('', (-90.3153608990537, 38.47827495973, 158.908568431226));
#9660 = CARTESIAN_POINT ('', (-90.8767170437522, 60.0541346317383, 156.477735225616));
#9670 = CARTESIAN_POINT ('', (-91.4957157634135, 78.6714216947215, 153.79729312804));
#9680 = CARTESIAN_POINT ('', (-92.0042722466589, 90.0000000000047, 151.595097609071));
#9690 = (
   BOUNDED_SURFACE ()
   B_SPLINE_SURFACE (2, 2, ((#9140, #9150, #9160, #9170, #9180, #9190, #9200, #9210, #9220, #9230, #9240), (#9250, #9260, #9270, #9280, #9290, #9300, #9310, #9320, #9330, #9340, #9350), (#9360, #9370, #9380, #9390, #9400, #9410, #9420, #9430, #9440, #9450, #9460), (#9470, #9480, #9490, #9500, #9510, #9520, #9530, #9540, #9550, #9560, #9570), (#9580, #9590, #9600, #9610, #9620, #9630, #9640, #9650, #9660, #9670, #9680)), .UNSPECIFIED., .F., .F., .U.)
   B_SPLINE_SURFACE_WITH_KNOTS ((3, 2, 3), (3, 1, 1, 1, 1, 1, 1, 1, 1, 3), (0.423049433137237, 0.5, 0.576953503261266), (0.0297867392429769, 0.0991691475760908, 0.174249244902372, 0.323514837541173, 0.397853434490734, 0.546312367064866, 0.620578549381419, 0.769551245445699, 0.844408202206485, 0.963479776146178), .UNSPECIFIED.)
   SURFACE ()
   GEOMETRIC_REPRESENTATION_ITEM ()
   RATIONAL_B_SPLINE_SURFACE (((0.923721482335735, 0.923721482335735, 0.923721482335735, 0.923721482335735, 0.923721482335735, 0.923721482335735, 0.923721482335735, 0.923721482335735, 0.923721482335735, 0.923721482335735, 0.923721482335735), (0.954923401564091, 0.954923401564091, 0.954923401564091, 0.954923401564091, 0.954923401564091, 0.954923401564091, 0.954923401564091, 0.954923401564091, 0.954923401564091, 0.954923401564091, 0.954923401564091), (1., 1., 1., 1., 1., 1., 1., 1., 1., 1., 1.), (0.954921681461673, 0.954921681461673, 0.954921681461673, 0.954921681461673, 0.954921681461673, 0.954921681461673, 0.954921681461673, 0.954921681461673, 0.954921681461673, 0.954921681461673, 0.954921681461673), (0.923719101053951, 0.923719101053951, 0.923719101053951, 0.923719101053951, 0.923719101053951, 0.923719101053951, 0.923719101053951, 0.923719101053951, 0.923719101053951, 0.923719101053951, 0.923719101053951)))
   REPRESENTATION_ITEM ('')
);
#9700 = ADVANCED_FACE ('', (#9130), #9690, .T.);
#9710 = ORIENTED_EDGE ('', *, *, #3070, .T.);
#9720 = ORIENTED_EDGE ('', *, *, #7900, .T.);
#9730 = ORIENTED_EDGE ('', *, *, #1460, .F.);
#9740 = ORIENTED_EDGE ('', *, *, #5650, .T.);
#9750 = EDGE_LOOP ('', (#9710, #9720, #9730, #9740));
#9760 = FACE_OUTER_BOUND ('', #9750, .T.);
#9770 = CARTESIAN_POINT ('', (-92.004269897314, -90., 188.404892217592));
#9780 = CARTESIAN_POINT ('', (-91.7079291639858, -83.3987127871341, 187.121651797847));
#9790 = CARTESIAN_POINT ('', (-91.1816313406667, -69.5785253846694, 184.842631184915));
#9800 = CARTESIAN_POINT ('', (-90.5175284389496, -48.0073980218384, 181.966875034952));
#9810 = CARTESIAN_POINT ('', (-90.161312188573, -26.3674784915256, 180.424356443197));
#9820 = CARTESIAN_POINT ('', (-89.9586924009636, -4.76444813456946, 179.546954614633));
#9830 = CARTESIAN_POINT ('', (-90.0605776279305, 16.8432179844024, 179.988146886618));
#9840 = CARTESIAN_POINT ('', (-90.3153608990537, 38.47827495973, 181.091431568774));
#9850 = CARTESIAN_POINT ('', (-90.8767170437522, 60.0541346317383, 183.522264774384));
#9860 = CARTESIAN_POINT ('', (-91.4957157634135, 78.6714216947195, 186.20270687196));
#9870 = CARTESIAN_POINT ('', (-92.0042722466587, 90.0000000000006, 188.404902390929));
#9880 = CARTESIAN_POINT ('', (-46.5996230574158, -90., 198.890258898703));
#9890 = CARTESIAN_POINT ('', (-46.4495282141541, -83.3987127871341, 197.57324568499));
#9900 = CARTESIAN_POINT ('', (-46.1829614536115, -69.5785253846694, 195.23424496823));
#9910 = CARTESIAN_POINT ('', (-45.8465972291479, -48.0073980218384, 192.282803608807));
#9920 = CARTESIAN_POINT ('', (-45.6661757876974, -26.3674784915256, 190.699688444663));
#9930 = CARTESIAN_POINT ('', (-45.5635500537275, -4.76444813456946, 189.799194831638));
#9940 = CARTESIAN_POINT ('', (-45.6151543235845, 16.8432179844024, 190.251998564323));
#9950 = CARTESIAN_POINT ('', (-45.7442005559923, 38.47827495973, 191.384319899071));
#9960 = CARTESIAN_POINT ('', (-46.028524150681, 60.0541346317383, 193.879128668232));
#9970 = CARTESIAN_POINT ('', (-46.3420433714893, 78.6714216947195, 196.630115628107));
#9980 = CARTESIAN_POINT ('', (-46.5996242473452, 90.0000000000006, 198.890269339786));
#9990 = CARTESIAN_POINT ('', (-2.50373073381415E-14, -90., 198.890258898703));
#10000 = CARTESIAN_POINT ('', (-2.49566635373111E-14, -83.3987127871341, 197.57324568499));
#10010 = CARTESIAN_POINT ('', (-2.48134410502619E-14, -69.5785253846694, 195.23424496823));
#10020 = CARTESIAN_POINT ('', (-2.46327173895774E-14, -48.0073980218384, 192.282803608807));
#10030 = CARTESIAN_POINT ('', (-2.45357795436549E-14, -26.3674784915256, 190.699688444663));
#10040 = CARTESIAN_POINT ('', (-2.44806402126127E-14, -4.76444813456946, 189.799194831638));
#10050 = CARTESIAN_POINT ('', (-2.45083664447064E-14, 16.8432179844024, 190.251998564323));
#10060 = CARTESIAN_POINT ('', (-2.45777011296167E-14, 38.47827495973, 191.384319899071));
#10070 = CARTESIAN_POINT ('', (-2.47304641082986E-14, 60.0541346317383, 193.879128668232));
#10080 = CARTESIAN_POINT ('', (-2.4898913477044E-14, 78.6714216947195, 196.630115628107));
#10090 = CARTESIAN_POINT ('', (-2.50373079774734E-14, 90.0000000000006, 198.890269339786));
#10100 = CARTESIAN_POINT ('', (46.5977609682825, -90., 198.890258898703));
#10110 = CARTESIAN_POINT ('', (46.4476721227083, -83.3987127871341, 197.57324568499));
#10120 = CARTESIAN_POINT ('', (46.1811160139915, -69.5785253846694, 195.23424496823));
#10130 = CARTESIAN_POINT ('', (45.8447652304127, -48.0073980218384, 192.282803608807));
#10140 = CARTESIAN_POINT ('', (45.6643509984799, -26.3674784915256, 190.699688444663));
#10150 = CARTESIAN_POINT ('', (45.5617293653643, -4.76444813456946, 189.799194831638));
#10160 = CARTESIAN_POINT ('', (45.6133315731499, 16.8432179844024, 190.251998564323));
#10170 = CARTESIAN_POINT ('', (45.7423726489584, 38.47827495973, 191.384319899071));
#10180 = CARTESIAN_POINT ('', (46.0266848822703, 60.0541346317383, 193.879128668232));
#10190 = CARTESIAN_POINT ('', (46.3401915750645, 78.6714216947194, 196.630115628107));
#10200 = CARTESIAN_POINT ('', (46.5977621581643, 90.0000000000005, 198.890269339786));
#10210 = CARTESIAN_POINT ('', (92.0006877403085, -90., 188.405719433794));
#10220 = CARTESIAN_POINT ('', (91.7043585449127, -83.3987127871341, 187.122476349631));
#10230 = CARTESIAN_POINT ('', (91.178081212832, -69.5785253846694, 184.843451004722));
#10240 = CARTESIAN_POINT ('', (90.5140041677502, -48.0073980218384, 181.967688883768));
#10250 = CARTESIAN_POINT ('', (90.1578017865401, -26.3674784915256, 180.42516708925));
#10260 = CARTESIAN_POINT ('', (89.9551898878678, -4.76444813456946, 179.547763438918));
#10270 = CARTESIAN_POINT ('', (90.0570711479658, 16.8432179844024, 179.98895662696));
#10280 = CARTESIAN_POINT ('', (90.3118444991833, 38.47827495973, 181.092243599889));
#10290 = CARTESIAN_POINT ('', (90.8731787876588, 60.0541346317383, 183.523081852687));
#10300 = CARTESIAN_POINT ('', (91.4921534068016, 78.6714216947195, 186.20352951572));
#10310 = CARTESIAN_POINT ('', (92.0006900895618, 90.0000000000005, 188.405729607152));
#10320 = (
   BOUNDED_SURFACE ()
   B_SPLINE_SURFACE (2, 2, ((#9770, #9780, #9790, #9800, #9810, #9820, #9830, #9840, #9850, #9860, #9870), (#9880, #9890, #9900, #9910, #9920, #9930, #9940, #9950, #9960, #9970, #9980), (#9990, #10000, #10010, #10020, #10030, #10040, #10050, #10060, #10070, #10080, #10090), (#10100, #10110, #10120, #10130, #10140, #10150, #10160, #10170, #10180, #10190, #10200), (#10210, #10220, #10230, #10240, #10250, #10260, #10270, #10280, #10290, #10300, #10310)), .UNSPECIFIED., .F., .F., .U.)
   B_SPLINE_SURFACE_WITH_KNOTS ((3, 2, 3), (3, 1, 1, 1, 1, 1, 1, 1, 1, 3), (0.423046496738734, 0.5, 0.576950566862763), (0.0297867392430012, 0.0991691475760908, 0.174249244902372, 0.323514837541173, 0.397853434490734, 0.546312367064866, 0.620578549381419, 0.769551245445699, 0.844408202206485, 0.963479776146157), .UNSPECIFIED.)
   SURFACE ()
   GEOMETRIC_REPRESENTATION_ITEM ()
   RATIONAL_B_SPLINE_SURFACE (((0.923719101053952, 0.923719101053952, 0.923719101053951, 0.923719101053951, 0.923719101053951, 0.923719101053951, 0.923719101053951, 0.923719101053951, 0.923719101053951, 0.923719101053951, 0.923719101053951), (0.954921681461673, 0.954921681461673, 0.954921681461673, 0.954921681461673, 0.954921681461673, 0.954921681461673, 0.954921681461673, 0.954921681461673, 0.954921681461673, 0.954921681461673, 0.954921681461673), (1., 1., 1., 1., 1., 1., 1., 1., 1., 1., 1.), (0.954923401564091, 0.954923401564091, 0.954923401564091, 0.954923401564091, 0.954923401564091, 0.954923401564091, 0.954923401564091, 0.954923401564091, 0.954923401564091, 0.954923401564091, 0.954923401564091), (0.923721482335735, 0.923721482335735, 0.923721482335735, 0.923721482335735, 0.923721482335735, 0.923721482335735, 0.923721482335735, 0.923721482335735, 0.923721482335735, 0.923721482335735, 0.923721482335735)))
   REPRESENTATION_ITEM ('')
);
#10330 = ADVANCED_FACE ('', (#9760), #10320, .T.);
#10340 = CLOSED_SHELL ('', (#2960, #4570, #6850, #9070, #9700, #10330));
#10350 = MANIFOLD_SOLID_BREP ('', #10340);
#10360 = (
   LENGTH_UNIT ()
   NAMED_UNIT (*)
   SI_UNIT (.MILLI., .METRE.)
);
#10370 = (
   NAMED_UNIT (*)
   SI_UNIT ($, .STERADIAN.)
   SOLID_ANGLE_UNIT ()
);
#10380 = (
   NAMED_UNIT (*)
   SI_UNIT ($, .RADIAN.)
   PLANE_ANGLE_UNIT ()
);
#10390 = UNCERTAINTY_MEASURE_WITH_UNIT (LENGTH_MEASURE(1.E-5), #10360, 'DISTANCE_ACCURACY_VALUE', '');
#10400 = (
   GEOMETRIC_REPRESENTATION_CONTEXT (3)
   GLOBAL_UNCERTAINTY_ASSIGNED_CONTEXT ((#10390))
   GLOBAL_UNIT_ASSIGNED_CONTEXT ((#10360, #10370, #10380))
   REPRESENTATION_CONTEXT ('', '3D')
);
#10410 = ADVANCED_BREP_SHAPE_REPRESENTATION ('', (#10350), #10400);
#10420 = APPLICATION_CONTEXT ('configuration controlled 3D designs of mechanical parts and assemblies');
#10430 = APPLICATION_PROTOCOL_DEFINITION ('International Standard', 'config_control_design', 1997, #10420);
#10440 = MECHANICAL_CONTEXT ('', #10420, 'mechanical');
#10450 = PRODUCT ('product-name', '', '', (#10440));
#10460 = PERSON_AND_ORGANIZATION_ROLE ('design_owner');
#10470 = PERSON ('', '', $, $, $, $);
#10480 = ORGANIZATION ($, '', '');
#10490 = PERSON_AND_ORGANIZATION (#10470, #10480);
#10500 = CC_DESIGN_PERSON_AND_ORGANIZATION_ASSIGNMENT (#10490, #10460, (#10450));
#10510 = PRODUCT_RELATED_PRODUCT_CATEGORY ('detail', $, (#10450));
#10520 = PRODUCT_DEFINITION_FORMATION_WITH_SPECIFIED_SOURCE ('', '', #10450, .NOT_KNOWN.);
#10530 = APPROVAL_STATUS ('approved');
#10540 = APPROVAL (#10530, '');
#10550 = CALENDAR_DATE (2018, 18, 12);
#10560 = COORDINATED_UNIVERSAL_TIME_OFFSET (0, $, .AHEAD.);
#10570 = LOCAL_TIME (18, 45, 35., #10560);
#10580 = DATE_AND_TIME (#10550, #10570);
#10590 = APPROVAL_DATE_TIME (#10580, #10540);
#10600 = APPROVAL_ROLE ('');
#10610 = PERSON ('', '', $, $, $, $);
#10620 = ORGANIZATION ($, '', '');
#10630 = PERSON_AND_ORGANIZATION (#10610, #10620);
#10640 = APPROVAL_PERSON_ORGANIZATION (#10630, #10540, #10600);
#10650 = CC_DESIGN_APPROVAL (#10540, (#10520));
#10660 = PERSON_AND_ORGANIZATION_ROLE ('creator');
#10670 = PERSON ('', '', $, $, $, $);
#10680 = ORGANIZATION ($, '', '');
#10690 = PERSON_AND_ORGANIZATION (#10670, #10680);
#10700 = CC_DESIGN_PERSON_AND_ORGANIZATION_ASSIGNMENT (#10690, #10660, (#10520));
#10710 = PERSON_AND_ORGANIZATION_ROLE ('part_supplier');
#10720 = PERSON ('', '', $, $, $, $);
#10730 = ORGANIZATION ($, '', '');
#10740 = PERSON_AND_ORGANIZATION (#10720, #10730);
#10750 = CC_DESIGN_PERSON_AND_ORGANIZATION_ASSIGNMENT (#10740, #10710, (#10520));
#10760 = SECURITY_CLASSIFICATION_LEVEL ('unclassified');
#10770 = SECURITY_CLASSIFICATION ('', '', #10760);
#10780 = APPROVAL_STATUS ('approved');
#10790 = APPROVAL (#10780, '');
#10800 = CALENDAR_DATE (2018, 18, 12);
#10810 = COORDINATED_UNIVERSAL_TIME_OFFSET (0, $, .AHEAD.);
#10820 = LOCAL_TIME (18, 45, 35., #10810);
#10830 = DATE_AND_TIME (#10800, #10820);
#10840 = APPROVAL_DATE_TIME (#10830, #10790);
#10850 = APPROVAL_ROLE ('');
#10860 = PERSON ('', '', $, $, $, $);
#10870 = ORGANIZATION ($, '', '');
#10880 = PERSON_AND_ORGANIZATION (#10860, #10870);
#10890 = APPROVAL_PERSON_ORGANIZATION (#10880, #10790, #10850);
#10900 = CC_DESIGN_APPROVAL (#10790, (#10770));
#10910 = DATE_TIME_ROLE ('classification_date');
#10920 = CALENDAR_DATE (2018, 18, 12);
#10930 = COORDINATED_UNIVERSAL_TIME_OFFSET (0, $, .AHEAD.);
#10940 = LOCAL_TIME (18, 45, 35., #10930);
#10950 = DATE_AND_TIME (#10920, #10940);
#10960 = CC_DESIGN_DATE_AND_TIME_ASSIGNMENT (#10950, #10910, (#10770));
#10970 = PERSON_AND_ORGANIZATION_ROLE ('classification_officer');
#10980 = PERSON ('', '', $, $, $, $);
#10990 = ORGANIZATION ($, '', '');
#11000 = PERSON_AND_ORGANIZATION (#10980, #10990);
#11010 = CC_DESIGN_PERSON_AND_ORGANIZATION_ASSIGNMENT (#11000, #10970, (#10770));
#11020 = CC_DESIGN_SECURITY_CLASSIFICATION (#10770, (#10520));
#11030 = DESIGN_CONTEXT ('', #10420, 'design');
#11040 = PRODUCT_DEFINITION ('', '', #10520, #11030);
#11050 = APPROVAL_STATUS ('approved');
#11060 = APPROVAL (#11050, '');
#11070 = CALENDAR_DATE (2018, 18, 12);
#11080 = COORDINATED_UNIVERSAL_TIME_OFFSET (0, $, .AHEAD.);
#11090 = LOCAL_TIME (18, 45, 35., #11080);
#11100 = DATE_AND_TIME (#11070, #11090);
#11110 = APPROVAL_DATE_TIME (#11100, #11060);
#11120 = APPROVAL_ROLE ('');
#11130 = PERSON ('', '', $, $, $, $);
#11140 = ORGANIZATION ($, '', '');
#11150 = PERSON_AND_ORGANIZATION (#11130, #11140);
#11160 = APPROVAL_PERSON_ORGANIZATION (#11150, #11060, #11120);
#11170 = CC_DESIGN_APPROVAL (#11060, (#11040));
#11180 = DATE_TIME_ROLE ('creation_date');
#11190 = CALENDAR_DATE (2018, 18, 12);
#11200 = COORDINATED_UNIVERSAL_TIME_OFFSET (0, $, .AHEAD.);
#11210 = LOCAL_TIME (18, 45, 35., #11200);
#11220 = DATE_AND_TIME (#11190, #11210);
#11230 = CC_DESIGN_DATE_AND_TIME_ASSIGNMENT (#11220, #11180, (#11040));
#11240 = PERSON_AND_ORGANIZATION_ROLE ('creator');
#11250 = PERSON ('', '', $, $, $, $);
#11260 = ORGANIZATION ($, '', '');
#11270 = PERSON_AND_ORGANIZATION (#11250, #11260);
#11280 = CC_DESIGN_PERSON_AND_ORGANIZATION_ASSIGNMENT (#11270, #11240, (#11040));
#11290 = PRODUCT_DEFINITION_SHAPE ('', '', #11040);
#11300 = SHAPE_DEFINITION_REPRESENTATION (#11290, #10410);
#11310 = CARTESIAN_POINT ('', (160., -360., 921.979899370592));
#11320 = VERTEX_POINT ('', #11310);
#11330 = CARTESIAN_POINT ('', (-160., -360., 921.979899370592));
#11340 = VERTEX_POINT ('', #11330);
#11350 = CARTESIAN_POINT ('', (160., -360., 921.979899370592));
#11360 = CARTESIAN_POINT ('', (80.2010062940807, -360., 930.));
#11370 = CARTESIAN_POINT ('', (9.79717439317883E-14, -360., 930.));
#11380 = CARTESIAN_POINT ('', (-80.2010062940806, -360., 930.));
#11390 = CARTESIAN_POINT ('', (-160., -360., 921.979899370592));
#11400 = (
   BOUNDED_CURVE ()
   B_SPLINE_CURVE (2, (#11350, #11360, #11370, #11380, #11390), .UNSPECIFIED., .F., .U.)
   B_SPLINE_CURVE_WITH_KNOTS ((3, 2, 3), (0.465276776279019, 0.5, 0.534723223720981), .UNSPECIFIED.)
   CURVE ()
   GEOMETRIC_REPRESENTATION_ITEM ()
   RATIONAL_B_SPLINE_CURVE ((0.962144349087094, 0.979659606473564, 1., 0.979659606473564, 0.962144349087094))
   REPRESENTATION_ITEM ('')
);
#11410 = EDGE_CURVE ('', #11320, #11340, #11400, .T.);
#11420 = ORIENTED_EDGE ('', *, *, #11410, .T.);
#11430 = CARTESIAN_POINT ('', (-160., -360., 888.020100629408));
#11440 = VERTEX_POINT ('', #11430);
#11450 = CARTESIAN_POINT ('', (-160., -360., 888.020100629408));
#11460 = CARTESIAN_POINT ('', (-160., -360., 921.979899370592));
#11470 = B_SPLINE_CURVE_WITH_KNOTS ('', 1, (#11450, #11460), .UNSPECIFIED., .F., .U., (2, 2), (0., 1.), .UNSPECIFIED.);
#11480 = EDGE_CURVE ('', #11440, #11340, #11470, .T.);
#11490 = ORIENTED_EDGE ('', *, *, #11480, .F.);
#11500 = CARTESIAN_POINT ('', (160., -360., 888.020100629408));
#11510 = VERTEX_POINT ('', #11500);
#11520 = CARTESIAN_POINT ('', (-160., -360., 888.020100629408));
#11530 = CARTESIAN_POINT ('', (-154.197897578431, -360., 887.43696739524));
#11540 = CARTESIAN_POINT ('', (-148.401724427024, -360., 886.886403101158));
#11550 = CARTESIAN_POINT ('', (-142.593596082706, -360., 886.366708945812));
#11560 = CARTESIAN_POINT ('', (-136.785911561675, -360., 885.847054502462));
#11570 = CARTESIAN_POINT ('', (-130.983473197521, -360., 885.359812061244));
#11580 = CARTESIAN_POINT ('', (-125.170456854947, -360., 884.903652837634));
#11590 = CARTESIAN_POINT ('', (-119.35788443837, -360., 884.4475284498));
#11600 = CARTESIAN_POINT ('', (-113.549874517187, -360., 884.023678106506));
#11610 = CARTESIAN_POINT ('', (-107.732664875933, -360., 883.631097484441));
#11620 = CARTESIAN_POINT ('', (-101.915899299601, -360., 883.238546830573));
#11630 = CARTESIAN_POINT ('', (-96.1030120986668, -360., 882.878151197176));
#11640 = CARTESIAN_POINT ('', (-90.2823043070973, -360., 882.549185255145));
#11650 = CARTESIAN_POINT ('', (-84.4620407553985, -360., 882.22024441999));
#11660 = CARTESIAN_POINT ('', (-78.6449710902906, -360., 881.923358473665));
#11670 = CARTESIAN_POINT ('', (-72.8214606622111, -360., 881.658035692292));
#11680 = CARTESIAN_POINT ('', (-66.9983946848059, -360., 881.392733160371));
#11690 = CARTESIAN_POINT ('', (-61.1778378260753, -360., 881.159404242644));
#11700 = CARTESIAN_POINT ('', (-55.3522205573386, -360., 880.957745499084));
#11710 = CARTESIAN_POINT ('', (-49.5270479857852, -360., 880.756102149099));
#11720 = CARTESIAN_POINT ('', (-43.7036995755929, -360., 880.586369965876));
#11730 = CARTESIAN_POINT ('', (-37.8766714606715, -360., 880.448388529129));
#11740 = CARTESIAN_POINT ('', (-32.0500883250174, -360., 880.310417629294));
#11750 = CARTESIAN_POINT ('', (-26.2246442937304, -360., 880.204314251763));
#11760 = CARTESIAN_POINT ('', (-20.3969014422635, -360., 880.130015778921));
#11770 = CARTESIAN_POINT ('', (-14.5696038876114, -360., 880.055722983213));
#11780 = CARTESIAN_POINT ('', (-8.7427603703742, -360., 880.013272849641));
#11790 = CARTESIAN_POINT ('', (-2.91499892369912, -360., 880.002655383055));
#11800 = CARTESIAN_POINT ('', (-2.14685948017445, -360., 880.001255927201));
#11810 = CARTESIAN_POINT ('', (-1.378721230551, -360., 880.000409635074));
#11820 = CARTESIAN_POINT ('', (-0.610580568140471, -360., 880.000116502701));
#11830 = CARTESIAN_POINT ('', (-0.0984250316209946, -360., 879.999921057551));
#11840 = CARTESIAN_POINT ('', (0.41373055443445, -360., 879.999971521763));
#11850 = CARTESIAN_POINT ('', (0.925886042493566, -360., 880.000267895323));
#11860 = CARTESIAN_POINT ('', (14.0847332239403, -360., 880.007882642186));
#11870 = CARTESIAN_POINT ('', (27.2477403111917, -360., 880.177911152286));
#11880 = CARTESIAN_POINT ('', (40.4023937353415, -360., 880.510191786001));
#11890 = CARTESIAN_POINT ('', (49.1627872544436, -360., 880.731475389321));
#11900 = CARTESIAN_POINT ('', (57.9279351544917, -360., 881.024969616542));
#11910 = CARTESIAN_POINT ('', (66.6835089043909, -360., 881.390194687835));
#11920 = CARTESIAN_POINT ('', (75.4375682211003, -360., 881.755356586915));
#11930 = CARTESIAN_POINT ('', (84.1987085939142, -360., 882.192957717093));
#11940 = CARTESIAN_POINT ('', (92.9455847784045, -360., 882.701931926855));
#11950 = CARTESIAN_POINT ('', (101.690948700815, -360., 883.210818139213));
#11960 = CARTESIAN_POINT ('', (110.445717198567, -360., 883.792468409008));
#11970 = CARTESIAN_POINT ('', (119.181537657194, -360., 884.444999042131));
#11980 = CARTESIAN_POINT ('', (127.915847744866, -360., 885.097416856621));
#11990 = CARTESIAN_POINT ('', (136.661882087645, -360., 885.823019923454));
#12000 = CARTESIAN_POINT ('', (145.384292045364, -360., 886.618875589877));
#12010 = CARTESIAN_POINT ('', (150.256216423341, -360., 887.063402806712));
#12020 = CARTESIAN_POINT ('', (155.132360009684, -360., 887.530884403274));
#12030 = CARTESIAN_POINT ('', (160., -360., 888.020100629408));
#12040 = B_SPLINE_CURVE_WITH_KNOTS ('', 3, (#11520, #11530, #11540, #11550, #11560, #11570, #11580, #11590, #11600, #11610, #11620, #11630, #11640, #11650, #11660, #11670, #11680, #11690, #11700, #11710, #11720, #11730, #11740, #11750, #11760, #11770, #11780, #11790, #11800, #11810, #11820, #11830, #11840, #11850, #11860, #11870, #11880, #11890, #11900, #11910, #11920, #11930, #11940, #11950, #11960, #11970, #11980, #11990, #12000, #12010, #12020, #12030), .UNSPECIFIED., .F., .U., (4, 3, 3, 3, 3, 3, 3, 3, 3, 3, 3, 3, 3, 3, 3, 3, 3, 4), (0., 17.4939970250514, 34.9866572609006, 52.4779816245983, 69.9679707633223, 87.4566250557028, 104.943944612911, 122.429929279516, 139.914578634107, 157.397891989691, 159.702314144717, 161.238780866152, 200.715329020232, 227.004892527137, 253.289908783496, 279.570380579353, 305.846308639281, 320.522795423289), .UNSPECIFIED.);
#12050 = EDGE_CURVE ('', #11440, #11510, #12040, .T.);
#12060 = ORIENTED_EDGE ('', *, *, #12050, .T.);
#12070 = CARTESIAN_POINT ('', (160., -360., 888.020100629408));
#12080 = CARTESIAN_POINT ('', (160., -360., 921.979899370592));
#12090 = B_SPLINE_CURVE_WITH_KNOTS ('', 1, (#12070, #12080), .UNSPECIFIED., .F., .U., (2, 2), (0., 1.), .UNSPECIFIED.);
#12100 = EDGE_CURVE ('', #11510, #11320, #12090, .T.);
#12110 = ORIENTED_EDGE ('', *, *, #12100, .T.);
#12120 = EDGE_LOOP ('', (#11420, #11490, #12060, #12110));
#12130 = FACE_OUTER_BOUND ('', #12120, .T.);
#12140 = CARTESIAN_POINT ('', (160., -360., 879.99992105755));
#12150 = CARTESIAN_POINT ('', (-160., -360., 879.99992105755));
#12160 = CARTESIAN_POINT ('', (160., -360., 930.));
#12170 = CARTESIAN_POINT ('', (-160., -360., 930.));
#12180 = B_SPLINE_SURFACE_WITH_KNOTS ('', 1, 1, ((#12140, #12150), (#12160, #12170)), .UNSPECIFIED., .F., .F., .U., (2, 2), (2, 2), (0.49207141565747, 0.507928559306534), (0., 1.), .UNSPECIFIED.);
#12190 = ADVANCED_FACE ('', (#12130), #12180, .T.);
#12200 = CARTESIAN_POINT ('', (-160., 360., 921.979899370593));
#12210 = VERTEX_POINT ('', #12200);
#12220 = CARTESIAN_POINT ('', (-160., -360., 921.979899370593));
#12230 = CARTESIAN_POINT ('', (-160., 360., 921.979899370593));
#12240 = B_SPLINE_CURVE_WITH_KNOTS ('', 1, (#12220, #12230), .UNSPECIFIED., .F., .U., (2, 2), (0., 1.), .UNSPECIFIED.);
#12250 = EDGE_CURVE ('', #11340, #12210, #12240, .T.);
#12260 = ORIENTED_EDGE ('', *, *, #12250, .T.);
#12270 = CARTESIAN_POINT ('', (-160., 360., 888.020100629408));
#12280 = VERTEX_POINT ('', #12270);
#12290 = CARTESIAN_POINT ('', (-160., 360., 888.020100629408));
#12300 = CARTESIAN_POINT ('', (-160., 360., 921.979899370593));
#12310 = B_SPLINE_CURVE_WITH_KNOTS ('', 1, (#12290, #12300), .UNSPECIFIED., .F., .U., (2, 2), (0., 1.), .UNSPECIFIED.);
#12320 = EDGE_CURVE ('', #12280, #12210, #12310, .T.);
#12330 = ORIENTED_EDGE ('', *, *, #12320, .F.);
#12340 = CARTESIAN_POINT ('', (-160., 360., 888.020100629408));
#12350 = CARTESIAN_POINT ('', (-160., 120., 888.020100629408));
#12360 = CARTESIAN_POINT ('', (-160., -120., 888.020100629408));
#12370 = CARTESIAN_POINT ('', (-160., -360., 888.020100629408));
#12380 = B_SPLINE_CURVE_WITH_KNOTS ('', 3, (#12340, #12350, #12360, #12370), .UNSPECIFIED., .F., .U., (4, 4), (0., 720.), .UNSPECIFIED.);
#12390 = EDGE_CURVE ('', #12280, #11440, #12380, .T.);
#12400 = ORIENTED_EDGE ('', *, *, #12390, .T.);
#12410 = ORIENTED_EDGE ('', *, *, #11480, .T.);
#12420 = EDGE_LOOP ('', (#12260, #12330, #12400, #12410));
#12430 = FACE_OUTER_BOUND ('', #12420, .T.);
#12440 = CARTESIAN_POINT ('', (-160., -360., 888.020100629408));
#12450 = CARTESIAN_POINT ('', (-160., 360., 888.020100629408));
#12460 = CARTESIAN_POINT ('', (-160., -360., 921.979899370593));
#12470 = CARTESIAN_POINT ('', (-160., 360., 921.979899370593));
#12480 = B_SPLINE_SURFACE_WITH_KNOTS ('', 1, 1, ((#12440, #12450), (#12460, #12470)), .UNSPECIFIED., .F., .F., .U., (2, 2), (2, 2), (0.494614954432851, 0.505385045567149), (0., 1.), .UNSPECIFIED.);
#12490 = ADVANCED_FACE ('', (#12430), #12480, .T.);
#12500 = CARTESIAN_POINT ('', (160., 360., 921.979899370592));
#12510 = VERTEX_POINT ('', #12500);
#12520 = CARTESIAN_POINT ('', (160., 360., 921.979899370592));
#12530 = CARTESIAN_POINT ('', (80.2010062940807, 360., 930.));
#12540 = CARTESIAN_POINT ('', (9.79717439317883E-14, 360., 930.));
#12550 = CARTESIAN_POINT ('', (-80.2010062940806, 360., 930.));
#12560 = CARTESIAN_POINT ('', (-160., 360., 921.979899370592));
#12570 = (
   BOUNDED_CURVE ()
   B_SPLINE_CURVE (2, (#12520, #12530, #12540, #12550, #12560), .UNSPECIFIED., .F., .U.)
   B_SPLINE_CURVE_WITH_KNOTS ((3, 2, 3), (0.465276776279019, 0.5, 0.534723223720981), .UNSPECIFIED.)
   CURVE ()
   GEOMETRIC_REPRESENTATION_ITEM ()
   RATIONAL_B_SPLINE_CURVE ((0.962144349087094, 0.979659606473564, 1., 0.979659606473564, 0.962144349087094))
   REPRESENTATION_ITEM ('')
);
#12580 = EDGE_CURVE ('', #12510, #12210, #12570, .T.);
#12590 = ORIENTED_EDGE ('', *, *, #12580, .F.);
#12600 = CARTESIAN_POINT ('', (160., 360., 888.020100629408));
#12610 = VERTEX_POINT ('', #12600);
#12620 = CARTESIAN_POINT ('', (160., 360., 888.020100629408));
#12630 = CARTESIAN_POINT ('', (160., 360., 921.979899370592));
#12640 = B_SPLINE_CURVE_WITH_KNOTS ('', 1, (#12620, #12630), .UNSPECIFIED., .F., .U., (2, 2), (0., 1.), .UNSPECIFIED.);
#12650 = EDGE_CURVE ('', #12610, #12510, #12640, .T.);
#12660 = ORIENTED_EDGE ('', *, *, #12650, .F.);
#12670 = CARTESIAN_POINT ('', (160., 360., 888.020100629408));
#12680 = CARTESIAN_POINT ('', (154.197897578431, 360., 887.43696739524));
#12690 = CARTESIAN_POINT ('', (148.401724427024, 360., 886.886403101158));
#12700 = CARTESIAN_POINT ('', (142.593596082706, 360., 886.366708945812));
#12710 = CARTESIAN_POINT ('', (136.785911561675, 360., 885.847054502462));
#12720 = CARTESIAN_POINT ('', (130.983473197521, 360., 885.359812061244));
#12730 = CARTESIAN_POINT ('', (125.170456854946, 360., 884.903652837634));
#12740 = CARTESIAN_POINT ('', (119.35788443837, 360., 884.4475284498));
#12750 = CARTESIAN_POINT ('', (113.549874517186, 360., 884.023678106506));
#12760 = CARTESIAN_POINT ('', (107.732664875932, 360., 883.631097484441));
#12770 = CARTESIAN_POINT ('', (101.9158992996, 360., 883.238546830573));
#12780 = CARTESIAN_POINT ('', (96.1030120986666, 360., 882.878151197176));
#12790 = CARTESIAN_POINT ('', (90.2823043070971, 360., 882.549185255145));
#12800 = CARTESIAN_POINT ('', (84.4620407553983, 360., 882.22024441999));
#12810 = CARTESIAN_POINT ('', (78.6449710902903, 360., 881.923358473665));
#12820 = CARTESIAN_POINT ('', (72.8214606622108, 360., 881.658035692292));
#12830 = CARTESIAN_POINT ('', (66.9983946848056, 360., 881.392733160371));
#12840 = CARTESIAN_POINT ('', (61.1778378260751, 360., 881.159404242644));
#12850 = CARTESIAN_POINT ('', (55.3522205573384, 360., 880.957745499084));
#12860 = CARTESIAN_POINT ('', (49.527047985785, 360., 880.756102149099));
#12870 = CARTESIAN_POINT ('', (43.7036995755927, 360., 880.586369965876));
#12880 = CARTESIAN_POINT ('', (37.8766714606712, 360., 880.448388529129));
#12890 = CARTESIAN_POINT ('', (32.0500883250172, 360., 880.310417629294));
#12900 = CARTESIAN_POINT ('', (26.2246442937301, 360., 880.204314251763));
#12910 = CARTESIAN_POINT ('', (20.3969014422632, 360., 880.130015778921));
#12920 = CARTESIAN_POINT ('', (14.569603887611, 360., 880.055722983213));
#12930 = CARTESIAN_POINT ('', (8.74276037037412, 360., 880.013272849641));
#12940 = CARTESIAN_POINT ('', (2.91499892369905, 360., 880.002655383055));
#12950 = CARTESIAN_POINT ('', (2.14685948017438, 360., 880.001255927201));
#12960 = CARTESIAN_POINT ('', (1.37872123055068, 360., 880.000409635074));
#12970 = CARTESIAN_POINT ('', (0.610580568140148, 360., 880.000116502701));
#12980 = CARTESIAN_POINT ('', (0.0984250316206717, 360., 879.999921057551));
#12990 = CARTESIAN_POINT ('', (-0.413730554434647, 360., 879.999971521763));
#13000 = CARTESIAN_POINT ('', (-0.925886042493764, 360., 880.000267895323));
#13010 = CARTESIAN_POINT ('', (-14.0847332239405, 360., 880.007882642186));
#13020 = CARTESIAN_POINT ('', (-27.247740311192, 360., 880.177911152286));
#13030 = CARTESIAN_POINT ('', (-40.4023937353418, 360., 880.510191786001));
#13040 = CARTESIAN_POINT ('', (-49.162787254444, 360., 880.731475389321));
#13050 = CARTESIAN_POINT ('', (-57.927935154492, 360., 881.024969616542));
#13060 = CARTESIAN_POINT ('', (-66.6835089043912, 360., 881.390194687835));
#13070 = CARTESIAN_POINT ('', (-75.4375682211006, 360., 881.755356586915));
#13080 = CARTESIAN_POINT ('', (-84.1987085939145, 360., 882.192957717093));
#13090 = CARTESIAN_POINT ('', (-92.9455847784048, 360., 882.701931926855));
#13100 = CARTESIAN_POINT ('', (-101.690948700816, 360., 883.210818139213));
#13110 = CARTESIAN_POINT ('', (-110.445717198567, 360., 883.792468409008));
#13120 = CARTESIAN_POINT ('', (-119.181537657194, 360., 884.444999042131));
#13130 = CARTESIAN_POINT ('', (-127.915847744867, 360., 885.097416856621));
#13140 = CARTESIAN_POINT ('', (-136.661882087645, 360., 885.823019923454));
#13150 = CARTESIAN_POINT ('', (-145.384292045364, 360., 886.618875589877));
#13160 = CARTESIAN_POINT ('', (-150.256216423341, 360., 887.063402806712));
#13170 = CARTESIAN_POINT ('', (-155.132360009684, 360., 887.530884403275));
#13180 = CARTESIAN_POINT ('', (-160., 360., 888.020100629408));
#13190 = B_SPLINE_CURVE_WITH_KNOTS ('', 3, (#12670, #12680, #12690, #12700, #12710, #12720, #12730, #12740, #12750, #12760, #12770, #12780, #12790, #12800, #12810, #12820, #12830, #12840, #12850, #12860, #12870, #12880, #12890, #12900, #12910, #12920, #12930, #12940, #12950, #12960, #12970, #12980, #12990, #13000, #13010, #13020, #13030, #13040, #13050, #13060, #13070, #13080, #13090, #13100, #13110, #13120, #13130, #13140, #13150, #13160, #13170, #13180), .UNSPECIFIED., .F., .U., (4, 3, 3, 3, 3, 3, 3, 3, 3, 3, 3, 3, 3, 3, 3, 3, 3, 4), (0., 17.4939970250516, 34.986657260901, 52.4779816245986, 69.9679707633226, 87.4566250557029, 104.943944612911, 122.429929279516, 139.914578634107, 157.397891989691, 159.702314144718, 161.238780866153, 200.715329020232, 227.004892527138, 253.289908783497, 279.570380579353, 305.846308639281, 320.522795423289), .UNSPECIFIED.);
#13200 = EDGE_CURVE ('', #12610, #12280, #13190, .T.);
#13210 = ORIENTED_EDGE ('', *, *, #13200, .T.);
#13220 = ORIENTED_EDGE ('', *, *, #12320, .T.);
#13230 = EDGE_LOOP ('', (#12590, #12660, #13210, #13220));
#13240 = FACE_OUTER_BOUND ('', #13230, .T.);
#13250 = CARTESIAN_POINT ('', (-160., 360., 879.99992105755));
#13260 = CARTESIAN_POINT ('', (160., 360., 879.99992105755));
#13270 = CARTESIAN_POINT ('', (-160., 360., 930.));
#13280 = CARTESIAN_POINT ('', (160., 360., 930.));
#13290 = B_SPLINE_SURFACE_WITH_KNOTS ('', 1, 1, ((#13250, #13260), (#13270, #13280)), .UNSPECIFIED., .F., .F., .U., (2, 2), (2, 2), (0.49207141565747, 0.507928559306534), (0., 1.), .UNSPECIFIED.);
#13300 = ADVANCED_FACE ('', (#13240), #13290, .T.);
#13310 = CARTESIAN_POINT ('', (160., -360., 921.979899370593));
#13320 = CARTESIAN_POINT ('', (160., 360., 921.979899370593));
#13330 = B_SPLINE_CURVE_WITH_KNOTS ('', 1, (#13310, #13320), .UNSPECIFIED., .F., .U., (2, 2), (0., 1.), .UNSPECIFIED.);
#13340 = EDGE_CURVE ('', #11320, #12510, #13330, .T.);
#13350 = ORIENTED_EDGE ('', *, *, #13340, .F.);
#13360 = ORIENTED_EDGE ('', *, *, #12100, .F.);
#13370 = CARTESIAN_POINT ('', (160., -360., 888.020100629408));
#13380 = CARTESIAN_POINT ('', (160., -120., 888.020100629408));
#13390 = CARTESIAN_POINT ('', (160., 120., 888.020100629408));
#13400 = CARTESIAN_POINT ('', (160., 360., 888.020100629408));
#13410 = B_SPLINE_CURVE_WITH_KNOTS ('', 3, (#13370, #13380, #13390, #13400), .UNSPECIFIED., .F., .U., (4, 4), (0., 720.), .UNSPECIFIED.);
#13420 = EDGE_CURVE ('', #11510, #12610, #13410, .T.);
#13430 = ORIENTED_EDGE ('', *, *, #13420, .T.);
#13440 = ORIENTED_EDGE ('', *, *, #12650, .T.);
#13450 = EDGE_LOOP ('', (#13350, #13360, #13430, #13440));
#13460 = FACE_OUTER_BOUND ('', #13450, .T.);
#13470 = CARTESIAN_POINT ('', (160., 360., 888.020100629408));
#13480 = CARTESIAN_POINT ('', (160., -360., 888.020100629408));
#13490 = CARTESIAN_POINT ('', (160., 360., 921.979899370593));
#13500 = CARTESIAN_POINT ('', (160., -360., 921.979899370593));
#13510 = B_SPLINE_SURFACE_WITH_KNOTS ('', 1, 1, ((#13470, #13480), (#13490, #13500)), .UNSPECIFIED., .F., .F., .U., (2, 2), (2, 2), (0.494614954432851, 0.505385045567149), (0., 1.), .UNSPECIFIED.);
#13520 = ADVANCED_FACE ('', (#13460), #13510, .T.);
#13530 = ORIENTED_EDGE ('', *, *, #12050, .F.);
#13540 = ORIENTED_EDGE ('', *, *, #12390, .F.);
#13550 = ORIENTED_EDGE ('', *, *, #13200, .F.);
#13560 = ORIENTED_EDGE ('', *, *, #13420, .F.);
#13570 = EDGE_LOOP ('', (#13530, #13540, #13550, #13560));
#13580 = FACE_OUTER_BOUND ('', #13570, .T.);
#13590 = CARTESIAN_POINT ('', (-160.000000000054, -360., 888.020100629413));
#13600 = CARTESIAN_POINT ('', (-80.201006294108, -360., 880.));
#13610 = CARTESIAN_POINT ('', (-9.79717439317883E-14, -360., 880.));
#13620 = CARTESIAN_POINT ('', (80.2010062941078, -360., 880.));
#13630 = CARTESIAN_POINT ('', (160.000000000054, -360., 888.020100629413));
#13640 = CARTESIAN_POINT ('', (-160.000000000054, 360., 888.020100629413));
#13650 = CARTESIAN_POINT ('', (-80.201006294108, 360., 880.));
#13660 = CARTESIAN_POINT ('', (-9.79717439317883E-14, 360., 880.));
#13670 = CARTESIAN_POINT ('', (80.2010062941078, 360., 880.));
#13680 = CARTESIAN_POINT ('', (160.000000000054, 360., 888.020100629413));
#13690 = (
   BOUNDED_SURFACE ()
   B_SPLINE_SURFACE (1, 2, ((#13590, #13600, #13610, #13620, #13630), (#13640, #13650, #13660, #13670, #13680)), .UNSPECIFIED., .F., .F., .U.)
   B_SPLINE_SURFACE_WITH_KNOTS ((2, 2), (3, 2, 3), (0.00109411931711959, 0.99890588068288), (0.465276776279007, 0.5, 0.534723223720993), .UNSPECIFIED.)
   SURFACE ()
   GEOMETRIC_REPRESENTATION_ITEM ()
   RATIONAL_B_SPLINE_SURFACE (((0.962144349087082, 0.979659606473558, 1., 0.979659606473558, 0.962144349087082), (0.962144349087082, 0.979659606473558, 1., 0.979659606473558, 0.962144349087082)))
   REPRESENTATION_ITEM ('')
);
#13700 = ADVANCED_FACE ('', (#13580), #13690, .T.);
#13710 = ORIENTED_EDGE ('', *, *, #11410, .F.);
#13720 = ORIENTED_EDGE ('', *, *, #13340, .T.);
#13730 = ORIENTED_EDGE ('', *, *, #12580, .T.);
#13740 = ORIENTED_EDGE ('', *, *, #12250, .F.);
#13750 = EDGE_LOOP ('', (#13710, #13720, #13730, #13740));
#13760 = FACE_OUTER_BOUND ('', #13750, .T.);
#13770 = CARTESIAN_POINT ('', (160.000000000054, -360., 921.979899370587));
#13780 = CARTESIAN_POINT ('', (80.201006294108, -360., 930.));
#13790 = CARTESIAN_POINT ('', (9.79717439317883E-14, -360., 930.));
#13800 = CARTESIAN_POINT ('', (-80.2010062940796, -360., 930.));
#13810 = CARTESIAN_POINT ('', (-159.999999999998, -360., 921.979899370592));
#13820 = CARTESIAN_POINT ('', (160.000000000054, 360., 921.979899370587));
#13830 = CARTESIAN_POINT ('', (80.201006294108, 360., 930.));
#13840 = CARTESIAN_POINT ('', (9.79717439317883E-14, 360., 930.));
#13850 = CARTESIAN_POINT ('', (-80.2010062940796, 360., 930.));
#13860 = CARTESIAN_POINT ('', (-159.999999999998, 360., 921.979899370592));
#13870 = (
   BOUNDED_SURFACE ()
   B_SPLINE_SURFACE (1, 2, ((#13770, #13780, #13790, #13800, #13810), (#13820, #13830, #13840, #13850, #13860)), .UNSPECIFIED., .F., .F., .U.)
   B_SPLINE_SURFACE_WITH_KNOTS ((2, 2), (3, 2, 3), (0.00109411931712014, 0.99890588068288), (0.465276776279007, 0.5, 0.534723223720981), .UNSPECIFIED.)
   SURFACE ()
   GEOMETRIC_REPRESENTATION_ITEM ()
   RATIONAL_B_SPLINE_SURFACE (((0.962144349087082, 0.979659606473558, 1., 0.979659606473565, 0.962144349087094), (0.962144349087082, 0.979659606473558, 1., 0.979659606473565, 0.962144349087094)))
   REPRESENTATION_ITEM ('')
);
#13880 = ADVANCED_FACE ('', (#13760), #13870, .T.);
#13890 = CLOSED_SHELL ('', (#12190, #12490, #13300, #13520, #13700, #13880));
#13900 = MANIFOLD_SOLID_BREP ('', #13890);
#13910 = (
   LENGTH_UNIT ()
   NAMED_UNIT (*)
   SI_UNIT (.MILLI., .METRE.)
);
#13920 = (
   NAMED_UNIT (*)
   SI_UNIT ($, .STERADIAN.)
   SOLID_ANGLE_UNIT ()
);
#13930 = (
   NAMED_UNIT (*)
   SI_UNIT ($, .RADIAN.)
   PLANE_ANGLE_UNIT ()
);
#13940 = UNCERTAINTY_MEASURE_WITH_UNIT (LENGTH_MEASURE(1.E-5), #13910, 'DISTANCE_ACCURACY_VALUE', '');
#13950 = (
   GEOMETRIC_REPRESENTATION_CONTEXT (3)
   GLOBAL_UNCERTAINTY_ASSIGNED_CONTEXT ((#13940))
   GLOBAL_UNIT_ASSIGNED_CONTEXT ((#13910, #13920, #13930))
   REPRESENTATION_CONTEXT ('', '3D')
);
#13960 = ADVANCED_BREP_SHAPE_REPRESENTATION ('', (#13900), #13950);
#13970 = APPLICATION_CONTEXT ('configuration controlled 3D designs of mechanical parts and assemblies');
#13980 = APPLICATION_PROTOCOL_DEFINITION ('International Standard', 'config_control_design', 1997, #13970);
#13990 = MECHANICAL_CONTEXT ('', #13970, 'mechanical');
#14000 = PRODUCT ('product-name', '', '', (#13990));
#14010 = PERSON_AND_ORGANIZATION_ROLE ('design_owner');
#14020 = PERSON ('', '', $, $, $, $);
#14030 = ORGANIZATION ($, '', '');
#14040 = PERSON_AND_ORGANIZATION (#14020, #14030);
#14050 = CC_DESIGN_PERSON_AND_ORGANIZATION_ASSIGNMENT (#14040, #14010, (#14000));
#14060 = PRODUCT_RELATED_PRODUCT_CATEGORY ('detail', $, (#14000));
#14070 = PRODUCT_DEFINITION_FORMATION_WITH_SPECIFIED_SOURCE ('', '', #14000, .NOT_KNOWN.);
#14080 = APPROVAL_STATUS ('approved');
#14090 = APPROVAL (#14080, '');
#14100 = CALENDAR_DATE (2018, 18, 12);
#14110 = COORDINATED_UNIVERSAL_TIME_OFFSET (0, $, .AHEAD.);
#14120 = LOCAL_TIME (18, 45, 35., #14110);
#14130 = DATE_AND_TIME (#14100, #14120);
#14140 = APPROVAL_DATE_TIME (#14130, #14090);
#14150 = APPROVAL_ROLE ('');
#14160 = PERSON ('', '', $, $, $, $);
#14170 = ORGANIZATION ($, '', '');
#14180 = PERSON_AND_ORGANIZATION (#14160, #14170);
#14190 = APPROVAL_PERSON_ORGANIZATION (#14180, #14090, #14150);
#14200 = CC_DESIGN_APPROVAL (#14090, (#14070));
#14210 = PERSON_AND_ORGANIZATION_ROLE ('creator');
#14220 = PERSON ('', '', $, $, $, $);
#14230 = ORGANIZATION ($, '', '');
#14240 = PERSON_AND_ORGANIZATION (#14220, #14230);
#14250 = CC_DESIGN_PERSON_AND_ORGANIZATION_ASSIGNMENT (#14240, #14210, (#14070));
#14260 = PERSON_AND_ORGANIZATION_ROLE ('part_supplier');
#14270 = PERSON ('', '', $, $, $, $);
#14280 = ORGANIZATION ($, '', '');
#14290 = PERSON_AND_ORGANIZATION (#14270, #14280);
#14300 = CC_DESIGN_PERSON_AND_ORGANIZATION_ASSIGNMENT (#14290, #14260, (#14070));
#14310 = SECURITY_CLASSIFICATION_LEVEL ('unclassified');
#14320 = SECURITY_CLASSIFICATION ('', '', #14310);
#14330 = APPROVAL_STATUS ('approved');
#14340 = APPROVAL (#14330, '');
#14350 = CALENDAR_DATE (2018, 18, 12);
#14360 = COORDINATED_UNIVERSAL_TIME_OFFSET (0, $, .AHEAD.);
#14370 = LOCAL_TIME (18, 45, 35., #14360);
#14380 = DATE_AND_TIME (#14350, #14370);
#14390 = APPROVAL_DATE_TIME (#14380, #14340);
#14400 = APPROVAL_ROLE ('');
#14410 = PERSON ('', '', $, $, $, $);
#14420 = ORGANIZATION ($, '', '');
#14430 = PERSON_AND_ORGANIZATION (#14410, #14420);
#14440 = APPROVAL_PERSON_ORGANIZATION (#14430, #14340, #14400);
#14450 = CC_DESIGN_APPROVAL (#14340, (#14320));
#14460 = DATE_TIME_ROLE ('classification_date');
#14470 = CALENDAR_DATE (2018, 18, 12);
#14480 = COORDINATED_UNIVERSAL_TIME_OFFSET (0, $, .AHEAD.);
#14490 = LOCAL_TIME (18, 45, 35., #14480);
#14500 = DATE_AND_TIME (#14470, #14490);
#14510 = CC_DESIGN_DATE_AND_TIME_ASSIGNMENT (#14500, #14460, (#14320));
#14520 = PERSON_AND_ORGANIZATION_ROLE ('classification_officer');
#14530 = PERSON ('', '', $, $, $, $);
#14540 = ORGANIZATION ($, '', '');
#14550 = PERSON_AND_ORGANIZATION (#14530, #14540);
#14560 = CC_DESIGN_PERSON_AND_ORGANIZATION_ASSIGNMENT (#14550, #14520, (#14320));
#14570 = CC_DESIGN_SECURITY_CLASSIFICATION (#14320, (#14070));
#14580 = DESIGN_CONTEXT ('', #13970, 'design');
#14590 = PRODUCT_DEFINITION ('', '', #14070, #14580);
#14600 = APPROVAL_STATUS ('approved');
#14610 = APPROVAL (#14600, '');
#14620 = CALENDAR_DATE (2018, 18, 12);
#14630 = COORDINATED_UNIVERSAL_TIME_OFFSET (0, $, .AHEAD.);
#14640 = LOCAL_TIME (18, 45, 35., #14630);
#14650 = DATE_AND_TIME (#14620, #14640);
#14660 = APPROVAL_DATE_TIME (#14650, #14610);
#14670 = APPROVAL_ROLE ('');
#14680 = PERSON ('', '', $, $, $, $);
#14690 = ORGANIZATION ($, '', '');
#14700 = PERSON_AND_ORGANIZATION (#14680, #14690);
#14710 = APPROVAL_PERSON_ORGANIZATION (#14700, #14610, #14670);
#14720 = CC_DESIGN_APPROVAL (#14610, (#14590));
#14730 = DATE_TIME_ROLE ('creation_date');
#14740 = CALENDAR_DATE (2018, 18, 12);
#14750 = COORDINATED_UNIVERSAL_TIME_OFFSET (0, $, .AHEAD.);
#14760 = LOCAL_TIME (18, 45, 35., #14750);
#14770 = DATE_AND_TIME (#14740, #14760);
#14780 = CC_DESIGN_DATE_AND_TIME_ASSIGNMENT (#14770, #14730, (#14590));
#14790 = PERSON_AND_ORGANIZATION_ROLE ('creator');
#14800 = PERSON ('', '', $, $, $, $);
#14810 = ORGANIZATION ($, '', '');
#14820 = PERSON_AND_ORGANIZATION (#14800, #14810);
#14830 = CC_DESIGN_PERSON_AND_ORGANIZATION_ASSIGNMENT (#14820, #14790, (#14590));
#14840 = PRODUCT_DEFINITION_SHAPE ('', '', #14590);
#14850 = SHAPE_DEFINITION_REPRESENTATION (#14840, #13960);
#14860 = CARTESIAN_POINT ('', (-106.066017177982, -550., 1123.93398282202));
#14870 = VERTEX_POINT ('', #14860);
#14880 = CARTESIAN_POINT ('', (106.066017177982, -550., 1336.06601717798));
#14890 = VERTEX_POINT ('', #14880);
#14900 = CARTESIAN_POINT ('', (-106.066017177982, -550., 1123.93398282202));
#14910 = CARTESIAN_POINT ('', (-35.3553390593274, -550., 1194.64466094067));
#14920 = CARTESIAN_POINT ('', (35.3553390593274, -550., 1265.35533905933));
#14930 = CARTESIAN_POINT ('', (106.066017177982, -550., 1336.06601717798));
#14940 = B_SPLINE_CURVE_WITH_KNOTS ('', 3, (#14900, #14910, #14920, #14930), .UNSPECIFIED., .F., .U., (4, 4), (0., 300.), .UNSPECIFIED.);
#14950 = EDGE_CURVE ('', #14870, #14890, #14940, .T.);
#14960 = ORIENTED_EDGE ('', *, *, #14950, .T.);
#14970 = CARTESIAN_POINT ('', (106.066017177982, 550., 1336.06601717798));
#14980 = VERTEX_POINT ('', #14970);
#14990 = CARTESIAN_POINT ('', (106.066017177982, -550., 1336.06601717798));
#15000 = CARTESIAN_POINT ('', (106.066017177982, -183.333333333333, 1336.06601717798));
#15010 = CARTESIAN_POINT ('', (106.066017177982, 183.333333333333, 1336.06601717798));
#15020 = CARTESIAN_POINT ('', (106.066017177982, 550., 1336.06601717798));
#15030 = B_SPLINE_CURVE_WITH_KNOTS ('', 3, (#14990, #15000, #15010, #15020), .UNSPECIFIED., .F., .U., (4, 4), (0., 1100.), .UNSPECIFIED.);
#15040 = EDGE_CURVE ('', #14890, #14980, #15030, .T.);
#15050 = ORIENTED_EDGE ('', *, *, #15040, .T.);
#15060 = CARTESIAN_POINT ('', (-106.066017177982, 550., 1123.93398282202));
#15070 = VERTEX_POINT ('', #15060);
#15080 = CARTESIAN_POINT ('', (106.066017177982, 550., 1336.06601717798));
#15090 = CARTESIAN_POINT ('', (35.3553390593274, 550., 1265.35533905933));
#15100 = CARTESIAN_POINT ('', (-35.3553390593274, 550., 1194.64466094067));
#15110 = CARTESIAN_POINT ('', (-106.066017177982, 550., 1123.93398282202));
#15120 = B_SPLINE_CURVE_WITH_KNOTS ('', 3, (#15080, #15090, #15100, #15110), .UNSPECIFIED., .F., .U., (4, 4), (0., 300.), .UNSPECIFIED.);
#15130 = EDGE_CURVE ('', #14980, #15070, #15120, .T.);
#15140 = ORIENTED_EDGE ('', *, *, #15130, .T.);
#15150 = CARTESIAN_POINT ('', (-106.066017177982, 550., 1123.93398282202));
#15160 = CARTESIAN_POINT ('', (-106.066017177982, 183.333333333333, 1123.93398282202));
#15170 = CARTESIAN_POINT ('', (-106.066017177982, -183.333333333333, 1123.93398282202));
#15180 = CARTESIAN_POINT ('', (-106.066017177982, -550., 1123.93398282202));
#15190 = B_SPLINE_CURVE_WITH_KNOTS ('', 3, (#15150, #15160, #15170, #15180), .UNSPECIFIED., .F., .U., (4, 4), (0., 1100.), .UNSPECIFIED.);
#15200 = EDGE_CURVE ('', #15070, #14870, #15190, .T.);
#15210 = ORIENTED_EDGE ('', *, *, #15200, .T.);
#15220 = EDGE_LOOP ('', (#14960, #15050, #15140, #15210));
#15230 = FACE_OUTER_BOUND ('', #15220, .T.);
#15240 = CARTESIAN_POINT ('', (-106.066017177982, -550., 1123.93398282202));
#15250 = CARTESIAN_POINT ('', (-106.066017177982, 550., 1123.93398282202));
#15260 = CARTESIAN_POINT ('', (106.066017177982, -550., 1336.06601717798));
#15270 = CARTESIAN_POINT ('', (106.066017177982, 550., 1336.06601717798));
#15280 = B_SPLINE_SURFACE_WITH_KNOTS ('', 1, 1, ((#15240, #15250), (#15260, #15270)), .UNSPECIFIED., .F., .F., .U., (2, 2), (2, 2), (0.00377191379423855, 0.996228086205761), (0.00103437879866021, 0.99896562120134), .UNSPECIFIED.);
#15290 = ADVANCED_FACE ('', (#15230), #15280, .T.);
#15300 = OPEN_SHELL ('', (#15290));
#15310 = SHELL_BASED_SURFACE_MODEL ('', (#15300));
#15320 = (
   LENGTH_UNIT ()
   NAMED_UNIT (*)
   SI_UNIT (.MILLI., .METRE.)
);
#15330 = (
   NAMED_UNIT (*)
   SI_UNIT ($, .STERADIAN.)
   SOLID_ANGLE_UNIT ()
);
#15340 = (
   NAMED_UNIT (*)
   SI_UNIT ($, .RADIAN.)
   PLANE_ANGLE_UNIT ()
);
#15350 = UNCERTAINTY_MEASURE_WITH_UNIT (LENGTH_MEASURE(1.E-5), #15320, 'DISTANCE_ACCURACY_VALUE', '');
#15360 = (
   GEOMETRIC_REPRESENTATION_CONTEXT (3)
   GLOBAL_UNCERTAINTY_ASSIGNED_CONTEXT ((#15350))
   GLOBAL_UNIT_ASSIGNED_CONTEXT ((#15320, #15330, #15340))
   REPRESENTATION_CONTEXT ('', '3D')
);
#15370 = MANIFOLD_SURFACE_SHAPE_REPRESENTATION ('', (#15310), #15360);
#15380 = APPLICATION_CONTEXT ('configuration controlled 3D designs of mechanical parts and assemblies');
#15390 = APPLICATION_PROTOCOL_DEFINITION ('International Standard', 'config_control_design', 1997, #15380);
#15400 = MECHANICAL_CONTEXT ('', #15380, 'mechanical');
#15410 = PRODUCT ('product-name', '', '', (#15400));
#15420 = PERSON_AND_ORGANIZATION_ROLE ('design_owner');
#15430 = PERSON ('', '', $, $, $, $);
#15440 = ORGANIZATION ($, '', '');
#15450 = PERSON_AND_ORGANIZATION (#15430, #15440);
#15460 = CC_DESIGN_PERSON_AND_ORGANIZATION_ASSIGNMENT (#15450, #15420, (#15410));
#15470 = PRODUCT_RELATED_PRODUCT_CATEGORY ('detail', $, (#15410));
#15480 = PRODUCT_DEFINITION_FORMATION_WITH_SPECIFIED_SOURCE ('', '', #15410, .NOT_KNOWN.);
#15490 = APPROVAL_STATUS ('approved');
#15500 = APPROVAL (#15490, '');
#15510 = CALENDAR_DATE (2018, 18, 12);
#15520 = COORDINATED_UNIVERSAL_TIME_OFFSET (0, $, .AHEAD.);
#15530 = LOCAL_TIME (18, 45, 35., #15520);
#15540 = DATE_AND_TIME (#15510, #15530);
#15550 = APPROVAL_DATE_TIME (#15540, #15500);
#15560 = APPROVAL_ROLE ('');
#15570 = PERSON ('', '', $, $, $, $);
#15580 = ORGANIZATION ($, '', '');
#15590 = PERSON_AND_ORGANIZATION (#15570, #15580);
#15600 = APPROVAL_PERSON_ORGANIZATION (#15590, #15500, #15560);
#15610 = CC_DESIGN_APPROVAL (#15500, (#15480));
#15620 = PERSON_AND_ORGANIZATION_ROLE ('creator');
#15630 = PERSON ('', '', $, $, $, $);
#15640 = ORGANIZATION ($, '', '');
#15650 = PERSON_AND_ORGANIZATION (#15630, #15640);
#15660 = CC_DESIGN_PERSON_AND_ORGANIZATION_ASSIGNMENT (#15650, #15620, (#15480));
#15670 = PERSON_AND_ORGANIZATION_ROLE ('part_supplier');
#15680 = PERSON ('', '', $, $, $, $);
#15690 = ORGANIZATION ($, '', '');
#15700 = PERSON_AND_ORGANIZATION (#15680, #15690);
#15710 = CC_DESIGN_PERSON_AND_ORGANIZATION_ASSIGNMENT (#15700, #15670, (#15480));
#15720 = SECURITY_CLASSIFICATION_LEVEL ('unclassified');
#15730 = SECURITY_CLASSIFICATION ('', '', #15720);
#15740 = APPROVAL_STATUS ('approved');
#15750 = APPROVAL (#15740, '');
#15760 = CALENDAR_DATE (2018, 18, 12);
#15770 = COORDINATED_UNIVERSAL_TIME_OFFSET (0, $, .AHEAD.);
#15780 = LOCAL_TIME (18, 45, 35., #15770);
#15790 = DATE_AND_TIME (#15760, #15780);
#15800 = APPROVAL_DATE_TIME (#15790, #15750);
#15810 = APPROVAL_ROLE ('');
#15820 = PERSON ('', '', $, $, $, $);
#15830 = ORGANIZATION ($, '', '');
#15840 = PERSON_AND_ORGANIZATION (#15820, #15830);
#15850 = APPROVAL_PERSON_ORGANIZATION (#15840, #15750, #15810);
#15860 = CC_DESIGN_APPROVAL (#15750, (#15730));
#15870 = DATE_TIME_ROLE ('classification_date');
#15880 = CALENDAR_DATE (2018, 18, 12);
#15890 = COORDINATED_UNIVERSAL_TIME_OFFSET (0, $, .AHEAD.);
#15900 = LOCAL_TIME (18, 45, 35., #15890);
#15910 = DATE_AND_TIME (#15880, #15900);
#15920 = CC_DESIGN_DATE_AND_TIME_ASSIGNMENT (#15910, #15870, (#15730));
#15930 = PERSON_AND_ORGANIZATION_ROLE ('classification_officer');
#15940 = PERSON ('', '', $, $, $, $);
#15950 = ORGANIZATION ($, '', '');
#15960 = PERSON_AND_ORGANIZATION (#15940, #15950);
#15970 = CC_DESIGN_PERSON_AND_ORGANIZATION_ASSIGNMENT (#15960, #15930, (#15730));
#15980 = CC_DESIGN_SECURITY_CLASSIFICATION (#15730, (#15480));
#15990 = DESIGN_CONTEXT ('', #15380, 'design');
#16000 = PRODUCT_DEFINITION ('', '', #15480, #15990);
#16010 = APPROVAL_STATUS ('approved');
#16020 = APPROVAL (#16010, '');
#16030 = CALENDAR_DATE (2018, 18, 12);
#16040 = COORDINATED_UNIVERSAL_TIME_OFFSET (0, $, .AHEAD.);
#16050 = LOCAL_TIME (18, 45, 35., #16040);
#16060 = DATE_AND_TIME (#16030, #16050);
#16070 = APPROVAL_DATE_TIME (#16060, #16020);
#16080 = APPROVAL_ROLE ('');
#16090 = PERSON ('', '', $, $, $, $);
#16100 = ORGANIZATION ($, '', '');
#16110 = PERSON_AND_ORGANIZATION (#16090, #16100);
#16120 = APPROVAL_PERSON_ORGANIZATION (#16110, #16020, #16080);
#16130 = CC_DESIGN_APPROVAL (#16020, (#16000));
#16140 = DATE_TIME_ROLE ('creation_date');
#16150 = CALENDAR_DATE (2018, 18, 12);
#16160 = COORDINATED_UNIVERSAL_TIME_OFFSET (0, $, .AHEAD.);
#16170 = LOCAL_TIME (18, 45, 35., #16160);
#16180 = DATE_AND_TIME (#16150, #16170);
#16190 = CC_DESIGN_DATE_AND_TIME_ASSIGNMENT (#16180, #16140, (#16000));
#16200 = PERSON_AND_ORGANIZATION_ROLE ('creator');
#16210 = PERSON ('', '', $, $, $, $);
#16220 = ORGANIZATION ($, '', '');
#16230 = PERSON_AND_ORGANIZATION (#16210, #16220);
#16240 = CC_DESIGN_PERSON_AND_ORGANIZATION_ASSIGNMENT (#16230, #16200, (#16000));
#16250 = PRODUCT_DEFINITION_SHAPE ('', '', #16000);
#16260 = SHAPE_DEFINITION_REPRESENTATION (#16250, #15370);
#16270 = CARTESIAN_POINT ('', (393.933982822018, -550., 1123.93398282202));
#16280 = VERTEX_POINT ('', #16270);
#16290 = CARTESIAN_POINT ('', (606.066017177982, -550., 1336.06601717798));
#16300 = VERTEX_POINT ('', #16290);
#16310 = CARTESIAN_POINT ('', (393.933982822018, -550., 1123.93398282202));
#16320 = CARTESIAN_POINT ('', (464.644660940673, -550., 1194.64466094067));
#16330 = CARTESIAN_POINT ('', (535.355339059327, -550., 1265.35533905933));
#16340 = CARTESIAN_POINT ('', (606.066017177982, -550., 1336.06601717798));
#16350 = B_SPLINE_CURVE_WITH_KNOTS ('', 3, (#16310, #16320, #16330, #16340), .UNSPECIFIED., .F., .U., (4, 4), (0., 300.), .UNSPECIFIED.);
#16360 = EDGE_CURVE ('', #16280, #16300, #16350, .T.);
#16370 = ORIENTED_EDGE ('', *, *, #16360, .T.);
#16380 = CARTESIAN_POINT ('', (606.066017177982, 550., 1336.06601717798));
#16390 = VERTEX_POINT ('', #16380);
#16400 = CARTESIAN_POINT ('', (606.066017177982, -550., 1336.06601717798));
#16410 = CARTESIAN_POINT ('', (606.066017177982, -183.333333333333, 1336.06601717798));
#16420 = CARTESIAN_POINT ('', (606.066017177982, 183.333333333333, 1336.06601717798));
#16430 = CARTESIAN_POINT ('', (606.066017177982, 550., 1336.06601717798));
#16440 = B_SPLINE_CURVE_WITH_KNOTS ('', 3, (#16400, #16410, #16420, #16430), .UNSPECIFIED., .F., .U., (4, 4), (0., 1100.), .UNSPECIFIED.);
#16450 = EDGE_CURVE ('', #16300, #16390, #16440, .T.);
#16460 = ORIENTED_EDGE ('', *, *, #16450, .T.);
#16470 = CARTESIAN_POINT ('', (393.933982822018, 550., 1123.93398282202));
#16480 = VERTEX_POINT ('', #16470);
#16490 = CARTESIAN_POINT ('', (606.066017177982, 550., 1336.06601717798));
#16500 = CARTESIAN_POINT ('', (535.355339059327, 550., 1265.35533905933));
#16510 = CARTESIAN_POINT ('', (464.644660940673, 550., 1194.64466094067));
#16520 = CARTESIAN_POINT ('', (393.933982822018, 550., 1123.93398282202));
#16530 = B_SPLINE_CURVE_WITH_KNOTS ('', 3, (#16490, #16500, #16510, #16520), .UNSPECIFIED., .F., .U., (4, 4), (0., 300.), .UNSPECIFIED.);
#16540 = EDGE_CURVE ('', #16390, #16480, #16530, .T.);
#16550 = ORIENTED_EDGE ('', *, *, #16540, .T.);
#16560 = CARTESIAN_POINT ('', (393.933982822018, 550., 1123.93398282202));
#16570 = CARTESIAN_POINT ('', (393.933982822018, 183.333333333333, 1123.93398282202));
#16580 = CARTESIAN_POINT ('', (393.933982822018, -183.333333333333, 1123.93398282202));
#16590 = CARTESIAN_POINT ('', (393.933982822018, -550., 1123.93398282202));
#16600 = B_SPLINE_CURVE_WITH_KNOTS ('', 3, (#16560, #16570, #16580, #16590), .UNSPECIFIED., .F., .U., (4, 4), (0., 1100.), .UNSPECIFIED.);
#16610 = EDGE_CURVE ('', #16480, #16280, #16600, .T.);
#16620 = ORIENTED_EDGE ('', *, *, #16610, .T.);
#16630 = EDGE_LOOP ('', (#16370, #16460, #16550, #16620));
#16640 = FACE_OUTER_BOUND ('', #16630, .T.);
#16650 = CARTESIAN_POINT ('', (393.933982822018, -550., 1123.93398282202));
#16660 = CARTESIAN_POINT ('', (393.933982822018, 550., 1123.93398282202));
#16670 = CARTESIAN_POINT ('', (606.066017177982, -550., 1336.06601717798));
#16680 = CARTESIAN_POINT ('', (606.066017177982, 550., 1336.06601717798));
#16690 = B_SPLINE_SURFACE_WITH_KNOTS ('', 1, 1, ((#16650, #16660), (#16670, #16680)), .UNSPECIFIED., .F., .F., .U., (2, 2), (2, 2), (0.00377191379423855, 0.996228086205761), (0.00103437879866021, 0.99896562120134), .UNSPECIFIED.);
#16700 = ADVANCED_FACE ('', (#16640), #16690, .T.);
#16710 = OPEN_SHELL ('', (#16700));
#16720 = SHELL_BASED_SURFACE_MODEL ('', (#16710));
#16730 = (
   LENGTH_UNIT ()
   NAMED_UNIT (*)
   SI_UNIT (.MILLI., .METRE.)
);
#16740 = (
   NAMED_UNIT (*)
   SI_UNIT ($, .STERADIAN.)
   SOLID_ANGLE_UNIT ()
);
#16750 = (
   NAMED_UNIT (*)
   SI_UNIT ($, .RADIAN.)
   PLANE_ANGLE_UNIT ()
);
#16760 = UNCERTAINTY_MEASURE_WITH_UNIT (LENGTH_MEASURE(1.E-5), #16730, 'DISTANCE_ACCURACY_VALUE', '');
#16770 = (
   GEOMETRIC_REPRESENTATION_CONTEXT (3)
   GLOBAL_UNCERTAINTY_ASSIGNED_CONTEXT ((#16760))
   GLOBAL_UNIT_ASSIGNED_CONTEXT ((#16730, #16740, #16750))
   REPRESENTATION_CONTEXT ('', '3D')
);
#16780 = MANIFOLD_SURFACE_SHAPE_REPRESENTATION ('', (#16720), #16770);
#16790 = APPLICATION_CONTEXT ('configuration controlled 3D designs of mechanical parts and assemblies');
#16800 = APPLICATION_PROTOCOL_DEFINITION ('International Standard', 'config_control_design', 1997, #16790);
#16810 = MECHANICAL_CONTEXT ('', #16790, 'mechanical');
#16820 = PRODUCT ('product-name', '', '', (#16810));
#16830 = PERSON_AND_ORGANIZATION_ROLE ('design_owner');
#16840 = PERSON ('', '', $, $, $, $);
#16850 = ORGANIZATION ($, '', '');
#16860 = PERSON_AND_ORGANIZATION (#16840, #16850);
#16870 = CC_DESIGN_PERSON_AND_ORGANIZATION_ASSIGNMENT (#16860, #16830, (#16820));
#16880 = PRODUCT_RELATED_PRODUCT_CATEGORY ('detail', $, (#16820));
#16890 = PRODUCT_DEFINITION_FORMATION_WITH_SPECIFIED_SOURCE ('', '', #16820, .NOT_KNOWN.);
#16900 = APPROVAL_STATUS ('approved');
#16910 = APPROVAL (#16900, '');
#16920 = CALENDAR_DATE (2018, 18, 12);
#16930 = COORDINATED_UNIVERSAL_TIME_OFFSET (0, $, .AHEAD.);
#16940 = LOCAL_TIME (18, 45, 35., #16930);
#16950 = DATE_AND_TIME (#16920, #16940);
#16960 = APPROVAL_DATE_TIME (#16950, #16910);
#16970 = APPROVAL_ROLE ('');
#16980 = PERSON ('', '', $, $, $, $);
#16990 = ORGANIZATION ($, '', '');
#17000 = PERSON_AND_ORGANIZATION (#16980, #16990);
#17010 = APPROVAL_PERSON_ORGANIZATION (#17000, #16910, #16970);
#17020 = CC_DESIGN_APPROVAL (#16910, (#16890));
#17030 = PERSON_AND_ORGANIZATION_ROLE ('creator');
#17040 = PERSON ('', '', $, $, $, $);
#17050 = ORGANIZATION ($, '', '');
#17060 = PERSON_AND_ORGANIZATION (#17040, #17050);
#17070 = CC_DESIGN_PERSON_AND_ORGANIZATION_ASSIGNMENT (#17060, #17030, (#16890));
#17080 = PERSON_AND_ORGANIZATION_ROLE ('part_supplier');
#17090 = PERSON ('', '', $, $, $, $);
#17100 = ORGANIZATION ($, '', '');
#17110 = PERSON_AND_ORGANIZATION (#17090, #17100);
#17120 = CC_DESIGN_PERSON_AND_ORGANIZATION_ASSIGNMENT (#17110, #17080, (#16890));
#17130 = SECURITY_CLASSIFICATION_LEVEL ('unclassified');
#17140 = SECURITY_CLASSIFICATION ('', '', #17130);
#17150 = APPROVAL_STATUS ('approved');
#17160 = APPROVAL (#17150, '');
#17170 = CALENDAR_DATE (2018, 18, 12);
#17180 = COORDINATED_UNIVERSAL_TIME_OFFSET (0, $, .AHEAD.);
#17190 = LOCAL_TIME (18, 45, 35., #17180);
#17200 = DATE_AND_TIME (#17170, #17190);
#17210 = APPROVAL_DATE_TIME (#17200, #17160);
#17220 = APPROVAL_ROLE ('');
#17230 = PERSON ('', '', $, $, $, $);
#17240 = ORGANIZATION ($, '', '');
#17250 = PERSON_AND_ORGANIZATION (#17230, #17240);
#17260 = APPROVAL_PERSON_ORGANIZATION (#17250, #17160, #17220);
#17270 = CC_DESIGN_APPROVAL (#17160, (#17140));
#17280 = DATE_TIME_ROLE ('classification_date');
#17290 = CALENDAR_DATE (2018, 18, 12);
#17300 = COORDINATED_UNIVERSAL_TIME_OFFSET (0, $, .AHEAD.);
#17310 = LOCAL_TIME (18, 45, 35., #17300);
#17320 = DATE_AND_TIME (#17290, #17310);
#17330 = CC_DESIGN_DATE_AND_TIME_ASSIGNMENT (#17320, #17280, (#17140));
#17340 = PERSON_AND_ORGANIZATION_ROLE ('classification_officer');
#17350 = PERSON ('', '', $, $, $, $);
#17360 = ORGANIZATION ($, '', '');
#17370 = PERSON_AND_ORGANIZATION (#17350, #17360);
#17380 = CC_DESIGN_PERSON_AND_ORGANIZATION_ASSIGNMENT (#17370, #17340, (#17140));
#17390 = CC_DESIGN_SECURITY_CLASSIFICATION (#17140, (#16890));
#17400 = DESIGN_CONTEXT ('', #16790, 'design');
#17410 = PRODUCT_DEFINITION ('', '', #16890, #17400);
#17420 = APPROVAL_STATUS ('approved');
#17430 = APPROVAL (#17420, '');
#17440 = CALENDAR_DATE (2018, 18, 12);
#17450 = COORDINATED_UNIVERSAL_TIME_OFFSET (0, $, .AHEAD.);
#17460 = LOCAL_TIME (18, 45, 35., #17450);
#17470 = DATE_AND_TIME (#17440, #17460);
#17480 = APPROVAL_DATE_TIME (#17470, #17430);
#17490 = APPROVAL_ROLE ('');
#17500 = PERSON ('', '', $, $, $, $);
#17510 = ORGANIZATION ($, '', '');
#17520 = PERSON_AND_ORGANIZATION (#17500, #17510);
#17530 = APPROVAL_PERSON_ORGANIZATION (#17520, #17430, #17490);
#17540 = CC_DESIGN_APPROVAL (#17430, (#17410));
#17550 = DATE_TIME_ROLE ('creation_date');
#17560 = CALENDAR_DATE (2018, 18, 12);
#17570 = COORDINATED_UNIVERSAL_TIME_OFFSET (0, $, .AHEAD.);
#17580 = LOCAL_TIME (18, 45, 35., #17570);
#17590 = DATE_AND_TIME (#17560, #17580);
#17600 = CC_DESIGN_DATE_AND_TIME_ASSIGNMENT (#17590, #17550, (#17410));
#17610 = PERSON_AND_ORGANIZATION_ROLE ('creator');
#17620 = PERSON ('', '', $, $, $, $);
#17630 = ORGANIZATION ($, '', '');
#17640 = PERSON_AND_ORGANIZATION (#17620, #17630);
#17650 = CC_DESIGN_PERSON_AND_ORGANIZATION_ASSIGNMENT (#17640, #17610, (#17410));
#17660 = PRODUCT_DEFINITION_SHAPE ('', '', #17410);
#17670 = SHAPE_DEFINITION_REPRESENTATION (#17660, #16780);
#17680 = CARTESIAN_POINT ('', (393.933982822018, -550., 1786.06601717798));
#17690 = VERTEX_POINT ('', #17680);
#17700 = CARTESIAN_POINT ('', (606.066017177982, -550., 1573.93398282202));
#17710 = VERTEX_POINT ('', #17700);
#17720 = CARTESIAN_POINT ('', (393.933982822018, -550., 1786.06601717798));
#17730 = CARTESIAN_POINT ('', (464.644660940673, -550., 1715.35533905933));
#17740 = CARTESIAN_POINT ('', (535.355339059327, -550., 1644.64466094067));
#17750 = CARTESIAN_POINT ('', (606.066017177982, -550., 1573.93398282202));
#17760 = B_SPLINE_CURVE_WITH_KNOTS ('', 3, (#17720, #17730, #17740, #17750), .UNSPECIFIED., .F., .U., (4, 4), (0., 300.), .UNSPECIFIED.);
#17770 = EDGE_CURVE ('', #17690, #17710, #17760, .T.);
#17780 = ORIENTED_EDGE ('', *, *, #17770, .T.);
#17790 = CARTESIAN_POINT ('', (606.066017177982, 550., 1573.93398282202));
#17800 = VERTEX_POINT ('', #17790);
#17810 = CARTESIAN_POINT ('', (606.066017177982, -550., 1573.93398282202));
#17820 = CARTESIAN_POINT ('', (606.066017177982, -183.333333333333, 1573.93398282202));
#17830 = CARTESIAN_POINT ('', (606.066017177982, 183.333333333333, 1573.93398282202));
#17840 = CARTESIAN_POINT ('', (606.066017177982, 550., 1573.93398282202));
#17850 = B_SPLINE_CURVE_WITH_KNOTS ('', 3, (#17810, #17820, #17830, #17840), .UNSPECIFIED., .F., .U., (4, 4), (0., 1100.), .UNSPECIFIED.);
#17860 = EDGE_CURVE ('', #17710, #17800, #17850, .T.);
#17870 = ORIENTED_EDGE ('', *, *, #17860, .T.);
#17880 = CARTESIAN_POINT ('', (393.933982822018, 550., 1786.06601717798));
#17890 = VERTEX_POINT ('', #17880);
#17900 = CARTESIAN_POINT ('', (606.066017177982, 550., 1573.93398282202));
#17910 = CARTESIAN_POINT ('', (535.355339059327, 550., 1644.64466094067));
#17920 = CARTESIAN_POINT ('', (464.644660940673, 550., 1715.35533905933));
#17930 = CARTESIAN_POINT ('', (393.933982822018, 550., 1786.06601717798));
#17940 = B_SPLINE_CURVE_WITH_KNOTS ('', 3, (#17900, #17910, #17920, #17930), .UNSPECIFIED., .F., .U., (4, 4), (0., 300.), .UNSPECIFIED.);
#17950 = EDGE_CURVE ('', #17800, #17890, #17940, .T.);
#17960 = ORIENTED_EDGE ('', *, *, #17950, .T.);
#17970 = CARTESIAN_POINT ('', (393.933982822018, 550., 1786.06601717798));
#17980 = CARTESIAN_POINT ('', (393.933982822018, 183.333333333333, 1786.06601717798));
#17990 = CARTESIAN_POINT ('', (393.933982822018, -183.333333333333, 1786.06601717798));
#18000 = CARTESIAN_POINT ('', (393.933982822018, -550., 1786.06601717798));
#18010 = B_SPLINE_CURVE_WITH_KNOTS ('', 3, (#17970, #17980, #17990, #18000), .UNSPECIFIED., .F., .U., (4, 4), (0., 1100.), .UNSPECIFIED.);
#18020 = EDGE_CURVE ('', #17890, #17690, #18010, .T.);
#18030 = ORIENTED_EDGE ('', *, *, #18020, .T.);
#18040 = EDGE_LOOP ('', (#17780, #17870, #17960, #18030));
#18050 = FACE_OUTER_BOUND ('', #18040, .T.);
#18060 = CARTESIAN_POINT ('', (393.933982822018, -550., 1786.06601717798));
#18070 = CARTESIAN_POINT ('', (393.933982822018, 550., 1786.06601717798));
#18080 = CARTESIAN_POINT ('', (606.066017177982, -550., 1573.93398282202));
#18090 = CARTESIAN_POINT ('', (606.066017177982, 550., 1573.93398282202));
#18100 = B_SPLINE_SURFACE_WITH_KNOTS ('', 1, 1, ((#18060, #18070), (#18080, #18090)), .UNSPECIFIED., .F., .F., .U., (2, 2), (2, 2), (0.00377191379423855, 0.996228086205761), (0.00103437879866021, 0.99896562120134), .UNSPECIFIED.);
#18110 = ADVANCED_FACE ('', (#18050), #18100, .T.);
#18120 = OPEN_SHELL ('', (#18110));
#18130 = SHELL_BASED_SURFACE_MODEL ('', (#18120));
#18140 = (
   LENGTH_UNIT ()
   NAMED_UNIT (*)
   SI_UNIT (.MILLI., .METRE.)
);
#18150 = (
   NAMED_UNIT (*)
   SI_UNIT ($, .STERADIAN.)
   SOLID_ANGLE_UNIT ()
);
#18160 = (
   NAMED_UNIT (*)
   SI_UNIT ($, .RADIAN.)
   PLANE_ANGLE_UNIT ()
);
#18170 = UNCERTAINTY_MEASURE_WITH_UNIT (LENGTH_MEASURE(1.E-5), #18140, 'DISTANCE_ACCURACY_VALUE', '');
#18180 = (
   GEOMETRIC_REPRESENTATION_CONTEXT (3)
   GLOBAL_UNCERTAINTY_ASSIGNED_CONTEXT ((#18170))
   GLOBAL_UNIT_ASSIGNED_CONTEXT ((#18140, #18150, #18160))
   REPRESENTATION_CONTEXT ('', '3D')
);
#18190 = MANIFOLD_SURFACE_SHAPE_REPRESENTATION ('', (#18130), #18180);
#18200 = APPLICATION_CONTEXT ('configuration controlled 3D designs of mechanical parts and assemblies');
#18210 = APPLICATION_PROTOCOL_DEFINITION ('International Standard', 'config_control_design', 1997, #18200);
#18220 = MECHANICAL_CONTEXT ('', #18200, 'mechanical');
#18230 = PRODUCT ('product-name', '', '', (#18220));
#18240 = PERSON_AND_ORGANIZATION_ROLE ('design_owner');
#18250 = PERSON ('', '', $, $, $, $);
#18260 = ORGANIZATION ($, '', '');
#18270 = PERSON_AND_ORGANIZATION (#18250, #18260);
#18280 = CC_DESIGN_PERSON_AND_ORGANIZATION_ASSIGNMENT (#18270, #18240, (#18230));
#18290 = PRODUCT_RELATED_PRODUCT_CATEGORY ('detail', $, (#18230));
#18300 = PRODUCT_DEFINITION_FORMATION_WITH_SPECIFIED_SOURCE ('', '', #18230, .NOT_KNOWN.);
#18310 = APPROVAL_STATUS ('approved');
#18320 = APPROVAL (#18310, '');
#18330 = CALENDAR_DATE (2018, 18, 12);
#18340 = COORDINATED_UNIVERSAL_TIME_OFFSET (0, $, .AHEAD.);
#18350 = LOCAL_TIME (18, 45, 35., #18340);
#18360 = DATE_AND_TIME (#18330, #18350);
#18370 = APPROVAL_DATE_TIME (#18360, #18320);
#18380 = APPROVAL_ROLE ('');
#18390 = PERSON ('', '', $, $, $, $);
#18400 = ORGANIZATION ($, '', '');
#18410 = PERSON_AND_ORGANIZATION (#18390, #18400);
#18420 = APPROVAL_PERSON_ORGANIZATION (#18410, #18320, #18380);
#18430 = CC_DESIGN_APPROVAL (#18320, (#18300));
#18440 = PERSON_AND_ORGANIZATION_ROLE ('creator');
#18450 = PERSON ('', '', $, $, $, $);
#18460 = ORGANIZATION ($, '', '');
#18470 = PERSON_AND_ORGANIZATION (#18450, #18460);
#18480 = CC_DESIGN_PERSON_AND_ORGANIZATION_ASSIGNMENT (#18470, #18440, (#18300));
#18490 = PERSON_AND_ORGANIZATION_ROLE ('part_supplier');
#18500 = PERSON ('', '', $, $, $, $);
#18510 = ORGANIZATION ($, '', '');
#18520 = PERSON_AND_ORGANIZATION (#18500, #18510);
#18530 = CC_DESIGN_PERSON_AND_ORGANIZATION_ASSIGNMENT (#18520, #18490, (#18300));
#18540 = SECURITY_CLASSIFICATION_LEVEL ('unclassified');
#18550 = SECURITY_CLASSIFICATION ('', '', #18540);
#18560 = APPROVAL_STATUS ('approved');
#18570 = APPROVAL (#18560, '');
#18580 = CALENDAR_DATE (2018, 18, 12);
#18590 = COORDINATED_UNIVERSAL_TIME_OFFSET (0, $, .AHEAD.);
#18600 = LOCAL_TIME (18, 45, 35., #18590);
#18610 = DATE_AND_TIME (#18580, #18600);
#18620 = APPROVAL_DATE_TIME (#18610, #18570);
#18630 = APPROVAL_ROLE ('');
#18640 = PERSON ('', '', $, $, $, $);
#18650 = ORGANIZATION ($, '', '');
#18660 = PERSON_AND_ORGANIZATION (#18640, #18650);
#18670 = APPROVAL_PERSON_ORGANIZATION (#18660, #18570, #18630);
#18680 = CC_DESIGN_APPROVAL (#18570, (#18550));
#18690 = DATE_TIME_ROLE ('classification_date');
#18700 = CALENDAR_DATE (2018, 18, 12);
#18710 = COORDINATED_UNIVERSAL_TIME_OFFSET (0, $, .AHEAD.);
#18720 = LOCAL_TIME (18, 45, 35., #18710);
#18730 = DATE_AND_TIME (#18700, #18720);
#18740 = CC_DESIGN_DATE_AND_TIME_ASSIGNMENT (#18730, #18690, (#18550));
#18750 = PERSON_AND_ORGANIZATION_ROLE ('classification_officer');
#18760 = PERSON ('', '', $, $, $, $);
#18770 = ORGANIZATION ($, '', '');
#18780 = PERSON_AND_ORGANIZATION (#18760, #18770);
#18790 = CC_DESIGN_PERSON_AND_ORGANIZATION_ASSIGNMENT (#18780, #18750, (#18550));
#18800 = CC_DESIGN_SECURITY_CLASSIFICATION (#18550, (#18300));
#18810 = DESIGN_CONTEXT ('', #18200, 'design');
#18820 = PRODUCT_DEFINITION ('', '', #18300, #18810);
#18830 = APPROVAL_STATUS ('approved');
#18840 = APPROVAL (#18830, '');
#18850 = CALENDAR_DATE (2018, 18, 12);
#18860 = COORDINATED_UNIVERSAL_TIME_OFFSET (0, $, .AHEAD.);
#18870 = LOCAL_TIME (18, 45, 35., #18860);
#18880 = DATE_AND_TIME (#18850, #18870);
#18890 = APPROVAL_DATE_TIME (#18880, #18840);
#18900 = APPROVAL_ROLE ('');
#18910 = PERSON ('', '', $, $, $, $);
#18920 = ORGANIZATION ($, '', '');
#18930 = PERSON_AND_ORGANIZATION (#18910, #18920);
#18940 = APPROVAL_PERSON_ORGANIZATION (#18930, #18840, #18900);
#18950 = CC_DESIGN_APPROVAL (#18840, (#18820));
#18960 = DATE_TIME_ROLE ('creation_date');
#18970 = CALENDAR_DATE (2018, 18, 12);
#18980 = COORDINATED_UNIVERSAL_TIME_OFFSET (0, $, .AHEAD.);
#18990 = LOCAL_TIME (18, 45, 35., #18980);
#19000 = DATE_AND_TIME (#18970, #18990);
#19010 = CC_DESIGN_DATE_AND_TIME_ASSIGNMENT (#19000, #18960, (#18820));
#19020 = PERSON_AND_ORGANIZATION_ROLE ('creator');
#19030 = PERSON ('', '', $, $, $, $);
#19040 = ORGANIZATION ($, '', '');
#19050 = PERSON_AND_ORGANIZATION (#19030, #19040);
#19060 = CC_DESIGN_PERSON_AND_ORGANIZATION_ASSIGNMENT (#19050, #19020, (#18820));
#19070 = PRODUCT_DEFINITION_SHAPE ('', '', #18820);
#19080 = SHAPE_DEFINITION_REPRESENTATION (#19070, #18190);
#19090 = CARTESIAN_POINT ('', (-6.06601717798225, -550., 1786.06601717798));
#19100 = VERTEX_POINT ('', #19090);
#19110 = CARTESIAN_POINT ('', (206.066017177982, -550., 1573.93398282202));
#19120 = VERTEX_POINT ('', #19110);
#19130 = CARTESIAN_POINT ('', (-6.06601717798225, -550., 1786.06601717798));
#19140 = CARTESIAN_POINT ('', (64.6446609406725, -550., 1715.35533905933));
#19150 = CARTESIAN_POINT ('', (135.355339059327, -550., 1644.64466094067));
#19160 = CARTESIAN_POINT ('', (206.066017177982, -550., 1573.93398282202));
#19170 = B_SPLINE_CURVE_WITH_KNOTS ('', 3, (#19130, #19140, #19150, #19160), .UNSPECIFIED., .F., .U., (4, 4), (0., 300.), .UNSPECIFIED.);
#19180 = EDGE_CURVE ('', #19100, #19120, #19170, .T.);
#19190 = ORIENTED_EDGE ('', *, *, #19180, .T.);
#19200 = CARTESIAN_POINT ('', (206.066017177982, 550., 1573.93398282202));
#19210 = VERTEX_POINT ('', #19200);
#19220 = CARTESIAN_POINT ('', (206.066017177982, -550., 1573.93398282202));
#19230 = CARTESIAN_POINT ('', (206.066017177982, -183.333333333333, 1573.93398282202));
#19240 = CARTESIAN_POINT ('', (206.066017177982, 183.333333333333, 1573.93398282202));
#19250 = CARTESIAN_POINT ('', (206.066017177982, 550., 1573.93398282202));
#19260 = B_SPLINE_CURVE_WITH_KNOTS ('', 3, (#19220, #19230, #19240, #19250), .UNSPECIFIED., .F., .U., (4, 4), (0., 1100.), .UNSPECIFIED.);
#19270 = EDGE_CURVE ('', #19120, #19210, #19260, .T.);
#19280 = ORIENTED_EDGE ('', *, *, #19270, .T.);
#19290 = CARTESIAN_POINT ('', (-6.06601717798225, 550., 1786.06601717798));
#19300 = VERTEX_POINT ('', #19290);
#19310 = CARTESIAN_POINT ('', (206.066017177982, 550., 1573.93398282202));
#19320 = CARTESIAN_POINT ('', (135.355339059327, 550., 1644.64466094067));
#19330 = CARTESIAN_POINT ('', (64.6446609406725, 550., 1715.35533905933));
#19340 = CARTESIAN_POINT ('', (-6.06601717798225, 550., 1786.06601717798));
#19350 = B_SPLINE_CURVE_WITH_KNOTS ('', 3, (#19310, #19320, #19330, #19340), .UNSPECIFIED., .F., .U., (4, 4), (0., 300.), .UNSPECIFIED.);
#19360 = EDGE_CURVE ('', #19210, #19300, #19350, .T.);
#19370 = ORIENTED_EDGE ('', *, *, #19360, .T.);
#19380 = CARTESIAN_POINT ('', (-6.06601717798225, 550., 1786.06601717798));
#19390 = CARTESIAN_POINT ('', (-6.06601717798225, 183.333333333333, 1786.06601717798));
#19400 = CARTESIAN_POINT ('', (-6.06601717798225, -183.333333333333, 1786.06601717798));
#19410 = CARTESIAN_POINT ('', (-6.06601717798225, -550., 1786.06601717798));
#19420 = B_SPLINE_CURVE_WITH_KNOTS ('', 3, (#19380, #19390, #19400, #19410), .UNSPECIFIED., .F., .U., (4, 4), (0., 1100.), .UNSPECIFIED.);
#19430 = EDGE_CURVE ('', #19300, #19100, #19420, .T.);
#19440 = ORIENTED_EDGE ('', *, *, #19430, .T.);
#19450 = EDGE_LOOP ('', (#19190, #19280, #19370, #19440));
#19460 = FACE_OUTER_BOUND ('', #19450, .T.);
#19470 = CARTESIAN_POINT ('', (-6.06601717798225, -550., 1786.06601717798));
#19480 = CARTESIAN_POINT ('', (-6.06601717798225, 550., 1786.06601717798));
#19490 = CARTESIAN_POINT ('', (206.066017177982, -550., 1573.93398282202));
#19500 = CARTESIAN_POINT ('', (206.066017177982, 550., 1573.93398282202));
#19510 = B_SPLINE_SURFACE_WITH_KNOTS ('', 1, 1, ((#19470, #19480), (#19490, #19500)), .UNSPECIFIED., .F., .F., .U., (2, 2), (2, 2), (0.00377191379423855, 0.996228086205761), (0.00103437879866021, 0.99896562120134), .UNSPECIFIED.);
#19520 = ADVANCED_FACE ('', (#19460), #19510, .T.);
#19530 = OPEN_SHELL ('', (#19520));
#19540 = SHELL_BASED_SURFACE_MODEL ('', (#19530));
#19550 = (
   LENGTH_UNIT ()
   NAMED_UNIT (*)
   SI_UNIT (.MILLI., .METRE.)
);
#19560 = (
   NAMED_UNIT (*)
   SI_UNIT ($, .STERADIAN.)
   SOLID_ANGLE_UNIT ()
);
#19570 = (
   NAMED_UNIT (*)
   SI_UNIT ($, .RADIAN.)
   PLANE_ANGLE_UNIT ()
);
#19580 = UNCERTAINTY_MEASURE_WITH_UNIT (LENGTH_MEASURE(1.E-5), #19550, 'DISTANCE_ACCURACY_VALUE', '');
#19590 = (
   GEOMETRIC_REPRESENTATION_CONTEXT (3)
   GLOBAL_UNCERTAINTY_ASSIGNED_CONTEXT ((#19580))
   GLOBAL_UNIT_ASSIGNED_CONTEXT ((#19550, #19560, #19570))
   REPRESENTATION_CONTEXT ('', '3D')
);
#19600 = MANIFOLD_SURFACE_SHAPE_REPRESENTATION ('', (#19540), #19590);
#19610 = APPLICATION_CONTEXT ('configuration controlled 3D designs of mechanical parts and assemblies');
#19620 = APPLICATION_PROTOCOL_DEFINITION ('International Standard', 'config_control_design', 1997, #19610);
#19630 = MECHANICAL_CONTEXT ('', #19610, 'mechanical');
#19640 = PRODUCT ('product-name', '', '', (#19630));
#19650 = PERSON_AND_ORGANIZATION_ROLE ('design_owner');
#19660 = PERSON ('', '', $, $, $, $);
#19670 = ORGANIZATION ($, '', '');
#19680 = PERSON_AND_ORGANIZATION (#19660, #19670);
#19690 = CC_DESIGN_PERSON_AND_ORGANIZATION_ASSIGNMENT (#19680, #19650, (#19640));
#19700 = PRODUCT_RELATED_PRODUCT_CATEGORY ('detail', $, (#19640));
#19710 = PRODUCT_DEFINITION_FORMATION_WITH_SPECIFIED_SOURCE ('', '', #19640, .NOT_KNOWN.);
#19720 = APPROVAL_STATUS ('approved');
#19730 = APPROVAL (#19720, '');
#19740 = CALENDAR_DATE (2018, 18, 12);
#19750 = COORDINATED_UNIVERSAL_TIME_OFFSET (0, $, .AHEAD.);
#19760 = LOCAL_TIME (18, 45, 35., #19750);
#19770 = DATE_AND_TIME (#19740, #19760);
#19780 = APPROVAL_DATE_TIME (#19770, #19730);
#19790 = APPROVAL_ROLE ('');
#19800 = PERSON ('', '', $, $, $, $);
#19810 = ORGANIZATION ($, '', '');
#19820 = PERSON_AND_ORGANIZATION (#19800, #19810);
#19830 = APPROVAL_PERSON_ORGANIZATION (#19820, #19730, #19790);
#19840 = CC_DESIGN_APPROVAL (#19730, (#19710));
#19850 = PERSON_AND_ORGANIZATION_ROLE ('creator');
#19860 = PERSON ('', '', $, $, $, $);
#19870 = ORGANIZATION ($, '', '');
#19880 = PERSON_AND_ORGANIZATION (#19860, #19870);
#19890 = CC_DESIGN_PERSON_AND_ORGANIZATION_ASSIGNMENT (#19880, #19850, (#19710));
#19900 = PERSON_AND_ORGANIZATION_ROLE ('part_supplier');
#19910 = PERSON ('', '', $, $, $, $);
#19920 = ORGANIZATION ($, '', '');
#19930 = PERSON_AND_ORGANIZATION (#19910, #19920);
#19940 = CC_DESIGN_PERSON_AND_ORGANIZATION_ASSIGNMENT (#19930, #19900, (#19710));
#19950 = SECURITY_CLASSIFICATION_LEVEL ('unclassified');
#19960 = SECURITY_CLASSIFICATION ('', '', #19950);
#19970 = APPROVAL_STATUS ('approved');
#19980 = APPROVAL (#19970, '');
#19990 = CALENDAR_DATE (2018, 18, 12);
#20000 = COORDINATED_UNIVERSAL_TIME_OFFSET (0, $, .AHEAD.);
#20010 = LOCAL_TIME (18, 45, 35., #20000);
#20020 = DATE_AND_TIME (#19990, #20010);
#20030 = APPROVAL_DATE_TIME (#20020, #19980);
#20040 = APPROVAL_ROLE ('');
#20050 = PERSON ('', '', $, $, $, $);
#20060 = ORGANIZATION ($, '', '');
#20070 = PERSON_AND_ORGANIZATION (#20050, #20060);
#20080 = APPROVAL_PERSON_ORGANIZATION (#20070, #19980, #20040);
#20090 = CC_DESIGN_APPROVAL (#19980, (#19960));
#20100 = DATE_TIME_ROLE ('classification_date');
#20110 = CALENDAR_DATE (2018, 18, 12);
#20120 = COORDINATED_UNIVERSAL_TIME_OFFSET (0, $, .AHEAD.);
#20130 = LOCAL_TIME (18, 45, 35., #20120);
#20140 = DATE_AND_TIME (#20110, #20130);
#20150 = CC_DESIGN_DATE_AND_TIME_ASSIGNMENT (#20140, #20100, (#19960));
#20160 = PERSON_AND_ORGANIZATION_ROLE ('classification_officer');
#20170 = PERSON ('', '', $, $, $, $);
#20180 = ORGANIZATION ($, '', '');
#20190 = PERSON_AND_ORGANIZATION (#20170, #20180);
#20200 = CC_DESIGN_PERSON_AND_ORGANIZATION_ASSIGNMENT (#20190, #20160, (#19960));
#20210 = CC_DESIGN_SECURITY_CLASSIFICATION (#19960, (#19710));
#20220 = DESIGN_CONTEXT ('', #19610, 'design');
#20230 = PRODUCT_DEFINITION ('', '', #19710, #20220);
#20240 = APPROVAL_STATUS ('approved');
#20250 = APPROVAL (#20240, '');
#20260 = CALENDAR_DATE (2018, 18, 12);
#20270 = COORDINATED_UNIVERSAL_TIME_OFFSET (0, $, .AHEAD.);
#20280 = LOCAL_TIME (18, 45, 35., #20270);
#20290 = DATE_AND_TIME (#20260, #20280);
#20300 = APPROVAL_DATE_TIME (#20290, #20250);
#20310 = APPROVAL_ROLE ('');
#20320 = PERSON ('', '', $, $, $, $);
#20330 = ORGANIZATION ($, '', '');
#20340 = PERSON_AND_ORGANIZATION (#20320, #20330);
#20350 = APPROVAL_PERSON_ORGANIZATION (#20340, #20250, #20310);
#20360 = CC_DESIGN_APPROVAL (#20250, (#20230));
#20370 = DATE_TIME_ROLE ('creation_date');
#20380 = CALENDAR_DATE (2018, 18, 12);
#20390 = COORDINATED_UNIVERSAL_TIME_OFFSET (0, $, .AHEAD.);
#20400 = LOCAL_TIME (18, 45, 35., #20390);
#20410 = DATE_AND_TIME (#20380, #20400);
#20420 = CC_DESIGN_DATE_AND_TIME_ASSIGNMENT (#20410, #20370, (#20230));
#20430 = PERSON_AND_ORGANIZATION_ROLE ('creator');
#20440 = PERSON ('', '', $, $, $, $);
#20450 = ORGANIZATION ($, '', '');
#20460 = PERSON_AND_ORGANIZATION (#20440, #20450);
#20470 = CC_DESIGN_PERSON_AND_ORGANIZATION_ASSIGNMENT (#20460, #20430, (#20230));
#20480 = PRODUCT_DEFINITION_SHAPE ('', '', #20230);
#20490 = SHAPE_DEFINITION_REPRESENTATION (#20480, #19600);
#20500 = CARTESIAN_POINT ('', (-50., -550., 2180.));
#20510 = VERTEX_POINT ('', #20500);
#20520 = CARTESIAN_POINT ('', (250., -550., 2180.));
#20530 = VERTEX_POINT ('', #20520);
#20540 = CARTESIAN_POINT ('', (-50., -550., 2180.));
#20550 = CARTESIAN_POINT ('', (50.0000000000001, -550., 2180.));
#20560 = CARTESIAN_POINT ('', (150., -550., 2180.));
#20570 = CARTESIAN_POINT ('', (250., -550., 2180.));
#20580 = B_SPLINE_CURVE_WITH_KNOTS ('', 3, (#20540, #20550, #20560, #20570), .UNSPECIFIED., .F., .U., (4, 4), (0., 300.), .UNSPECIFIED.);
#20590 = EDGE_CURVE ('', #20510, #20530, #20580, .T.);
#20600 = ORIENTED_EDGE ('', *, *, #20590, .F.);
#20610 = CARTESIAN_POINT ('', (-50., 550., 2180.));
#20620 = VERTEX_POINT ('', #20610);
#20630 = CARTESIAN_POINT ('', (-50., 550., 2180.));
#20640 = CARTESIAN_POINT ('', (-50., 183.333333333333, 2180.));
#20650 = CARTESIAN_POINT ('', (-50., -183.333333333333, 2180.));
#20660 = CARTESIAN_POINT ('', (-50., -550., 2180.));
#20670 = B_SPLINE_CURVE_WITH_KNOTS ('', 3, (#20630, #20640, #20650, #20660), .UNSPECIFIED., .F., .U., (4, 4), (0., 1100.), .UNSPECIFIED.);
#20680 = EDGE_CURVE ('', #20620, #20510, #20670, .T.);
#20690 = ORIENTED_EDGE ('', *, *, #20680, .F.);
#20700 = CARTESIAN_POINT ('', (250., 550., 2180.));
#20710 = VERTEX_POINT ('', #20700);
#20720 = CARTESIAN_POINT ('', (250., 550., 2180.));
#20730 = CARTESIAN_POINT ('', (150., 550., 2180.));
#20740 = CARTESIAN_POINT ('', (49.9999999999999, 550., 2180.));
#20750 = CARTESIAN_POINT ('', (-50., 550., 2180.));
#20760 = B_SPLINE_CURVE_WITH_KNOTS ('', 3, (#20720, #20730, #20740, #20750), .UNSPECIFIED., .F., .U., (4, 4), (0., 300.), .UNSPECIFIED.);
#20770 = EDGE_CURVE ('', #20710, #20620, #20760, .T.);
#20780 = ORIENTED_EDGE ('', *, *, #20770, .F.);
#20790 = CARTESIAN_POINT ('', (250., -550., 2180.));
#20800 = CARTESIAN_POINT ('', (250., -183.333333333333, 2180.));
#20810 = CARTESIAN_POINT ('', (250., 183.333333333333, 2180.));
#20820 = CARTESIAN_POINT ('', (250., 550., 2180.));
#20830 = B_SPLINE_CURVE_WITH_KNOTS ('', 3, (#20790, #20800, #20810, #20820), .UNSPECIFIED., .F., .U., (4, 4), (0., 1100.), .UNSPECIFIED.);
#20840 = EDGE_CURVE ('', #20530, #20710, #20830, .T.);
#20850 = ORIENTED_EDGE ('', *, *, #20840, .F.);
#20860 = EDGE_LOOP ('', (#20600, #20690, #20780, #20850));
#20870 = FACE_OUTER_BOUND ('', #20860, .T.);
#20880 = CARTESIAN_POINT ('', (-50.0000000000002, -550., 2180.));
#20890 = CARTESIAN_POINT ('', (99.9999999999999, -550., 2180.));
#20900 = CARTESIAN_POINT ('', (250., -550., 2180.));
#20910 = CARTESIAN_POINT ('', (-50.0000000000002, 550., 2180.));
#20920 = CARTESIAN_POINT ('', (99.9999999999999, 550., 2180.));
#20930 = CARTESIAN_POINT ('', (250., 550., 2180.));
#20940 = B_SPLINE_SURFACE_WITH_KNOTS ('', 1, 2, ((#20880, #20890, #20900), (#20910, #20920, #20930)), .UNSPECIFIED., .F., .F., .U., (2, 2), (3, 3), (0.0010343787986602, 0.99896562120134), (0.0912838915109596, 0.893422928944115), .UNSPECIFIED.);
#20950 = ADVANCED_FACE ('', (#20870), #20940, .T.);
#20960 = OPEN_SHELL ('', (#20950));
#20970 = SHELL_BASED_SURFACE_MODEL ('', (#20960));
#20980 = (
   LENGTH_UNIT ()
   NAMED_UNIT (*)
   SI_UNIT (.MILLI., .METRE.)
);
#20990 = (
   NAMED_UNIT (*)
   SI_UNIT ($, .STERADIAN.)
   SOLID_ANGLE_UNIT ()
);
#21000 = (
   NAMED_UNIT (*)
   SI_UNIT ($, .RADIAN.)
   PLANE_ANGLE_UNIT ()
);
#21010 = UNCERTAINTY_MEASURE_WITH_UNIT (LENGTH_MEASURE(1.E-5), #20980, 'DISTANCE_ACCURACY_VALUE', '');
#21020 = (
   GEOMETRIC_REPRESENTATION_CONTEXT (3)
   GLOBAL_UNCERTAINTY_ASSIGNED_CONTEXT ((#21010))
   GLOBAL_UNIT_ASSIGNED_CONTEXT ((#20980, #20990, #21000))
   REPRESENTATION_CONTEXT ('', '3D')
);
#21030 = MANIFOLD_SURFACE_SHAPE_REPRESENTATION ('', (#20970), #21020);
#21040 = APPLICATION_CONTEXT ('configuration controlled 3D designs of mechanical parts and assemblies');
#21050 = APPLICATION_PROTOCOL_DEFINITION ('International Standard', 'config_control_design', 1997, #21040);
#21060 = MECHANICAL_CONTEXT ('', #21040, 'mechanical');
#21070 = PRODUCT ('product-name', '', '', (#21060));
#21080 = PERSON_AND_ORGANIZATION_ROLE ('design_owner');
#21090 = PERSON ('', '', $, $, $, $);
#21100 = ORGANIZATION ($, '', '');
#21110 = PERSON_AND_ORGANIZATION (#21090, #21100);
#21120 = CC_DESIGN_PERSON_AND_ORGANIZATION_ASSIGNMENT (#21110, #21080, (#21070));
#21130 = PRODUCT_RELATED_PRODUCT_CATEGORY ('detail', $, (#21070));
#21140 = PRODUCT_DEFINITION_FORMATION_WITH_SPECIFIED_SOURCE ('', '', #21070, .NOT_KNOWN.);
#21150 = APPROVAL_STATUS ('approved');
#21160 = APPROVAL (#21150, '');
#21170 = CALENDAR_DATE (2018, 18, 12);
#21180 = COORDINATED_UNIVERSAL_TIME_OFFSET (0, $, .AHEAD.);
#21190 = LOCAL_TIME (18, 45, 35., #21180);
#21200 = DATE_AND_TIME (#21170, #21190);
#21210 = APPROVAL_DATE_TIME (#21200, #21160);
#21220 = APPROVAL_ROLE ('');
#21230 = PERSON ('', '', $, $, $, $);
#21240 = ORGANIZATION ($, '', '');
#21250 = PERSON_AND_ORGANIZATION (#21230, #21240);
#21260 = APPROVAL_PERSON_ORGANIZATION (#21250, #21160, #21220);
#21270 = CC_DESIGN_APPROVAL (#21160, (#21140));
#21280 = PERSON_AND_ORGANIZATION_ROLE ('creator');
#21290 = PERSON ('', '', $, $, $, $);
#21300 = ORGANIZATION ($, '', '');
#21310 = PERSON_AND_ORGANIZATION (#21290, #21300);
#21320 = CC_DESIGN_PERSON_AND_ORGANIZATION_ASSIGNMENT (#21310, #21280, (#21140));
#21330 = PERSON_AND_ORGANIZATION_ROLE ('part_supplier');
#21340 = PERSON ('', '', $, $, $, $);
#21350 = ORGANIZATION ($, '', '');
#21360 = PERSON_AND_ORGANIZATION (#21340, #21350);
#21370 = CC_DESIGN_PERSON_AND_ORGANIZATION_ASSIGNMENT (#21360, #21330, (#21140));
#21380 = SECURITY_CLASSIFICATION_LEVEL ('unclassified');
#21390 = SECURITY_CLASSIFICATION ('', '', #21380);
#21400 = APPROVAL_STATUS ('approved');
#21410 = APPROVAL (#21400, '');
#21420 = CALENDAR_DATE (2018, 18, 12);
#21430 = COORDINATED_UNIVERSAL_TIME_OFFSET (0, $, .AHEAD.);
#21440 = LOCAL_TIME (18, 45, 35., #21430);
#21450 = DATE_AND_TIME (#21420, #21440);
#21460 = APPROVAL_DATE_TIME (#21450, #21410);
#21470 = APPROVAL_ROLE ('');
#21480 = PERSON ('', '', $, $, $, $);
#21490 = ORGANIZATION ($, '', '');
#21500 = PERSON_AND_ORGANIZATION (#21480, #21490);
#21510 = APPROVAL_PERSON_ORGANIZATION (#21500, #21410, #21470);
#21520 = CC_DESIGN_APPROVAL (#21410, (#21390));
#21530 = DATE_TIME_ROLE ('classification_date');
#21540 = CALENDAR_DATE (2018, 18, 12);
#21550 = COORDINATED_UNIVERSAL_TIME_OFFSET (0, $, .AHEAD.);
#21560 = LOCAL_TIME (18, 45, 35., #21550);
#21570 = DATE_AND_TIME (#21540, #21560);
#21580 = CC_DESIGN_DATE_AND_TIME_ASSIGNMENT (#21570, #21530, (#21390));
#21590 = PERSON_AND_ORGANIZATION_ROLE ('classification_officer');
#21600 = PERSON ('', '', $, $, $, $);
#21610 = ORGANIZATION ($, '', '');
#21620 = PERSON_AND_ORGANIZATION (#21600, #21610);
#21630 = CC_DESIGN_PERSON_AND_ORGANIZATION_ASSIGNMENT (#21620, #21590, (#21390));
#21640 = CC_DESIGN_SECURITY_CLASSIFICATION (#21390, (#21140));
#21650 = DESIGN_CONTEXT ('', #21040, 'design');
#21660 = PRODUCT_DEFINITION ('', '', #21140, #21650);
#21670 = APPROVAL_STATUS ('approved');
#21680 = APPROVAL (#21670, '');
#21690 = CALENDAR_DATE (2018, 18, 12);
#21700 = COORDINATED_UNIVERSAL_TIME_OFFSET (0, $, .AHEAD.);
#21710 = LOCAL_TIME (18, 45, 35., #21700);
#21720 = DATE_AND_TIME (#21690, #21710);
#21730 = APPROVAL_DATE_TIME (#21720, #21680);
#21740 = APPROVAL_ROLE ('');
#21750 = PERSON ('', '', $, $, $, $);
#21760 = ORGANIZATION ($, '', '');
#21770 = PERSON_AND_ORGANIZATION (#21750, #21760);
#21780 = APPROVAL_PERSON_ORGANIZATION (#21770, #21680, #21740);
#21790 = CC_DESIGN_APPROVAL (#21680, (#21660));
#21800 = DATE_TIME_ROLE ('creation_date');
#21810 = CALENDAR_DATE (2018, 18, 12);
#21820 = COORDINATED_UNIVERSAL_TIME_OFFSET (0, $, .AHEAD.);
#21830 = LOCAL_TIME (18, 45, 35., #21820);
#21840 = DATE_AND_TIME (#21810, #21830);
#21850 = CC_DESIGN_DATE_AND_TIME_ASSIGNMENT (#21840, #21800, (#21660));
#21860 = PERSON_AND_ORGANIZATION_ROLE ('creator');
#21870 = PERSON ('', '', $, $, $, $);
#21880 = ORGANIZATION ($, '', '');
#21890 = PERSON_AND_ORGANIZATION (#21870, #21880);
#21900 = CC_DESIGN_PERSON_AND_ORGANIZATION_ASSIGNMENT (#21890, #21860, (#21660));
#21910 = PRODUCT_DEFINITION_SHAPE ('', '', #21660);
#21920 = SHAPE_DEFINITION_REPRESENTATION (#21910, #21030);
#21930 = CARTESIAN_POINT ('', (-60., -60., 0.));
#21940 = VERTEX_POINT ('', #21930);
#21950 = CARTESIAN_POINT ('', (60., -60., 0.));
#21960 = VERTEX_POINT ('', #21950);
#21970 = CARTESIAN_POINT ('', (-60., -60., 0.));
#21980 = CARTESIAN_POINT ('', (-20., -60., 0.));
#21990 = CARTESIAN_POINT ('', (20., -60., 0.));
#22000 = CARTESIAN_POINT ('', (60., -60., 0.));
#22010 = B_SPLINE_CURVE_WITH_KNOTS ('', 3, (#21970, #21980, #21990, #22000), .UNSPECIFIED., .F., .U., (4, 4), (0., 120.), .UNSPECIFIED.);
#22020 = EDGE_CURVE ('', #21940, #21960, #22010, .T.);
#22030 = ORIENTED_EDGE ('', *, *, #22020, .T.);
#22040 = CARTESIAN_POINT ('', (60., 60., 0.));
#22050 = VERTEX_POINT ('', #22040);
#22060 = CARTESIAN_POINT ('', (60., -60., 0.));
#22070 = CARTESIAN_POINT ('', (60., -20., 0.));
#22080 = CARTESIAN_POINT ('', (60., 20., 0.));
#22090 = CARTESIAN_POINT ('', (60., 60., 0.));
#22100 = B_SPLINE_CURVE_WITH_KNOTS ('', 3, (#22060, #22070, #22080, #22090), .UNSPECIFIED., .F., .U., (4, 4), (0., 120.), .UNSPECIFIED.);
#22110 = EDGE_CURVE ('', #21960, #22050, #22100, .T.);
#22120 = ORIENTED_EDGE ('', *, *, #22110, .T.);
#22130 = CARTESIAN_POINT ('', (-60., 60., 0.));
#22140 = VERTEX_POINT ('', #22130);
#22150 = CARTESIAN_POINT ('', (60., 60., 0.));
#22160 = CARTESIAN_POINT ('', (20., 60., 0.));
#22170 = CARTESIAN_POINT ('', (-20., 60., 0.));
#22180 = CARTESIAN_POINT ('', (-60., 60., 0.));
#22190 = B_SPLINE_CURVE_WITH_KNOTS ('', 3, (#22150, #22160, #22170, #22180), .UNSPECIFIED., .F., .U., (4, 4), (0., 120.), .UNSPECIFIED.);
#22200 = EDGE_CURVE ('', #22050, #22140, #22190, .T.);
#22210 = ORIENTED_EDGE ('', *, *, #22200, .T.);
#22220 = CARTESIAN_POINT ('', (-60., 60., 0.));
#22230 = CARTESIAN_POINT ('', (-60., 20., 0.));
#22240 = CARTESIAN_POINT ('', (-60., -20., 0.));
#22250 = CARTESIAN_POINT ('', (-60., -60., 0.));
#22260 = B_SPLINE_CURVE_WITH_KNOTS ('', 3, (#22220, #22230, #22240, #22250), .UNSPECIFIED., .F., .U., (4, 4), (0., 120.), .UNSPECIFIED.);
#22270 = EDGE_CURVE ('', #22140, #21940, #22260, .T.);
#22280 = ORIENTED_EDGE ('', *, *, #22270, .T.);
#22290 = EDGE_LOOP ('', (#22030, #22120, #22210, #22280));
#22300 = FACE_OUTER_BOUND ('', #22290, .T.);
#22310 = CARTESIAN_POINT ('', (-60., -60., 0.));
#22320 = CARTESIAN_POINT ('', (-60., 60., 0.));
#22330 = CARTESIAN_POINT ('', (60., -60., 0.));
#22340 = CARTESIAN_POINT ('', (60., 60., 0.));
#22350 = B_SPLINE_SURFACE_WITH_KNOTS ('', 1, 1, ((#22310, #22320), (#22330, #22340)), .UNSPECIFIED., .F., .F., .U., (2, 2), (2, 2), (0.00141022484417187, 0.998589775155828), (0.00141022484417187, 0.998589775155828), .UNSPECIFIED.);
#22360 = ADVANCED_FACE ('', (#22300), #22350, .T.);
#22370 = OPEN_SHELL ('', (#22360));
#22380 = SHELL_BASED_SURFACE_MODEL ('', (#22370));
#22390 = (
   LENGTH_UNIT ()
   NAMED_UNIT (*)
   SI_UNIT (.MILLI., .METRE.)
);
#22400 = (
   NAMED_UNIT (*)
   SI_UNIT ($, .STERADIAN.)
   SOLID_ANGLE_UNIT ()
);
#22410 = (
   NAMED_UNIT (*)
   SI_UNIT ($, .RADIAN.)
   PLANE_ANGLE_UNIT ()
);
#22420 = UNCERTAINTY_MEASURE_WITH_UNIT (LENGTH_MEASURE(1.E-5), #22390, 'DISTANCE_ACCURACY_VALUE', '');
#22430 = (
   GEOMETRIC_REPRESENTATION_CONTEXT (3)
   GLOBAL_UNCERTAINTY_ASSIGNED_CONTEXT ((#22420))
   GLOBAL_UNIT_ASSIGNED_CONTEXT ((#22390, #22400, #22410))
   REPRESENTATION_CONTEXT ('', '3D')
);
#22440 = MANIFOLD_SURFACE_SHAPE_REPRESENTATION ('', (#22380), #22430);
#22450 = APPLICATION_CONTEXT ('configuration controlled 3D designs of mechanical parts and assemblies');
#22460 = APPLICATION_PROTOCOL_DEFINITION ('International Standard', 'config_control_design', 1997, #22450);
#22470 = MECHANICAL_CONTEXT ('', #22450, 'mechanical');
#22480 = PRODUCT ('product-name', '', '', (#22470));
#22490 = PERSON_AND_ORGANIZATION_ROLE ('design_owner');
#22500 = PERSON ('', '', $, $, $, $);
#22510 = ORGANIZATION ($, '', '');
#22520 = PERSON_AND_ORGANIZATION (#22500, #22510);
#22530 = CC_DESIGN_PERSON_AND_ORGANIZATION_ASSIGNMENT (#22520, #22490, (#22480));
#22540 = PRODUCT_RELATED_PRODUCT_CATEGORY ('detail', $, (#22480));
#22550 = PRODUCT_DEFINITION_FORMATION_WITH_SPECIFIED_SOURCE ('', '', #22480, .NOT_KNOWN.);
#22560 = APPROVAL_STATUS ('approved');
#22570 = APPROVAL (#22560, '');
#22580 = CALENDAR_DATE (2018, 18, 12);
#22590 = COORDINATED_UNIVERSAL_TIME_OFFSET (0, $, .AHEAD.);
#22600 = LOCAL_TIME (18, 45, 35., #22590);
#22610 = DATE_AND_TIME (#22580, #22600);
#22620 = APPROVAL_DATE_TIME (#22610, #22570);
#22630 = APPROVAL_ROLE ('');
#22640 = PERSON ('', '', $, $, $, $);
#22650 = ORGANIZATION ($, '', '');
#22660 = PERSON_AND_ORGANIZATION (#22640, #22650);
#22670 = APPROVAL_PERSON_ORGANIZATION (#22660, #22570, #22630);
#22680 = CC_DESIGN_APPROVAL (#22570, (#22550));
#22690 = PERSON_AND_ORGANIZATION_ROLE ('creator');
#22700 = PERSON ('', '', $, $, $, $);
#22710 = ORGANIZATION ($, '', '');
#22720 = PERSON_AND_ORGANIZATION (#22700, #22710);
#22730 = CC_DESIGN_PERSON_AND_ORGANIZATION_ASSIGNMENT (#22720, #22690, (#22550));
#22740 = PERSON_AND_ORGANIZATION_ROLE ('part_supplier');
#22750 = PERSON ('', '', $, $, $, $);
#22760 = ORGANIZATION ($, '', '');
#22770 = PERSON_AND_ORGANIZATION (#22750, #22760);
#22780 = CC_DESIGN_PERSON_AND_ORGANIZATION_ASSIGNMENT (#22770, #22740, (#22550));
#22790 = SECURITY_CLASSIFICATION_LEVEL ('unclassified');
#22800 = SECURITY_CLASSIFICATION ('', '', #22790);
#22810 = APPROVAL_STATUS ('approved');
#22820 = APPROVAL (#22810, '');
#22830 = CALENDAR_DATE (2018, 18, 12);
#22840 = COORDINATED_UNIVERSAL_TIME_OFFSET (0, $, .AHEAD.);
#22850 = LOCAL_TIME (18, 45, 35., #22840);
#22860 = DATE_AND_TIME (#22830, #22850);
#22870 = APPROVAL_DATE_TIME (#22860, #22820);
#22880 = APPROVAL_ROLE ('');
#22890 = PERSON ('', '', $, $, $, $);
#22900 = ORGANIZATION ($, '', '');
#22910 = PERSON_AND_ORGANIZATION (#22890, #22900);
#22920 = APPROVAL_PERSON_ORGANIZATION (#22910, #22820, #22880);
#22930 = CC_DESIGN_APPROVAL (#22820, (#22800));
#22940 = DATE_TIME_ROLE ('classification_date');
#22950 = CALENDAR_DATE (2018, 18, 12);
#22960 = COORDINATED_UNIVERSAL_TIME_OFFSET (0, $, .AHEAD.);
#22970 = LOCAL_TIME (18, 45, 35., #22960);
#22980 = DATE_AND_TIME (#22950, #22970);
#22990 = CC_DESIGN_DATE_AND_TIME_ASSIGNMENT (#22980, #22940, (#22800));
#23000 = PERSON_AND_ORGANIZATION_ROLE ('classification_officer');
#23010 = PERSON ('', '', $, $, $, $);
#23020 = ORGANIZATION ($, '', '');
#23030 = PERSON_AND_ORGANIZATION (#23010, #23020);
#23040 = CC_DESIGN_PERSON_AND_ORGANIZATION_ASSIGNMENT (#23030, #23000, (#22800));
#23050 = CC_DESIGN_SECURITY_CLASSIFICATION (#22800, (#22550));
#23060 = DESIGN_CONTEXT ('', #22450, 'design');
#23070 = PRODUCT_DEFINITION ('', '', #22550, #23060);
#23080 = APPROVAL_STATUS ('approved');
#23090 = APPROVAL (#23080, '');
#23100 = CALENDAR_DATE (2018, 18, 12);
#23110 = COORDINATED_UNIVERSAL_TIME_OFFSET (0, $, .AHEAD.);
#23120 = LOCAL_TIME (18, 45, 35., #23110);
#23130 = DATE_AND_TIME (#23100, #23120);
#23140 = APPROVAL_DATE_TIME (#23130, #23090);
#23150 = APPROVAL_ROLE ('');
#23160 = PERSON ('', '', $, $, $, $);
#23170 = ORGANIZATION ($, '', '');
#23180 = PERSON_AND_ORGANIZATION (#23160, #23170);
#23190 = APPROVAL_PERSON_ORGANIZATION (#23180, #23090, #23150);
#23200 = CC_DESIGN_APPROVAL (#23090, (#23070));
#23210 = DATE_TIME_ROLE ('creation_date');
#23220 = CALENDAR_DATE (2018, 18, 12);
#23230 = COORDINATED_UNIVERSAL_TIME_OFFSET (0, $, .AHEAD.);
#23240 = LOCAL_TIME (18, 45, 35., #23230);
#23250 = DATE_AND_TIME (#23220, #23240);
#23260 = CC_DESIGN_DATE_AND_TIME_ASSIGNMENT (#23250, #23210, (#23070));
#23270 = PERSON_AND_ORGANIZATION_ROLE ('creator');
#23280 = PERSON ('', '', $, $, $, $);
#23290 = ORGANIZATION ($, '', '');
#23300 = PERSON_AND_ORGANIZATION (#23280, #23290);
#23310 = CC_DESIGN_PERSON_AND_ORGANIZATION_ASSIGNMENT (#23300, #23270, (#23070));
#23320 = PRODUCT_DEFINITION_SHAPE ('', '', #23070);
#23330 = SHAPE_DEFINITION_REPRESENTATION (#23320, #22440);
#23340 = GEOMETRIC_CURVE_SET ('', (#30, #60, #90, #120, #150, #180, #210, #240, #270, #300, #330, #360, #390, #420, #450, #480, #510, #540, #570, #600, #630, #660, #690, #720, #750, #780, #810, #840, #870, #900, #930, #960, #990, #1020, #1050, #1080, #1110, #1140, #1170, #1200, #1230, #1260, #1290, #1320, #1350));
#23350 = (
   LENGTH_UNIT ()
   NAMED_UNIT (*)
   SI_UNIT (.MILLI., .METRE.)
);
#23360 = (
   NAMED_UNIT (*)
   SI_UNIT ($, .STERADIAN.)
   SOLID_ANGLE_UNIT ()
);
#23370 = (
   NAMED_UNIT (*)
   SI_UNIT ($, .RADIAN.)
   PLANE_ANGLE_UNIT ()
);
#23380 = UNCERTAINTY_MEASURE_WITH_UNIT (LENGTH_MEASURE(1.E-5), #23350, 'DISTANCE_ACCURACY_VALUE', '');
#23390 = (
   GEOMETRIC_REPRESENTATION_CONTEXT (3)
   GLOBAL_UNCERTAINTY_ASSIGNED_CONTEXT ((#23380))
   GLOBAL_UNIT_ASSIGNED_CONTEXT ((#23350, #23360, #23370))
   REPRESENTATION_CONTEXT ('', '3D')
);
#23400 = GEOMETRICALLY_BOUNDED_WIREFRAME_SHAPE_REPRESENTATION ('', (#23340), #23390);
#23410 = APPLICATION_CONTEXT ('configuration controlled 3D designs of mechanical parts and assemblies');
#23420 = APPLICATION_PROTOCOL_DEFINITION ('International Standard', 'config_control_design', 1997, #23410);
#23430 = MECHANICAL_CONTEXT ('', #23410, 'mechanical');
#23440 = PRODUCT ('product-name', '', '', (#23430));
#23450 = PERSON_AND_ORGANIZATION_ROLE ('design_owner');
#23460 = PERSON ('', '', $, $, $, $);
#23470 = ORGANIZATION ($, '', '');
#23480 = PERSON_AND_ORGANIZATION (#23460, #23470);
#23490 = CC_DESIGN_PERSON_AND_ORGANIZATION_ASSIGNMENT (#23480, #23450, (#23440));
#23500 = PRODUCT_RELATED_PRODUCT_CATEGORY ('detail', $, (#23440));
#23510 = PRODUCT_DEFINITION_FORMATION_WITH_SPECIFIED_SOURCE ('', '', #23440, .NOT_KNOWN.);
#23520 = APPROVAL_STATUS ('approved');
#23530 = APPROVAL (#23520, '');
#23540 = CALENDAR_DATE (2018, 18, 12);
#23550 = COORDINATED_UNIVERSAL_TIME_OFFSET (0, $, .AHEAD.);
#23560 = LOCAL_TIME (18, 45, 35., #23550);
#23570 = DATE_AND_TIME (#23540, #23560);
#23580 = APPROVAL_DATE_TIME (#23570, #23530);
#23590 = APPROVAL_ROLE ('');
#23600 = PERSON ('', '', $, $, $, $);
#23610 = ORGANIZATION ($, '', '');
#23620 = PERSON_AND_ORGANIZATION (#23600, #23610);
#23630 = APPROVAL_PERSON_ORGANIZATION (#23620, #23530, #23590);
#23640 = CC_DESIGN_APPROVAL (#23530, (#23510));
#23650 = PERSON_AND_ORGANIZATION_ROLE ('creator');
#23660 = PERSON ('', '', $, $, $, $);
#23670 = ORGANIZATION ($, '', '');
#23680 = PERSON_AND_ORGANIZATION (#23660, #23670);
#23690 = CC_DESIGN_PERSON_AND_ORGANIZATION_ASSIGNMENT (#23680, #23650, (#23510));
#23700 = PERSON_AND_ORGANIZATION_ROLE ('part_supplier');
#23710 = PERSON ('', '', $, $, $, $);
#23720 = ORGANIZATION ($, '', '');
#23730 = PERSON_AND_ORGANIZATION (#23710, #23720);
#23740 = CC_DESIGN_PERSON_AND_ORGANIZATION_ASSIGNMENT (#23730, #23700, (#23510));
#23750 = SECURITY_CLASSIFICATION_LEVEL ('unclassified');
#23760 = SECURITY_CLASSIFICATION ('', '', #23750);
#23770 = APPROVAL_STATUS ('approved');
#23780 = APPROVAL (#23770, '');
#23790 = CALENDAR_DATE (2018, 18, 12);
#23800 = COORDINATED_UNIVERSAL_TIME_OFFSET (0, $, .AHEAD.);
#23810 = LOCAL_TIME (18, 45, 35., #23800);
#23820 = DATE_AND_TIME (#23790, #23810);
#23830 = APPROVAL_DATE_TIME (#23820, #23780);
#23840 = APPROVAL_ROLE ('');
#23850 = PERSON ('', '', $, $, $, $);
#23860 = ORGANIZATION ($, '', '');
#23870 = PERSON_AND_ORGANIZATION (#23850, #23860);
#23880 = APPROVAL_PERSON_ORGANIZATION (#23870, #23780, #23840);
#23890 = CC_DESIGN_APPROVAL (#23780, (#23760));
#23900 = DATE_TIME_ROLE ('classification_date');
#23910 = CALENDAR_DATE (2018, 18, 12);
#23920 = COORDINATED_UNIVERSAL_TIME_OFFSET (0, $, .AHEAD.);
#23930 = LOCAL_TIME (18, 45, 35., #23920);
#23940 = DATE_AND_TIME (#23910, #23930);
#23950 = CC_DESIGN_DATE_AND_TIME_ASSIGNMENT (#23940, #23900, (#23760));
#23960 = PERSON_AND_ORGANIZATION_ROLE ('classification_officer');
#23970 = PERSON ('', '', $, $, $, $);
#23980 = ORGANIZATION ($, '', '');
#23990 = PERSON_AND_ORGANIZATION (#23970, #23980);
#24000 = CC_DESIGN_PERSON_AND_ORGANIZATION_ASSIGNMENT (#23990, #23960, (#23760));
#24010 = CC_DESIGN_SECURITY_CLASSIFICATION (#23760, (#23510));
#24020 = DESIGN_CONTEXT ('', #23410, 'design');
#24030 = PRODUCT_DEFINITION ('', '', #23510, #24020);
#24040 = APPROVAL_STATUS ('approved');
#24050 = APPROVAL (#24040, '');
#24060 = CALENDAR_DATE (2018, 18, 12);
#24070 = COORDINATED_UNIVERSAL_TIME_OFFSET (0, $, .AHEAD.);
#24080 = LOCAL_TIME (18, 45, 35., #24070);
#24090 = DATE_AND_TIME (#24060, #24080);
#24100 = APPROVAL_DATE_TIME (#24090, #24050);
#24110 = APPROVAL_ROLE ('');
#24120 = PERSON ('', '', $, $, $, $);
#24130 = ORGANIZATION ($, '', '');
#24140 = PERSON_AND_ORGANIZATION (#24120, #24130);
#24150 = APPROVAL_PERSON_ORGANIZATION (#24140, #24050, #24110);
#24160 = CC_DESIGN_APPROVAL (#24050, (#24030));
#24170 = DATE_TIME_ROLE ('creation_date');
#24180 = CALENDAR_DATE (2018, 18, 12);
#24190 = COORDINATED_UNIVERSAL_TIME_OFFSET (0, $, .AHEAD.);
#24200 = LOCAL_TIME (18, 45, 35., #24190);
#24210 = DATE_AND_TIME (#24180, #24200);
#24220 = CC_DESIGN_DATE_AND_TIME_ASSIGNMENT (#24210, #24170, (#24030));
#24230 = PERSON_AND_ORGANIZATION_ROLE ('creator');
#24240 = PERSON ('', '', $, $, $, $);
#24250 = ORGANIZATION ($, '', '');
#24260 = PERSON_AND_ORGANIZATION (#24240, #24250);
#24270 = CC_DESIGN_PERSON_AND_ORGANIZATION_ASSIGNMENT (#24260, #24230, (#24030));
#24280 = PRODUCT_DEFINITION_SHAPE ('', '', #24030);
#24290 = SHAPE_DEFINITION_REPRESENTATION (#24280, #23400);
ENDSEC;
END-ISO-10303-21;
