ISO-10303-21;
HEADER;
FILE_DESCRIPTION ((), '1');
FILE_NAME ('D:\MIRmaterial\MIRoptical\illumination\MIR_optics_Tx_combine3.stp', '2018-12-18T20:22:04', ('Unknown'), ('Unknown'), 'HarmonyWare STEP v1.1.9', 'HarmonyWare Translators', '');
FILE_SCHEMA (('CONFIG_CONTROL_DESIGN'));
ENDSEC;

DATA;
#10 = CARTESIAN_POINT ('', (0., 0., 0.));
#20 = CARTESIAN_POINT ('', (0., 0., 150.));
#30 = B_SPLINE_CURVE_WITH_KNOTS ('', 1, (#10, #20), .UNSPECIFIED., .F., .U., (2, 2), (0., 1.), .UNSPECIFIED.);
#40 = CARTESIAN_POINT ('', (0., 0., 150.));
#50 = CARTESIAN_POINT ('', (0., 0., 190.));
#60 = B_SPLINE_CURVE_WITH_KNOTS ('', 1, (#40, #50), .UNSPECIFIED., .F., .U., (2, 2), (0., 1.), .UNSPECIFIED.);
#70 = CARTESIAN_POINT ('', (0., 0., 190.));
#80 = CARTESIAN_POINT ('', (0., 0., 490.));
#90 = B_SPLINE_CURVE_WITH_KNOTS ('', 1, (#70, #80), .UNSPECIFIED., .F., .U., (2, 2), (0., 1.), .UNSPECIFIED.);
#100 = CARTESIAN_POINT ('', (0., 0., 490.));
#110 = CARTESIAN_POINT ('', (0., 0., 540.));
#120 = B_SPLINE_CURVE_WITH_KNOTS ('', 1, (#100, #110), .UNSPECIFIED., .F., .U., (2, 2), (0., 1.), .UNSPECIFIED.);
#130 = CARTESIAN_POINT ('', (0., 0., 540.));
#140 = CARTESIAN_POINT ('', (-5.6843418860808E-14, 0., 840.));
#150 = B_SPLINE_CURVE_WITH_KNOTS ('', 1, (#130, #140), .UNSPECIFIED., .F., .U., (2, 2), (0., 1.), .UNSPECIFIED.);
#160 = CARTESIAN_POINT ('', (-5.6843418860808E-14, 0., 840.));
#170 = CARTESIAN_POINT ('', (300., 0., 840.));
#180 = B_SPLINE_CURVE_WITH_KNOTS ('', 1, (#160, #170), .UNSPECIFIED., .F., .U., (2, 2), (0., 1.), .UNSPECIFIED.);
#190 = CARTESIAN_POINT ('', (300., 0., 840.));
#200 = CARTESIAN_POINT ('', (300., 0., 990.));
#210 = B_SPLINE_CURVE_WITH_KNOTS ('', 1, (#190, #200), .UNSPECIFIED., .F., .U., (2, 2), (0., 1.), .UNSPECIFIED.);
#220 = CARTESIAN_POINT ('', (0., 1.00503781519379E-7, 0.));
#230 = CARTESIAN_POINT ('', (0., 15.0508141584288, 149.753709058631));
#240 = B_SPLINE_CURVE_WITH_KNOTS ('', 1, (#220, #230), .UNSPECIFIED., .F., .U., (2, 2), (0., 1.), .UNSPECIFIED.);
#250 = CARTESIAN_POINT ('', (0., 15.0508141584288, 149.753709058631));
#260 = CARTESIAN_POINT ('', (0., 18.070942099383, 190.355092433691));
#270 = B_SPLINE_CURVE_WITH_KNOTS ('', 1, (#250, #260), .UNSPECIFIED., .F., .U., (2, 2), (0., 1.), .UNSPECIFIED.);
#280 = CARTESIAN_POINT ('', (0., 18.070942099383, 190.355092433691));
#290 = CARTESIAN_POINT ('', (0., 62.0388937335228, 490.));
#300 = B_SPLINE_CURVE_WITH_KNOTS ('', 1, (#280, #290), .UNSPECIFIED., .F., .U., (2, 2), (0., 1.), .UNSPECIFIED.);
#310 = CARTESIAN_POINT ('', (0., 62.0388937335228, 490.));
#320 = CARTESIAN_POINT ('', (0., 66.5281909872722, 540.));
#330 = B_SPLINE_CURVE_WITH_KNOTS ('', 1, (#310, #320), .UNSPECIFIED., .F., .U., (2, 2), (0., 1.), .UNSPECIFIED.);
#340 = CARTESIAN_POINT ('', (0., 66.5281909872722, 540.));
#350 = CARTESIAN_POINT ('', (-5.6843418860808E-14, 110.548246583655, 840.));
#360 = B_SPLINE_CURVE_WITH_KNOTS ('', 1, (#340, #350), .UNSPECIFIED., .F., .U., (2, 2), (0., 1.), .UNSPECIFIED.);
#370 = CARTESIAN_POINT ('', (-5.6843418860808E-14, 110.548246583655, 840.));
#380 = CARTESIAN_POINT ('', (300., 154.568302180038, 840.));
#390 = B_SPLINE_CURVE_WITH_KNOTS ('', 1, (#370, #380), .UNSPECIFIED., .F., .U., (2, 2), (0., 1.), .UNSPECIFIED.);
#400 = CARTESIAN_POINT ('', (300., 154.568302180038, 840.));
#410 = CARTESIAN_POINT ('', (300., 176.57832997823, 990.));
#420 = B_SPLINE_CURVE_WITH_KNOTS ('', 1, (#400, #410), .UNSPECIFIED., .F., .U., (2, 2), (0., 1.), .UNSPECIFIED.);
#430 = CARTESIAN_POINT ('', (0., -1.00503781519379E-7, 0.));
#440 = CARTESIAN_POINT ('', (0., -15.0508141584288, 149.753709058631));
#450 = B_SPLINE_CURVE_WITH_KNOTS ('', 1, (#430, #440), .UNSPECIFIED., .F., .U., (2, 2), (0., 1.), .UNSPECIFIED.);
#460 = CARTESIAN_POINT ('', (0., -15.0508141584288, 149.753709058631));
#470 = CARTESIAN_POINT ('', (0., -18.070942099383, 190.355092433691));
#480 = B_SPLINE_CURVE_WITH_KNOTS ('', 1, (#460, #470), .UNSPECIFIED., .F., .U., (2, 2), (0., 1.), .UNSPECIFIED.);
#490 = CARTESIAN_POINT ('', (0., -18.070942099383, 190.355092433691));
#500 = CARTESIAN_POINT ('', (0., -62.0388937335228, 490.));
#510 = B_SPLINE_CURVE_WITH_KNOTS ('', 1, (#490, #500), .UNSPECIFIED., .F., .U., (2, 2), (0., 1.), .UNSPECIFIED.);
#520 = CARTESIAN_POINT ('', (0., -62.0388937335228, 490.));
#530 = CARTESIAN_POINT ('', (0., -66.5281909872722, 540.));
#540 = B_SPLINE_CURVE_WITH_KNOTS ('', 1, (#520, #530), .UNSPECIFIED., .F., .U., (2, 2), (0., 1.), .UNSPECIFIED.);
#550 = CARTESIAN_POINT ('', (0., -66.5281909872722, 540.));
#560 = CARTESIAN_POINT ('', (-5.6843418860808E-14, -110.548246583655, 840.));
#570 = B_SPLINE_CURVE_WITH_KNOTS ('', 1, (#550, #560), .UNSPECIFIED., .F., .U., (2, 2), (0., 1.), .UNSPECIFIED.);
#580 = CARTESIAN_POINT ('', (-5.6843418860808E-14, -110.548246583655, 840.));
#590 = CARTESIAN_POINT ('', (300., -154.568302180038, 840.));
#600 = B_SPLINE_CURVE_WITH_KNOTS ('', 1, (#580, #590), .UNSPECIFIED., .F., .U., (2, 2), (0., 1.), .UNSPECIFIED.);
#610 = CARTESIAN_POINT ('', (300., -154.568302180038, 840.));
#620 = CARTESIAN_POINT ('', (300., -176.57832997823, 990.));
#630 = B_SPLINE_CURVE_WITH_KNOTS ('', 1, (#610, #620), .UNSPECIFIED., .F., .U., (2, 2), (0., 1.), .UNSPECIFIED.);
#640 = CARTESIAN_POINT ('', (1.00503781519379E-7, 0., 0.));
#650 = CARTESIAN_POINT ('', (15.104238470436, 0., 150.285274251463));
#660 = B_SPLINE_CURVE_WITH_KNOTS ('', 1, (#640, #650), .UNSPECIFIED., .F., .U., (2, 2), (0., 1.), .UNSPECIFIED.);
#670 = CARTESIAN_POINT ('', (15.104238470436, 0., 150.285274251463));
#680 = CARTESIAN_POINT ('', (16.9564071868273, 0., 189.640438713745));
#690 = B_SPLINE_CURVE_WITH_KNOTS ('', 1, (#670, #680), .UNSPECIFIED., .F., .U., (2, 2), (0., 1.), .UNSPECIFIED.);
#700 = CARTESIAN_POINT ('', (16.9564071868273, 0., 189.640438713745));
#710 = CARTESIAN_POINT ('', (31.976194719943, 0., 490.319555982748));
#720 = B_SPLINE_CURVE_WITH_KNOTS ('', 1, (#700, #710), .UNSPECIFIED., .F., .U., (2, 2), (0., 1.), .UNSPECIFIED.);
#730 = CARTESIAN_POINT ('', (31.976194719943, 0., 490.319555982748));
#740 = CARTESIAN_POINT ('', (33.113479178686, 0., 539.657306268028));
#750 = B_SPLINE_CURVE_WITH_KNOTS ('', 1, (#730, #740), .UNSPECIFIED., .F., .U., (2, 2), (0., 1.), .UNSPECIFIED.);
#760 = CARTESIAN_POINT ('', (33.113479178686, 0., 539.657306268028));
#770 = CARTESIAN_POINT ('', (41.494170023485, 0., 881.494170023485));
#780 = B_SPLINE_CURVE_WITH_KNOTS ('', 1, (#760, #770), .UNSPECIFIED., .F., .U., (2, 2), (0., 1.), .UNSPECIFIED.);
#790 = CARTESIAN_POINT ('', (41.494170023485, 0., 881.494170023485));
#800 = CARTESIAN_POINT ('', (349.034013210354, 0., 889.034013210354));
#810 = B_SPLINE_CURVE_WITH_KNOTS ('', 1, (#790, #800), .UNSPECIFIED., .F., .U., (2, 2), (0., 1.), .UNSPECIFIED.);
#820 = CARTESIAN_POINT ('', (349.034013210354, 0., 889.034013210354));
#830 = CARTESIAN_POINT ('', (350.276743078721, 0., 939.723256921279));
#840 = B_SPLINE_CURVE_WITH_KNOTS ('', 1, (#820, #830), .UNSPECIFIED., .F., .U., (2, 2), (0., 1.), .UNSPECIFIED.);
#850 = CARTESIAN_POINT ('', (-1.00503781519379E-7, 0., 0.));
#860 = CARTESIAN_POINT ('', (-15.104238470436, 0., 150.285274251463));
#870 = B_SPLINE_CURVE_WITH_KNOTS ('', 1, (#850, #860), .UNSPECIFIED., .F., .U., (2, 2), (0., 1.), .UNSPECIFIED.);
#880 = CARTESIAN_POINT ('', (-15.104238470436, 0., 150.285274251463));
#890 = CARTESIAN_POINT ('', (-16.9564071868273, 0., 189.640438713745));
#900 = B_SPLINE_CURVE_WITH_KNOTS ('', 1, (#880, #890), .UNSPECIFIED., .F., .U., (2, 2), (0., 1.), .UNSPECIFIED.);
#910 = CARTESIAN_POINT ('', (-16.9564071868273, 0., 189.640438713745));
#920 = CARTESIAN_POINT ('', (-31.976194719943, 0., 490.319555982748));
#930 = B_SPLINE_CURVE_WITH_KNOTS ('', 1, (#910, #920), .UNSPECIFIED., .F., .U., (2, 2), (0., 1.), .UNSPECIFIED.);
#940 = CARTESIAN_POINT ('', (-31.976194719943, 0., 490.319555982748));
#950 = CARTESIAN_POINT ('', (-33.113479178686, 0., 539.657306268028));
#960 = B_SPLINE_CURVE_WITH_KNOTS ('', 1, (#940, #950), .UNSPECIFIED., .F., .U., (2, 2), (0., 1.), .UNSPECIFIED.);
#970 = CARTESIAN_POINT ('', (-33.113479178686, 0., 539.657306268028));
#980 = CARTESIAN_POINT ('', (-39.508262656704, 0., 800.491737343296));
#990 = B_SPLINE_CURVE_WITH_KNOTS ('', 1, (#970, #980), .UNSPECIFIED., .F., .U., (2, 2), (0., 1.), .UNSPECIFIED.);
#1000 = CARTESIAN_POINT ('', (-39.508262656704, 0., 800.491737343296));
#1010 = CARTESIAN_POINT ('', (253.312750395285, 0., 793.312750395285));
#1020 = B_SPLINE_CURVE_WITH_KNOTS ('', 1, (#1000, #1010), .UNSPECIFIED., .F., .U., (2, 2), (0., 1.), .UNSPECIFIED.);
#1030 = CARTESIAN_POINT ('', (253.312750395285, 0., 793.312750395285));
#1040 = CARTESIAN_POINT ('', (247.196065196212, 0., 1042.80393480379));
#1050 = B_SPLINE_CURVE_WITH_KNOTS ('', 1, (#1030, #1040), .UNSPECIFIED., .F., .U., (2, 2), (0., 1.), .UNSPECIFIED.);
#1060 = CARTESIAN_POINT ('', (-90., 90., 188.862447920035));
#1070 = VERTEX_POINT ('', #1060);
#1080 = CARTESIAN_POINT ('', (90., 90., 188.862447920035));
#1090 = VERTEX_POINT ('', #1080);
#1100 = CARTESIAN_POINT ('', (-89.9999999999999, 89.9999999999999, 188.862447920035));
#1110 = CARTESIAN_POINT ('', (-45.5586511245912, 90., 198.890269339786));
#1120 = CARTESIAN_POINT ('', (-2.50373079774734E-14, 90., 198.890269339786));
#1130 = CARTESIAN_POINT ('', (45.5586511245912, 90., 198.890269339786));
#1140 = CARTESIAN_POINT ('', (90., 90., 188.862447920035));
#1150 = (
   BOUNDED_CURVE ()
   B_SPLINE_CURVE (2, (#1100, #1110, #1120, #1130, #1140), .UNSPECIFIED., .F., .U.)
   B_SPLINE_CURVE_WITH_KNOTS ((3, 2, 3), (0.424689698158694, 0.5, 0.575310301841306), .UNSPECIFIED.)
   CURVE ()
   GEOMETRIC_REPRESENTATION_ITEM ()
   RATIONAL_B_SPLINE_CURVE ((0.925057975963299, 0.955884246567775, 1., 0.955884246567774, 0.925057975963299))
   REPRESENTATION_ITEM ('')
);
#1160 = EDGE_CURVE ('', #1070, #1090, #1150, .T.);
#1170 = ORIENTED_EDGE ('', *, *, #1160, .T.);
#1180 = CARTESIAN_POINT ('', (90., 90., 151.137552079965));
#1190 = VERTEX_POINT ('', #1180);
#1200 = CARTESIAN_POINT ('', (90., 90., 151.137552079965));
#1210 = CARTESIAN_POINT ('', (90., 90., 188.862447920035));
#1220 = B_SPLINE_CURVE_WITH_KNOTS ('', 1, (#1200, #1210), .UNSPECIFIED., .F., .U., (2, 2), (0., 1.), .UNSPECIFIED.);
#1230 = EDGE_CURVE ('', #1190, #1090, #1220, .T.);
#1240 = ORIENTED_EDGE ('', *, *, #1230, .F.);
#1250 = CARTESIAN_POINT ('', (-90., 90., 151.137552079965));
#1260 = VERTEX_POINT ('', #1250);
#1270 = CARTESIAN_POINT ('', (90., 90., 151.137552079965));
#1280 = CARTESIAN_POINT ('', (88.7452179019631, 90., 150.854420916798));
#1290 = CARTESIAN_POINT ('', (87.4928175309214, 90., 150.578025288252));
#1300 = CARTESIAN_POINT ('', (86.2354217705911, 90., 150.306737118561));
#1310 = CARTESIAN_POINT ('', (84.9780959989514, 90., 150.035464049211));
#1320 = CARTESIAN_POINT ('', (83.7230506887719, 90., 149.770868624856));
#1330 = CARTESIAN_POINT ('', (82.463223198516, 90., 149.511461861298));
#1340 = CARTESIAN_POINT ('', (81.2034656898972, 90., 149.25206950742));
#1350 = CARTESIAN_POINT ('', (79.9458870742895, 90., 148.999299534226));
#1360 = CARTESIAN_POINT ('', (78.6837399964129, 90., 148.751795741165));
#1370 = CARTESIAN_POINT ('', (77.4216628960369, 90., 148.504305670512));
#1380 = CARTESIAN_POINT ('', (76.1616628322547, 90., 148.26338533147));
#1390 = CARTESIAN_POINT ('', (74.897308507698, 90., 148.02780501748));
#1400 = CARTESIAN_POINT ('', (73.6330241594161, 90., 147.792237741791));
#1410 = CARTESIAN_POINT ('', (72.370714718212, 90., 147.56319015429));
#1420 = CARTESIAN_POINT ('', (71.1042656765636, 90., 147.33955277013));
#1430 = CARTESIAN_POINT ('', (69.8378866128683, 90., 147.115927743108));
#1440 = CARTESIAN_POINT ('', (68.5733800684331, 90., 146.898774957408));
#1450 = CARTESIAN_POINT ('', (67.3049490179228, 90., 146.6870988941));
#1460 = CARTESIAN_POINT ('', (66.0365879499408, 90., 146.475434509493));
#1470 = CARTESIAN_POINT ('', (64.7699967698299, 90., 146.270197507282));
#1480 = CARTESIAN_POINT ('', (63.4996965873041, 90., 146.070500094283));
#1490 = CARTESIAN_POINT ('', (62.2294663947726, 90., 145.870813684054));
#1500 = CARTESIAN_POINT ('', (60.9609032298183, 90., 145.677512377098));
#1510 = CARTESIAN_POINT ('', (59.6888469506995, 90., 145.489809880569));
#1520 = CARTESIAN_POINT ('', (58.4168606719247, 90., 145.302117713173));
#1530 = CARTESIAN_POINT ('', (57.1464383461363, 90., 145.120770942054));
#1540 = CARTESIAN_POINT ('', (55.8727391543664, 90., 144.945078563227));
#1550 = CARTESIAN_POINT ('', (54.5991099761673, 90., 144.769395841979));
#1560 = CARTESIAN_POINT ('', (53.3269414766197, 90., 144.600021374922));
#1570 = CARTESIAN_POINT ('', (52.0517126945887, 90., 144.436353248565));
#1580 = CARTESIAN_POINT ('', (50.7765539422257, 90., 144.272694110105));
#1590 = CARTESIAN_POINT ('', (49.5027524089371, 90., 144.115308641901));
#1600 = CARTESIAN_POINT ('', (48.2261074873979, 90., 143.963677834881));
#1610 = CARTESIAN_POINT ('', (46.9495326144878, 90., 143.812055347739));
#1620 = CARTESIAN_POINT ('', (45.6742113302869, 90., 143.666674498751));
#1630 = CARTESIAN_POINT ('', (44.3962638382573, 90., 143.52709300869));
#1640 = CARTESIAN_POINT ('', (43.1183864166752, 90., 143.387519171945));
#1650 = CARTESIAN_POINT ('', (41.84165879706, 90., 143.254157487217));
#1660 = CARTESIAN_POINT ('', (40.5625224117127, 90., 143.126636241248));
#1670 = CARTESIAN_POINT ('', (39.2834561214821, 90., 142.999121983287));
#1680 = CARTESIAN_POINT ('', (38.0054357044697, 90., 142.877792931733));
#1690 = CARTESIAN_POINT ('', (36.7252242010113, 90., 142.762341785355));
#1700 = CARTESIAN_POINT ('', (35.4450828201833, 90., 142.646896962727));
#1710 = CARTESIAN_POINT ('', (34.1658832561527, 90., 142.537612936419));
#1720 = CARTESIAN_POINT ('', (32.8847104976923, 90., 142.434240672446));
#1730 = CARTESIAN_POINT ('', (31.6036078922144, 90., 142.330874068813));
#1740 = CARTESIAN_POINT ('', (30.3233429337418, 90., 142.233646382361));
#1750 = CARTESIAN_POINT ('', (29.0413228611513, 90., 142.142360709969));
#1760 = CARTESIAN_POINT ('', (27.7593729747274, 90., 142.051080035153));
#1770 = CARTESIAN_POINT ('', (26.4781564664165, 90., 141.965918925177));
#1780 = CARTESIAN_POINT ('', (25.1954030881814, 90., 141.886726479049));
#1790 = CARTESIAN_POINT ('', (23.9127199321232, 90., 141.807538368178));
#1800 = CARTESIAN_POINT ('', (22.6306658004299, 90., 141.734452992874));
#1810 = CARTESIAN_POINT ('', (21.3472931824938, 90., 141.667359332439));
#1820 = CARTESIAN_POINT ('', (20.0639908255651, 90., 141.600269345192));
#1830 = CARTESIAN_POINT ('', (18.7812130686187, 90., 141.53926778399));
#1840 = CARTESIAN_POINT ('', (17.4973353242208, 90., 141.484277392761));
#1850 = CARTESIAN_POINT ('', (16.2135278824753, 90., 141.4292900127));
#1860 = CARTESIAN_POINT ('', (14.9301405598956, 90., 141.380379266017));
#1870 = CARTESIAN_POINT ('', (13.645871839403, 90., 141.337495551029));
#1880 = CARTESIAN_POINT ('', (12.361673466017, 90., 141.294614185039));
#1890 = CARTESIAN_POINT ('', (11.0777906887294, 90., 141.257800174128));
#1900 = CARTESIAN_POINT ('', (9.7932451694647, 90., 141.227025465463));
#1910 = CARTESIAN_POINT ('', (8.50877004456418, 90., 141.196252443282));
#1920 = CARTESIAN_POINT ('', (7.2245059646139, 90., 141.171540010171));
#1930 = CARTESIAN_POINT ('', (5.93979784067906, 90., 141.15287556059));
#1940 = CARTESIAN_POINT ('', (4.65516016116434, 90., 141.134212134437));
#1950 = CARTESIAN_POINT ('', (3.37062896152866, 90., 141.121605041967));
#1960 = CARTESIAN_POINT ('', (2.0858724336263, 90., 141.115051026633));
#1970 = CARTESIAN_POINT ('', (1.51459616089931, 90., 141.11213673636));
#1980 = CARTESIAN_POINT ('', (0.943326270631587, 90., 141.11041972021));
#1990 = CARTESIAN_POINT ('', (0.37204280099984, 90., 141.109899918185));
#2000 = CARTESIAN_POINT ('', (0.118054854882539, 90., 141.109668818467));
#2010 = CARTESIAN_POINT ('', (-0.135933119216136, 90., 141.109674371134));
#2020 = CARTESIAN_POINT ('', (-0.389921054986081, 90., 141.109916576186));
#2030 = CARTESIAN_POINT ('', (-4.74373299051058, 90., 141.114068408211));
#2040 = CARTESIAN_POINT ('', (-9.09979507867581, 90., 141.187816001166));
#2050 = CARTESIAN_POINT ('', (-13.4512524836705, 90., 141.331043303528));
#2060 = CARTESIAN_POINT ('', (-16.3480083714514, 90., 141.426389412381));
#2070 = CARTESIAN_POINT ('', (-19.247249876385, 90., 141.552701051271));
#2080 = CARTESIAN_POINT ('', (-22.1413221351219, 90., 141.709644719752));
#2090 = CARTESIAN_POINT ('', (-24.0692603836045, 90., 141.814195565159));
#2100 = CARTESIAN_POINT ('', (-25.9987409290781, 90., 141.932547600725));
#2110 = CARTESIAN_POINT ('', (-27.9250039889114, 90., 142.064408867059));
#2120 = CARTESIAN_POINT ('', (-29.8510284035823, 90., 142.196253797071));
#2130 = CARTESIAN_POINT ('', (-31.7789487966699, 90., 142.341959815248));
#2140 = CARTESIAN_POINT ('', (-33.7029114937888, 90., 142.50108451972));
#2150 = CARTESIAN_POINT ('', (-35.6266358351266, 90., 142.660189510559));
#2160 = CARTESIAN_POINT ('', (-37.552609145268, 90., 142.83322834877));
#2170 = CARTESIAN_POINT ('', (-39.4738857828819, 90., 143.01957700405));
#2180 = CARTESIAN_POINT ('', (-41.3949243319299, 90., 143.20590256662));
#2190 = CARTESIAN_POINT ('', (-43.318564040457, 90., 143.406247617407));
#2200 = CARTESIAN_POINT ('', (-45.2367695195137, 90., 143.61977527911));
#2210 = CARTESIAN_POINT ('', (-47.1547371550397, 90., 143.833276464936));
#2220 = CARTESIAN_POINT ('', (-49.0756572320336, 90., 144.060895686787));
#2230 = CARTESIAN_POINT ('', (-50.9904071282849, 90., 144.301551960506));
#2240 = CARTESIAN_POINT ('', (-52.9049194038453, 90., 144.542178368752));
#2250 = CARTESIAN_POINT ('', (-54.8227343848386, 90., 144.797034298052));
#2260 = CARTESIAN_POINT ('', (-56.7336450257952, 90., 145.064763347459));
#2270 = CARTESIAN_POINT ('', (-58.6443182466875, 90., 145.332459133013));
#2280 = CARTESIAN_POINT ('', (-60.5586433091968, 90., 145.614508897138));
#2290 = CARTESIAN_POINT ('', (-62.4653318509564, 90., 145.909249453155));
#2300 = CARTESIAN_POINT ('', (-64.3717831510463, 90., 146.203953335777));
#2310 = CARTESIAN_POINT ('', (-66.2822341909159, 90., 146.513148667319));
#2320 = CARTESIAN_POINT ('', (-68.1843186948507, 90., 146.834834038354));
#2330 = CARTESIAN_POINT ('', (-70.0861661132584, 90., 147.156479312881));
#2340 = CARTESIAN_POINT ('', (-71.9923598207999, 90., 147.492766565021));
#2350 = CARTESIAN_POINT ('', (-73.8894593300883, 90., 147.841324648256));
#2360 = CARTESIAN_POINT ('', (-75.1541032929615, 90., 148.073680343629));
#2370 = CARTESIAN_POINT ('', (-76.4208048197928, 90., 148.312601311692));
#2380 = CARTESIAN_POINT ('', (-77.6831985973571, 90., 148.556886948541));
#2390 = CARTESIAN_POINT ('', (-78.9455222350794, 90., 148.80115901264));
#2400 = CARTESIAN_POINT ('', (-80.2100053739345, 90., 149.052047606571));
#2410 = CARTESIAN_POINT ('', (-81.4699664494123, 90., 149.308227027938));
#2420 = CARTESIAN_POINT ('', (-82.7298574002176, 90., 149.564392191327));
#2430 = CARTESIAN_POINT ('', (-83.9920094752184, 90., 149.827227749218));
#2440 = CARTESIAN_POINT ('', (-85.2494257142018, 90., 150.095276626843));
#2450 = CARTESIAN_POINT ('', (-86.5067718407502, 90., 150.363310558296));
#2460 = CARTESIAN_POINT ('', (-87.7664803855411, 90., 150.638071365125));
#2470 = CARTESIAN_POINT ('', (-89.0212398880445, 90., 150.917964311148));
#2480 = CARTESIAN_POINT ('', (-89.3474985027215, 90., 150.990741193607));
#2490 = CARTESIAN_POINT ('', (-89.6739209033039, 90., 151.063975038918));
#2500 = CARTESIAN_POINT ('', (-90., 90., 151.137552079965));
#2510 = B_SPLINE_CURVE_WITH_KNOTS ('', 3, (#1270, #1280, #1290, #1300, #1310, #1320, #1330, #1340, #1350, #1360, #1370, #1380, #1390, #1400, #1410, #1420, #1430, #1440, #1450, #1460, #1470, #1480, #1490, #1500, #1510, #1520, #1530, #1540, #1550, #1560, #1570, #1580, #1590, #1600, #1610, #1620, #1630, #1640, #1650, #1660, #1670, #1680, #1690, #1700, #1710, #1720, #1730, #1740, #1750, #1760, #1770, #1780, #1790, #1800, #1810, #1820, #1830, #1840, #1850, #1860, #1870, #1880, #1890, #1900, #1910, #1920, #1930, #1940, #1950, #1960, #1970, #1980, #1990, #2000, #2010, #2020, #2030, #2040, #2050, #2060, #2070, #2080, #2090, #2100, #2110, #2120, #2130, #2140, #2150, #2160, #2170, #2180, #2190, #2200, #2210, #2220, #2230, #2240, #2250, #2260, #2270, #2280, #2290, #2300, #2310, #2320, #2330, #2340, #2350, #2360, #2370, #2380, #2390, #2400, #2410, #2420, #2430, #2440, #2450, #2460, #2470, #2480, #2490, #2500), .UNSPECIFIED., .F., .U., (4, 3, 3, 3, 3, 3, 3, 3, 3, 3, 3, 3, 3, 3, 3, 3, 3, 3, 3, 3, 3, 3, 3, 3, 3, 3, 3, 3, 3, 3, 3, 3, 3, 3, 3, 3, 3, 3, 3, 3, 3, 4), (0., 3.8589859188644, 7.71775704030401, 11.5763138124598, 15.4346566537955, 19.2927859533621, 23.150702071046, 27.0084053378036, 30.8658960558792, 34.7231744990096, 38.5802409126131, 42.4370955139643, 46.2937384923554, 50.150170009242, 54.0063901983762, 57.8623991659251, 61.7181969905757, 65.5737837236262, 69.4291593890638, 73.284323983629, 77.1392774768663, 80.9940198111616, 84.8485509017667, 88.7028706368097, 90.4167217551446, 91.1786859089076, 104.240127654313, 112.935101488937, 118.727414578122, 124.519010056339, 130.309888025705, 136.100048377523, 141.889490791562, 147.678214735105, 153.466219461757, 159.253504010008, 165.040067201555, 168.897504394568, 172.754727264569, 176.611735456121, 180.468528584253, 181.471359788615), .UNSPECIFIED.);
#2520 = EDGE_CURVE ('', #1190, #1260, #2510, .T.);
#2530 = ORIENTED_EDGE ('', *, *, #2520, .T.);
#2540 = CARTESIAN_POINT ('', (-90., 90., 151.137552079965));
#2550 = CARTESIAN_POINT ('', (-90., 90., 188.862447920035));
#2560 = B_SPLINE_CURVE_WITH_KNOTS ('', 1, (#2540, #2550), .UNSPECIFIED., .F., .U., (2, 2), (0., 1.), .UNSPECIFIED.);
#2570 = EDGE_CURVE ('', #1260, #1070, #2560, .T.);
#2580 = ORIENTED_EDGE ('', *, *, #2570, .T.);
#2590 = EDGE_LOOP ('', (#1170, #1240, #2530, #2580));
#2600 = FACE_OUTER_BOUND ('', #2590, .T.);
#2610 = CARTESIAN_POINT ('', (-90., 90., 141.109668818467));
#2620 = CARTESIAN_POINT ('', (90., 90., 141.109668818467));
#2630 = CARTESIAN_POINT ('', (-90., 90., 198.890269339786));
#2640 = CARTESIAN_POINT ('', (90., 90., 198.890269339786));
#2650 = B_SPLINE_SURFACE_WITH_KNOTS ('', 1, 1, ((#2610, #2620), (#2630, #2640)), .UNSPECIFIED., .F., .F., .U., (2, 2), (2, 2), (0.462038560102054, 0.537961358638864), (0., 1.), .UNSPECIFIED.);
#2660 = ADVANCED_FACE ('', (#2600), #2650, .T.);
#2670 = CARTESIAN_POINT ('', (-90., -90., 188.862437216453));
#2680 = VERTEX_POINT ('', #2670);
#2690 = CARTESIAN_POINT ('', (90., -90., 188.862437216452));
#2700 = VERTEX_POINT ('', #2690);
#2710 = CARTESIAN_POINT ('', (-90., -90., 188.862437216453));
#2720 = CARTESIAN_POINT ('', (-45.558651153839, -90., 198.890258898703));
#2730 = CARTESIAN_POINT ('', (-2.50373073381415E-14, -90., 198.890258898703));
#2740 = CARTESIAN_POINT ('', (45.5586511538389, -90., 198.890258898703));
#2750 = CARTESIAN_POINT ('', (89.9999999999999, -90., 188.862437216453));
#2760 = (
   BOUNDED_CURVE ()
   B_SPLINE_CURVE (2, (#2710, #2720, #2730, #2740, #2750), .UNSPECIFIED., .F., .U.)
   B_SPLINE_CURVE_WITH_KNOTS ((3, 2, 3), (0.424689696274255, 0.5, 0.575310303725745), .UNSPECIFIED.)
   CURVE ()
   GEOMETRIC_REPRESENTATION_ITEM ()
   RATIONAL_B_SPLINE_CURVE ((0.925057974420609, 0.955884245463896, 1., 0.955884245463896, 0.925057974420609))
   REPRESENTATION_ITEM ('')
);
#2770 = EDGE_CURVE ('', #2680, #2700, #2760, .T.);
#2780 = ORIENTED_EDGE ('', *, *, #2770, .F.);
#2790 = CARTESIAN_POINT ('', (-90., -90., 151.137562783547));
#2800 = VERTEX_POINT ('', #2790);
#2810 = CARTESIAN_POINT ('', (-90., -90., 151.137562783547));
#2820 = CARTESIAN_POINT ('', (-90., -90., 188.862437216453));
#2830 = B_SPLINE_CURVE_WITH_KNOTS ('', 1, (#2810, #2820), .UNSPECIFIED., .F., .U., (2, 2), (0., 1.), .UNSPECIFIED.);
#2840 = EDGE_CURVE ('', #2800, #2680, #2830, .T.);
#2850 = ORIENTED_EDGE ('', *, *, #2840, .F.);
#2860 = CARTESIAN_POINT ('', (90., -90., 151.137562783547));
#2870 = VERTEX_POINT ('', #2860);
#2880 = CARTESIAN_POINT ('', (-90., -90., 151.137562783547));
#2890 = CARTESIAN_POINT ('', (-88.7452179035422, -90., 150.854431613139));
#2900 = CARTESIAN_POINT ('', (-87.4928175342008, -90., 150.578035977558));
#2910 = CARTESIAN_POINT ('', (-86.235421775316, -90., 150.306747800914));
#2920 = CARTESIAN_POINT ('', (-84.9780960051253, -90., 150.035474724612));
#2930 = CARTESIAN_POINT ('', (-83.723050696511, -90., 149.770879293507));
#2940 = CARTESIAN_POINT ('', (-82.4632232075761, -90., 149.511472523287));
#2950 = CARTESIAN_POINT ('', (-81.2034657002819, -90., 149.252080162747));
#2960 = CARTESIAN_POINT ('', (-79.94588708611, -90., 148.99931018309));
#2970 = CARTESIAN_POINT ('', (-78.6837400094355, -90., 148.75180638366));
#2980 = CARTESIAN_POINT ('', (-77.4216629102652, -90., 148.504316306638));
#2990 = CARTESIAN_POINT ('', (-76.1616628477949, -90., 148.263395961421));
#3000 = CARTESIAN_POINT ('', (-74.8973085243271, -90., 148.027815641355));
#3010 = CARTESIAN_POINT ('', (-73.6330241771377, -90., 147.792248359592));
#3020 = CARTESIAN_POINT ('', (-72.3707147371271, -90., 147.563200766206));
#3030 = CARTESIAN_POINT ('', (-71.1042656964601, -90., 147.339563376266));
#3040 = CARTESIAN_POINT ('', (-69.8378866337497, -90., 147.115938343466));
#3050 = CARTESIAN_POINT ('', (-68.5733800903955, -90., 146.898785552174));
#3060 = CARTESIAN_POINT ('', (-67.3049490407646, -90., 146.687109483383));
#3070 = CARTESIAN_POINT ('', (-66.0365879736657, -90., 146.475445093294));
#3080 = CARTESIAN_POINT ('', (-64.7699967945286, -90., 146.270208085784));
#3090 = CARTESIAN_POINT ('', (-63.4996966127861, -90., 146.070510667601));
#3100 = CARTESIAN_POINT ('', (-62.2294664210413, -90., 145.870824252188));
#3110 = CARTESIAN_POINT ('', (-60.9609032569596, -90., 145.677522940229));
#3120 = CARTESIAN_POINT ('', (-59.6888469785335, -90., 145.489820438815));
#3130 = CARTESIAN_POINT ('', (-58.416860700455, -90., 145.302128266536));
#3140 = CARTESIAN_POINT ('', (-57.1464383754435, -90., 145.12078149071));
#3150 = CARTESIAN_POINT ('', (-55.8727391842817, -90., 144.945089107299));
#3160 = CARTESIAN_POINT ('', (-54.5991100066941, -90., 144.769406381468));
#3170 = CARTESIAN_POINT ('', (-53.3269415078334, -90., 144.600031910003));
#3180 = CARTESIAN_POINT ('', (-52.0517127263314, -90., 144.436363779364));
#3190 = CARTESIAN_POINT ('', (-50.7765539745009, -90., 144.272704636624));
#3200 = CARTESIAN_POINT ('', (-49.5027524418149, -90., 144.11531916431));
#3210 = CARTESIAN_POINT ('', (-48.2261075207314, -90., 143.963688353311));
#3220 = CARTESIAN_POINT ('', (-46.9495326482805, -90., 143.812065862191));
#3230 = CARTESIAN_POINT ('', (-45.6742113646037, -90., 143.666685009394));
#3240 = CARTESIAN_POINT ('', (-44.3962638729622, -90., 143.527103515658));
#3250 = CARTESIAN_POINT ('', (-43.1183864517718, -90., 143.387529675239));
#3260 = CARTESIAN_POINT ('', (-41.8416588326079, -90., 143.254167987004));
#3270 = CARTESIAN_POINT ('', (-40.562522447587, -90., 143.126646737664));
#3280 = CARTESIAN_POINT ('', (-39.2834561576864, -90., 142.999132476334));
#3290 = CARTESIAN_POINT ('', (-38.0054357410583, -90., 142.877803421575));
#3300 = CARTESIAN_POINT ('', (-36.7252242378702, -90., 142.762352272133));
#3310 = CARTESIAN_POINT ('', (-35.4450828573162, -90., 142.646907446441));
#3320 = CARTESIAN_POINT ('', (-34.1658832936086, -90., 142.537623417231));
#3330 = CARTESIAN_POINT ('', (-32.8847105353685, -90., 142.4342511505));
#3340 = CARTESIAN_POINT ('', (-31.6036079301144, -90., 142.330884544109));
#3350 = CARTESIAN_POINT ('', (-30.3233429719093, -90., 142.23365685506));
#3360 = CARTESIAN_POINT ('', (-29.0413228994946, -90., 142.142371180217));
#3370 = CARTESIAN_POINT ('', (-27.7593730132501, -90., 142.05109050295));
#3380 = CARTESIAN_POINT ('', (-26.478156505157, -90., 141.965929390682));
#3390 = CARTESIAN_POINT ('', (-25.1954031270592, -90., 141.88673694241));
#3400 = CARTESIAN_POINT ('', (-23.9127199711417, -90., 141.807548829396));
#3410 = CARTESIAN_POINT ('', (-22.6306658396224, -90., 141.734463452106));
#3420 = CARTESIAN_POINT ('', (-21.3472932217908, -90., 141.667369789835));
#3430 = CARTESIAN_POINT ('', (-20.0639908649701, -90., 141.600279800751));
#3440 = CARTESIAN_POINT ('', (-18.7812131081595, -90., 141.53927823787));
#3450 = CARTESIAN_POINT ('', (-17.4973353638391, -90., 141.484287845114));
#3460 = CARTESIAN_POINT ('', (-16.2135279221748, -90., 141.429300463525));
#3470 = CARTESIAN_POINT ('', (-14.9301405996986, -90., 141.38038971547));
#3480 = CARTESIAN_POINT ('', (-13.6458718792623, -90., 141.337505999262));
#3490 = CARTESIAN_POINT ('', (-12.3616735059362, -90., 141.294624632052));
#3500 = CARTESIAN_POINT ('', (-11.0777907287258, -90., 141.257810620077));
#3510 = CARTESIAN_POINT ('', (-9.79324520950212, -90., 141.227035910501));
#3520 = CARTESIAN_POINT ('', (-8.50877008464622, -90., 141.196262887409));
#3530 = CARTESIAN_POINT ('', (-7.22450600475239, -90., 141.171550453541));
#3540 = CARTESIAN_POINT ('', (-5.93979788084909, -90., 141.152886003358));
#3550 = CARTESIAN_POINT ('', (-4.65516020136949, -90., 141.134222576603));
#3560 = CARTESIAN_POINT ('', (-3.37062900177541, -90., 141.121615483684));
#3570 = CARTESIAN_POINT ('', (-2.08587247390091, -90., 141.115061468057));
#3580 = CARTESIAN_POINT ('', (-1.51459620118044, -90., 141.112147177654));
#3590 = CARTESIAN_POINT ('', (-0.943326310919776, -90., 141.110430161403));
#3600 = CARTESIAN_POINT ('', (-0.372042841293938, -90., 141.109910359308));
#3610 = CARTESIAN_POINT ('', (-0.11805489518253, -90., 141.109679259559));
#3620 = CARTESIAN_POINT ('', (0.135933078910213, -90., 141.109684812202));
#3630 = CARTESIAN_POINT ('', (0.389921014674311, -90., 141.109927017235));
#3640 = CARTESIAN_POINT ('', (4.74373295054638, -90., 141.114078848937));
#3650 = CARTESIAN_POINT ('', (9.09979503916209, -90., 141.18782644336));
#3660 = CARTESIAN_POINT ('', (13.4512524443972, -90., 141.331053748972));
#3670 = CARTESIAN_POINT ('', (16.3480083322024, -90., 141.426399859985));
#3680 = CARTESIAN_POINT ('', (19.2472498372819, -90., 141.552711501834));
#3690 = CARTESIAN_POINT ('', (22.1413220959117, -90., 141.709655174049));
#3700 = CARTESIAN_POINT ('', (24.0692603442846, -90., 141.814206021943));
#3710 = CARTESIAN_POINT ('', (25.9987408897249, -90., 141.932558060353));
#3720 = CARTESIAN_POINT ('', (27.9250039493654, -90., 142.06441932987));
#3730 = CARTESIAN_POINT ('', (29.8510283638314, -90., 142.196264263063));
#3740 = CARTESIAN_POINT ('', (31.7789487568085, -90., 142.341970284784));
#3750 = CARTESIAN_POINT ('', (33.7029114536198, -90., 142.50109499313));
#3760 = CARTESIAN_POINT ('', (35.6266357946378, -90., 142.660199987843));
#3770 = CARTESIAN_POINT ('', (37.5526091045717, -90., 142.833238830295));
#3780 = CARTESIAN_POINT ('', (39.4738857417435, -90., 143.019587490139));
#3790 = CARTESIAN_POINT ('', (41.3949242903372, -90., 143.205913057272));
#3800 = CARTESIAN_POINT ('', (43.3185639985402, -90., 143.406258112997));
#3810 = CARTESIAN_POINT ('', (45.2367694770006, -90., 143.619785779951));
#3820 = CARTESIAN_POINT ('', (47.1547371119183, -90., 143.833286971025));
#3830 = CARTESIAN_POINT ('', (49.0756571884518, -90., 144.060906198507));
#3840 = CARTESIAN_POINT ('', (50.9904070839333, -90., 144.301562478159));
#3850 = CARTESIAN_POINT ('', (52.9049193587118, -90., 144.542188892336));
#3860 = CARTESIAN_POINT ('', (54.8227343390888, -90., 144.797044827958));
#3870 = CARTESIAN_POINT ('', (56.7336449790826, -90., 145.064773883975));
#3880 = CARTESIAN_POINT ('', (58.6443181989999, -90., 145.332469676138));
#3890 = CARTESIAN_POINT ('', (60.5586432607175, -90., 145.614519447273));
#3900 = CARTESIAN_POINT ('', (62.4653318013018, -90., 145.909260010574));
#3910 = CARTESIAN_POINT ('', (64.3717831002044, -90., 146.203963900478));
#3920 = CARTESIAN_POINT ('', (66.2822341390873, -90., 146.513159239713));
#3930 = CARTESIAN_POINT ('', (68.1843186416152, -90., 146.834844618701));
#3940 = CARTESIAN_POINT ('', (70.086166058604, -90., 147.156489901178));
#3950 = CARTESIAN_POINT ('', (71.9923597649445, -90., 147.49277716169));
#3960 = CARTESIAN_POINT ('', (73.8894592725752, -90., 147.841335253541));
#3970 = CARTESIAN_POINT ('', (75.1541032343544, -90., 148.07369095466));
#3980 = CARTESIAN_POINT ('', (76.4208047601947, -90., 148.312611928661));
#3990 = CARTESIAN_POINT ('', (77.6831985365518, -90., 148.55689757155));
#4000 = CARTESIAN_POINT ('', (78.9455221730633, -90., 148.801169641687));
#4010 = CARTESIAN_POINT ('', (80.2100053108158, -90., 149.052058241852));
#4020 = CARTESIAN_POINT ('', (81.4699663849641, -90., 149.308237669551));
#4030 = CARTESIAN_POINT ('', (82.7298573344362, -90., 149.564402839269));
#4040 = CARTESIAN_POINT ('', (83.9920094082171, -90., 149.82723840369));
#4050 = CARTESIAN_POINT ('', (85.2494256457431, -90., 150.095287287935));
#4060 = CARTESIAN_POINT ('', (86.5067717708305, -90., 150.363321226006));
#4070 = CARTESIAN_POINT ('', (87.7664803142785, -90., 150.638082039659));
#4080 = CARTESIAN_POINT ('', (89.0212398151909, -90., 150.91797499259));
#4090 = CARTESIAN_POINT ('', (89.3474984541535, -90., 150.990751882355));
#4100 = CARTESIAN_POINT ('', (89.6739208790546, -90., 151.063985735055));
#4110 = CARTESIAN_POINT ('', (90., -90., 151.137562783547));
#4120 = B_SPLINE_CURVE_WITH_KNOTS ('', 3, (#2880, #2890, #2900, #2910, #2920, #2930, #2940, #2950, #2960, #2970, #2980, #2990, #3000, #3010, #3020, #3030, #3040, #3050, #3060, #3070, #3080, #3090, #3100, #3110, #3120, #3130, #3140, #3150, #3160, #3170, #3180, #3190, #3200, #3210, #3220, #3230, #3240, #3250, #3260, #3270, #3280, #3290, #3300, #3310, #3320, #3330, #3340, #3350, #3360, #3370, #3380, #3390, #3400, #3410, #3420, #3430, #3440, #3450, #3460, #3470, #3480, #3490, #3500, #3510, #3520, #3530, #3540, #3550, #3560, #3570, #3580, #3590, #3600, #3610, #3620, #3630, #3640, #3650, #3660, #3670, #3680, #3690, #3700, #3710, #3720, #3730, #3740, #3750, #3760, #3770, #3780, #3790, #3800, #3810, #3820, #3830, #3840, #3850, #3860, #3870, #3880, #3890, #3900, #3910, #3920, #3930, #3940, #3950, #3960, #3970, #3980, #3990, #4000, #4010, #4020, #4030, #4040, #4050, #4060, #4070, #4080, #4090, #4100, #4110), .UNSPECIFIED., .F., .U., (4, 3, 3, 3, 3, 3, 3, 3, 3, 3, 3, 3, 3, 3, 3, 3, 3, 3, 3, 3, 3, 3, 3, 3, 3, 3, 3, 3, 3, 3, 3, 3, 3, 3, 3, 3, 3, 3, 3, 3, 3, 4), (0., 3.85898591902509, 7.71775704061421, 11.5763138129083, 15.4346566543712, 19.2927859540538, 23.1507020718429, 27.0084053386945, 30.8658960568533, 34.7231745000558, 38.5802409137204, 42.437095515122, 46.2937384935526, 50.1501700104678, 54.0063901996198, 57.8623991671758, 61.7181969918226, 65.5737837248585, 69.4291593902709, 73.2843239848, 77.1392774779904, 80.9940198122281, 84.8485509027649, 88.7028706377289, 90.4167217560462, 91.1786859097915, 104.240127656239, 112.935101491149, 118.727414580409, 124.519010058664, 130.309888028032, 136.100048379814, 141.889490793781, 147.678214737216, 153.466219463722, 159.25350401179, 165.040067203117, 168.897504396016, 172.754727265893, 176.611735457309, 180.468528585295, 181.471359865537), .UNSPECIFIED.);
#4130 = EDGE_CURVE ('', #2800, #2870, #4120, .T.);
#4140 = ORIENTED_EDGE ('', *, *, #4130, .T.);
#4150 = CARTESIAN_POINT ('', (90., -90., 151.137562783547));
#4160 = CARTESIAN_POINT ('', (90., -90., 188.862437216452));
#4170 = B_SPLINE_CURVE_WITH_KNOTS ('', 1, (#4150, #4160), .UNSPECIFIED., .F., .U., (2, 2), (0., 1.), .UNSPECIFIED.);
#4180 = EDGE_CURVE ('', #2870, #2700, #4170, .T.);
#4190 = ORIENTED_EDGE ('', *, *, #4180, .T.);
#4200 = EDGE_LOOP ('', (#2780, #2850, #4140, #4190));
#4210 = FACE_OUTER_BOUND ('', #4200, .T.);
#4220 = CARTESIAN_POINT ('', (90., -90., 141.109679259559));
#4230 = CARTESIAN_POINT ('', (-90., -90., 141.109679259559));
#4240 = CARTESIAN_POINT ('', (90., -90., 198.890258898703));
#4250 = CARTESIAN_POINT ('', (-90., -90., 198.890258898703));
#4260 = B_SPLINE_SURFACE_WITH_KNOTS ('', 1, 1, ((#4220, #4230), (#4240, #4250)), .UNSPECIFIED., .F., .F., .U., (2, 2), (2, 2), (0.462038573821486, 0.537961344919446), (0., 1.), .UNSPECIFIED.);
#4270 = ADVANCED_FACE ('', (#4210), #4260, .T.);
#4280 = CARTESIAN_POINT ('', (-90., 90., 188.862447920035));
#4290 = CARTESIAN_POINT ('', (-90., 88.1080021820395, 188.475487254191));
#4300 = CARTESIAN_POINT ('', (-90., 86.2203896815527, 188.102020381137));
#4310 = CARTESIAN_POINT ('', (-90., 84.3235810180407, 187.739375659537));
#4320 = CARTESIAN_POINT ('', (-90., 82.4268469403165, 187.376745197754));
#4330 = CARTESIAN_POINT ('', (-90., 80.5342185062888, 187.027482984755));
#4340 = CARTESIAN_POINT ('', (-90., 78.6329818839886, 186.68925182203));
#4350 = CARTESIAN_POINT ('', (-90., 76.731820867312, 186.351034109592));
#4360 = CARTESIAN_POINT ('', (-90., 74.8344820517665, 186.026061810599));
#4370 = CARTESIAN_POINT ('', (-90., 72.9291305202363, 185.712310358598));
#4380 = CARTESIAN_POINT ('', (-90., 71.0238554709377, 185.398571500814));
#4390 = CARTESIAN_POINT ('', (-90., 69.1221160753607, 185.097958038127));
#4400 = CARTESIAN_POINT ('', (-90., 67.212965571193, 184.808735914492));
#4410 = CARTESIAN_POINT ('', (-90., 65.3041816505698, 184.519569325541));
#4420 = CARTESIAN_POINT ('', (-90., 63.3986491055569, 184.243419542232));
#4430 = CARTESIAN_POINT ('', (-90., 61.4863020452494, 183.97884045627));
#4440 = CARTESIAN_POINT ('', (-90., 59.5740298445833, 183.714271727369));
#4450 = CARTESIAN_POINT ('', (-90., 57.664722446804, 183.462629650424));
#4460 = CARTESIAN_POINT ('', (-90., 55.7492015112864, 183.222710648787));
#4470 = CARTESIAN_POINT ('', (-90., 54.8982635233428, 183.116130663814));
#4480 = CARTESIAN_POINT ('', (-90., 54.0478704604164, 183.012090615693));
#4490 = CARTESIAN_POINT ('', (-90., 53.1963362062252, 182.910384340265));
#4500 = CARTESIAN_POINT ('', (-90., 52.3448467719812, 182.80868341808));
#4510 = CARTESIAN_POINT ('', (-90., 51.4938764787235, 182.709513165197));
#4520 = CARTESIAN_POINT ('', (-90., 50.6418190298601, 182.612686319544));
#4530 = CARTESIAN_POINT ('', (-90., 48.7240809596152, 182.394756732311));
#4540 = CARTESIAN_POINT ('', (-90., 46.8087601915832, 182.189584620122));
#4550 = CARTESIAN_POINT ('', (-90., 44.8883733629081, 181.996382551527));
#4560 = CARTESIAN_POINT ('', (-90., 42.9680612560336, 181.803188000378));
#4570 = CARTESIAN_POINT ('', (-90., 41.0498768707766, 181.622690170259));
#4580 = CARTESIAN_POINT ('', (-90., 39.127232942286, 181.454276849407));
#4590 = CARTESIAN_POINT ('', (-90., 37.2046643626608, 181.285870128712));
#4600 = CARTESIAN_POINT ('', (-90., 35.2839317255021, 181.130102323508));
#4610 = CARTESIAN_POINT ('', (-90., 33.3593504687334, 180.986513490265));
#4620 = CARTESIAN_POINT ('', (-90., 31.4348450248877, 180.84293031326));
#4630 = CARTESIAN_POINT ('', (-90., 29.5118822299833, 180.711931300331));
#4640 = CARTESIAN_POINT ('', (-90., 27.58568474119, 180.593185495028));
#4650 = CARTESIAN_POINT ('', (-90., 26.7298479373188, 180.540425053238));
#4660 = CARTESIAN_POINT ('', (-90., 25.874274565955, 180.490141691402));
#4670 = CARTESIAN_POINT ('', (-90., 25.0181494643605, 180.442286602873));
#4680 = CARTESIAN_POINT ('', (-90., 24.1620550199795, 180.394433228001));
#4690 = CARTESIAN_POINT ('', (-90., 23.3061983486383, 180.349051705247));
#4700 = CARTESIAN_POINT ('', (-90., 22.4498436469846, 180.306106762095));
#4710 = CARTESIAN_POINT ('', (-90., 19.5590110451254, 180.16113571037));
#4720 = CARTESIAN_POINT ('', (-90., 16.6702304105748, 180.044286728303));
#4730 = CARTESIAN_POINT ('', (-90., 13.7771326686005, 179.955319356796));
#4740 = CARTESIAN_POINT ('', (-90., 12.4916386667331, 179.915788365231));
#4750 = CARTESIAN_POINT ('', (-90., 11.20641074962, 179.881802178303));
#4760 = CARTESIAN_POINT ('', (-90., 9.92062408767921, 179.853338374865));
#4770 = CARTESIAN_POINT ('', (-90., 8.63495640522571, 179.824877205308));
#4780 = CARTESIAN_POINT ('', (-90., 7.34946742121753, 179.801950193095));
#4790 = CARTESIAN_POINT ('', (-90., 6.06360248759556, 179.784549033384));
#4800 = CARTESIAN_POINT ('', (-90., 1.72381809667018, 179.725820251438));
#4810 = CARTESIAN_POINT ('', (-90., -2.61615818727335, 179.730121624689));
#4820 = CARTESIAN_POINT ('', (-90., -6.95581701348128, 179.797492995938));
#4830 = CARTESIAN_POINT ('', (-90., -9.84850103092343, 179.842400694136));
#4840 = CARTESIAN_POINT ('', (-90., -12.7425012663486, 179.915377694023));
#4850 = CARTESIAN_POINT ('', (-90., -15.633773265849, 180.016292266941));
#4860 = CARTESIAN_POINT ('', (-90., -16.4904891526043, 180.046194371564));
#4870 = CARTESIAN_POINT ('', (-90., -17.3473755357769, 180.078562415222));
#4880 = CARTESIAN_POINT ('', (-90., -18.2039059311207, 180.113375176272));
#4890 = CARTESIAN_POINT ('', (-90., -19.0604050894564, 180.148186667727));
#4900 = CARTESIAN_POINT ('', (-90., -19.9171005537878, 180.185464806758));
#4910 = CARTESIAN_POINT ('', (-90., -20.773386041467, 180.225186485437));
#4920 = CARTESIAN_POINT ('', (-90., -23.6621949909483, 180.359193592303));
#4930 = CARTESIAN_POINT ('', (-90., -26.5538984483331, 180.521400372041));
#4940 = CARTESIAN_POINT ('', (-90., -29.4395718268665, 180.711306147933));
#4950 = CARTESIAN_POINT ('', (-90., -30.7223948212904, 180.795728556199));
#4960 = CARTESIAN_POINT ('', (-90., -32.0059282859554, 180.885745001137));
#4970 = CARTESIAN_POINT ('', (-90., -33.2879775928598, 180.981199454707));
#4980 = CARTESIAN_POINT ('', (-90., -34.5699075950524, 181.076645025492));
#4990 = CARTESIAN_POINT ('', (-90., -35.852633930038, 181.177693778612));
#5000 = CARTESIAN_POINT ('', (-90., -37.1336963851668, 181.284152097044));
#5010 = CARTESIAN_POINT ('', (-90., -39.0548663086363, 181.44380435963));
#5020 = CARTESIAN_POINT ('', (-90., -40.9780737019304, 181.616115998002));
#5030 = CARTESIAN_POINT ('', (-90., -42.8970254163436, 181.80052596938));
#5040 = CARTESIAN_POINT ('', (-90., -44.8159013075567, 181.984928654199));
#5050 = CARTESIAN_POINT ('', (-90., -46.7371061449836, 182.182065414074));
#5060 = CARTESIAN_POINT ('', (-90., -48.6534448883507, 182.391194218206));
#5070 = CARTESIAN_POINT ('', (-90., -50.5697083140914, 182.600314802975));
#5080 = CARTESIAN_POINT ('', (-90., -52.4885900984644, 182.822247157823));
#5090 = CARTESIAN_POINT ('', (-90., -54.4019994605167, 183.056045252375));
#5100 = CARTESIAN_POINT ('', (-90., -56.3153341717048, 183.289834225393));
#5110 = CARTESIAN_POINT ('', (-90., -58.231573916213, 183.536515505778));
#5120 = CARTESIAN_POINT ('', (-90., -60.1417403800959, 183.794916514288));
#5130 = CARTESIAN_POINT ('', (-90., -60.9910133561326, 183.909803356696));
#5140 = CARTESIAN_POINT ('', (-90., -61.8409002099623, 184.027247842736));
#5150 = CARTESIAN_POINT ('', (-90., -62.6895026290835, 184.146987178989));
#5160 = CARTESIAN_POINT ('', (-90., -64.5977186399777, 184.416239909625));
#5170 = CARTESIAN_POINT ('', (-90., -66.5092533093691, 184.698513782575));
#5180 = CARTESIAN_POINT ('', (-90., -68.4138473833183, 184.992293956626));
#5190 = CARTESIAN_POINT ('', (-90., -70.3183654799603, 185.286062411314));
#5200 = CARTESIAN_POINT ('', (-90., -72.2264883080548, 185.59296674701));
#5210 = CARTESIAN_POINT ('', (-90., -74.1270702260001, 185.911207942625));
#5220 = CARTESIAN_POINT ('', (-90., -74.9722101920365, 186.052721628888));
#5230 = CARTESIAN_POINT ('', (-90., -75.8181022917202, 186.19684748252));
#5240 = CARTESIAN_POINT ('', (-90., -76.6624198314168, 186.34318810488));
#5250 = CARTESIAN_POINT ('', (-90., -78.5608909068834, 186.67223899587));
#5260 = CARTESIAN_POINT ('', (-90., -80.4633734780249, 187.014588219944));
#5270 = CARTESIAN_POINT ('', (-90., -82.3574609484036, 187.367999549417));
#5280 = CARTESIAN_POINT ('', (-90., -84.2514672151907, 187.721395727387));
#5290 = CARTESIAN_POINT ('', (-90., -86.1497664264276, 188.088224561372));
#5300 = CARTESIAN_POINT ('', (-90., -88.0390789944959, 188.465910432662));
#5310 = CARTESIAN_POINT ('', (-90., -88.6927362598747, 188.596580771691));
#5320 = CARTESIAN_POINT ('', (-90., -89.3469288814735, 188.728868237154));
#5330 = CARTESIAN_POINT ('', (-90., -90., 188.862437216453));
#5340 = B_SPLINE_CURVE_WITH_KNOTS ('', 3, (#4280, #4290, #4300, #4310, #4320, #4330, #4340, #4350, #4360, #4370, #4380, #4390, #4400, #4410, #4420, #4430, #4440, #4450, #4460, #4470, #4480, #4490, #4500, #4510, #4520, #4530, #4540, #4550, #4560, #4570, #4580, #4590, #4600, #4610, #4620, #4630, #4640, #4650, #4660, #4670, #4680, #4690, #4700, #4710, #4720, #4730, #4740, #4750, #4760, #4770, #4780, #4790, #4800, #4810, #4820, #4830, #4840, #4850, #4860, #4870, #4880, #4890, #4900, #4910, #4920, #4930, #4940, #4950, #4960, #4970, #4980, #4990, #5000, #5010, #5020, #5030, #5040, #5050, #5060, #5070, #5080, #5090, #5100, #5110, #5120, #5130, #5140, #5150, #5160, #5170, #5180, #5190, #5200, #5210, #5220, #5230, #5240, #5250, #5260, #5270, #5280, #5290, #5300, #5310, #5320, #5330), .UNSPECIFIED., .F., .U., (4, 3, 3, 3, 3, 3, 3, 3, 3, 3, 3, 3, 3, 3, 3, 3, 3, 3, 3, 3, 3, 3, 3, 3, 3, 3, 3, 3, 3, 3, 3, 3, 3, 3, 3, 4), (0., 5.79349192635173, 11.5867560426097, 17.379789780733, 23.1725909821615, 28.9642798849046, 34.755742069515, 37.3285018275765, 39.9011261701152, 45.6913691269802, 51.4813867868514, 57.271177534576, 63.0607402114105, 65.6331248427797, 68.2054173589373, 76.8888134480427, 80.7471184843481, 84.6050664947419, 97.6256117469937, 106.304709495902, 108.876422197258, 111.448041110221, 120.123787502413, 123.980581222897, 127.83701603857, 133.62039260232, 139.403540648534, 145.18646140039, 150.969156534018, 153.540182043316, 159.321537281899, 165.102661892964, 167.673379530186, 173.453708432524, 179.233789519767, 181.233560262316), .UNSPECIFIED.);
#5350 = EDGE_CURVE ('', #1070, #2680, #5340, .T.);
#5360 = ORIENTED_EDGE ('', *, *, #5350, .F.);
#5370 = ORIENTED_EDGE ('', *, *, #2570, .F.);
#5380 = CARTESIAN_POINT ('', (-90., 90., 151.137552079965));
#5390 = CARTESIAN_POINT ('', (-90., 88.1080021820395, 151.524512745809));
#5400 = CARTESIAN_POINT ('', (-90., 86.2203896815527, 151.897979618863));
#5410 = CARTESIAN_POINT ('', (-90., 84.3235810180407, 152.260624340463));
#5420 = CARTESIAN_POINT ('', (-90., 82.4268469403165, 152.623254802246));
#5430 = CARTESIAN_POINT ('', (-90., 80.5342185062888, 152.972517015245));
#5440 = CARTESIAN_POINT ('', (-90., 78.6329818839886, 153.31074817797));
#5450 = CARTESIAN_POINT ('', (-90., 76.731820867312, 153.648965890408));
#5460 = CARTESIAN_POINT ('', (-90., 74.8344820517665, 153.973938189401));
#5470 = CARTESIAN_POINT ('', (-90., 72.9291305202363, 154.287689641402));
#5480 = CARTESIAN_POINT ('', (-90., 71.0238554709377, 154.601428499186));
#5490 = CARTESIAN_POINT ('', (-90., 69.1221160753607, 154.902041961873));
#5500 = CARTESIAN_POINT ('', (-90., 67.2129655711931, 155.191264085508));
#5510 = CARTESIAN_POINT ('', (-90., 65.3041816505698, 155.480430674459));
#5520 = CARTESIAN_POINT ('', (-90., 63.3986491055569, 155.756580457768));
#5530 = CARTESIAN_POINT ('', (-90., 61.4863020452494, 156.02115954373));
#5540 = CARTESIAN_POINT ('', (-90., 59.5740298445833, 156.285728272631));
#5550 = CARTESIAN_POINT ('', (-90., 57.664722446804, 156.537370349576));
#5560 = CARTESIAN_POINT ('', (-90., 55.7492015112865, 156.777289351213));
#5570 = CARTESIAN_POINT ('', (-90., 54.8982635233429, 156.883869336186));
#5580 = CARTESIAN_POINT ('', (-90., 54.0478704604164, 156.987909384307));
#5590 = CARTESIAN_POINT ('', (-90., 53.1963362062253, 157.089615659735));
#5600 = CARTESIAN_POINT ('', (-90., 52.3448467719812, 157.19131658192));
#5610 = CARTESIAN_POINT ('', (-90., 51.4938764787235, 157.290486834803));
#5620 = CARTESIAN_POINT ('', (-90., 50.6418190298602, 157.387313680456));
#5630 = CARTESIAN_POINT ('', (-90., 48.7240809596153, 157.605243267689));
#5640 = CARTESIAN_POINT ('', (-90., 46.8087601915832, 157.810415379878));
#5650 = CARTESIAN_POINT ('', (-90., 44.8883733629082, 158.003617448473));
#5660 = CARTESIAN_POINT ('', (-90., 42.9680612560337, 158.196811999622));
#5670 = CARTESIAN_POINT ('', (-90., 41.0498768707767, 158.377309829741));
#5680 = CARTESIAN_POINT ('', (-90., 39.1272329422861, 158.545723150593));
#5690 = CARTESIAN_POINT ('', (-90., 37.2046643626608, 158.714129871288));
#5700 = CARTESIAN_POINT ('', (-90., 35.2839317255022, 158.869897676492));
#5710 = CARTESIAN_POINT ('', (-90., 33.3593504687334, 159.013486509735));
#5720 = CARTESIAN_POINT ('', (-90., 31.4348450248877, 159.15706968674));
#5730 = CARTESIAN_POINT ('', (-90., 29.5118822299834, 159.288068699669));
#5740 = CARTESIAN_POINT ('', (-90., 27.5856847411901, 159.406814504972));
#5750 = CARTESIAN_POINT ('', (-90., 26.7298479373189, 159.459574946762));
#5760 = CARTESIAN_POINT ('', (-90., 25.8742745659551, 159.509858308598));
#5770 = CARTESIAN_POINT ('', (-90., 25.0181494643606, 159.557713397127));
#5780 = CARTESIAN_POINT ('', (-90., 24.1620550199796, 159.605566771999));
#5790 = CARTESIAN_POINT ('', (-90., 23.3061983486384, 159.650948294753));
#5800 = CARTESIAN_POINT ('', (-90., 22.4498436469847, 159.693893237905));
#5810 = CARTESIAN_POINT ('', (-90., 19.5590110451255, 159.83886428963));
#5820 = CARTESIAN_POINT ('', (-90., 16.6702304105749, 159.955713271697));
#5830 = CARTESIAN_POINT ('', (-90., 13.7771326686006, 160.044680643204));
#5840 = CARTESIAN_POINT ('', (-90., 12.4916386667332, 160.084211634769));
#5850 = CARTESIAN_POINT ('', (-90., 11.2064107496201, 160.118197821697));
#5860 = CARTESIAN_POINT ('', (-90., 9.92062408767928, 160.146661625135));
#5870 = CARTESIAN_POINT ('', (-90., 8.63495640522578, 160.175122794692));
#5880 = CARTESIAN_POINT ('', (-90., 7.3494674212176, 160.198049806905));
#5890 = CARTESIAN_POINT ('', (-90., 6.06360248759564, 160.215450966616));
#5900 = CARTESIAN_POINT ('', (-90., 1.72381809667026, 160.274179748562));
#5910 = CARTESIAN_POINT ('', (-90., -2.61615818727327, 160.269878375311));
#5920 = CARTESIAN_POINT ('', (-90., -6.95581701348119, 160.202507004062));
#5930 = CARTESIAN_POINT ('', (-90., -9.84850103092335, 160.157599305864));
#5940 = CARTESIAN_POINT ('', (-90., -12.7425012663485, 160.084622305977));
#5950 = CARTESIAN_POINT ('', (-90., -15.633773265849, 159.983707733059));
#5960 = CARTESIAN_POINT ('', (-90., -16.4904891526042, 159.953805628436));
#5970 = CARTESIAN_POINT ('', (-90., -17.3473755357768, 159.921437584778));
#5980 = CARTESIAN_POINT ('', (-90., -18.2039059311206, 159.886624823728));
#5990 = CARTESIAN_POINT ('', (-90., -19.0604050894564, 159.851813332273));
#6000 = CARTESIAN_POINT ('', (-90., -19.9171005537877, 159.814535193242));
#6010 = CARTESIAN_POINT ('', (-90., -20.773386041467, 159.774813514563));
#6020 = CARTESIAN_POINT ('', (-90., -23.6621949909482, 159.640806407697));
#6030 = CARTESIAN_POINT ('', (-90., -26.553898448333, 159.478599627959));
#6040 = CARTESIAN_POINT ('', (-90., -29.4395718268664, 159.288693852067));
#6050 = CARTESIAN_POINT ('', (-90., -30.7223948212903, 159.204271443801));
#6060 = CARTESIAN_POINT ('', (-90., -32.0059282859553, 159.114254998863));
#6070 = CARTESIAN_POINT ('', (-90., -33.2879775928597, 159.018800545294));
#6080 = CARTESIAN_POINT ('', (-90., -34.5699075950523, 158.923354974508));
#6090 = CARTESIAN_POINT ('', (-90., -35.8526339300379, 158.822306221388));
#6100 = CARTESIAN_POINT ('', (-90., -37.1336963851667, 158.715847902956));
#6110 = CARTESIAN_POINT ('', (-90., -39.0548663086362, 158.55619564037));
#6120 = CARTESIAN_POINT ('', (-90., -40.9780737019303, 158.383884001998));
#6130 = CARTESIAN_POINT ('', (-90., -42.8970254163435, 158.19947403062));
#6140 = CARTESIAN_POINT ('', (-90., -44.8159013075567, 158.015071345801));
#6150 = CARTESIAN_POINT ('', (-90., -46.7371061449835, 157.817934585926));
#6160 = CARTESIAN_POINT ('', (-90., -48.6534448883506, 157.608805781794));
#6170 = CARTESIAN_POINT ('', (-90., -50.5697083140913, 157.399685197025));
#6180 = CARTESIAN_POINT ('', (-90., -52.4885900984643, 157.177752842177));
#6190 = CARTESIAN_POINT ('', (-90., -54.4019994605166, 156.943954747625));
#6200 = CARTESIAN_POINT ('', (-90., -56.3153341717047, 156.710165774607));
#6210 = CARTESIAN_POINT ('', (-90., -58.2315739162129, 156.463484494222));
#6220 = CARTESIAN_POINT ('', (-90., -60.1417403800958, 156.205083485712));
#6230 = CARTESIAN_POINT ('', (-90., -60.9910133561325, 156.090196643304));
#6240 = CARTESIAN_POINT ('', (-90., -61.8409002099623, 155.972752157264));
#6250 = CARTESIAN_POINT ('', (-90., -62.6895026290834, 155.853012821011));
#6260 = CARTESIAN_POINT ('', (-90., -64.5977186399776, 155.583760090375));
#6270 = CARTESIAN_POINT ('', (-90., -66.5092533093691, 155.301486217425));
#6280 = CARTESIAN_POINT ('', (-90., -68.4138473833183, 155.007706043374));
#6290 = CARTESIAN_POINT ('', (-90., -70.3183654799602, 154.713937588686));
#6300 = CARTESIAN_POINT ('', (-90., -72.2264883080548, 154.40703325299));
#6310 = CARTESIAN_POINT ('', (-90., -74.127070226, 154.088792057375));
#6320 = CARTESIAN_POINT ('', (-90., -74.9722101920365, 153.947278371112));
#6330 = CARTESIAN_POINT ('', (-90., -75.8181022917202, 153.80315251748));
#6340 = CARTESIAN_POINT ('', (-90., -76.6624198314168, 153.65681189512));
#6350 = CARTESIAN_POINT ('', (-90., -78.5608909068834, 153.32776100413));
#6360 = CARTESIAN_POINT ('', (-90., -80.4633734780249, 152.985411780056));
#6370 = CARTESIAN_POINT ('', (-90., -82.3574609484036, 152.632000450583));
#6380 = CARTESIAN_POINT ('', (-90., -84.2514672151907, 152.278604272613));
#6390 = CARTESIAN_POINT ('', (-90., -86.1497664264276, 151.911775438628));
#6400 = CARTESIAN_POINT ('', (-90., -88.0390789944959, 151.534089567338));
#6410 = CARTESIAN_POINT ('', (-90., -88.6927362598747, 151.403419228309));
#6420 = CARTESIAN_POINT ('', (-90., -89.3469288814735, 151.271131762846));
#6430 = CARTESIAN_POINT ('', (-90., -90., 151.137562783547));
#6440 = B_SPLINE_CURVE_WITH_KNOTS ('', 3, (#5380, #5390, #5400, #5410, #5420, #5430, #5440, #5450, #5460, #5470, #5480, #5490, #5500, #5510, #5520, #5530, #5540, #5550, #5560, #5570, #5580, #5590, #5600, #5610, #5620, #5630, #5640, #5650, #5660, #5670, #5680, #5690, #5700, #5710, #5720, #5730, #5740, #5750, #5760, #5770, #5780, #5790, #5800, #5810, #5820, #5830, #5840, #5850, #5860, #5870, #5880, #5890, #5900, #5910, #5920, #5930, #5940, #5950, #5960, #5970, #5980, #5990, #6000, #6010, #6020, #6030, #6040, #6050, #6060, #6070, #6080, #6090, #6100, #6110, #6120, #6130, #6140, #6150, #6160, #6170, #6180, #6190, #6200, #6210, #6220, #6230, #6240, #6250, #6260, #6270, #6280, #6290, #6300, #6310, #6320, #6330, #6340, #6350, #6360, #6370, #6380, #6390, #6400, #6410, #6420, #6430), .UNSPECIFIED., .F., .U., (4, 3, 3, 3, 3, 3, 3, 3, 3, 3, 3, 3, 3, 3, 3, 3, 3, 3, 3, 3, 3, 3, 3, 3, 3, 3, 3, 3, 3, 3, 3, 3, 3, 3, 3, 4), (0., 5.79349192635173, 11.5867560426097, 17.379789780733, 23.1725909821615, 28.9642798849046, 34.755742069515, 37.3285018275764, 39.9011261701151, 45.6913691269802, 51.4813867868513, 57.2711775345759, 63.0607402114105, 65.6331248427796, 68.2054173589372, 76.8888134480426, 80.7471184843481, 84.6050664947418, 97.6256117469936, 106.304709495902, 108.876422197258, 111.448041110221, 120.123787502413, 123.980581222897, 127.83701603857, 133.62039260232, 139.403540648534, 145.18646140039, 150.969156534018, 153.540182043316, 159.321537281899, 165.102661892964, 167.673379530186, 173.453708432524, 179.233789519767, 181.233560262316), .UNSPECIFIED.);
#6450 = EDGE_CURVE ('', #1260, #2800, #6440, .T.);
#6460 = ORIENTED_EDGE ('', *, *, #6450, .T.);
#6470 = ORIENTED_EDGE ('', *, *, #2840, .T.);
#6480 = EDGE_LOOP ('', (#5360, #5370, #6460, #6470));
#6490 = FACE_OUTER_BOUND ('', #6480, .T.);
#6500 = CARTESIAN_POINT ('', (-90., -90., 151.137552079965));
#6510 = CARTESIAN_POINT ('', (-90., 90., 151.137552079965));
#6520 = CARTESIAN_POINT ('', (-90., -90., 188.862447920035));
#6530 = CARTESIAN_POINT ('', (-90., 90., 188.862447920035));
#6540 = B_SPLINE_SURFACE_WITH_KNOTS ('', 1, 1, ((#6500, #6510), (#6520, #6530)), .UNSPECIFIED., .F., .F., .U., (2, 2), (2, 2), (0.475215040681076, 0.524784959318924), (0., 1.), .UNSPECIFIED.);
#6550 = ADVANCED_FACE ('', (#6490), #6540, .T.);
#6560 = CARTESIAN_POINT ('', (90., -90., 188.862437216453));
#6570 = CARTESIAN_POINT ('', (90., -88.1079557891265, 188.475468007642));
#6580 = CARTESIAN_POINT ('', (90., -86.2202972071415, 188.101995504465));
#6590 = CARTESIAN_POINT ('', (90., -84.3234417863842, 187.739344188168));
#6600 = CARTESIAN_POINT ('', (90., -82.4266615784413, 187.376707251474));
#6610 = CARTESIAN_POINT ('', (90., -80.5339861289105, 187.027437558532));
#6620 = CARTESIAN_POINT ('', (90., -78.6327043282047, 186.689194717656));
#6630 = CARTESIAN_POINT ('', (90., -77.3657248362268, 186.463795861717));
#6640 = CARTESIAN_POINT ('', (90., -76.1004653713999, 186.244287676791));
#6650 = CARTESIAN_POINT ('', (90., -74.8316011835109, 186.02975248144));
#6660 = CARTESIAN_POINT ('', (90., -72.9277759851279, 185.707860261022));
#6670 = CARTESIAN_POINT ('', (90., -71.0275840256191, 185.399134986267));
#6680 = CARTESIAN_POINT ('', (90., -69.1197761634641, 185.101756189674));
#6690 = CARTESIAN_POINT ('', (90., -67.2120440018205, 184.804389192868));
#6700 = CARTESIAN_POINT ('', (90., -65.307658793296, 184.520080487916));
#6710 = CARTESIAN_POINT ('', (90., -63.3962584980166, 184.247283782355));
#6720 = CARTESIAN_POINT ('', (90., -62.5472432822151, 184.126111595444));
#6730 = CARTESIAN_POINT ('', (90., -61.6988482132149, 184.00750192068));
#6740 = CARTESIAN_POINT ('', (90., -60.8491542348009, 183.891184774093));
#6750 = CARTESIAN_POINT ('', (90., -58.9366704724842, 183.629379159626));
#6760 = CARTESIAN_POINT ('', (90., -57.0271170812007, 183.380473153434));
#6770 = CARTESIAN_POINT ('', (90., -55.1114223930234, 183.143301944007));
#6780 = CARTESIAN_POINT ('', (90., -53.1958019547302, 182.906139927033));
#6790 = CARTESIAN_POINT ('', (89.9999999999999, -51.2828252376486, 182.681803263105));
#6800 = CARTESIAN_POINT ('', (89.9999999999999, -49.364308035986, 182.469343307287));
#6810 = CARTESIAN_POINT ('', (89.9999999999999, -47.4458658683914, 182.256891660873));
#6820 = CARTESIAN_POINT ('', (90., -45.5297779413438, 182.057193951298));
#6830 = CARTESIAN_POINT ('', (90., -43.6087560222213, 181.869495153433));
#6840 = CARTESIAN_POINT ('', (90., -41.6878097622143, 181.681803748052));
#6850 = CARTESIAN_POINT ('', (90., -39.7689261042481, 181.506797840517));
#6860 = CARTESIAN_POINT ('', (90., -37.8457192453917, 181.34389303538));
#6870 = CARTESIAN_POINT ('', (90., -36.5638803541164, 181.235315159923));
#6880 = CARTESIAN_POINT ('', (90., -35.2828504791819, 181.132349308819));
#6890 = CARTESIAN_POINT ('', (90., -34.0001257722484, 181.034792020792));
#6900 = CARTESIAN_POINT ('', (90., -33.1451306446106, 180.969765592691));
#6910 = CARTESIAN_POINT ('', (90.0000000000001, -32.2904634214091, 180.907226342475));
#6920 = CARTESIAN_POINT ('', (90.0000000000001, -31.4351095441102, 180.847102726269));
#6930 = CARTESIAN_POINT ('', (90.0000000000001, -28.5471272201683, 180.644103774066));
#6940 = CARTESIAN_POINT ('', (90., -25.6622253127023, 180.469363217686));
#6950 = CARTESIAN_POINT ('', (90., -22.7708543673912, 180.32231038838));
#6960 = CARTESIAN_POINT ('', (90., -21.9145415074873, 180.2787589966));
#6970 = CARTESIAN_POINT ('', (90., -21.058443958206, 180.237680083763));
#6980 = CARTESIAN_POINT ('', (90., -20.201895370353, 180.199041315539));
#6990 = CARTESIAN_POINT ('', (90., -19.3453754985621, 180.160403842693));
#7000 = CARTESIAN_POINT ('', (90., -18.4890450104116, 180.124235396664));
#7010 = CARTESIAN_POINT ('', (90., -17.6323177257385, 180.090508481931));
#7020 = CARTESIAN_POINT ('', (90., -14.7405683837994, 179.976668540995));
#7030 = CARTESIAN_POINT ('', (90., -11.8503184600231, 179.890875792304));
#7040 = CARTESIAN_POINT ('', (90., -8.95690739749937, 179.833029340184));
#7050 = CARTESIAN_POINT ('', (90., -6.06375049778399, 179.775187969407));
#7060 = CARTESIAN_POINT ('', (90., -3.17109992774556, 179.745381122749));
#7070 = CARTESIAN_POINT ('', (90., -0.277365439983046, 179.743596500148));
#7080 = CARTESIAN_POINT ('', (90., 2.6161141405608, 179.741812034754));
#7090 = CARTESIAN_POINT ('', (90., 5.51008186885426, 179.768065074277));
#7100 = CARTESIAN_POINT ('', (90., 8.40305342830517, 179.822312871921));
#7110 = CARTESIAN_POINT ('', (90., 9.26016608369672, 179.838385091412));
#7120 = CARTESIAN_POINT ('', (90., 10.1173767021926, 179.856917068744));
#7130 = CARTESIAN_POINT ('', (90., 10.9743830655142, 179.877905482169));
#7140 = CARTESIAN_POINT ('', (90., 13.8660967248484, 179.948724655032));
#7150 = CARTESIAN_POINT ('', (90., 16.7595862756093, 180.047635226197));
#7160 = CARTESIAN_POINT ('', (90., 19.6493860577036, 180.174443988642));
#7170 = CARTESIAN_POINT ('', (90., 20.9338793843108, 180.230809488468));
#7180 = CARTESIAN_POINT ('', (90., 22.2188624565293, 180.292737746541));
#7190 = CARTESIAN_POINT ('', (90., 23.5028232540229, 180.360153220796));
#7200 = CARTESIAN_POINT ('', (90., 24.3587929888789, 180.405096653442));
#7210 = CARTESIAN_POINT ('', (90., 25.2150120501757, 180.452514318324));
#7220 = CARTESIAN_POINT ('', (90., 26.0707101935965, 180.502361950903));
#7230 = CARTESIAN_POINT ('', (90., 28.9572406094593, 180.670513195242));
#7240 = CARTESIAN_POINT ('', (90., 31.8472673654989, 180.866926396005));
#7250 = CARTESIAN_POINT ('', (90., 34.730004639265, 181.090887314723));
#7260 = CARTESIAN_POINT ('', (90., 36.6521406460516, 181.240218767818));
#7270 = CARTESIAN_POINT ('', (90., 38.5761936093517, 181.402192830665));
#7280 = CARTESIAN_POINT ('', (90., 40.496243204678, 181.576308490374));
#7290 = CARTESIAN_POINT ('', (90., 42.416217418202, 181.750417314244));
#7300 = CARTESIAN_POINT ('', (90., 44.3383995958591, 181.937233947126));
#7310 = CARTESIAN_POINT ('', (90., 46.255969046298, 182.136086319224));
#7320 = CARTESIAN_POINT ('', (90., 48.1734636811483, 182.33493093293));
#7330 = CARTESIAN_POINT ('', (90., 50.0934549376678, 182.54655145998));
#7340 = CARTESIAN_POINT ('', (90., 52.008228805795, 182.770081970239));
#7350 = CARTESIAN_POINT ('', (90., 52.859475780776, 182.869456457138));
#7360 = CARTESIAN_POINT ('', (90., 53.7112565692834, 182.971363867069));
#7370 = CARTESIAN_POINT ('', (90., 54.5619207793492, 183.075609263965));
#7380 = CARTESIAN_POINT ('', (90., 56.4750147617827, 183.31005105561));
#7390 = CARTESIAN_POINT ('', (90., 58.391022952834, 183.557386944164));
#7400 = CARTESIAN_POINT ('', (90., 60.3009386873811, 183.816449535486));
#7410 = CARTESIAN_POINT ('', (90., 62.2107791601526, 184.075501918237));
#7420 = CARTESIAN_POINT ('', (90., 64.123820571281, 184.347544524508));
#7430 = CARTESIAN_POINT ('', (90., 66.0301682742145, 184.63115905863));
#7440 = CARTESIAN_POINT ('', (90., 66.8777861965394, 184.757262372199));
#7450 = CARTESIAN_POINT ('', (90., 67.7260761980266, 184.885945970133));
#7460 = CARTESIAN_POINT ('', (90., 68.5729596658851, 185.016890919663));
#7470 = CARTESIAN_POINT ('', (90., 70.4772572091844, 185.311333018441));
#7480 = CARTESIAN_POINT ('', (90., 72.3851646135778, 185.618899456213));
#7490 = CARTESIAN_POINT ('', (90., 74.2855203587211, 185.937793364668));
#7500 = CARTESIAN_POINT ('', (90., 76.185799671265, 186.256674447161));
#7510 = CARTESIAN_POINT ('', (90., 78.0899740811826, 186.588806849965));
#7520 = CARTESIAN_POINT ('', (90., 79.985997912286, 186.93208551569));
#7530 = CARTESIAN_POINT ('', (90., 81.8819461210973, 187.275350489858));
#7540 = CARTESIAN_POINT ('', (90., 83.7820714032639, 187.631996653477));
#7550 = CARTESIAN_POINT ('', (90., 85.6734536219888, 187.99958848646));
#7560 = CARTESIAN_POINT ('', (90., 87.1157163144265, 188.279893536126));
#7570 = CARTESIAN_POINT ('', (90., 88.560549016749, 188.568044350622));
#7580 = CARTESIAN_POINT ('', (90., 90., 188.862447920035));
#7590 = B_SPLINE_CURVE_WITH_KNOTS ('', 3, (#6560, #6570, #6580, #6590, #6600, #6610, #6620, #6630, #6640, #6650, #6660, #6670, #6680, #6690, #6700, #6710, #6720, #6730, #6740, #6750, #6760, #6770, #6780, #6790, #6800, #6810, #6820, #6830, #6840, #6850, #6860, #6870, #6880, #6890, #6900, #6910, #6920, #6930, #6940, #6950, #6960, #6970, #6980, #6990, #7000, #7010, #7020, #7030, #7040, #7050, #7060, #7070, #7080, #7090, #7100, #7110, #7120, #7130, #7140, #7150, #7160, #7170, #7180, #7190, #7200, #7210, #7220, #7230, #7240, #7250, #7260, #7270, #7280, #7290, #7300, #7310, #7320, #7330, #7340, #7350, #7360, #7370, #7380, #7390, #7400, #7410, #7420, #7430, #7440, #7450, #7460, #7470, #7480, #7490, #7500, #7510, #7520, #7530, #7540, #7550, #7560, #7570, #7580), .UNSPECIFIED., .F., .U., (4, 3, 3, 3, 3, 3, 3, 3, 3, 3, 3, 3, 3, 3, 3, 3, 3, 3, 3, 3, 3, 3, 3, 3, 3, 3, 3, 3, 3, 3, 3, 3, 3, 3, 4), (0., 5.79363341783111, 11.5870371104706, 15.4476555966929, 21.2401925959769, 27.0324997513538, 29.6053553283128, 35.3963161197555, 41.1870524609399, 46.9775623238296, 52.7678441284917, 56.6271317420315, 59.1995247799873, 67.8848488558045, 70.457107773539, 73.0292804554804, 81.711248210478, 90.3924533246828, 99.0728937170862, 101.644683712876, 110.322425883823, 114.179614183741, 116.751060642866, 125.425332609093, 131.209116872291, 136.992674062145, 142.77600560164, 145.347089091056, 151.129305262528, 156.911293581092, 159.482134628581, 165.262913775594, 171.043460418783, 176.823776506754, 181.231523477009), .UNSPECIFIED.);
#7600 = EDGE_CURVE ('', #2700, #1090, #7590, .T.);
#7610 = ORIENTED_EDGE ('', *, *, #7600, .F.);
#7620 = ORIENTED_EDGE ('', *, *, #4180, .F.);
#7630 = CARTESIAN_POINT ('', (90., -90., 151.137562783547));
#7640 = CARTESIAN_POINT ('', (90., -88.1079557891265, 151.524531992358));
#7650 = CARTESIAN_POINT ('', (90., -86.2202972071414, 151.898004495535));
#7660 = CARTESIAN_POINT ('', (90., -84.3234417863842, 152.260655811832));
#7670 = CARTESIAN_POINT ('', (90., -82.4266615784413, 152.623292748526));
#7680 = CARTESIAN_POINT ('', (90., -80.5339861289105, 152.972562441468));
#7690 = CARTESIAN_POINT ('', (90., -78.6327043282047, 153.310805282344));
#7700 = CARTESIAN_POINT ('', (90., -77.3657248362268, 153.536204138283));
#7710 = CARTESIAN_POINT ('', (90., -76.1004653713999, 153.755712323209));
#7720 = CARTESIAN_POINT ('', (90., -74.8316011835109, 153.97024751856));
#7730 = CARTESIAN_POINT ('', (90., -72.9277759851279, 154.292139738978));
#7740 = CARTESIAN_POINT ('', (90., -71.0275840256191, 154.600865013733));
#7750 = CARTESIAN_POINT ('', (90., -69.1197761634641, 154.898243810326));
#7760 = CARTESIAN_POINT ('', (90., -67.2120440018205, 155.195610807132));
#7770 = CARTESIAN_POINT ('', (90., -65.307658793296, 155.479919512084));
#7780 = CARTESIAN_POINT ('', (90., -63.3962584980166, 155.752716217645));
#7790 = CARTESIAN_POINT ('', (90., -62.5472432822152, 155.873888404556));
#7800 = CARTESIAN_POINT ('', (90., -61.6988482132149, 155.992498079319));
#7810 = CARTESIAN_POINT ('', (90., -60.8491542348009, 156.108815225907));
#7820 = CARTESIAN_POINT ('', (90., -58.9366704724842, 156.370620840374));
#7830 = CARTESIAN_POINT ('', (90., -57.0271170812007, 156.619526846566));
#7840 = CARTESIAN_POINT ('', (90., -55.1114223930234, 156.856698055993));
#7850 = CARTESIAN_POINT ('', (90., -53.1958019547302, 157.093860072967));
#7860 = CARTESIAN_POINT ('', (90., -51.2828252376486, 157.318196736895));
#7870 = CARTESIAN_POINT ('', (90., -49.364308035986, 157.530656692713));
#7880 = CARTESIAN_POINT ('', (90., -47.4458658683914, 157.743108339127));
#7890 = CARTESIAN_POINT ('', (90., -45.5297779413438, 157.942806048702));
#7900 = CARTESIAN_POINT ('', (90., -43.6087560222213, 158.130504846567));
#7910 = CARTESIAN_POINT ('', (90., -41.6878097622143, 158.318196251948));
#7920 = CARTESIAN_POINT ('', (90., -39.7689261042481, 158.493202159483));
#7930 = CARTESIAN_POINT ('', (90., -37.8457192453917, 158.65610696462));
#7940 = CARTESIAN_POINT ('', (90., -36.5638803541165, 158.764684840077));
#7950 = CARTESIAN_POINT ('', (90., -35.2828504791819, 158.867650691181));
#7960 = CARTESIAN_POINT ('', (90., -34.0001257722485, 158.965207979208));
#7970 = CARTESIAN_POINT ('', (90., -33.1451306446106, 159.030234407309));
#7980 = CARTESIAN_POINT ('', (90., -32.2904634214091, 159.092773657525));
#7990 = CARTESIAN_POINT ('', (90., -31.4351095441102, 159.152897273731));
#8000 = CARTESIAN_POINT ('', (90., -28.5471272201683, 159.355896225934));
#8010 = CARTESIAN_POINT ('', (90., -25.6622253127024, 159.530636782314));
#8020 = CARTESIAN_POINT ('', (90., -22.7708543673912, 159.67768961162));
#8030 = CARTESIAN_POINT ('', (90., -21.9145415074873, 159.7212410034));
#8040 = CARTESIAN_POINT ('', (90., -21.058443958206, 159.762319916237));
#8050 = CARTESIAN_POINT ('', (90., -20.2018953703531, 159.800958684461));
#8060 = CARTESIAN_POINT ('', (90., -19.3453754985622, 159.839596157307));
#8070 = CARTESIAN_POINT ('', (90., -18.4890450104116, 159.875764603336));
#8080 = CARTESIAN_POINT ('', (90., -17.6323177257385, 159.909491518069));
#8090 = CARTESIAN_POINT ('', (90., -14.7405683837994, 160.023331459005));
#8100 = CARTESIAN_POINT ('', (90., -11.8503184600231, 160.109124207696));
#8110 = CARTESIAN_POINT ('', (90., -8.95690739749938, 160.166970659816));
#8120 = CARTESIAN_POINT ('', (90., -6.06375049778399, 160.224812030593));
#8130 = CARTESIAN_POINT ('', (90., -3.17109992774557, 160.254618877251));
#8140 = CARTESIAN_POINT ('', (90., -0.277365439983052, 160.256403499852));
#8150 = CARTESIAN_POINT ('', (90., 2.61611414056079, 160.258187965246));
#8160 = CARTESIAN_POINT ('', (90., 5.51008186885427, 160.231934925723));
#8170 = CARTESIAN_POINT ('', (90., 8.40305342830517, 160.177687128079));
#8180 = CARTESIAN_POINT ('', (90., 9.26016608369672, 160.161614908588));
#8190 = CARTESIAN_POINT ('', (90., 10.1173767021926, 160.143082931256));
#8200 = CARTESIAN_POINT ('', (90., 10.9743830655142, 160.122094517831));
#8210 = CARTESIAN_POINT ('', (90., 13.8660967248484, 160.051275344968));
#8220 = CARTESIAN_POINT ('', (90., 16.7595862756093, 159.952364773803));
#8230 = CARTESIAN_POINT ('', (90., 19.6493860577036, 159.825556011358));
#8240 = CARTESIAN_POINT ('', (90., 20.9338793843108, 159.769190511532));
#8250 = CARTESIAN_POINT ('', (90., 22.2188624565293, 159.707262253458));
#8260 = CARTESIAN_POINT ('', (90., 23.502823254023, 159.639846779204));
#8270 = CARTESIAN_POINT ('', (90., 24.3587929888789, 159.594903346558));
#8280 = CARTESIAN_POINT ('', (90., 25.2150120501757, 159.547485681676));
#8290 = CARTESIAN_POINT ('', (90., 26.0707101935965, 159.497638049097));
#8300 = CARTESIAN_POINT ('', (90., 28.9572406094593, 159.329486804758));
#8310 = CARTESIAN_POINT ('', (90., 31.8472673654989, 159.133073603995));
#8320 = CARTESIAN_POINT ('', (90., 34.7300046392651, 158.909112685277));
#8330 = CARTESIAN_POINT ('', (90., 36.6521406460516, 158.759781232182));
#8340 = CARTESIAN_POINT ('', (90., 38.5761936093517, 158.597807169335));
#8350 = CARTESIAN_POINT ('', (90., 40.496243204678, 158.423691509626));
#8360 = CARTESIAN_POINT ('', (90., 42.416217418202, 158.249582685756));
#8370 = CARTESIAN_POINT ('', (90., 44.3383995958591, 158.062766052874));
#8380 = CARTESIAN_POINT ('', (90., 46.255969046298, 157.863913680776));
#8390 = CARTESIAN_POINT ('', (90., 48.1734636811483, 157.66506906707));
#8400 = CARTESIAN_POINT ('', (90., 50.0934549376678, 157.45344854002));
#8410 = CARTESIAN_POINT ('', (90., 52.008228805795, 157.229918029761));
#8420 = CARTESIAN_POINT ('', (90., 52.8594757807761, 157.130543542862));
#8430 = CARTESIAN_POINT ('', (90., 53.7112565692834, 157.028636132931));
#8440 = CARTESIAN_POINT ('', (90., 54.5619207793493, 156.924390736035));
#8450 = CARTESIAN_POINT ('', (90., 56.4750147617828, 156.68994894439));
#8460 = CARTESIAN_POINT ('', (90., 58.391022952834, 156.442613055836));
#8470 = CARTESIAN_POINT ('', (90., 60.3009386873811, 156.183550464514));
#8480 = CARTESIAN_POINT ('', (90., 62.2107791601526, 155.924498081763));
#8490 = CARTESIAN_POINT ('', (90., 64.123820571281, 155.652455475492));
#8500 = CARTESIAN_POINT ('', (90., 66.0301682742145, 155.36884094137));
#8510 = CARTESIAN_POINT ('', (90., 66.8777861965395, 155.242737627801));
#8520 = CARTESIAN_POINT ('', (90., 67.7260761980266, 155.114054029867));
#8530 = CARTESIAN_POINT ('', (90., 68.5729596658851, 154.983109080337));
#8540 = CARTESIAN_POINT ('', (90., 70.4772572091844, 154.688666981559));
#8550 = CARTESIAN_POINT ('', (90., 72.3851646135778, 154.381100543787));
#8560 = CARTESIAN_POINT ('', (90., 74.2855203587211, 154.062206635332));
#8570 = CARTESIAN_POINT ('', (90., 76.185799671265, 153.743325552839));
#8580 = CARTESIAN_POINT ('', (90., 78.0899740811826, 153.411193150035));
#8590 = CARTESIAN_POINT ('', (90., 79.9859979122861, 153.06791448431));
#8600 = CARTESIAN_POINT ('', (90., 81.8819461210973, 152.724649510142));
#8610 = CARTESIAN_POINT ('', (90., 83.782071403264, 152.368003346523));
#8620 = CARTESIAN_POINT ('', (90., 85.6734536219889, 152.00041151354));
#8630 = CARTESIAN_POINT ('', (90., 87.1157163144265, 151.720106463874));
#8640 = CARTESIAN_POINT ('', (90., 88.560549016749, 151.431955649378));
#8650 = CARTESIAN_POINT ('', (90., 90., 151.137552079965));
#8660 = B_SPLINE_CURVE_WITH_KNOTS ('', 3, (#7630, #7640, #7650, #7660, #7670, #7680, #7690, #7700, #7710, #7720, #7730, #7740, #7750, #7760, #7770, #7780, #7790, #7800, #7810, #7820, #7830, #7840, #7850, #7860, #7870, #7880, #7890, #7900, #7910, #7920, #7930, #7940, #7950, #7960, #7970, #7980, #7990, #8000, #8010, #8020, #8030, #8040, #8050, #8060, #8070, #8080, #8090, #8100, #8110, #8120, #8130, #8140, #8150, #8160, #8170, #8180, #8190, #8200, #8210, #8220, #8230, #8240, #8250, #8260, #8270, #8280, #8290, #8300, #8310, #8320, #8330, #8340, #8350, #8360, #8370, #8380, #8390, #8400, #8410, #8420, #8430, #8440, #8450, #8460, #8470, #8480, #8490, #8500, #8510, #8520, #8530, #8540, #8550, #8560, #8570, #8580, #8590, #8600, #8610, #8620, #8630, #8640, #8650), .UNSPECIFIED., .F., .U., (4, 3, 3, 3, 3, 3, 3, 3, 3, 3, 3, 3, 3, 3, 3, 3, 3, 3, 3, 3, 3, 3, 3, 3, 3, 3, 3, 3, 3, 3, 3, 3, 3, 3, 4), (0., 5.79363341783108, 11.5870371104706, 15.4476555966929, 21.2401925959769, 27.0324997513538, 29.6053553283128, 35.3963161197555, 41.1870524609399, 46.9775623238296, 52.7678441284917, 56.6271317420315, 59.1995247799873, 67.8848488558044, 70.4571077735389, 73.0292804554804, 81.711248210478, 90.3924533246828, 99.0728937170862, 101.644683712876, 110.322425883823, 114.179614183741, 116.751060642866, 125.425332609093, 131.209116872291, 136.992674062145, 142.77600560164, 145.347089091056, 151.129305262528, 156.911293581092, 159.482134628581, 165.262913775594, 171.043460418783, 176.823776506754, 181.231523477009), .UNSPECIFIED.);
#8670 = EDGE_CURVE ('', #2870, #1190, #8660, .T.);
#8680 = ORIENTED_EDGE ('', *, *, #8670, .T.);
#8690 = ORIENTED_EDGE ('', *, *, #1230, .T.);
#8700 = EDGE_LOOP ('', (#7610, #7620, #8680, #8690));
#8710 = FACE_OUTER_BOUND ('', #8700, .T.);
#8720 = CARTESIAN_POINT ('', (90., 90., 151.137552079965));
#8730 = CARTESIAN_POINT ('', (90., -90., 151.137552079965));
#8740 = CARTESIAN_POINT ('', (90., 90., 188.862447920035));
#8750 = CARTESIAN_POINT ('', (90., -90., 188.862447920035));
#8760 = B_SPLINE_SURFACE_WITH_KNOTS ('', 1, 1, ((#8720, #8730), (#8740, #8750)), .UNSPECIFIED., .F., .F., .U., (2, 2), (2, 2), (0.475215040681076, 0.524784959318924), (0., 1.), .UNSPECIFIED.);
#8770 = ADVANCED_FACE ('', (#8710), #8760, .T.);
#8780 = ORIENTED_EDGE ('', *, *, #4130, .F.);
#8790 = ORIENTED_EDGE ('', *, *, #6450, .F.);
#8800 = ORIENTED_EDGE ('', *, *, #2520, .F.);
#8810 = ORIENTED_EDGE ('', *, *, #8670, .F.);
#8820 = EDGE_LOOP ('', (#8780, #8790, #8800, #8810));
#8830 = FACE_OUTER_BOUND ('', #8820, .T.);
#8840 = CARTESIAN_POINT ('', (92.0006877403089, -90.0000000000046, 151.594280566205));
#8850 = CARTESIAN_POINT ('', (91.7043585449128, -83.3987127871364, 152.877523650368));
#8860 = CARTESIAN_POINT ('', (91.1780812128321, -69.5785253846694, 155.156548995278));
#8870 = CARTESIAN_POINT ('', (90.5140041677504, -48.0073980218384, 158.032311116232));
#8880 = CARTESIAN_POINT ('', (90.1578017865403, -26.3674784915256, 159.57483291075));
#8890 = CARTESIAN_POINT ('', (89.9551898878679, -4.76444813456946, 160.452236561082));
#8900 = CARTESIAN_POINT ('', (90.0570711479659, 16.8432179844024, 160.01104337304));
#8910 = CARTESIAN_POINT ('', (90.3118444991835, 38.47827495973, 158.907756400111));
#8920 = CARTESIAN_POINT ('', (90.8731787876589, 60.0541346317383, 156.476918147313));
#8930 = CARTESIAN_POINT ('', (91.4921534068018, 78.6714216947215, 153.79647048428));
#8940 = CARTESIAN_POINT ('', (92.0006900895621, 90.0000000000047, 151.594270392847));
#8950 = CARTESIAN_POINT ('', (46.5977609682827, -90.0000000000046, 141.109741101296));
#8960 = CARTESIAN_POINT ('', (46.4476721227084, -83.3987127871365, 142.426754315009));
#8970 = CARTESIAN_POINT ('', (46.1811160139916, -69.5785253846694, 144.76575503177));
#8980 = CARTESIAN_POINT ('', (45.8447652304128, -48.0073980218384, 147.717196391193));
#8990 = CARTESIAN_POINT ('', (45.66435099848, -26.3674784915256, 149.300311555337));
#9000 = CARTESIAN_POINT ('', (45.5617293653644, -4.76444813456946, 150.200805168362));
#9010 = CARTESIAN_POINT ('', (45.61333157315, 16.8432179844024, 149.748001435677));
#9020 = CARTESIAN_POINT ('', (45.7423726489584, 38.47827495973, 148.615680100929));
#9030 = CARTESIAN_POINT ('', (46.0266848822704, 60.0541346317383, 146.120871331768));
#9040 = CARTESIAN_POINT ('', (46.3401915750646, 78.6714216947215, 143.369884371893));
#9050 = CARTESIAN_POINT ('', (46.5977621581645, 90.0000000000047, 141.109730660213));
#9060 = CARTESIAN_POINT ('', (2.50373073381415E-14, -90.0000000000046, 141.109741101296));
#9070 = CARTESIAN_POINT ('', (2.49566635373111E-14, -83.3987127871365, 142.426754315009));
#9080 = CARTESIAN_POINT ('', (2.48134410502619E-14, -69.5785253846694, 144.76575503177));
#9090 = CARTESIAN_POINT ('', (2.46327173895774E-14, -48.0073980218384, 147.717196391193));
#9100 = CARTESIAN_POINT ('', (2.45357795436549E-14, -26.3674784915256, 149.300311555337));
#9110 = CARTESIAN_POINT ('', (2.44806402126127E-14, -4.76444813456946, 150.200805168362));
#9120 = CARTESIAN_POINT ('', (2.45083664447064E-14, 16.8432179844024, 149.748001435677));
#9130 = CARTESIAN_POINT ('', (2.45777011296167E-14, 38.47827495973, 148.615680100929));
#9140 = CARTESIAN_POINT ('', (2.47304641082986E-14, 60.0541346317383, 146.120871331768));
#9150 = CARTESIAN_POINT ('', (2.4898913477044E-14, 78.6714216947215, 143.369884371893));
#9160 = CARTESIAN_POINT ('', (2.50373079774735E-14, 90.0000000000047, 141.109730660213));
#9170 = CARTESIAN_POINT ('', (-46.5996230574159, -90.0000000000046, 141.109741101296));
#9180 = CARTESIAN_POINT ('', (-46.4495282141541, -83.3987127871365, 142.426754315009));
#9190 = CARTESIAN_POINT ('', (-46.1829614536115, -69.5785253846694, 144.76575503177));
#9200 = CARTESIAN_POINT ('', (-45.8465972291478, -48.0073980218384, 147.717196391193));
#9210 = CARTESIAN_POINT ('', (-45.6661757876973, -26.3674784915256, 149.300311555337));
#9220 = CARTESIAN_POINT ('', (-45.5635500537275, -4.76444813456946, 150.200805168362));
#9230 = CARTESIAN_POINT ('', (-45.6151543235845, 16.8432179844024, 149.748001435677));
#9240 = CARTESIAN_POINT ('', (-45.7442005559923, 38.47827495973, 148.615680100929));
#9250 = CARTESIAN_POINT ('', (-46.028524150681, 60.0541346317383, 146.120871331768));
#9260 = CARTESIAN_POINT ('', (-46.3420433714893, 78.6714216947215, 143.369884371893));
#9270 = CARTESIAN_POINT ('', (-46.5996242473452, 90.0000000000046, 141.109730660213));
#9280 = CARTESIAN_POINT ('', (-92.0042698973141, -90.0000000000046, 151.595107782408));
#9290 = CARTESIAN_POINT ('', (-91.7079291639859, -83.3987127871365, 152.878348202152));
#9300 = CARTESIAN_POINT ('', (-91.1816313406666, -69.5785253846694, 155.157368815085));
#9310 = CARTESIAN_POINT ('', (-90.5175284389495, -48.0073980218384, 158.033124965048));
#9320 = CARTESIAN_POINT ('', (-90.1613121885729, -26.3674784915256, 159.575643556803));
#9330 = CARTESIAN_POINT ('', (-89.9586924009635, -4.76444813456946, 160.453045385367));
#9340 = CARTESIAN_POINT ('', (-90.0605776279305, 16.8432179844024, 160.011853113382));
#9350 = CARTESIAN_POINT ('', (-90.3153608990537, 38.47827495973, 158.908568431226));
#9360 = CARTESIAN_POINT ('', (-90.8767170437522, 60.0541346317383, 156.477735225616));
#9370 = CARTESIAN_POINT ('', (-91.4957157634135, 78.6714216947215, 153.79729312804));
#9380 = CARTESIAN_POINT ('', (-92.0042722466589, 90.0000000000047, 151.595097609071));
#9390 = (
   BOUNDED_SURFACE ()
   B_SPLINE_SURFACE (2, 2, ((#8840, #8850, #8860, #8870, #8880, #8890, #8900, #8910, #8920, #8930, #8940), (#8950, #8960, #8970, #8980, #8990, #9000, #9010, #9020, #9030, #9040, #9050), (#9060, #9070, #9080, #9090, #9100, #9110, #9120, #9130, #9140, #9150, #9160), (#9170, #9180, #9190, #9200, #9210, #9220, #9230, #9240, #9250, #9260, #9270), (#9280, #9290, #9300, #9310, #9320, #9330, #9340, #9350, #9360, #9370, #9380)), .UNSPECIFIED., .F., .F., .U.)
   B_SPLINE_SURFACE_WITH_KNOTS ((3, 2, 3), (3, 1, 1, 1, 1, 1, 1, 1, 1, 3), (0.423049433137237, 0.5, 0.576953503261266), (0.0297867392429769, 0.0991691475760908, 0.174249244902372, 0.323514837541173, 0.397853434490734, 0.546312367064866, 0.620578549381419, 0.769551245445699, 0.844408202206485, 0.963479776146178), .UNSPECIFIED.)
   SURFACE ()
   GEOMETRIC_REPRESENTATION_ITEM ()
   RATIONAL_B_SPLINE_SURFACE (((0.923721482335735, 0.923721482335735, 0.923721482335735, 0.923721482335735, 0.923721482335735, 0.923721482335735, 0.923721482335735, 0.923721482335735, 0.923721482335735, 0.923721482335735, 0.923721482335735), (0.954923401564091, 0.954923401564091, 0.954923401564091, 0.954923401564091, 0.954923401564091, 0.954923401564091, 0.954923401564091, 0.954923401564091, 0.954923401564091, 0.954923401564091, 0.954923401564091), (1., 1., 1., 1., 1., 1., 1., 1., 1., 1., 1.), (0.954921681461673, 0.954921681461673, 0.954921681461673, 0.954921681461673, 0.954921681461673, 0.954921681461673, 0.954921681461673, 0.954921681461673, 0.954921681461673, 0.954921681461673, 0.954921681461673), (0.923719101053951, 0.923719101053951, 0.923719101053951, 0.923719101053951, 0.923719101053951, 0.923719101053951, 0.923719101053951, 0.923719101053951, 0.923719101053951, 0.923719101053951, 0.923719101053951)))
   REPRESENTATION_ITEM ('')
);
#9400 = ADVANCED_FACE ('', (#8830), #9390, .T.);
#9410 = ORIENTED_EDGE ('', *, *, #2770, .T.);
#9420 = ORIENTED_EDGE ('', *, *, #7600, .T.);
#9430 = ORIENTED_EDGE ('', *, *, #1160, .F.);
#9440 = ORIENTED_EDGE ('', *, *, #5350, .T.);
#9450 = EDGE_LOOP ('', (#9410, #9420, #9430, #9440));
#9460 = FACE_OUTER_BOUND ('', #9450, .T.);
#9470 = CARTESIAN_POINT ('', (-92.004269897314, -90., 188.404892217592));
#9480 = CARTESIAN_POINT ('', (-91.7079291639858, -83.3987127871341, 187.121651797847));
#9490 = CARTESIAN_POINT ('', (-91.1816313406667, -69.5785253846694, 184.842631184915));
#9500 = CARTESIAN_POINT ('', (-90.5175284389496, -48.0073980218384, 181.966875034952));
#9510 = CARTESIAN_POINT ('', (-90.161312188573, -26.3674784915256, 180.424356443197));
#9520 = CARTESIAN_POINT ('', (-89.9586924009636, -4.76444813456946, 179.546954614633));
#9530 = CARTESIAN_POINT ('', (-90.0605776279305, 16.8432179844024, 179.988146886618));
#9540 = CARTESIAN_POINT ('', (-90.3153608990537, 38.47827495973, 181.091431568774));
#9550 = CARTESIAN_POINT ('', (-90.8767170437522, 60.0541346317383, 183.522264774384));
#9560 = CARTESIAN_POINT ('', (-91.4957157634135, 78.6714216947195, 186.20270687196));
#9570 = CARTESIAN_POINT ('', (-92.0042722466587, 90.0000000000006, 188.404902390929));
#9580 = CARTESIAN_POINT ('', (-46.5996230574158, -90., 198.890258898703));
#9590 = CARTESIAN_POINT ('', (-46.4495282141541, -83.3987127871341, 197.57324568499));
#9600 = CARTESIAN_POINT ('', (-46.1829614536115, -69.5785253846694, 195.23424496823));
#9610 = CARTESIAN_POINT ('', (-45.8465972291479, -48.0073980218384, 192.282803608807));
#9620 = CARTESIAN_POINT ('', (-45.6661757876974, -26.3674784915256, 190.699688444663));
#9630 = CARTESIAN_POINT ('', (-45.5635500537275, -4.76444813456946, 189.799194831638));
#9640 = CARTESIAN_POINT ('', (-45.6151543235845, 16.8432179844024, 190.251998564323));
#9650 = CARTESIAN_POINT ('', (-45.7442005559923, 38.47827495973, 191.384319899071));
#9660 = CARTESIAN_POINT ('', (-46.028524150681, 60.0541346317383, 193.879128668232));
#9670 = CARTESIAN_POINT ('', (-46.3420433714893, 78.6714216947195, 196.630115628107));
#9680 = CARTESIAN_POINT ('', (-46.5996242473452, 90.0000000000006, 198.890269339786));
#9690 = CARTESIAN_POINT ('', (-2.50373073381415E-14, -90., 198.890258898703));
#9700 = CARTESIAN_POINT ('', (-2.49566635373111E-14, -83.3987127871341, 197.57324568499));
#9710 = CARTESIAN_POINT ('', (-2.48134410502619E-14, -69.5785253846694, 195.23424496823));
#9720 = CARTESIAN_POINT ('', (-2.46327173895774E-14, -48.0073980218384, 192.282803608807));
#9730 = CARTESIAN_POINT ('', (-2.45357795436549E-14, -26.3674784915256, 190.699688444663));
#9740 = CARTESIAN_POINT ('', (-2.44806402126127E-14, -4.76444813456946, 189.799194831638));
#9750 = CARTESIAN_POINT ('', (-2.45083664447064E-14, 16.8432179844024, 190.251998564323));
#9760 = CARTESIAN_POINT ('', (-2.45777011296167E-14, 38.47827495973, 191.384319899071));
#9770 = CARTESIAN_POINT ('', (-2.47304641082986E-14, 60.0541346317383, 193.879128668232));
#9780 = CARTESIAN_POINT ('', (-2.4898913477044E-14, 78.6714216947195, 196.630115628107));
#9790 = CARTESIAN_POINT ('', (-2.50373079774734E-14, 90.0000000000006, 198.890269339786));
#9800 = CARTESIAN_POINT ('', (46.5977609682825, -90., 198.890258898703));
#9810 = CARTESIAN_POINT ('', (46.4476721227083, -83.3987127871341, 197.57324568499));
#9820 = CARTESIAN_POINT ('', (46.1811160139915, -69.5785253846694, 195.23424496823));
#9830 = CARTESIAN_POINT ('', (45.8447652304127, -48.0073980218384, 192.282803608807));
#9840 = CARTESIAN_POINT ('', (45.6643509984799, -26.3674784915256, 190.699688444663));
#9850 = CARTESIAN_POINT ('', (45.5617293653643, -4.76444813456946, 189.799194831638));
#9860 = CARTESIAN_POINT ('', (45.6133315731499, 16.8432179844024, 190.251998564323));
#9870 = CARTESIAN_POINT ('', (45.7423726489584, 38.47827495973, 191.384319899071));
#9880 = CARTESIAN_POINT ('', (46.0266848822703, 60.0541346317383, 193.879128668232));
#9890 = CARTESIAN_POINT ('', (46.3401915750645, 78.6714216947194, 196.630115628107));
#9900 = CARTESIAN_POINT ('', (46.5977621581643, 90.0000000000005, 198.890269339786));
#9910 = CARTESIAN_POINT ('', (92.0006877403085, -90., 188.405719433794));
#9920 = CARTESIAN_POINT ('', (91.7043585449127, -83.3987127871341, 187.122476349631));
#9930 = CARTESIAN_POINT ('', (91.178081212832, -69.5785253846694, 184.843451004722));
#9940 = CARTESIAN_POINT ('', (90.5140041677502, -48.0073980218384, 181.967688883768));
#9950 = CARTESIAN_POINT ('', (90.1578017865401, -26.3674784915256, 180.42516708925));
#9960 = CARTESIAN_POINT ('', (89.9551898878678, -4.76444813456946, 179.547763438918));
#9970 = CARTESIAN_POINT ('', (90.0570711479658, 16.8432179844024, 179.98895662696));
#9980 = CARTESIAN_POINT ('', (90.3118444991833, 38.47827495973, 181.092243599889));
#9990 = CARTESIAN_POINT ('', (90.8731787876588, 60.0541346317383, 183.523081852687));
#10000 = CARTESIAN_POINT ('', (91.4921534068016, 78.6714216947195, 186.20352951572));
#10010 = CARTESIAN_POINT ('', (92.0006900895618, 90.0000000000005, 188.405729607152));
#10020 = (
   BOUNDED_SURFACE ()
   B_SPLINE_SURFACE (2, 2, ((#9470, #9480, #9490, #9500, #9510, #9520, #9530, #9540, #9550, #9560, #9570), (#9580, #9590, #9600, #9610, #9620, #9630, #9640, #9650, #9660, #9670, #9680), (#9690, #9700, #9710, #9720, #9730, #9740, #9750, #9760, #9770, #9780, #9790), (#9800, #9810, #9820, #9830, #9840, #9850, #9860, #9870, #9880, #9890, #9900), (#9910, #9920, #9930, #9940, #9950, #9960, #9970, #9980, #9990, #10000, #10010)), .UNSPECIFIED., .F., .F., .U.)
   B_SPLINE_SURFACE_WITH_KNOTS ((3, 2, 3), (3, 1, 1, 1, 1, 1, 1, 1, 1, 3), (0.423046496738734, 0.5, 0.576950566862763), (0.0297867392430012, 0.0991691475760908, 0.174249244902372, 0.323514837541173, 0.397853434490734, 0.546312367064866, 0.620578549381419, 0.769551245445699, 0.844408202206485, 0.963479776146157), .UNSPECIFIED.)
   SURFACE ()
   GEOMETRIC_REPRESENTATION_ITEM ()
   RATIONAL_B_SPLINE_SURFACE (((0.923719101053952, 0.923719101053952, 0.923719101053951, 0.923719101053951, 0.923719101053951, 0.923719101053951, 0.923719101053951, 0.923719101053951, 0.923719101053951, 0.923719101053951, 0.923719101053951), (0.954921681461673, 0.954921681461673, 0.954921681461673, 0.954921681461673, 0.954921681461673, 0.954921681461673, 0.954921681461673, 0.954921681461673, 0.954921681461673, 0.954921681461673, 0.954921681461673), (1., 1., 1., 1., 1., 1., 1., 1., 1., 1., 1.), (0.954923401564091, 0.954923401564091, 0.954923401564091, 0.954923401564091, 0.954923401564091, 0.954923401564091, 0.954923401564091, 0.954923401564091, 0.954923401564091, 0.954923401564091, 0.954923401564091), (0.923721482335735, 0.923721482335735, 0.923721482335735, 0.923721482335735, 0.923721482335735, 0.923721482335735, 0.923721482335735, 0.923721482335735, 0.923721482335735, 0.923721482335735, 0.923721482335735)))
   REPRESENTATION_ITEM ('')
);
#10030 = ADVANCED_FACE ('', (#9460), #10020, .T.);
#10040 = CLOSED_SHELL ('', (#2660, #4270, #6550, #8770, #9400, #10030));
#10050 = MANIFOLD_SOLID_BREP ('', #10040);
#10060 = (
   LENGTH_UNIT ()
   NAMED_UNIT (*)
   SI_UNIT (.MILLI., .METRE.)
);
#10070 = (
   NAMED_UNIT (*)
   SI_UNIT ($, .STERADIAN.)
   SOLID_ANGLE_UNIT ()
);
#10080 = (
   NAMED_UNIT (*)
   SI_UNIT ($, .RADIAN.)
   PLANE_ANGLE_UNIT ()
);
#10090 = UNCERTAINTY_MEASURE_WITH_UNIT (LENGTH_MEASURE(1.E-5), #10060, 'DISTANCE_ACCURACY_VALUE', '');
#10100 = (
   GEOMETRIC_REPRESENTATION_CONTEXT (3)
   GLOBAL_UNCERTAINTY_ASSIGNED_CONTEXT ((#10090))
   GLOBAL_UNIT_ASSIGNED_CONTEXT ((#10060, #10070, #10080))
   REPRESENTATION_CONTEXT ('', '3D')
);
#10110 = ADVANCED_BREP_SHAPE_REPRESENTATION ('', (#10050), #10100);
#10120 = APPLICATION_CONTEXT ('configuration controlled 3D designs of mechanical parts and assemblies');
#10130 = APPLICATION_PROTOCOL_DEFINITION ('International Standard', 'config_control_design', 1997, #10120);
#10140 = MECHANICAL_CONTEXT ('', #10120, 'mechanical');
#10150 = PRODUCT ('product-name', '', '', (#10140));
#10160 = PERSON_AND_ORGANIZATION_ROLE ('design_owner');
#10170 = PERSON ('', '', $, $, $, $);
#10180 = ORGANIZATION ($, '', '');
#10190 = PERSON_AND_ORGANIZATION (#10170, #10180);
#10200 = CC_DESIGN_PERSON_AND_ORGANIZATION_ASSIGNMENT (#10190, #10160, (#10150));
#10210 = PRODUCT_RELATED_PRODUCT_CATEGORY ('detail', $, (#10150));
#10220 = PRODUCT_DEFINITION_FORMATION_WITH_SPECIFIED_SOURCE ('', '', #10150, .NOT_KNOWN.);
#10230 = APPROVAL_STATUS ('approved');
#10240 = APPROVAL (#10230, '');
#10250 = CALENDAR_DATE (2018, 18, 12);
#10260 = COORDINATED_UNIVERSAL_TIME_OFFSET (0, $, .AHEAD.);
#10270 = LOCAL_TIME (20, 22, 4., #10260);
#10280 = DATE_AND_TIME (#10250, #10270);
#10290 = APPROVAL_DATE_TIME (#10280, #10240);
#10300 = APPROVAL_ROLE ('');
#10310 = PERSON ('', '', $, $, $, $);
#10320 = ORGANIZATION ($, '', '');
#10330 = PERSON_AND_ORGANIZATION (#10310, #10320);
#10340 = APPROVAL_PERSON_ORGANIZATION (#10330, #10240, #10300);
#10350 = CC_DESIGN_APPROVAL (#10240, (#10220));
#10360 = PERSON_AND_ORGANIZATION_ROLE ('creator');
#10370 = PERSON ('', '', $, $, $, $);
#10380 = ORGANIZATION ($, '', '');
#10390 = PERSON_AND_ORGANIZATION (#10370, #10380);
#10400 = CC_DESIGN_PERSON_AND_ORGANIZATION_ASSIGNMENT (#10390, #10360, (#10220));
#10410 = PERSON_AND_ORGANIZATION_ROLE ('part_supplier');
#10420 = PERSON ('', '', $, $, $, $);
#10430 = ORGANIZATION ($, '', '');
#10440 = PERSON_AND_ORGANIZATION (#10420, #10430);
#10450 = CC_DESIGN_PERSON_AND_ORGANIZATION_ASSIGNMENT (#10440, #10410, (#10220));
#10460 = SECURITY_CLASSIFICATION_LEVEL ('unclassified');
#10470 = SECURITY_CLASSIFICATION ('', '', #10460);
#10480 = APPROVAL_STATUS ('approved');
#10490 = APPROVAL (#10480, '');
#10500 = CALENDAR_DATE (2018, 18, 12);
#10510 = COORDINATED_UNIVERSAL_TIME_OFFSET (0, $, .AHEAD.);
#10520 = LOCAL_TIME (20, 22, 4., #10510);
#10530 = DATE_AND_TIME (#10500, #10520);
#10540 = APPROVAL_DATE_TIME (#10530, #10490);
#10550 = APPROVAL_ROLE ('');
#10560 = PERSON ('', '', $, $, $, $);
#10570 = ORGANIZATION ($, '', '');
#10580 = PERSON_AND_ORGANIZATION (#10560, #10570);
#10590 = APPROVAL_PERSON_ORGANIZATION (#10580, #10490, #10550);
#10600 = CC_DESIGN_APPROVAL (#10490, (#10470));
#10610 = DATE_TIME_ROLE ('classification_date');
#10620 = CALENDAR_DATE (2018, 18, 12);
#10630 = COORDINATED_UNIVERSAL_TIME_OFFSET (0, $, .AHEAD.);
#10640 = LOCAL_TIME (20, 22, 4., #10630);
#10650 = DATE_AND_TIME (#10620, #10640);
#10660 = CC_DESIGN_DATE_AND_TIME_ASSIGNMENT (#10650, #10610, (#10470));
#10670 = PERSON_AND_ORGANIZATION_ROLE ('classification_officer');
#10680 = PERSON ('', '', $, $, $, $);
#10690 = ORGANIZATION ($, '', '');
#10700 = PERSON_AND_ORGANIZATION (#10680, #10690);
#10710 = CC_DESIGN_PERSON_AND_ORGANIZATION_ASSIGNMENT (#10700, #10670, (#10470));
#10720 = CC_DESIGN_SECURITY_CLASSIFICATION (#10470, (#10220));
#10730 = DESIGN_CONTEXT ('', #10120, 'design');
#10740 = PRODUCT_DEFINITION ('', '', #10220, #10730);
#10750 = APPROVAL_STATUS ('approved');
#10760 = APPROVAL (#10750, '');
#10770 = CALENDAR_DATE (2018, 18, 12);
#10780 = COORDINATED_UNIVERSAL_TIME_OFFSET (0, $, .AHEAD.);
#10790 = LOCAL_TIME (20, 22, 4., #10780);
#10800 = DATE_AND_TIME (#10770, #10790);
#10810 = APPROVAL_DATE_TIME (#10800, #10760);
#10820 = APPROVAL_ROLE ('');
#10830 = PERSON ('', '', $, $, $, $);
#10840 = ORGANIZATION ($, '', '');
#10850 = PERSON_AND_ORGANIZATION (#10830, #10840);
#10860 = APPROVAL_PERSON_ORGANIZATION (#10850, #10760, #10820);
#10870 = CC_DESIGN_APPROVAL (#10760, (#10740));
#10880 = DATE_TIME_ROLE ('creation_date');
#10890 = CALENDAR_DATE (2018, 18, 12);
#10900 = COORDINATED_UNIVERSAL_TIME_OFFSET (0, $, .AHEAD.);
#10910 = LOCAL_TIME (20, 22, 4., #10900);
#10920 = DATE_AND_TIME (#10890, #10910);
#10930 = CC_DESIGN_DATE_AND_TIME_ASSIGNMENT (#10920, #10880, (#10740));
#10940 = PERSON_AND_ORGANIZATION_ROLE ('creator');
#10950 = PERSON ('', '', $, $, $, $);
#10960 = ORGANIZATION ($, '', '');
#10970 = PERSON_AND_ORGANIZATION (#10950, #10960);
#10980 = CC_DESIGN_PERSON_AND_ORGANIZATION_ASSIGNMENT (#10970, #10940, (#10740));
#10990 = PRODUCT_DEFINITION_SHAPE ('', '', #10740);
#11000 = SHAPE_DEFINITION_REPRESENTATION (#10990, #10110);
#11010 = CARTESIAN_POINT ('', (150., -230., 532.953232207399));
#11020 = VERTEX_POINT ('', #11010);
#11030 = CARTESIAN_POINT ('', (-150., -230., 532.953232207398));
#11040 = VERTEX_POINT ('', #11030);
#11050 = CARTESIAN_POINT ('', (150., -230., 532.953232207399));
#11060 = CARTESIAN_POINT ('', (75.165523121076, -230., 540.));
#11070 = CARTESIAN_POINT ('', (9.79717439317882E-14, -230., 540.));
#11080 = CARTESIAN_POINT ('', (-75.1655231210763, -230., 540.));
#11090 = CARTESIAN_POINT ('', (-150., -230., 532.953232207399));
#11100 = (
   BOUNDED_CURVE ()
   B_SPLINE_CURVE (2, (#11050, #11060, #11070, #11080, #11090), .UNSPECIFIED., .F., .U.)
   B_SPLINE_CURVE_WITH_KNOTS ((3, 2, 3), (0.467415287621647, 0.5, 0.532584712378353), .UNSPECIFIED.)
   CURVE ()
   GEOMETRIC_REPRESENTATION_ITEM ()
   RATIONAL_B_SPLINE_CURVE ((0.964312501417608, 0.980912317414787, 1., 0.980912317414787, 0.964312501417608))
   REPRESENTATION_ITEM ('')
);
#11110 = EDGE_CURVE ('', #11020, #11040, #11100, .T.);
#11120 = ORIENTED_EDGE ('', *, *, #11110, .T.);
#11130 = CARTESIAN_POINT ('', (-150., -230., 497.046767792601));
#11140 = VERTEX_POINT ('', #11130);
#11150 = CARTESIAN_POINT ('', (-150., -230., 497.046767792601));
#11160 = CARTESIAN_POINT ('', (-150., -230., 532.953232207398));
#11170 = B_SPLINE_CURVE_WITH_KNOTS ('', 1, (#11150, #11160), .UNSPECIFIED., .F., .U., (2, 2), (0., 1.), .UNSPECIFIED.);
#11180 = EDGE_CURVE ('', #11140, #11040, #11170, .T.);
#11190 = ORIENTED_EDGE ('', *, *, #11180, .F.);
#11200 = CARTESIAN_POINT ('', (150., -230., 497.046767792601));
#11210 = VERTEX_POINT ('', #11200);
#11220 = CARTESIAN_POINT ('', (-150., -230., 497.046767792601));
#11230 = CARTESIAN_POINT ('', (-143.917634571362, -230., 496.474023536304));
#11240 = CARTESIAN_POINT ('', (-137.841340651308, -230., 495.93692470698));
#11250 = CARTESIAN_POINT ('', (-131.752816640331, -230., 495.433853580436));
#11260 = CARTESIAN_POINT ('', (-125.664803599863, -230., 494.930824673403));
#11270 = CARTESIAN_POINT ('', (-119.582074531139, -230., 494.463273881892));
#11280 = CARTESIAN_POINT ('', (-113.488701525177, -230., 494.029976902408));
#11290 = CARTESIAN_POINT ('', (-107.39583963362, -230., 493.596716268036));
#11300 = CARTESIAN_POINT ('', (-101.307473601305, -230., 493.198789306155));
#11310 = CARTESIAN_POINT ('', (-95.2100508853819, -230., 492.835310241801));
#11320 = CARTESIAN_POINT ('', (-89.1131394737683, -230., 492.471861657278));
#11330 = CARTESIAN_POINT ('', (-83.0199353454768, -230., 492.143625115553));
#11340 = CARTESIAN_POINT ('', (-76.9192626699576, -230., 491.849998582639));
#11350 = CARTESIAN_POINT ('', (-70.819101534422, -230., 491.556396670242));
#11360 = CARTESIAN_POINT ('', (-64.7218587551331, -230., 491.297907936803));
#11370 = CARTESIAN_POINT ('', (-58.6187362304465, -230., 491.074159392392));
#11380 = CARTESIAN_POINT ('', (-52.5161255269761, -230., 490.850429612024));
#11390 = CARTESIAN_POINT ('', (-46.4156440138024, -230., 490.661736872654));
#11400 = CARTESIAN_POINT ('', (-40.3108720051132, -230., 490.507882608299));
#11410 = CARTESIAN_POINT ('', (-34.2066121442484, -230., 490.354041251245));
#11420 = CARTESIAN_POINT ('', (-28.1036921811512, -230., 490.235183490586));
#11430 = CARTESIAN_POINT ('', (-21.9980712029991, -230., 490.151230627298));
#11440 = CARTESIAN_POINT ('', (-15.8929627444991, -230., 490.067284811204));
#11450 = CARTESIAN_POINT ('', (-9.78840487696602, -230., 490.018291815136));
#11460 = CARTESIAN_POINT ('', (-3.68273548788275, -230., 490.004238299574));
#11470 = CARTESIAN_POINT ('', (-2.47562964886382, -230., 490.00145988502));
#11480 = CARTESIAN_POINT ('', (-1.26852694207706, -230., 490.000047515118));
#11490 = CARTESIAN_POINT ('', (-0.0614179063913957, -230., 490.0000011788));
#11500 = CARTESIAN_POINT ('', (1.14623420215178, -230., 489.999954821635));
#11510 = CARTESIAN_POINT ('', (2.35388928210385, -230., 490.001275741488));
#11520 = CARTESIAN_POINT ('', (3.56153839963256, -230., 490.003963928589));
#11530 = CARTESIAN_POINT ('', (17.3496765576601, -230., 490.03465586932));
#11540 = CARTESIAN_POINT ('', (31.1431749167492, -230., 490.243700949434));
#11550 = CARTESIAN_POINT ('', (44.9259107749703, -230., 490.630854823991));
#11560 = CARTESIAN_POINT ('', (54.1040892891115, -230., 490.888667743695));
#11570 = CARTESIAN_POINT ('', (63.287998587605, -230., 491.225802477688));
#11580 = CARTESIAN_POINT ('', (72.4603766695225, -230., 491.641625350275));
#11590 = CARTESIAN_POINT ('', (78.5716368952392, -230., 491.918674743518));
#11600 = CARTESIAN_POINT ('', (84.6864320180078, -230., 492.231045335411));
#11610 = CARTESIAN_POINT ('', (90.7941113140888, -230., 492.578193040209));
#11620 = CARTESIAN_POINT ('', (96.9012755432569, -230., 492.925311469681));
#11630 = CARTESIAN_POINT ('', (103.012767216681, -230., 493.307860689329));
#11640 = CARTESIAN_POINT ('', (109.115546950767, -230., 493.725024498086));
#11650 = CARTESIAN_POINT ('', (115.217812034183, -230., 494.142153127198));
#11660 = CARTESIAN_POINT ('', (121.325196315684, -230., 494.594845070882));
#11670 = CARTESIAN_POINT ('', (127.422274096402, -230., 495.081956944464));
#11680 = CARTESIAN_POINT ('', (134.949089920049, -230., 495.683294419533));
#11690 = CARTESIAN_POINT ('', (142.482456608529, -230., 496.338880400855));
#11700 = CARTESIAN_POINT ('', (150., -230., 497.046767792601));
#11710 = B_SPLINE_CURVE_WITH_KNOTS ('', 3, (#11220, #11230, #11240, #11250, #11260, #11270, #11280, #11290, #11300, #11310, #11320, #11330, #11340, #11350, #11360, #11370, #11380, #11390, #11400, #11410, #11420, #11430, #11440, #11450, #11460, #11470, #11480, #11490, #11500, #11510, #11520, #11530, #11540, #11550, #11560, #11570, #11580, #11590, #11600, #11610, #11620, #11630, #11640, #11650, #11660, #11670, #11680, #11690, #11700), .UNSPECIFIED., .F., .U., (4, 3, 3, 3, 3, 3, 3, 3, 3, 3, 3, 3, 3, 3, 3, 3, 4), (0., 18.3278162014866, 36.6540942676945, 54.9788351188481, 73.3020393340477, 91.6237071528398, 109.943838476458, 128.26243286874, 146.579489556723, 150.200816666448, 153.823772994747, 195.188289947574, 222.733686206316, 241.086296952869, 259.437360004774, 277.786875501744, 300.439272037616), .UNSPECIFIED.);
#11720 = EDGE_CURVE ('', #11140, #11210, #11710, .T.);
#11730 = ORIENTED_EDGE ('', *, *, #11720, .T.);
#11740 = CARTESIAN_POINT ('', (150., -230., 497.046767792601));
#11750 = CARTESIAN_POINT ('', (150., -230., 532.953232207399));
#11760 = B_SPLINE_CURVE_WITH_KNOTS ('', 1, (#11740, #11750), .UNSPECIFIED., .F., .U., (2, 2), (0., 1.), .UNSPECIFIED.);
#11770 = EDGE_CURVE ('', #11210, #11020, #11760, .T.);
#11780 = ORIENTED_EDGE ('', *, *, #11770, .T.);
#11790 = EDGE_LOOP ('', (#11120, #11190, #11730, #11780));
#11800 = FACE_OUTER_BOUND ('', #11790, .T.);
#11810 = CARTESIAN_POINT ('', (150., -230., 489.999954821634));
#11820 = CARTESIAN_POINT ('', (-150., -230., 489.999954821634));
#11830 = CARTESIAN_POINT ('', (150., -230., 540.));
#11840 = CARTESIAN_POINT ('', (-150., -230., 540.));
#11850 = B_SPLINE_SURFACE_WITH_KNOTS ('', 1, 1, ((#11810, #11820), (#11830, #11840)), .UNSPECIFIED., .F., .F., .U., (2, 2), (2, 2), (0.492069031439818, 0.50793095422788), (0., 1.), .UNSPECIFIED.);
#11860 = ADVANCED_FACE ('', (#11800), #11850, .T.);
#11870 = CARTESIAN_POINT ('', (-150., 230., 532.9532322074));
#11880 = VERTEX_POINT ('', #11870);
#11890 = CARTESIAN_POINT ('', (-150., -230., 532.9532322074));
#11900 = CARTESIAN_POINT ('', (-150., 230., 532.9532322074));
#11910 = B_SPLINE_CURVE_WITH_KNOTS ('', 1, (#11890, #11900), .UNSPECIFIED., .F., .U., (2, 2), (0., 1.), .UNSPECIFIED.);
#11920 = EDGE_CURVE ('', #11040, #11880, #11910, .T.);
#11930 = ORIENTED_EDGE ('', *, *, #11920, .T.);
#11940 = CARTESIAN_POINT ('', (-150., 230., 497.046767792601));
#11950 = VERTEX_POINT ('', #11940);
#11960 = CARTESIAN_POINT ('', (-150., 230., 497.046767792601));
#11970 = CARTESIAN_POINT ('', (-150., 230., 532.9532322074));
#11980 = B_SPLINE_CURVE_WITH_KNOTS ('', 1, (#11960, #11970), .UNSPECIFIED., .F., .U., (2, 2), (0., 1.), .UNSPECIFIED.);
#11990 = EDGE_CURVE ('', #11950, #11880, #11980, .T.);
#12000 = ORIENTED_EDGE ('', *, *, #11990, .F.);
#12010 = CARTESIAN_POINT ('', (-150., 230., 497.046767792601));
#12020 = CARTESIAN_POINT ('', (-150., 76.6666666666667, 497.046767792601));
#12030 = CARTESIAN_POINT ('', (-150., -76.6666666666667, 497.046767792601));
#12040 = CARTESIAN_POINT ('', (-150., -230., 497.046767792601));
#12050 = B_SPLINE_CURVE_WITH_KNOTS ('', 3, (#12010, #12020, #12030, #12040), .UNSPECIFIED., .F., .U., (4, 4), (0., 460.), .UNSPECIFIED.);
#12060 = EDGE_CURVE ('', #11950, #11140, #12050, .T.);
#12070 = ORIENTED_EDGE ('', *, *, #12060, .T.);
#12080 = ORIENTED_EDGE ('', *, *, #11180, .T.);
#12090 = EDGE_LOOP ('', (#11930, #12000, #12070, #12080));
#12100 = FACE_OUTER_BOUND ('', #12090, .T.);
#12110 = CARTESIAN_POINT ('', (-150., -230., 497.046767792601));
#12120 = CARTESIAN_POINT ('', (-150., 230., 497.046767792601));
#12130 = CARTESIAN_POINT ('', (-150., -230., 532.9532322074));
#12140 = CARTESIAN_POINT ('', (-150., 230., 532.9532322074));
#12150 = B_SPLINE_SURFACE_WITH_KNOTS ('', 1, 1, ((#12110, #12120), (#12130, #12140)), .UNSPECIFIED., .F., .F., .U., (2, 2), (2, 2), (0.494304549484825, 0.505695450515175), (0., 1.), .UNSPECIFIED.);
#12160 = ADVANCED_FACE ('', (#12100), #12150, .T.);
#12170 = CARTESIAN_POINT ('', (150., 230., 532.953232207399));
#12180 = VERTEX_POINT ('', #12170);
#12190 = CARTESIAN_POINT ('', (150., 230., 532.953232207399));
#12200 = CARTESIAN_POINT ('', (75.1655231210762, 230., 540.));
#12210 = CARTESIAN_POINT ('', (9.79717439317883E-14, 230., 540.));
#12220 = CARTESIAN_POINT ('', (-75.1655231210763, 230., 540.));
#12230 = CARTESIAN_POINT ('', (-150., 230., 532.953232207399));
#12240 = (
   BOUNDED_CURVE ()
   B_SPLINE_CURVE (2, (#12190, #12200, #12210, #12220, #12230), .UNSPECIFIED., .F., .U.)
   B_SPLINE_CURVE_WITH_KNOTS ((3, 2, 3), (0.467415287621647, 0.5, 0.532584712378353), .UNSPECIFIED.)
   CURVE ()
   GEOMETRIC_REPRESENTATION_ITEM ()
   RATIONAL_B_SPLINE_CURVE ((0.964312501417608, 0.980912317414787, 1., 0.980912317414787, 0.964312501417608))
   REPRESENTATION_ITEM ('')
);
#12250 = EDGE_CURVE ('', #12180, #11880, #12240, .T.);
#12260 = ORIENTED_EDGE ('', *, *, #12250, .F.);
#12270 = CARTESIAN_POINT ('', (150., 230., 497.046767792601));
#12280 = VERTEX_POINT ('', #12270);
#12290 = CARTESIAN_POINT ('', (150., 230., 497.046767792601));
#12300 = CARTESIAN_POINT ('', (150., 230., 532.953232207399));
#12310 = B_SPLINE_CURVE_WITH_KNOTS ('', 1, (#12290, #12300), .UNSPECIFIED., .F., .U., (2, 2), (0., 1.), .UNSPECIFIED.);
#12320 = EDGE_CURVE ('', #12280, #12180, #12310, .T.);
#12330 = ORIENTED_EDGE ('', *, *, #12320, .F.);
#12340 = CARTESIAN_POINT ('', (150., 230., 497.046767792601));
#12350 = CARTESIAN_POINT ('', (143.917634571362, 230., 496.474023536304));
#12360 = CARTESIAN_POINT ('', (137.841340651308, 230., 495.93692470698));
#12370 = CARTESIAN_POINT ('', (131.752816640331, 230., 495.433853580436));
#12380 = CARTESIAN_POINT ('', (125.664803599862, 230., 494.930824673403));
#12390 = CARTESIAN_POINT ('', (119.582074531139, 230., 494.463273881892));
#12400 = CARTESIAN_POINT ('', (113.488701525176, 230., 494.029976902408));
#12410 = CARTESIAN_POINT ('', (107.39583963362, 230., 493.596716268036));
#12420 = CARTESIAN_POINT ('', (101.307473601305, 230., 493.198789306155));
#12430 = CARTESIAN_POINT ('', (95.2100508853819, 230., 492.835310241801));
#12440 = CARTESIAN_POINT ('', (89.1131394737682, 230., 492.471861657278));
#12450 = CARTESIAN_POINT ('', (83.0199353454766, 230., 492.143625115553));
#12460 = CARTESIAN_POINT ('', (76.9192626699574, 230., 491.849998582639));
#12470 = CARTESIAN_POINT ('', (70.8191015344218, 230., 491.556396670242));
#12480 = CARTESIAN_POINT ('', (64.721858755133, 230., 491.297907936803));
#12490 = CARTESIAN_POINT ('', (58.6187362304465, 230., 491.074159392392));
#12500 = CARTESIAN_POINT ('', (52.5161255269761, 230., 490.850429612024));
#12510 = CARTESIAN_POINT ('', (46.4156440138023, 230., 490.661736872654));
#12520 = CARTESIAN_POINT ('', (40.3108720051131, 230., 490.507882608299));
#12530 = CARTESIAN_POINT ('', (34.2066121442483, 230., 490.354041251245));
#12540 = CARTESIAN_POINT ('', (28.1036921811511, 230., 490.235183490586));
#12550 = CARTESIAN_POINT ('', (21.9980712029989, 230., 490.151230627298));
#12560 = CARTESIAN_POINT ('', (15.8929627444989, 230., 490.067284811204));
#12570 = CARTESIAN_POINT ('', (9.78840487696588, 230., 490.018291815136));
#12580 = CARTESIAN_POINT ('', (3.68273548788259, 230., 490.004238299574));
#12590 = CARTESIAN_POINT ('', (2.47562964886366, 230., 490.00145988502));
#12600 = CARTESIAN_POINT ('', (1.26852694207702, 230., 490.000047515118));
#12610 = CARTESIAN_POINT ('', (0.0614179063913523, 230., 490.0000011788));
#12620 = CARTESIAN_POINT ('', (-1.14623420215178, 230., 489.999954821635));
#12630 = CARTESIAN_POINT ('', (-2.353889282104, 230., 490.001275741488));
#12640 = CARTESIAN_POINT ('', (-3.56153839963267, 230., 490.003963928589));
#12650 = CARTESIAN_POINT ('', (-17.3496765576602, 230., 490.03465586932));
#12660 = CARTESIAN_POINT ('', (-31.143174916749, 230., 490.243700949434));
#12670 = CARTESIAN_POINT ('', (-44.9259107749702, 230., 490.630854823991));
#12680 = CARTESIAN_POINT ('', (-54.1040892891113, 230., 490.888667743695));
#12690 = CARTESIAN_POINT ('', (-63.2879985876049, 230., 491.225802477688));
#12700 = CARTESIAN_POINT ('', (-72.4603766695224, 230., 491.641625350275));
#12710 = CARTESIAN_POINT ('', (-78.571636895239, 230., 491.918674743518));
#12720 = CARTESIAN_POINT ('', (-84.6864320180075, 230., 492.231045335411));
#12730 = CARTESIAN_POINT ('', (-90.7941113140885, 230., 492.578193040209));
#12740 = CARTESIAN_POINT ('', (-96.9012755432565, 230., 492.925311469681));
#12750 = CARTESIAN_POINT ('', (-103.01276721668, 230., 493.307860689329));
#12760 = CARTESIAN_POINT ('', (-109.115546950766, 230., 493.725024498086));
#12770 = CARTESIAN_POINT ('', (-115.217812034183, 230., 494.142153127198));
#12780 = CARTESIAN_POINT ('', (-121.325196315683, 230., 494.594845070882));
#12790 = CARTESIAN_POINT ('', (-127.422274096401, 230., 495.081956944464));
#12800 = CARTESIAN_POINT ('', (-134.949089920049, 230., 495.683294419533));
#12810 = CARTESIAN_POINT ('', (-142.482456608529, 230., 496.338880400855));
#12820 = CARTESIAN_POINT ('', (-150., 230., 497.046767792601));
#12830 = B_SPLINE_CURVE_WITH_KNOTS ('', 3, (#12340, #12350, #12360, #12370, #12380, #12390, #12400, #12410, #12420, #12430, #12440, #12450, #12460, #12470, #12480, #12490, #12500, #12510, #12520, #12530, #12540, #12550, #12560, #12570, #12580, #12590, #12600, #12610, #12620, #12630, #12640, #12650, #12660, #12670, #12680, #12690, #12700, #12710, #12720, #12730, #12740, #12750, #12760, #12770, #12780, #12790, #12800, #12810, #12820), .UNSPECIFIED., .F., .U., (4, 3, 3, 3, 3, 3, 3, 3, 3, 3, 3, 3, 3, 3, 3, 3, 4), (0., 18.3278162014869, 36.6540942676948, 54.9788351188482, 73.3020393340479, 91.62370715284, 109.943838476458, 128.26243286874, 146.579489556724, 150.200816666449, 153.823772994747, 195.188289947574, 222.733686206315, 241.086296952869, 259.437360004773, 277.786875501744, 300.439272037616), .UNSPECIFIED.);
#12840 = EDGE_CURVE ('', #12280, #11950, #12830, .T.);
#12850 = ORIENTED_EDGE ('', *, *, #12840, .T.);
#12860 = ORIENTED_EDGE ('', *, *, #11990, .T.);
#12870 = EDGE_LOOP ('', (#12260, #12330, #12850, #12860));
#12880 = FACE_OUTER_BOUND ('', #12870, .T.);
#12890 = CARTESIAN_POINT ('', (-150., 230., 489.999954821634));
#12900 = CARTESIAN_POINT ('', (150., 230., 489.999954821634));
#12910 = CARTESIAN_POINT ('', (-150., 230., 540.));
#12920 = CARTESIAN_POINT ('', (150., 230., 540.));
#12930 = B_SPLINE_SURFACE_WITH_KNOTS ('', 1, 1, ((#12890, #12900), (#12910, #12920)), .UNSPECIFIED., .F., .F., .U., (2, 2), (2, 2), (0.492069031439818, 0.50793095422788), (0., 1.), .UNSPECIFIED.);
#12940 = ADVANCED_FACE ('', (#12880), #12930, .T.);
#12950 = CARTESIAN_POINT ('', (150., -230., 532.9532322074));
#12960 = CARTESIAN_POINT ('', (150., 230., 532.9532322074));
#12970 = B_SPLINE_CURVE_WITH_KNOTS ('', 1, (#12950, #12960), .UNSPECIFIED., .F., .U., (2, 2), (0., 1.), .UNSPECIFIED.);
#12980 = EDGE_CURVE ('', #11020, #12180, #12970, .T.);
#12990 = ORIENTED_EDGE ('', *, *, #12980, .F.);
#13000 = ORIENTED_EDGE ('', *, *, #11770, .F.);
#13010 = CARTESIAN_POINT ('', (150., -230., 497.046767792601));
#13020 = CARTESIAN_POINT ('', (150., -76.6666666666667, 497.046767792601));
#13030 = CARTESIAN_POINT ('', (150., 76.6666666666667, 497.046767792601));
#13040 = CARTESIAN_POINT ('', (150., 230., 497.046767792601));
#13050 = B_SPLINE_CURVE_WITH_KNOTS ('', 3, (#13010, #13020, #13030, #13040), .UNSPECIFIED., .F., .U., (4, 4), (0., 460.), .UNSPECIFIED.);
#13060 = EDGE_CURVE ('', #11210, #12280, #13050, .T.);
#13070 = ORIENTED_EDGE ('', *, *, #13060, .T.);
#13080 = ORIENTED_EDGE ('', *, *, #12320, .T.);
#13090 = EDGE_LOOP ('', (#12990, #13000, #13070, #13080));
#13100 = FACE_OUTER_BOUND ('', #13090, .T.);
#13110 = CARTESIAN_POINT ('', (150., 230., 497.046767792601));
#13120 = CARTESIAN_POINT ('', (150., -230., 497.046767792601));
#13130 = CARTESIAN_POINT ('', (150., 230., 532.9532322074));
#13140 = CARTESIAN_POINT ('', (150., -230., 532.9532322074));
#13150 = B_SPLINE_SURFACE_WITH_KNOTS ('', 1, 1, ((#13110, #13120), (#13130, #13140)), .UNSPECIFIED., .F., .F., .U., (2, 2), (2, 2), (0.494304549484825, 0.505695450515175), (0., 1.), .UNSPECIFIED.);
#13160 = ADVANCED_FACE ('', (#13100), #13150, .T.);
#13170 = ORIENTED_EDGE ('', *, *, #11720, .F.);
#13180 = ORIENTED_EDGE ('', *, *, #12060, .F.);
#13190 = ORIENTED_EDGE ('', *, *, #12840, .F.);
#13200 = ORIENTED_EDGE ('', *, *, #13060, .F.);
#13210 = EDGE_LOOP ('', (#13170, #13180, #13190, #13200));
#13220 = FACE_OUTER_BOUND ('', #13210, .T.);
#13230 = CARTESIAN_POINT ('', (-150.000000000103, -230., 497.046767792611));
#13240 = CARTESIAN_POINT ('', (-75.1655231211282, -230., 490.));
#13250 = CARTESIAN_POINT ('', (-9.79717439317883E-14, -230., 490.));
#13260 = CARTESIAN_POINT ('', (75.165523121128, -230., 490.));
#13270 = CARTESIAN_POINT ('', (150.000000000103, -230., 497.046767792611));
#13280 = CARTESIAN_POINT ('', (-150.000000000103, 230., 497.046767792611));
#13290 = CARTESIAN_POINT ('', (-75.1655231211282, 230., 490.));
#13300 = CARTESIAN_POINT ('', (-9.79717439317883E-14, 230., 490.));
#13310 = CARTESIAN_POINT ('', (75.165523121128, 230., 490.));
#13320 = CARTESIAN_POINT ('', (150.000000000103, 230., 497.046767792611));
#13330 = (
   BOUNDED_SURFACE ()
   B_SPLINE_SURFACE (1, 2, ((#13230, #13240, #13250, #13260, #13270), (#13280, #13290, #13300, #13310, #13320)), .UNSPECIFIED., .F., .F., .U.)
   B_SPLINE_SURFACE_WITH_KNOTS ((2, 2), (3, 2, 3), (0.00119594264289945, 0.998804057357101), (0.467415287621625, 0.5, 0.532584712378375), .UNSPECIFIED.)
   SURFACE ()
   GEOMETRIC_REPRESENTATION_ITEM ()
   RATIONAL_B_SPLINE_SURFACE (((0.964312501417586, 0.980912317414774, 1., 0.980912317414774, 0.964312501417586), (0.964312501417586, 0.980912317414774, 1., 0.980912317414774, 0.964312501417586)))
   REPRESENTATION_ITEM ('')
);
#13340 = ADVANCED_FACE ('', (#13220), #13330, .T.);
#13350 = ORIENTED_EDGE ('', *, *, #11110, .F.);
#13360 = ORIENTED_EDGE ('', *, *, #12980, .T.);
#13370 = ORIENTED_EDGE ('', *, *, #12250, .T.);
#13380 = ORIENTED_EDGE ('', *, *, #11920, .F.);
#13390 = EDGE_LOOP ('', (#13350, #13360, #13370, #13380));
#13400 = FACE_OUTER_BOUND ('', #13390, .T.);
#13410 = CARTESIAN_POINT ('', (150.000000000103, -230., 532.953232207389));
#13420 = CARTESIAN_POINT ('', (75.1655231211282, -230., 540.));
#13430 = CARTESIAN_POINT ('', (9.79717439317883E-14, -230., 540.));
#13440 = CARTESIAN_POINT ('', (-75.1655231210742, -230., 540.));
#13450 = CARTESIAN_POINT ('', (-149.999999999996, -230., 532.953232207399));
#13460 = CARTESIAN_POINT ('', (150.000000000103, 230., 532.953232207389));
#13470 = CARTESIAN_POINT ('', (75.1655231211282, 230., 540.));
#13480 = CARTESIAN_POINT ('', (9.79717439317883E-14, 230., 540.));
#13490 = CARTESIAN_POINT ('', (-75.1655231210742, 230., 540.));
#13500 = CARTESIAN_POINT ('', (-149.999999999996, 230., 532.953232207399));
#13510 = (
   BOUNDED_SURFACE ()
   B_SPLINE_SURFACE (1, 2, ((#13410, #13420, #13430, #13440, #13450), (#13460, #13470, #13480, #13490, #13500)), .UNSPECIFIED., .F., .F., .U.)
   B_SPLINE_SURFACE_WITH_KNOTS ((2, 2), (3, 2, 3), (0.00119594264289948, 0.998804057357101), (0.467415287621625, 0.5, 0.532584712378352), .UNSPECIFIED.)
   SURFACE ()
   GEOMETRIC_REPRESENTATION_ITEM ()
   RATIONAL_B_SPLINE_SURFACE (((0.964312501417586, 0.980912317414774, 1., 0.980912317414788, 0.964312501417609), (0.964312501417586, 0.980912317414774, 1., 0.980912317414788, 0.964312501417609)))
   REPRESENTATION_ITEM ('')
);
#13520 = ADVANCED_FACE ('', (#13400), #13510, .T.);
#13530 = CLOSED_SHELL ('', (#11860, #12160, #12940, #13160, #13340, #13520));
#13540 = MANIFOLD_SOLID_BREP ('', #13530);
#13550 = (
   LENGTH_UNIT ()
   NAMED_UNIT (*)
   SI_UNIT (.MILLI., .METRE.)
);
#13560 = (
   NAMED_UNIT (*)
   SI_UNIT ($, .STERADIAN.)
   SOLID_ANGLE_UNIT ()
);
#13570 = (
   NAMED_UNIT (*)
   SI_UNIT ($, .RADIAN.)
   PLANE_ANGLE_UNIT ()
);
#13580 = UNCERTAINTY_MEASURE_WITH_UNIT (LENGTH_MEASURE(1.E-5), #13550, 'DISTANCE_ACCURACY_VALUE', '');
#13590 = (
   GEOMETRIC_REPRESENTATION_CONTEXT (3)
   GLOBAL_UNCERTAINTY_ASSIGNED_CONTEXT ((#13580))
   GLOBAL_UNIT_ASSIGNED_CONTEXT ((#13550, #13560, #13570))
   REPRESENTATION_CONTEXT ('', '3D')
);
#13600 = ADVANCED_BREP_SHAPE_REPRESENTATION ('', (#13540), #13590);
#13610 = APPLICATION_CONTEXT ('configuration controlled 3D designs of mechanical parts and assemblies');
#13620 = APPLICATION_PROTOCOL_DEFINITION ('International Standard', 'config_control_design', 1997, #13610);
#13630 = MECHANICAL_CONTEXT ('', #13610, 'mechanical');
#13640 = PRODUCT ('product-name', '', '', (#13630));
#13650 = PERSON_AND_ORGANIZATION_ROLE ('design_owner');
#13660 = PERSON ('', '', $, $, $, $);
#13670 = ORGANIZATION ($, '', '');
#13680 = PERSON_AND_ORGANIZATION (#13660, #13670);
#13690 = CC_DESIGN_PERSON_AND_ORGANIZATION_ASSIGNMENT (#13680, #13650, (#13640));
#13700 = PRODUCT_RELATED_PRODUCT_CATEGORY ('detail', $, (#13640));
#13710 = PRODUCT_DEFINITION_FORMATION_WITH_SPECIFIED_SOURCE ('', '', #13640, .NOT_KNOWN.);
#13720 = APPROVAL_STATUS ('approved');
#13730 = APPROVAL (#13720, '');
#13740 = CALENDAR_DATE (2018, 18, 12);
#13750 = COORDINATED_UNIVERSAL_TIME_OFFSET (0, $, .AHEAD.);
#13760 = LOCAL_TIME (20, 22, 4., #13750);
#13770 = DATE_AND_TIME (#13740, #13760);
#13780 = APPROVAL_DATE_TIME (#13770, #13730);
#13790 = APPROVAL_ROLE ('');
#13800 = PERSON ('', '', $, $, $, $);
#13810 = ORGANIZATION ($, '', '');
#13820 = PERSON_AND_ORGANIZATION (#13800, #13810);
#13830 = APPROVAL_PERSON_ORGANIZATION (#13820, #13730, #13790);
#13840 = CC_DESIGN_APPROVAL (#13730, (#13710));
#13850 = PERSON_AND_ORGANIZATION_ROLE ('creator');
#13860 = PERSON ('', '', $, $, $, $);
#13870 = ORGANIZATION ($, '', '');
#13880 = PERSON_AND_ORGANIZATION (#13860, #13870);
#13890 = CC_DESIGN_PERSON_AND_ORGANIZATION_ASSIGNMENT (#13880, #13850, (#13710));
#13900 = PERSON_AND_ORGANIZATION_ROLE ('part_supplier');
#13910 = PERSON ('', '', $, $, $, $);
#13920 = ORGANIZATION ($, '', '');
#13930 = PERSON_AND_ORGANIZATION (#13910, #13920);
#13940 = CC_DESIGN_PERSON_AND_ORGANIZATION_ASSIGNMENT (#13930, #13900, (#13710));
#13950 = SECURITY_CLASSIFICATION_LEVEL ('unclassified');
#13960 = SECURITY_CLASSIFICATION ('', '', #13950);
#13970 = APPROVAL_STATUS ('approved');
#13980 = APPROVAL (#13970, '');
#13990 = CALENDAR_DATE (2018, 18, 12);
#14000 = COORDINATED_UNIVERSAL_TIME_OFFSET (0, $, .AHEAD.);
#14010 = LOCAL_TIME (20, 22, 4., #14000);
#14020 = DATE_AND_TIME (#13990, #14010);
#14030 = APPROVAL_DATE_TIME (#14020, #13980);
#14040 = APPROVAL_ROLE ('');
#14050 = PERSON ('', '', $, $, $, $);
#14060 = ORGANIZATION ($, '', '');
#14070 = PERSON_AND_ORGANIZATION (#14050, #14060);
#14080 = APPROVAL_PERSON_ORGANIZATION (#14070, #13980, #14040);
#14090 = CC_DESIGN_APPROVAL (#13980, (#13960));
#14100 = DATE_TIME_ROLE ('classification_date');
#14110 = CALENDAR_DATE (2018, 18, 12);
#14120 = COORDINATED_UNIVERSAL_TIME_OFFSET (0, $, .AHEAD.);
#14130 = LOCAL_TIME (20, 22, 4., #14120);
#14140 = DATE_AND_TIME (#14110, #14130);
#14150 = CC_DESIGN_DATE_AND_TIME_ASSIGNMENT (#14140, #14100, (#13960));
#14160 = PERSON_AND_ORGANIZATION_ROLE ('classification_officer');
#14170 = PERSON ('', '', $, $, $, $);
#14180 = ORGANIZATION ($, '', '');
#14190 = PERSON_AND_ORGANIZATION (#14170, #14180);
#14200 = CC_DESIGN_PERSON_AND_ORGANIZATION_ASSIGNMENT (#14190, #14160, (#13960));
#14210 = CC_DESIGN_SECURITY_CLASSIFICATION (#13960, (#13710));
#14220 = DESIGN_CONTEXT ('', #13610, 'design');
#14230 = PRODUCT_DEFINITION ('', '', #13710, #14220);
#14240 = APPROVAL_STATUS ('approved');
#14250 = APPROVAL (#14240, '');
#14260 = CALENDAR_DATE (2018, 18, 12);
#14270 = COORDINATED_UNIVERSAL_TIME_OFFSET (0, $, .AHEAD.);
#14280 = LOCAL_TIME (20, 22, 4., #14270);
#14290 = DATE_AND_TIME (#14260, #14280);
#14300 = APPROVAL_DATE_TIME (#14290, #14250);
#14310 = APPROVAL_ROLE ('');
#14320 = PERSON ('', '', $, $, $, $);
#14330 = ORGANIZATION ($, '', '');
#14340 = PERSON_AND_ORGANIZATION (#14320, #14330);
#14350 = APPROVAL_PERSON_ORGANIZATION (#14340, #14250, #14310);
#14360 = CC_DESIGN_APPROVAL (#14250, (#14230));
#14370 = DATE_TIME_ROLE ('creation_date');
#14380 = CALENDAR_DATE (2018, 18, 12);
#14390 = COORDINATED_UNIVERSAL_TIME_OFFSET (0, $, .AHEAD.);
#14400 = LOCAL_TIME (20, 22, 4., #14390);
#14410 = DATE_AND_TIME (#14380, #14400);
#14420 = CC_DESIGN_DATE_AND_TIME_ASSIGNMENT (#14410, #14370, (#14230));
#14430 = PERSON_AND_ORGANIZATION_ROLE ('creator');
#14440 = PERSON ('', '', $, $, $, $);
#14450 = ORGANIZATION ($, '', '');
#14460 = PERSON_AND_ORGANIZATION (#14440, #14450);
#14470 = CC_DESIGN_PERSON_AND_ORGANIZATION_ASSIGNMENT (#14460, #14430, (#14230));
#14480 = PRODUCT_DEFINITION_SHAPE ('', '', #14230);
#14490 = SHAPE_DEFINITION_REPRESENTATION (#14480, #13600);
#14500 = CARTESIAN_POINT ('', (-113.137084989848, -360., 726.862915010152));
#14510 = VERTEX_POINT ('', #14500);
#14520 = CARTESIAN_POINT ('', (113.137084989848, -360., 953.137084989848));
#14530 = VERTEX_POINT ('', #14520);
#14540 = CARTESIAN_POINT ('', (-113.137084989848, -360., 726.862915010152));
#14550 = CARTESIAN_POINT ('', (-37.7123616632826, -360., 802.287638336717));
#14560 = CARTESIAN_POINT ('', (37.7123616632825, -360., 877.712361663283));
#14570 = CARTESIAN_POINT ('', (113.137084989848, -360., 953.137084989848));
#14580 = B_SPLINE_CURVE_WITH_KNOTS ('', 3, (#14540, #14550, #14560, #14570), .UNSPECIFIED., .F., .U., (4, 4), (0., 320.), .UNSPECIFIED.);
#14590 = EDGE_CURVE ('', #14510, #14530, #14580, .T.);
#14600 = ORIENTED_EDGE ('', *, *, #14590, .T.);
#14610 = CARTESIAN_POINT ('', (113.137084989848, 360., 953.137084989848));
#14620 = VERTEX_POINT ('', #14610);
#14630 = CARTESIAN_POINT ('', (113.137084989848, -360., 953.137084989848));
#14640 = CARTESIAN_POINT ('', (113.137084989848, -120., 953.137084989848));
#14650 = CARTESIAN_POINT ('', (113.137084989848, 120., 953.137084989848));
#14660 = CARTESIAN_POINT ('', (113.137084989848, 360., 953.137084989848));
#14670 = B_SPLINE_CURVE_WITH_KNOTS ('', 3, (#14630, #14640, #14650, #14660), .UNSPECIFIED., .F., .U., (4, 4), (0., 720.), .UNSPECIFIED.);
#14680 = EDGE_CURVE ('', #14530, #14620, #14670, .T.);
#14690 = ORIENTED_EDGE ('', *, *, #14680, .T.);
#14700 = CARTESIAN_POINT ('', (-113.137084989848, 360., 726.862915010152));
#14710 = VERTEX_POINT ('', #14700);
#14720 = CARTESIAN_POINT ('', (113.137084989848, 360., 953.137084989848));
#14730 = CARTESIAN_POINT ('', (37.7123616632825, 360., 877.712361663283));
#14740 = CARTESIAN_POINT ('', (-37.7123616632826, 360., 802.287638336717));
#14750 = CARTESIAN_POINT ('', (-113.137084989848, 360., 726.862915010152));
#14760 = B_SPLINE_CURVE_WITH_KNOTS ('', 3, (#14720, #14730, #14740, #14750), .UNSPECIFIED., .F., .U., (4, 4), (0., 320.), .UNSPECIFIED.);
#14770 = EDGE_CURVE ('', #14620, #14710, #14760, .T.);
#14780 = ORIENTED_EDGE ('', *, *, #14770, .T.);
#14790 = CARTESIAN_POINT ('', (-113.137084989848, 360., 726.862915010152));
#14800 = CARTESIAN_POINT ('', (-113.137084989848, 120., 726.862915010152));
#14810 = CARTESIAN_POINT ('', (-113.137084989848, -120., 726.862915010152));
#14820 = CARTESIAN_POINT ('', (-113.137084989848, -360., 726.862915010152));
#14830 = B_SPLINE_CURVE_WITH_KNOTS ('', 3, (#14790, #14800, #14810, #14820), .UNSPECIFIED., .F., .U., (4, 4), (0., 720.), .UNSPECIFIED.);
#14840 = EDGE_CURVE ('', #14710, #14510, #14830, .T.);
#14850 = ORIENTED_EDGE ('', *, *, #14840, .T.);
#14860 = EDGE_LOOP ('', (#14600, #14690, #14780, #14850));
#14870 = FACE_OUTER_BOUND ('', #14860, .T.);
#14880 = CARTESIAN_POINT ('', (-113.137084989848, -360., 726.862915010152));
#14890 = CARTESIAN_POINT ('', (-113.137084989848, 360., 726.862915010152));
#14900 = CARTESIAN_POINT ('', (113.137084989848, -360., 953.137084989848));
#14910 = CARTESIAN_POINT ('', (113.137084989848, 360., 953.137084989848));
#14920 = B_SPLINE_SURFACE_WITH_KNOTS ('', 1, 1, ((#14880, #14890), (#14900, #14910)), .UNSPECIFIED., .F., .F., .U., (2, 2), (2, 2), (0.00245014886655902, 0.997549851133441), (0.00109192770227304, 0.998908072297727), .UNSPECIFIED.);
#14930 = ADVANCED_FACE ('', (#14870), #14920, .T.);
#14940 = OPEN_SHELL ('', (#14930));
#14950 = SHELL_BASED_SURFACE_MODEL ('', (#14940));
#14960 = (
   LENGTH_UNIT ()
   NAMED_UNIT (*)
   SI_UNIT (.MILLI., .METRE.)
);
#14970 = (
   NAMED_UNIT (*)
   SI_UNIT ($, .STERADIAN.)
   SOLID_ANGLE_UNIT ()
);
#14980 = (
   NAMED_UNIT (*)
   SI_UNIT ($, .RADIAN.)
   PLANE_ANGLE_UNIT ()
);
#14990 = UNCERTAINTY_MEASURE_WITH_UNIT (LENGTH_MEASURE(1.E-5), #14960, 'DISTANCE_ACCURACY_VALUE', '');
#15000 = (
   GEOMETRIC_REPRESENTATION_CONTEXT (3)
   GLOBAL_UNCERTAINTY_ASSIGNED_CONTEXT ((#14990))
   GLOBAL_UNIT_ASSIGNED_CONTEXT ((#14960, #14970, #14980))
   REPRESENTATION_CONTEXT ('', '3D')
);
#15010 = MANIFOLD_SURFACE_SHAPE_REPRESENTATION ('', (#14950), #15000);
#15020 = APPLICATION_CONTEXT ('configuration controlled 3D designs of mechanical parts and assemblies');
#15030 = APPLICATION_PROTOCOL_DEFINITION ('International Standard', 'config_control_design', 1997, #15020);
#15040 = MECHANICAL_CONTEXT ('', #15020, 'mechanical');
#15050 = PRODUCT ('product-name', '', '', (#15040));
#15060 = PERSON_AND_ORGANIZATION_ROLE ('design_owner');
#15070 = PERSON ('', '', $, $, $, $);
#15080 = ORGANIZATION ($, '', '');
#15090 = PERSON_AND_ORGANIZATION (#15070, #15080);
#15100 = CC_DESIGN_PERSON_AND_ORGANIZATION_ASSIGNMENT (#15090, #15060, (#15050));
#15110 = PRODUCT_RELATED_PRODUCT_CATEGORY ('detail', $, (#15050));
#15120 = PRODUCT_DEFINITION_FORMATION_WITH_SPECIFIED_SOURCE ('', '', #15050, .NOT_KNOWN.);
#15130 = APPROVAL_STATUS ('approved');
#15140 = APPROVAL (#15130, '');
#15150 = CALENDAR_DATE (2018, 18, 12);
#15160 = COORDINATED_UNIVERSAL_TIME_OFFSET (0, $, .AHEAD.);
#15170 = LOCAL_TIME (20, 22, 4., #15160);
#15180 = DATE_AND_TIME (#15150, #15170);
#15190 = APPROVAL_DATE_TIME (#15180, #15140);
#15200 = APPROVAL_ROLE ('');
#15210 = PERSON ('', '', $, $, $, $);
#15220 = ORGANIZATION ($, '', '');
#15230 = PERSON_AND_ORGANIZATION (#15210, #15220);
#15240 = APPROVAL_PERSON_ORGANIZATION (#15230, #15140, #15200);
#15250 = CC_DESIGN_APPROVAL (#15140, (#15120));
#15260 = PERSON_AND_ORGANIZATION_ROLE ('creator');
#15270 = PERSON ('', '', $, $, $, $);
#15280 = ORGANIZATION ($, '', '');
#15290 = PERSON_AND_ORGANIZATION (#15270, #15280);
#15300 = CC_DESIGN_PERSON_AND_ORGANIZATION_ASSIGNMENT (#15290, #15260, (#15120));
#15310 = PERSON_AND_ORGANIZATION_ROLE ('part_supplier');
#15320 = PERSON ('', '', $, $, $, $);
#15330 = ORGANIZATION ($, '', '');
#15340 = PERSON_AND_ORGANIZATION (#15320, #15330);
#15350 = CC_DESIGN_PERSON_AND_ORGANIZATION_ASSIGNMENT (#15340, #15310, (#15120));
#15360 = SECURITY_CLASSIFICATION_LEVEL ('unclassified');
#15370 = SECURITY_CLASSIFICATION ('', '', #15360);
#15380 = APPROVAL_STATUS ('approved');
#15390 = APPROVAL (#15380, '');
#15400 = CALENDAR_DATE (2018, 18, 12);
#15410 = COORDINATED_UNIVERSAL_TIME_OFFSET (0, $, .AHEAD.);
#15420 = LOCAL_TIME (20, 22, 4., #15410);
#15430 = DATE_AND_TIME (#15400, #15420);
#15440 = APPROVAL_DATE_TIME (#15430, #15390);
#15450 = APPROVAL_ROLE ('');
#15460 = PERSON ('', '', $, $, $, $);
#15470 = ORGANIZATION ($, '', '');
#15480 = PERSON_AND_ORGANIZATION (#15460, #15470);
#15490 = APPROVAL_PERSON_ORGANIZATION (#15480, #15390, #15450);
#15500 = CC_DESIGN_APPROVAL (#15390, (#15370));
#15510 = DATE_TIME_ROLE ('classification_date');
#15520 = CALENDAR_DATE (2018, 18, 12);
#15530 = COORDINATED_UNIVERSAL_TIME_OFFSET (0, $, .AHEAD.);
#15540 = LOCAL_TIME (20, 22, 4., #15530);
#15550 = DATE_AND_TIME (#15520, #15540);
#15560 = CC_DESIGN_DATE_AND_TIME_ASSIGNMENT (#15550, #15510, (#15370));
#15570 = PERSON_AND_ORGANIZATION_ROLE ('classification_officer');
#15580 = PERSON ('', '', $, $, $, $);
#15590 = ORGANIZATION ($, '', '');
#15600 = PERSON_AND_ORGANIZATION (#15580, #15590);
#15610 = CC_DESIGN_PERSON_AND_ORGANIZATION_ASSIGNMENT (#15600, #15570, (#15370));
#15620 = CC_DESIGN_SECURITY_CLASSIFICATION (#15370, (#15120));
#15630 = DESIGN_CONTEXT ('', #15020, 'design');
#15640 = PRODUCT_DEFINITION ('', '', #15120, #15630);
#15650 = APPROVAL_STATUS ('approved');
#15660 = APPROVAL (#15650, '');
#15670 = CALENDAR_DATE (2018, 18, 12);
#15680 = COORDINATED_UNIVERSAL_TIME_OFFSET (0, $, .AHEAD.);
#15690 = LOCAL_TIME (20, 22, 4., #15680);
#15700 = DATE_AND_TIME (#15670, #15690);
#15710 = APPROVAL_DATE_TIME (#15700, #15660);
#15720 = APPROVAL_ROLE ('');
#15730 = PERSON ('', '', $, $, $, $);
#15740 = ORGANIZATION ($, '', '');
#15750 = PERSON_AND_ORGANIZATION (#15730, #15740);
#15760 = APPROVAL_PERSON_ORGANIZATION (#15750, #15660, #15720);
#15770 = CC_DESIGN_APPROVAL (#15660, (#15640));
#15780 = DATE_TIME_ROLE ('creation_date');
#15790 = CALENDAR_DATE (2018, 18, 12);
#15800 = COORDINATED_UNIVERSAL_TIME_OFFSET (0, $, .AHEAD.);
#15810 = LOCAL_TIME (20, 22, 4., #15800);
#15820 = DATE_AND_TIME (#15790, #15810);
#15830 = CC_DESIGN_DATE_AND_TIME_ASSIGNMENT (#15820, #15780, (#15640));
#15840 = PERSON_AND_ORGANIZATION_ROLE ('creator');
#15850 = PERSON ('', '', $, $, $, $);
#15860 = ORGANIZATION ($, '', '');
#15870 = PERSON_AND_ORGANIZATION (#15850, #15860);
#15880 = CC_DESIGN_PERSON_AND_ORGANIZATION_ASSIGNMENT (#15870, #15840, (#15640));
#15890 = PRODUCT_DEFINITION_SHAPE ('', '', #15640);
#15900 = SHAPE_DEFINITION_REPRESENTATION (#15890, #15010);
#15910 = CARTESIAN_POINT ('', (193.933982822018, -360., 733.933982822018));
#15920 = VERTEX_POINT ('', #15910);
#15930 = CARTESIAN_POINT ('', (406.066017177982, -360., 946.066017177982));
#15940 = VERTEX_POINT ('', #15930);
#15950 = CARTESIAN_POINT ('', (193.933982822018, -360., 733.933982822018));
#15960 = CARTESIAN_POINT ('', (264.644660940673, -360., 804.644660940673));
#15970 = CARTESIAN_POINT ('', (335.355339059327, -360., 875.355339059327));
#15980 = CARTESIAN_POINT ('', (406.066017177982, -360., 946.066017177982));
#15990 = B_SPLINE_CURVE_WITH_KNOTS ('', 3, (#15950, #15960, #15970, #15980), .UNSPECIFIED., .F., .U., (4, 4), (0., 300.), .UNSPECIFIED.);
#16000 = EDGE_CURVE ('', #15920, #15940, #15990, .T.);
#16010 = ORIENTED_EDGE ('', *, *, #16000, .T.);
#16020 = CARTESIAN_POINT ('', (406.066017177982, 360., 946.066017177982));
#16030 = VERTEX_POINT ('', #16020);
#16040 = CARTESIAN_POINT ('', (406.066017177982, -360., 946.066017177982));
#16050 = CARTESIAN_POINT ('', (406.066017177982, -120., 946.066017177982));
#16060 = CARTESIAN_POINT ('', (406.066017177982, 120., 946.066017177982));
#16070 = CARTESIAN_POINT ('', (406.066017177982, 360., 946.066017177982));
#16080 = B_SPLINE_CURVE_WITH_KNOTS ('', 3, (#16040, #16050, #16060, #16070), .UNSPECIFIED., .F., .U., (4, 4), (0., 720.), .UNSPECIFIED.);
#16090 = EDGE_CURVE ('', #15940, #16030, #16080, .T.);
#16100 = ORIENTED_EDGE ('', *, *, #16090, .T.);
#16110 = CARTESIAN_POINT ('', (193.933982822018, 360., 733.933982822018));
#16120 = VERTEX_POINT ('', #16110);
#16130 = CARTESIAN_POINT ('', (406.066017177982, 360., 946.066017177982));
#16140 = CARTESIAN_POINT ('', (335.355339059327, 360., 875.355339059327));
#16150 = CARTESIAN_POINT ('', (264.644660940673, 360., 804.644660940673));
#16160 = CARTESIAN_POINT ('', (193.933982822018, 360., 733.933982822018));
#16170 = B_SPLINE_CURVE_WITH_KNOTS ('', 3, (#16130, #16140, #16150, #16160), .UNSPECIFIED., .F., .U., (4, 4), (0., 300.), .UNSPECIFIED.);
#16180 = EDGE_CURVE ('', #16030, #16120, #16170, .T.);
#16190 = ORIENTED_EDGE ('', *, *, #16180, .T.);
#16200 = CARTESIAN_POINT ('', (193.933982822018, 360., 733.933982822018));
#16210 = CARTESIAN_POINT ('', (193.933982822018, 120., 733.933982822018));
#16220 = CARTESIAN_POINT ('', (193.933982822018, -120., 733.933982822018));
#16230 = CARTESIAN_POINT ('', (193.933982822018, -360., 733.933982822018));
#16240 = B_SPLINE_CURVE_WITH_KNOTS ('', 3, (#16200, #16210, #16220, #16230), .UNSPECIFIED., .F., .U., (4, 4), (0., 720.), .UNSPECIFIED.);
#16250 = EDGE_CURVE ('', #16120, #15920, #16240, .T.);
#16260 = ORIENTED_EDGE ('', *, *, #16250, .T.);
#16270 = EDGE_LOOP ('', (#16010, #16100, #16190, #16260));
#16280 = FACE_OUTER_BOUND ('', #16270, .T.);
#16290 = CARTESIAN_POINT ('', (193.933982822018, -360., 733.933982822018));
#16300 = CARTESIAN_POINT ('', (193.933982822018, 360., 733.933982822018));
#16310 = CARTESIAN_POINT ('', (406.066017177982, -360., 946.066017177982));
#16320 = CARTESIAN_POINT ('', (406.066017177982, 360., 946.066017177982));
#16330 = B_SPLINE_SURFACE_WITH_KNOTS ('', 1, 1, ((#16290, #16300), (#16310, #16320)), .UNSPECIFIED., .F., .F., .U., (2, 2), (2, 2), (0.00258654994031039, 0.99741345005969), (0.00108099118576414, 0.998919008814236), .UNSPECIFIED.);
#16340 = ADVANCED_FACE ('', (#16280), #16330, .T.);
#16350 = OPEN_SHELL ('', (#16340));
#16360 = SHELL_BASED_SURFACE_MODEL ('', (#16350));
#16370 = (
   LENGTH_UNIT ()
   NAMED_UNIT (*)
   SI_UNIT (.MILLI., .METRE.)
);
#16380 = (
   NAMED_UNIT (*)
   SI_UNIT ($, .STERADIAN.)
   SOLID_ANGLE_UNIT ()
);
#16390 = (
   NAMED_UNIT (*)
   SI_UNIT ($, .RADIAN.)
   PLANE_ANGLE_UNIT ()
);
#16400 = UNCERTAINTY_MEASURE_WITH_UNIT (LENGTH_MEASURE(1.E-5), #16370, 'DISTANCE_ACCURACY_VALUE', '');
#16410 = (
   GEOMETRIC_REPRESENTATION_CONTEXT (3)
   GLOBAL_UNCERTAINTY_ASSIGNED_CONTEXT ((#16400))
   GLOBAL_UNIT_ASSIGNED_CONTEXT ((#16370, #16380, #16390))
   REPRESENTATION_CONTEXT ('', '3D')
);
#16420 = MANIFOLD_SURFACE_SHAPE_REPRESENTATION ('', (#16360), #16410);
#16430 = APPLICATION_CONTEXT ('configuration controlled 3D designs of mechanical parts and assemblies');
#16440 = APPLICATION_PROTOCOL_DEFINITION ('International Standard', 'config_control_design', 1997, #16430);
#16450 = MECHANICAL_CONTEXT ('', #16430, 'mechanical');
#16460 = PRODUCT ('product-name', '', '', (#16450));
#16470 = PERSON_AND_ORGANIZATION_ROLE ('design_owner');
#16480 = PERSON ('', '', $, $, $, $);
#16490 = ORGANIZATION ($, '', '');
#16500 = PERSON_AND_ORGANIZATION (#16480, #16490);
#16510 = CC_DESIGN_PERSON_AND_ORGANIZATION_ASSIGNMENT (#16500, #16470, (#16460));
#16520 = PRODUCT_RELATED_PRODUCT_CATEGORY ('detail', $, (#16460));
#16530 = PRODUCT_DEFINITION_FORMATION_WITH_SPECIFIED_SOURCE ('', '', #16460, .NOT_KNOWN.);
#16540 = APPROVAL_STATUS ('approved');
#16550 = APPROVAL (#16540, '');
#16560 = CALENDAR_DATE (2018, 18, 12);
#16570 = COORDINATED_UNIVERSAL_TIME_OFFSET (0, $, .AHEAD.);
#16580 = LOCAL_TIME (20, 22, 4., #16570);
#16590 = DATE_AND_TIME (#16560, #16580);
#16600 = APPROVAL_DATE_TIME (#16590, #16550);
#16610 = APPROVAL_ROLE ('');
#16620 = PERSON ('', '', $, $, $, $);
#16630 = ORGANIZATION ($, '', '');
#16640 = PERSON_AND_ORGANIZATION (#16620, #16630);
#16650 = APPROVAL_PERSON_ORGANIZATION (#16640, #16550, #16610);
#16660 = CC_DESIGN_APPROVAL (#16550, (#16530));
#16670 = PERSON_AND_ORGANIZATION_ROLE ('creator');
#16680 = PERSON ('', '', $, $, $, $);
#16690 = ORGANIZATION ($, '', '');
#16700 = PERSON_AND_ORGANIZATION (#16680, #16690);
#16710 = CC_DESIGN_PERSON_AND_ORGANIZATION_ASSIGNMENT (#16700, #16670, (#16530));
#16720 = PERSON_AND_ORGANIZATION_ROLE ('part_supplier');
#16730 = PERSON ('', '', $, $, $, $);
#16740 = ORGANIZATION ($, '', '');
#16750 = PERSON_AND_ORGANIZATION (#16730, #16740);
#16760 = CC_DESIGN_PERSON_AND_ORGANIZATION_ASSIGNMENT (#16750, #16720, (#16530));
#16770 = SECURITY_CLASSIFICATION_LEVEL ('unclassified');
#16780 = SECURITY_CLASSIFICATION ('', '', #16770);
#16790 = APPROVAL_STATUS ('approved');
#16800 = APPROVAL (#16790, '');
#16810 = CALENDAR_DATE (2018, 18, 12);
#16820 = COORDINATED_UNIVERSAL_TIME_OFFSET (0, $, .AHEAD.);
#16830 = LOCAL_TIME (20, 22, 4., #16820);
#16840 = DATE_AND_TIME (#16810, #16830);
#16850 = APPROVAL_DATE_TIME (#16840, #16800);
#16860 = APPROVAL_ROLE ('');
#16870 = PERSON ('', '', $, $, $, $);
#16880 = ORGANIZATION ($, '', '');
#16890 = PERSON_AND_ORGANIZATION (#16870, #16880);
#16900 = APPROVAL_PERSON_ORGANIZATION (#16890, #16800, #16860);
#16910 = CC_DESIGN_APPROVAL (#16800, (#16780));
#16920 = DATE_TIME_ROLE ('classification_date');
#16930 = CALENDAR_DATE (2018, 18, 12);
#16940 = COORDINATED_UNIVERSAL_TIME_OFFSET (0, $, .AHEAD.);
#16950 = LOCAL_TIME (20, 22, 4., #16940);
#16960 = DATE_AND_TIME (#16930, #16950);
#16970 = CC_DESIGN_DATE_AND_TIME_ASSIGNMENT (#16960, #16920, (#16780));
#16980 = PERSON_AND_ORGANIZATION_ROLE ('classification_officer');
#16990 = PERSON ('', '', $, $, $, $);
#17000 = ORGANIZATION ($, '', '');
#17010 = PERSON_AND_ORGANIZATION (#16990, #17000);
#17020 = CC_DESIGN_PERSON_AND_ORGANIZATION_ASSIGNMENT (#17010, #16980, (#16780));
#17030 = CC_DESIGN_SECURITY_CLASSIFICATION (#16780, (#16530));
#17040 = DESIGN_CONTEXT ('', #16430, 'design');
#17050 = PRODUCT_DEFINITION ('', '', #16530, #17040);
#17060 = APPROVAL_STATUS ('approved');
#17070 = APPROVAL (#17060, '');
#17080 = CALENDAR_DATE (2018, 18, 12);
#17090 = COORDINATED_UNIVERSAL_TIME_OFFSET (0, $, .AHEAD.);
#17100 = LOCAL_TIME (20, 22, 4., #17090);
#17110 = DATE_AND_TIME (#17080, #17100);
#17120 = APPROVAL_DATE_TIME (#17110, #17070);
#17130 = APPROVAL_ROLE ('');
#17140 = PERSON ('', '', $, $, $, $);
#17150 = ORGANIZATION ($, '', '');
#17160 = PERSON_AND_ORGANIZATION (#17140, #17150);
#17170 = APPROVAL_PERSON_ORGANIZATION (#17160, #17070, #17130);
#17180 = CC_DESIGN_APPROVAL (#17070, (#17050));
#17190 = DATE_TIME_ROLE ('creation_date');
#17200 = CALENDAR_DATE (2018, 18, 12);
#17210 = COORDINATED_UNIVERSAL_TIME_OFFSET (0, $, .AHEAD.);
#17220 = LOCAL_TIME (20, 22, 4., #17210);
#17230 = DATE_AND_TIME (#17200, #17220);
#17240 = CC_DESIGN_DATE_AND_TIME_ASSIGNMENT (#17230, #17190, (#17050));
#17250 = PERSON_AND_ORGANIZATION_ROLE ('creator');
#17260 = PERSON ('', '', $, $, $, $);
#17270 = ORGANIZATION ($, '', '');
#17280 = PERSON_AND_ORGANIZATION (#17260, #17270);
#17290 = CC_DESIGN_PERSON_AND_ORGANIZATION_ASSIGNMENT (#17280, #17250, (#17050));
#17300 = PRODUCT_DEFINITION_SHAPE ('', '', #17050);
#17310 = SHAPE_DEFINITION_REPRESENTATION (#17300, #16420);
#17320 = CARTESIAN_POINT ('', (299.292893218813, -1., 990.707106781187));
#17330 = VERTEX_POINT ('', #17320);
#17340 = CARTESIAN_POINT ('', (300.707106781187, -1., 989.292893218813));
#17350 = VERTEX_POINT ('', #17340);
#17360 = CARTESIAN_POINT ('', (299.292893218813, -1., 990.707106781187));
#17370 = CARTESIAN_POINT ('', (299.764297739605, -1., 990.235702260396));
#17380 = CARTESIAN_POINT ('', (300.235702260396, -1., 989.764297739604));
#17390 = CARTESIAN_POINT ('', (300.707106781187, -1., 989.292893218813));
#17400 = B_SPLINE_CURVE_WITH_KNOTS ('', 3, (#17360, #17370, #17380, #17390), .UNSPECIFIED., .F., .U., (4, 4), (0., 2.), .UNSPECIFIED.);
#17410 = EDGE_CURVE ('', #17330, #17350, #17400, .T.);
#17420 = ORIENTED_EDGE ('', *, *, #17410, .T.);
#17430 = CARTESIAN_POINT ('', (300.707106781187, 1., 989.292893218813));
#17440 = VERTEX_POINT ('', #17430);
#17450 = CARTESIAN_POINT ('', (300.707106781187, -1., 989.292893218813));
#17460 = CARTESIAN_POINT ('', (300.707106781187, -0.333333333333333, 989.292893218813));
#17470 = CARTESIAN_POINT ('', (300.707106781187, 0.333333333333333, 989.292893218813));
#17480 = CARTESIAN_POINT ('', (300.707106781187, 1., 989.292893218813));
#17490 = B_SPLINE_CURVE_WITH_KNOTS ('', 3, (#17450, #17460, #17470, #17480), .UNSPECIFIED., .F., .U., (4, 4), (0., 2.), .UNSPECIFIED.);
#17500 = EDGE_CURVE ('', #17350, #17440, #17490, .T.);
#17510 = ORIENTED_EDGE ('', *, *, #17500, .T.);
#17520 = CARTESIAN_POINT ('', (299.292893218813, 1., 990.707106781187));
#17530 = VERTEX_POINT ('', #17520);
#17540 = CARTESIAN_POINT ('', (300.707106781187, 1., 989.292893218813));
#17550 = CARTESIAN_POINT ('', (300.235702260396, 1., 989.764297739604));
#17560 = CARTESIAN_POINT ('', (299.764297739605, 1., 990.235702260396));
#17570 = CARTESIAN_POINT ('', (299.292893218813, 1., 990.707106781187));
#17580 = B_SPLINE_CURVE_WITH_KNOTS ('', 3, (#17540, #17550, #17560, #17570), .UNSPECIFIED., .F., .U., (4, 4), (0., 2.), .UNSPECIFIED.);
#17590 = EDGE_CURVE ('', #17440, #17530, #17580, .T.);
#17600 = ORIENTED_EDGE ('', *, *, #17590, .T.);
#17610 = CARTESIAN_POINT ('', (299.292893218813, 1., 990.707106781187));
#17620 = CARTESIAN_POINT ('', (299.292893218813, 0.333333333333333, 990.707106781187));
#17630 = CARTESIAN_POINT ('', (299.292893218813, -0.333333333333333, 990.707106781187));
#17640 = CARTESIAN_POINT ('', (299.292893218813, -1., 990.707106781187));
#17650 = B_SPLINE_CURVE_WITH_KNOTS ('', 3, (#17610, #17620, #17630, #17640), .UNSPECIFIED., .F., .U., (4, 4), (0., 2.), .UNSPECIFIED.);
#17660 = EDGE_CURVE ('', #17530, #17330, #17650, .T.);
#17670 = ORIENTED_EDGE ('', *, *, #17660, .T.);
#17680 = EDGE_LOOP ('', (#17420, #17510, #17600, #17670));
#17690 = FACE_OUTER_BOUND ('', #17680, .T.);
#17700 = CARTESIAN_POINT ('', (299.292893218813, -1., 990.707106781187));
#17710 = CARTESIAN_POINT ('', (299.292893218813, 1., 990.707106781187));
#17720 = CARTESIAN_POINT ('', (300.707106781187, -1., 989.292893218813));
#17730 = CARTESIAN_POINT ('', (300.707106781187, 1., 989.292893218813));
#17740 = B_SPLINE_SURFACE_WITH_KNOTS ('', 1, 1, ((#17700, #17710), (#17720, #17730)), .UNSPECIFIED., .F., .F., .U., (2, 2), (2, 2), (0.0014102248441719, 0.998589775155828), (0.0014102248441719, 0.998589775155828), .UNSPECIFIED.);
#17750 = ADVANCED_FACE ('', (#17690), #17740, .T.);
#17760 = OPEN_SHELL ('', (#17750));
#17770 = SHELL_BASED_SURFACE_MODEL ('', (#17760));
#17780 = (
   LENGTH_UNIT ()
   NAMED_UNIT (*)
   SI_UNIT (.MILLI., .METRE.)
);
#17790 = (
   NAMED_UNIT (*)
   SI_UNIT ($, .STERADIAN.)
   SOLID_ANGLE_UNIT ()
);
#17800 = (
   NAMED_UNIT (*)
   SI_UNIT ($, .RADIAN.)
   PLANE_ANGLE_UNIT ()
);
#17810 = UNCERTAINTY_MEASURE_WITH_UNIT (LENGTH_MEASURE(1.E-5), #17780, 'DISTANCE_ACCURACY_VALUE', '');
#17820 = (
   GEOMETRIC_REPRESENTATION_CONTEXT (3)
   GLOBAL_UNCERTAINTY_ASSIGNED_CONTEXT ((#17810))
   GLOBAL_UNIT_ASSIGNED_CONTEXT ((#17780, #17790, #17800))
   REPRESENTATION_CONTEXT ('', '3D')
);
#17830 = MANIFOLD_SURFACE_SHAPE_REPRESENTATION ('', (#17770), #17820);
#17840 = APPLICATION_CONTEXT ('configuration controlled 3D designs of mechanical parts and assemblies');
#17850 = APPLICATION_PROTOCOL_DEFINITION ('International Standard', 'config_control_design', 1997, #17840);
#17860 = MECHANICAL_CONTEXT ('', #17840, 'mechanical');
#17870 = PRODUCT ('product-name', '', '', (#17860));
#17880 = PERSON_AND_ORGANIZATION_ROLE ('design_owner');
#17890 = PERSON ('', '', $, $, $, $);
#17900 = ORGANIZATION ($, '', '');
#17910 = PERSON_AND_ORGANIZATION (#17890, #17900);
#17920 = CC_DESIGN_PERSON_AND_ORGANIZATION_ASSIGNMENT (#17910, #17880, (#17870));
#17930 = PRODUCT_RELATED_PRODUCT_CATEGORY ('detail', $, (#17870));
#17940 = PRODUCT_DEFINITION_FORMATION_WITH_SPECIFIED_SOURCE ('', '', #17870, .NOT_KNOWN.);
#17950 = APPROVAL_STATUS ('approved');
#17960 = APPROVAL (#17950, '');
#17970 = CALENDAR_DATE (2018, 18, 12);
#17980 = COORDINATED_UNIVERSAL_TIME_OFFSET (0, $, .AHEAD.);
#17990 = LOCAL_TIME (20, 22, 4., #17980);
#18000 = DATE_AND_TIME (#17970, #17990);
#18010 = APPROVAL_DATE_TIME (#18000, #17960);
#18020 = APPROVAL_ROLE ('');
#18030 = PERSON ('', '', $, $, $, $);
#18040 = ORGANIZATION ($, '', '');
#18050 = PERSON_AND_ORGANIZATION (#18030, #18040);
#18060 = APPROVAL_PERSON_ORGANIZATION (#18050, #17960, #18020);
#18070 = CC_DESIGN_APPROVAL (#17960, (#17940));
#18080 = PERSON_AND_ORGANIZATION_ROLE ('creator');
#18090 = PERSON ('', '', $, $, $, $);
#18100 = ORGANIZATION ($, '', '');
#18110 = PERSON_AND_ORGANIZATION (#18090, #18100);
#18120 = CC_DESIGN_PERSON_AND_ORGANIZATION_ASSIGNMENT (#18110, #18080, (#17940));
#18130 = PERSON_AND_ORGANIZATION_ROLE ('part_supplier');
#18140 = PERSON ('', '', $, $, $, $);
#18150 = ORGANIZATION ($, '', '');
#18160 = PERSON_AND_ORGANIZATION (#18140, #18150);
#18170 = CC_DESIGN_PERSON_AND_ORGANIZATION_ASSIGNMENT (#18160, #18130, (#17940));
#18180 = SECURITY_CLASSIFICATION_LEVEL ('unclassified');
#18190 = SECURITY_CLASSIFICATION ('', '', #18180);
#18200 = APPROVAL_STATUS ('approved');
#18210 = APPROVAL (#18200, '');
#18220 = CALENDAR_DATE (2018, 18, 12);
#18230 = COORDINATED_UNIVERSAL_TIME_OFFSET (0, $, .AHEAD.);
#18240 = LOCAL_TIME (20, 22, 4., #18230);
#18250 = DATE_AND_TIME (#18220, #18240);
#18260 = APPROVAL_DATE_TIME (#18250, #18210);
#18270 = APPROVAL_ROLE ('');
#18280 = PERSON ('', '', $, $, $, $);
#18290 = ORGANIZATION ($, '', '');
#18300 = PERSON_AND_ORGANIZATION (#18280, #18290);
#18310 = APPROVAL_PERSON_ORGANIZATION (#18300, #18210, #18270);
#18320 = CC_DESIGN_APPROVAL (#18210, (#18190));
#18330 = DATE_TIME_ROLE ('classification_date');
#18340 = CALENDAR_DATE (2018, 18, 12);
#18350 = COORDINATED_UNIVERSAL_TIME_OFFSET (0, $, .AHEAD.);
#18360 = LOCAL_TIME (20, 22, 4., #18350);
#18370 = DATE_AND_TIME (#18340, #18360);
#18380 = CC_DESIGN_DATE_AND_TIME_ASSIGNMENT (#18370, #18330, (#18190));
#18390 = PERSON_AND_ORGANIZATION_ROLE ('classification_officer');
#18400 = PERSON ('', '', $, $, $, $);
#18410 = ORGANIZATION ($, '', '');
#18420 = PERSON_AND_ORGANIZATION (#18400, #18410);
#18430 = CC_DESIGN_PERSON_AND_ORGANIZATION_ASSIGNMENT (#18420, #18390, (#18190));
#18440 = CC_DESIGN_SECURITY_CLASSIFICATION (#18190, (#17940));
#18450 = DESIGN_CONTEXT ('', #17840, 'design');
#18460 = PRODUCT_DEFINITION ('', '', #17940, #18450);
#18470 = APPROVAL_STATUS ('approved');
#18480 = APPROVAL (#18470, '');
#18490 = CALENDAR_DATE (2018, 18, 12);
#18500 = COORDINATED_UNIVERSAL_TIME_OFFSET (0, $, .AHEAD.);
#18510 = LOCAL_TIME (20, 22, 4., #18500);
#18520 = DATE_AND_TIME (#18490, #18510);
#18530 = APPROVAL_DATE_TIME (#18520, #18480);
#18540 = APPROVAL_ROLE ('');
#18550 = PERSON ('', '', $, $, $, $);
#18560 = ORGANIZATION ($, '', '');
#18570 = PERSON_AND_ORGANIZATION (#18550, #18560);
#18580 = APPROVAL_PERSON_ORGANIZATION (#18570, #18480, #18540);
#18590 = CC_DESIGN_APPROVAL (#18480, (#18460));
#18600 = DATE_TIME_ROLE ('creation_date');
#18610 = CALENDAR_DATE (2018, 18, 12);
#18620 = COORDINATED_UNIVERSAL_TIME_OFFSET (0, $, .AHEAD.);
#18630 = LOCAL_TIME (20, 22, 4., #18620);
#18640 = DATE_AND_TIME (#18610, #18630);
#18650 = CC_DESIGN_DATE_AND_TIME_ASSIGNMENT (#18640, #18600, (#18460));
#18660 = PERSON_AND_ORGANIZATION_ROLE ('creator');
#18670 = PERSON ('', '', $, $, $, $);
#18680 = ORGANIZATION ($, '', '');
#18690 = PERSON_AND_ORGANIZATION (#18670, #18680);
#18700 = CC_DESIGN_PERSON_AND_ORGANIZATION_ASSIGNMENT (#18690, #18660, (#18460));
#18710 = PRODUCT_DEFINITION_SHAPE ('', '', #18460);
#18720 = SHAPE_DEFINITION_REPRESENTATION (#18710, #17830);
#18730 = CARTESIAN_POINT ('', (299., -1., 990.));
#18740 = VERTEX_POINT ('', #18730);
#18750 = CARTESIAN_POINT ('', (301., -1., 990.));
#18760 = VERTEX_POINT ('', #18750);
#18770 = CARTESIAN_POINT ('', (299., -1., 990.));
#18780 = CARTESIAN_POINT ('', (299.666666666667, -1., 990.));
#18790 = CARTESIAN_POINT ('', (300.333333333333, -1., 990.));
#18800 = CARTESIAN_POINT ('', (301., -1., 990.));
#18810 = B_SPLINE_CURVE_WITH_KNOTS ('', 3, (#18770, #18780, #18790, #18800), .UNSPECIFIED., .F., .U., (4, 4), (0., 2.), .UNSPECIFIED.);
#18820 = EDGE_CURVE ('', #18740, #18760, #18810, .T.);
#18830 = ORIENTED_EDGE ('', *, *, #18820, .F.);
#18840 = CARTESIAN_POINT ('', (299., 1., 990.));
#18850 = VERTEX_POINT ('', #18840);
#18860 = CARTESIAN_POINT ('', (299., 1., 990.));
#18870 = CARTESIAN_POINT ('', (299., 0.333333333333333, 990.));
#18880 = CARTESIAN_POINT ('', (299., -0.333333333333333, 990.));
#18890 = CARTESIAN_POINT ('', (299., -1., 990.));
#18900 = B_SPLINE_CURVE_WITH_KNOTS ('', 3, (#18860, #18870, #18880, #18890), .UNSPECIFIED., .F., .U., (4, 4), (0., 2.), .UNSPECIFIED.);
#18910 = EDGE_CURVE ('', #18850, #18740, #18900, .T.);
#18920 = ORIENTED_EDGE ('', *, *, #18910, .F.);
#18930 = CARTESIAN_POINT ('', (301., 1., 990.));
#18940 = VERTEX_POINT ('', #18930);
#18950 = CARTESIAN_POINT ('', (301., 1., 990.));
#18960 = CARTESIAN_POINT ('', (300.333333333333, 1., 990.));
#18970 = CARTESIAN_POINT ('', (299.666666666667, 1., 990.));
#18980 = CARTESIAN_POINT ('', (299., 1., 990.));
#18990 = B_SPLINE_CURVE_WITH_KNOTS ('', 3, (#18950, #18960, #18970, #18980), .UNSPECIFIED., .F., .U., (4, 4), (0., 2.), .UNSPECIFIED.);
#19000 = EDGE_CURVE ('', #18940, #18850, #18990, .T.);
#19010 = ORIENTED_EDGE ('', *, *, #19000, .F.);
#19020 = CARTESIAN_POINT ('', (301., -1., 990.));
#19030 = CARTESIAN_POINT ('', (301., -0.333333333333333, 990.));
#19040 = CARTESIAN_POINT ('', (301., 0.333333333333333, 990.));
#19050 = CARTESIAN_POINT ('', (301., 1., 990.));
#19060 = B_SPLINE_CURVE_WITH_KNOTS ('', 3, (#19020, #19030, #19040, #19050), .UNSPECIFIED., .F., .U., (4, 4), (0., 2.), .UNSPECIFIED.);
#19070 = EDGE_CURVE ('', #18760, #18940, #19060, .T.);
#19080 = ORIENTED_EDGE ('', *, *, #19070, .F.);
#19090 = EDGE_LOOP ('', (#18830, #18920, #19010, #19080));
#19100 = FACE_OUTER_BOUND ('', #19090, .T.);
#19110 = CARTESIAN_POINT ('', (299., -1., 990.));
#19120 = CARTESIAN_POINT ('', (300., -1., 990.));
#19130 = CARTESIAN_POINT ('', (301., -1., 990.));
#19140 = CARTESIAN_POINT ('', (299., 1., 990.));
#19150 = CARTESIAN_POINT ('', (300., 1., 990.));
#19160 = CARTESIAN_POINT ('', (301., 1., 990.));
#19170 = B_SPLINE_SURFACE_WITH_KNOTS ('', 1, 2, ((#19110, #19120, #19130), (#19140, #19150, #19160)), .UNSPECIFIED., .F., .F., .U., (2, 2), (3, 3), (0.00141022484417188, 0.998589775155828), (0.0293590780956721, 0.963938517348008), .UNSPECIFIED.);
#19180 = ADVANCED_FACE ('', (#19100), #19170, .T.);
#19190 = OPEN_SHELL ('', (#19180));
#19200 = SHELL_BASED_SURFACE_MODEL ('', (#19190));
#19210 = (
   LENGTH_UNIT ()
   NAMED_UNIT (*)
   SI_UNIT (.MILLI., .METRE.)
);
#19220 = (
   NAMED_UNIT (*)
   SI_UNIT ($, .STERADIAN.)
   SOLID_ANGLE_UNIT ()
);
#19230 = (
   NAMED_UNIT (*)
   SI_UNIT ($, .RADIAN.)
   PLANE_ANGLE_UNIT ()
);
#19240 = UNCERTAINTY_MEASURE_WITH_UNIT (LENGTH_MEASURE(1.E-5), #19210, 'DISTANCE_ACCURACY_VALUE', '');
#19250 = (
   GEOMETRIC_REPRESENTATION_CONTEXT (3)
   GLOBAL_UNCERTAINTY_ASSIGNED_CONTEXT ((#19240))
   GLOBAL_UNIT_ASSIGNED_CONTEXT ((#19210, #19220, #19230))
   REPRESENTATION_CONTEXT ('', '3D')
);
#19260 = MANIFOLD_SURFACE_SHAPE_REPRESENTATION ('', (#19200), #19250);
#19270 = APPLICATION_CONTEXT ('configuration controlled 3D designs of mechanical parts and assemblies');
#19280 = APPLICATION_PROTOCOL_DEFINITION ('International Standard', 'config_control_design', 1997, #19270);
#19290 = MECHANICAL_CONTEXT ('', #19270, 'mechanical');
#19300 = PRODUCT ('product-name', '', '', (#19290));
#19310 = PERSON_AND_ORGANIZATION_ROLE ('design_owner');
#19320 = PERSON ('', '', $, $, $, $);
#19330 = ORGANIZATION ($, '', '');
#19340 = PERSON_AND_ORGANIZATION (#19320, #19330);
#19350 = CC_DESIGN_PERSON_AND_ORGANIZATION_ASSIGNMENT (#19340, #19310, (#19300));
#19360 = PRODUCT_RELATED_PRODUCT_CATEGORY ('detail', $, (#19300));
#19370 = PRODUCT_DEFINITION_FORMATION_WITH_SPECIFIED_SOURCE ('', '', #19300, .NOT_KNOWN.);
#19380 = APPROVAL_STATUS ('approved');
#19390 = APPROVAL (#19380, '');
#19400 = CALENDAR_DATE (2018, 18, 12);
#19410 = COORDINATED_UNIVERSAL_TIME_OFFSET (0, $, .AHEAD.);
#19420 = LOCAL_TIME (20, 22, 4., #19410);
#19430 = DATE_AND_TIME (#19400, #19420);
#19440 = APPROVAL_DATE_TIME (#19430, #19390);
#19450 = APPROVAL_ROLE ('');
#19460 = PERSON ('', '', $, $, $, $);
#19470 = ORGANIZATION ($, '', '');
#19480 = PERSON_AND_ORGANIZATION (#19460, #19470);
#19490 = APPROVAL_PERSON_ORGANIZATION (#19480, #19390, #19450);
#19500 = CC_DESIGN_APPROVAL (#19390, (#19370));
#19510 = PERSON_AND_ORGANIZATION_ROLE ('creator');
#19520 = PERSON ('', '', $, $, $, $);
#19530 = ORGANIZATION ($, '', '');
#19540 = PERSON_AND_ORGANIZATION (#19520, #19530);
#19550 = CC_DESIGN_PERSON_AND_ORGANIZATION_ASSIGNMENT (#19540, #19510, (#19370));
#19560 = PERSON_AND_ORGANIZATION_ROLE ('part_supplier');
#19570 = PERSON ('', '', $, $, $, $);
#19580 = ORGANIZATION ($, '', '');
#19590 = PERSON_AND_ORGANIZATION (#19570, #19580);
#19600 = CC_DESIGN_PERSON_AND_ORGANIZATION_ASSIGNMENT (#19590, #19560, (#19370));
#19610 = SECURITY_CLASSIFICATION_LEVEL ('unclassified');
#19620 = SECURITY_CLASSIFICATION ('', '', #19610);
#19630 = APPROVAL_STATUS ('approved');
#19640 = APPROVAL (#19630, '');
#19650 = CALENDAR_DATE (2018, 18, 12);
#19660 = COORDINATED_UNIVERSAL_TIME_OFFSET (0, $, .AHEAD.);
#19670 = LOCAL_TIME (20, 22, 4., #19660);
#19680 = DATE_AND_TIME (#19650, #19670);
#19690 = APPROVAL_DATE_TIME (#19680, #19640);
#19700 = APPROVAL_ROLE ('');
#19710 = PERSON ('', '', $, $, $, $);
#19720 = ORGANIZATION ($, '', '');
#19730 = PERSON_AND_ORGANIZATION (#19710, #19720);
#19740 = APPROVAL_PERSON_ORGANIZATION (#19730, #19640, #19700);
#19750 = CC_DESIGN_APPROVAL (#19640, (#19620));
#19760 = DATE_TIME_ROLE ('classification_date');
#19770 = CALENDAR_DATE (2018, 18, 12);
#19780 = COORDINATED_UNIVERSAL_TIME_OFFSET (0, $, .AHEAD.);
#19790 = LOCAL_TIME (20, 22, 4., #19780);
#19800 = DATE_AND_TIME (#19770, #19790);
#19810 = CC_DESIGN_DATE_AND_TIME_ASSIGNMENT (#19800, #19760, (#19620));
#19820 = PERSON_AND_ORGANIZATION_ROLE ('classification_officer');
#19830 = PERSON ('', '', $, $, $, $);
#19840 = ORGANIZATION ($, '', '');
#19850 = PERSON_AND_ORGANIZATION (#19830, #19840);
#19860 = CC_DESIGN_PERSON_AND_ORGANIZATION_ASSIGNMENT (#19850, #19820, (#19620));
#19870 = CC_DESIGN_SECURITY_CLASSIFICATION (#19620, (#19370));
#19880 = DESIGN_CONTEXT ('', #19270, 'design');
#19890 = PRODUCT_DEFINITION ('', '', #19370, #19880);
#19900 = APPROVAL_STATUS ('approved');
#19910 = APPROVAL (#19900, '');
#19920 = CALENDAR_DATE (2018, 18, 12);
#19930 = COORDINATED_UNIVERSAL_TIME_OFFSET (0, $, .AHEAD.);
#19940 = LOCAL_TIME (20, 22, 4., #19930);
#19950 = DATE_AND_TIME (#19920, #19940);
#19960 = APPROVAL_DATE_TIME (#19950, #19910);
#19970 = APPROVAL_ROLE ('');
#19980 = PERSON ('', '', $, $, $, $);
#19990 = ORGANIZATION ($, '', '');
#20000 = PERSON_AND_ORGANIZATION (#19980, #19990);
#20010 = APPROVAL_PERSON_ORGANIZATION (#20000, #19910, #19970);
#20020 = CC_DESIGN_APPROVAL (#19910, (#19890));
#20030 = DATE_TIME_ROLE ('creation_date');
#20040 = CALENDAR_DATE (2018, 18, 12);
#20050 = COORDINATED_UNIVERSAL_TIME_OFFSET (0, $, .AHEAD.);
#20060 = LOCAL_TIME (20, 22, 4., #20050);
#20070 = DATE_AND_TIME (#20040, #20060);
#20080 = CC_DESIGN_DATE_AND_TIME_ASSIGNMENT (#20070, #20030, (#19890));
#20090 = PERSON_AND_ORGANIZATION_ROLE ('creator');
#20100 = PERSON ('', '', $, $, $, $);
#20110 = ORGANIZATION ($, '', '');
#20120 = PERSON_AND_ORGANIZATION (#20100, #20110);
#20130 = CC_DESIGN_PERSON_AND_ORGANIZATION_ASSIGNMENT (#20120, #20090, (#19890));
#20140 = PRODUCT_DEFINITION_SHAPE ('', '', #19890);
#20150 = SHAPE_DEFINITION_REPRESENTATION (#20140, #19260);
#20160 = CARTESIAN_POINT ('', (-60., -60., 0.));
#20170 = VERTEX_POINT ('', #20160);
#20180 = CARTESIAN_POINT ('', (60., -60., 0.));
#20190 = VERTEX_POINT ('', #20180);
#20200 = CARTESIAN_POINT ('', (-60., -60., 0.));
#20210 = CARTESIAN_POINT ('', (-20., -60., 0.));
#20220 = CARTESIAN_POINT ('', (20., -60., 0.));
#20230 = CARTESIAN_POINT ('', (60., -60., 0.));
#20240 = B_SPLINE_CURVE_WITH_KNOTS ('', 3, (#20200, #20210, #20220, #20230), .UNSPECIFIED., .F., .U., (4, 4), (0., 120.), .UNSPECIFIED.);
#20250 = EDGE_CURVE ('', #20170, #20190, #20240, .T.);
#20260 = ORIENTED_EDGE ('', *, *, #20250, .T.);
#20270 = CARTESIAN_POINT ('', (60., 60., 0.));
#20280 = VERTEX_POINT ('', #20270);
#20290 = CARTESIAN_POINT ('', (60., -60., 0.));
#20300 = CARTESIAN_POINT ('', (60., -20., 0.));
#20310 = CARTESIAN_POINT ('', (60., 20., 0.));
#20320 = CARTESIAN_POINT ('', (60., 60., 0.));
#20330 = B_SPLINE_CURVE_WITH_KNOTS ('', 3, (#20290, #20300, #20310, #20320), .UNSPECIFIED., .F., .U., (4, 4), (0., 120.), .UNSPECIFIED.);
#20340 = EDGE_CURVE ('', #20190, #20280, #20330, .T.);
#20350 = ORIENTED_EDGE ('', *, *, #20340, .T.);
#20360 = CARTESIAN_POINT ('', (-60., 60., 0.));
#20370 = VERTEX_POINT ('', #20360);
#20380 = CARTESIAN_POINT ('', (60., 60., 0.));
#20390 = CARTESIAN_POINT ('', (20., 60., 0.));
#20400 = CARTESIAN_POINT ('', (-20., 60., 0.));
#20410 = CARTESIAN_POINT ('', (-60., 60., 0.));
#20420 = B_SPLINE_CURVE_WITH_KNOTS ('', 3, (#20380, #20390, #20400, #20410), .UNSPECIFIED., .F., .U., (4, 4), (0., 120.), .UNSPECIFIED.);
#20430 = EDGE_CURVE ('', #20280, #20370, #20420, .T.);
#20440 = ORIENTED_EDGE ('', *, *, #20430, .T.);
#20450 = CARTESIAN_POINT ('', (-60., 60., 0.));
#20460 = CARTESIAN_POINT ('', (-60., 20., 0.));
#20470 = CARTESIAN_POINT ('', (-60., -20., 0.));
#20480 = CARTESIAN_POINT ('', (-60., -60., 0.));
#20490 = B_SPLINE_CURVE_WITH_KNOTS ('', 3, (#20450, #20460, #20470, #20480), .UNSPECIFIED., .F., .U., (4, 4), (0., 120.), .UNSPECIFIED.);
#20500 = EDGE_CURVE ('', #20370, #20170, #20490, .T.);
#20510 = ORIENTED_EDGE ('', *, *, #20500, .T.);
#20520 = EDGE_LOOP ('', (#20260, #20350, #20440, #20510));
#20530 = FACE_OUTER_BOUND ('', #20520, .T.);
#20540 = CARTESIAN_POINT ('', (-60., -60., 0.));
#20550 = CARTESIAN_POINT ('', (-60., 60., 0.));
#20560 = CARTESIAN_POINT ('', (60., -60., 0.));
#20570 = CARTESIAN_POINT ('', (60., 60., 0.));
#20580 = B_SPLINE_SURFACE_WITH_KNOTS ('', 1, 1, ((#20540, #20550), (#20560, #20570)), .UNSPECIFIED., .F., .F., .U., (2, 2), (2, 2), (0.00141022484417187, 0.998589775155828), (0.00141022484417187, 0.998589775155828), .UNSPECIFIED.);
#20590 = ADVANCED_FACE ('', (#20530), #20580, .T.);
#20600 = OPEN_SHELL ('', (#20590));
#20610 = SHELL_BASED_SURFACE_MODEL ('', (#20600));
#20620 = (
   LENGTH_UNIT ()
   NAMED_UNIT (*)
   SI_UNIT (.MILLI., .METRE.)
);
#20630 = (
   NAMED_UNIT (*)
   SI_UNIT ($, .STERADIAN.)
   SOLID_ANGLE_UNIT ()
);
#20640 = (
   NAMED_UNIT (*)
   SI_UNIT ($, .RADIAN.)
   PLANE_ANGLE_UNIT ()
);
#20650 = UNCERTAINTY_MEASURE_WITH_UNIT (LENGTH_MEASURE(1.E-5), #20620, 'DISTANCE_ACCURACY_VALUE', '');
#20660 = (
   GEOMETRIC_REPRESENTATION_CONTEXT (3)
   GLOBAL_UNCERTAINTY_ASSIGNED_CONTEXT ((#20650))
   GLOBAL_UNIT_ASSIGNED_CONTEXT ((#20620, #20630, #20640))
   REPRESENTATION_CONTEXT ('', '3D')
);
#20670 = MANIFOLD_SURFACE_SHAPE_REPRESENTATION ('', (#20610), #20660);
#20680 = APPLICATION_CONTEXT ('configuration controlled 3D designs of mechanical parts and assemblies');
#20690 = APPLICATION_PROTOCOL_DEFINITION ('International Standard', 'config_control_design', 1997, #20680);
#20700 = MECHANICAL_CONTEXT ('', #20680, 'mechanical');
#20710 = PRODUCT ('product-name', '', '', (#20700));
#20720 = PERSON_AND_ORGANIZATION_ROLE ('design_owner');
#20730 = PERSON ('', '', $, $, $, $);
#20740 = ORGANIZATION ($, '', '');
#20750 = PERSON_AND_ORGANIZATION (#20730, #20740);
#20760 = CC_DESIGN_PERSON_AND_ORGANIZATION_ASSIGNMENT (#20750, #20720, (#20710));
#20770 = PRODUCT_RELATED_PRODUCT_CATEGORY ('detail', $, (#20710));
#20780 = PRODUCT_DEFINITION_FORMATION_WITH_SPECIFIED_SOURCE ('', '', #20710, .NOT_KNOWN.);
#20790 = APPROVAL_STATUS ('approved');
#20800 = APPROVAL (#20790, '');
#20810 = CALENDAR_DATE (2018, 18, 12);
#20820 = COORDINATED_UNIVERSAL_TIME_OFFSET (0, $, .AHEAD.);
#20830 = LOCAL_TIME (20, 22, 4., #20820);
#20840 = DATE_AND_TIME (#20810, #20830);
#20850 = APPROVAL_DATE_TIME (#20840, #20800);
#20860 = APPROVAL_ROLE ('');
#20870 = PERSON ('', '', $, $, $, $);
#20880 = ORGANIZATION ($, '', '');
#20890 = PERSON_AND_ORGANIZATION (#20870, #20880);
#20900 = APPROVAL_PERSON_ORGANIZATION (#20890, #20800, #20860);
#20910 = CC_DESIGN_APPROVAL (#20800, (#20780));
#20920 = PERSON_AND_ORGANIZATION_ROLE ('creator');
#20930 = PERSON ('', '', $, $, $, $);
#20940 = ORGANIZATION ($, '', '');
#20950 = PERSON_AND_ORGANIZATION (#20930, #20940);
#20960 = CC_DESIGN_PERSON_AND_ORGANIZATION_ASSIGNMENT (#20950, #20920, (#20780));
#20970 = PERSON_AND_ORGANIZATION_ROLE ('part_supplier');
#20980 = PERSON ('', '', $, $, $, $);
#20990 = ORGANIZATION ($, '', '');
#21000 = PERSON_AND_ORGANIZATION (#20980, #20990);
#21010 = CC_DESIGN_PERSON_AND_ORGANIZATION_ASSIGNMENT (#21000, #20970, (#20780));
#21020 = SECURITY_CLASSIFICATION_LEVEL ('unclassified');
#21030 = SECURITY_CLASSIFICATION ('', '', #21020);
#21040 = APPROVAL_STATUS ('approved');
#21050 = APPROVAL (#21040, '');
#21060 = CALENDAR_DATE (2018, 18, 12);
#21070 = COORDINATED_UNIVERSAL_TIME_OFFSET (0, $, .AHEAD.);
#21080 = LOCAL_TIME (20, 22, 4., #21070);
#21090 = DATE_AND_TIME (#21060, #21080);
#21100 = APPROVAL_DATE_TIME (#21090, #21050);
#21110 = APPROVAL_ROLE ('');
#21120 = PERSON ('', '', $, $, $, $);
#21130 = ORGANIZATION ($, '', '');
#21140 = PERSON_AND_ORGANIZATION (#21120, #21130);
#21150 = APPROVAL_PERSON_ORGANIZATION (#21140, #21050, #21110);
#21160 = CC_DESIGN_APPROVAL (#21050, (#21030));
#21170 = DATE_TIME_ROLE ('classification_date');
#21180 = CALENDAR_DATE (2018, 18, 12);
#21190 = COORDINATED_UNIVERSAL_TIME_OFFSET (0, $, .AHEAD.);
#21200 = LOCAL_TIME (20, 22, 4., #21190);
#21210 = DATE_AND_TIME (#21180, #21200);
#21220 = CC_DESIGN_DATE_AND_TIME_ASSIGNMENT (#21210, #21170, (#21030));
#21230 = PERSON_AND_ORGANIZATION_ROLE ('classification_officer');
#21240 = PERSON ('', '', $, $, $, $);
#21250 = ORGANIZATION ($, '', '');
#21260 = PERSON_AND_ORGANIZATION (#21240, #21250);
#21270 = CC_DESIGN_PERSON_AND_ORGANIZATION_ASSIGNMENT (#21260, #21230, (#21030));
#21280 = CC_DESIGN_SECURITY_CLASSIFICATION (#21030, (#20780));
#21290 = DESIGN_CONTEXT ('', #20680, 'design');
#21300 = PRODUCT_DEFINITION ('', '', #20780, #21290);
#21310 = APPROVAL_STATUS ('approved');
#21320 = APPROVAL (#21310, '');
#21330 = CALENDAR_DATE (2018, 18, 12);
#21340 = COORDINATED_UNIVERSAL_TIME_OFFSET (0, $, .AHEAD.);
#21350 = LOCAL_TIME (20, 22, 4., #21340);
#21360 = DATE_AND_TIME (#21330, #21350);
#21370 = APPROVAL_DATE_TIME (#21360, #21320);
#21380 = APPROVAL_ROLE ('');
#21390 = PERSON ('', '', $, $, $, $);
#21400 = ORGANIZATION ($, '', '');
#21410 = PERSON_AND_ORGANIZATION (#21390, #21400);
#21420 = APPROVAL_PERSON_ORGANIZATION (#21410, #21320, #21380);
#21430 = CC_DESIGN_APPROVAL (#21320, (#21300));
#21440 = DATE_TIME_ROLE ('creation_date');
#21450 = CALENDAR_DATE (2018, 18, 12);
#21460 = COORDINATED_UNIVERSAL_TIME_OFFSET (0, $, .AHEAD.);
#21470 = LOCAL_TIME (20, 22, 4., #21460);
#21480 = DATE_AND_TIME (#21450, #21470);
#21490 = CC_DESIGN_DATE_AND_TIME_ASSIGNMENT (#21480, #21440, (#21300));
#21500 = PERSON_AND_ORGANIZATION_ROLE ('creator');
#21510 = PERSON ('', '', $, $, $, $);
#21520 = ORGANIZATION ($, '', '');
#21530 = PERSON_AND_ORGANIZATION (#21510, #21520);
#21540 = CC_DESIGN_PERSON_AND_ORGANIZATION_ASSIGNMENT (#21530, #21500, (#21300));
#21550 = PRODUCT_DEFINITION_SHAPE ('', '', #21300);
#21560 = SHAPE_DEFINITION_REPRESENTATION (#21550, #20670);
#21570 = CARTESIAN_POINT ('', (299.092893218813, -1.28284271247462, 990.907106781187));
#21580 = VERTEX_POINT ('', #21570);
#21590 = CARTESIAN_POINT ('', (300.907106781187, -1.28284271247462, 989.092893218813));
#21600 = VERTEX_POINT ('', #21590);
#21610 = CARTESIAN_POINT ('', (299.092893218813, -1.28284271247462, 990.907106781187));
#21620 = CARTESIAN_POINT ('', (299.697631072938, -1.28284271247462, 990.302368927062));
#21630 = CARTESIAN_POINT ('', (300.302368927062, -1.28284271247462, 989.697631072938));
#21640 = CARTESIAN_POINT ('', (300.907106781187, -1.28284271247462, 989.092893218813));
#21650 = B_SPLINE_CURVE_WITH_KNOTS ('', 3, (#21610, #21620, #21630, #21640), .UNSPECIFIED., .F., .U., (4, 4), (0., 2.56568542494924), .UNSPECIFIED.);
#21660 = EDGE_CURVE ('', #21580, #21600, #21650, .T.);
#21670 = ORIENTED_EDGE ('', *, *, #21660, .T.);
#21680 = CARTESIAN_POINT ('', (300.907106781187, 1.28284271247462, 989.092893218813));
#21690 = VERTEX_POINT ('', #21680);
#21700 = CARTESIAN_POINT ('', (300.907106781187, -1.28284271247462, 989.092893218813));
#21710 = CARTESIAN_POINT ('', (300.907106781187, -0.42761423749154, 989.092893218813));
#21720 = CARTESIAN_POINT ('', (300.907106781187, 0.42761423749154, 989.092893218813));
#21730 = CARTESIAN_POINT ('', (300.907106781187, 1.28284271247462, 989.092893218813));
#21740 = B_SPLINE_CURVE_WITH_KNOTS ('', 3, (#21700, #21710, #21720, #21730), .UNSPECIFIED., .F., .U., (4, 4), (0., 2.56568542494924), .UNSPECIFIED.);
#21750 = EDGE_CURVE ('', #21600, #21690, #21740, .T.);
#21760 = ORIENTED_EDGE ('', *, *, #21750, .T.);
#21770 = CARTESIAN_POINT ('', (299.092893218813, 1.28284271247462, 990.907106781187));
#21780 = VERTEX_POINT ('', #21770);
#21790 = CARTESIAN_POINT ('', (300.907106781187, 1.28284271247462, 989.092893218813));
#21800 = CARTESIAN_POINT ('', (300.302368927062, 1.28284271247462, 989.697631072938));
#21810 = CARTESIAN_POINT ('', (299.697631072938, 1.28284271247462, 990.302368927062));
#21820 = CARTESIAN_POINT ('', (299.092893218813, 1.28284271247462, 990.907106781187));
#21830 = B_SPLINE_CURVE_WITH_KNOTS ('', 3, (#21790, #21800, #21810, #21820), .UNSPECIFIED., .F., .U., (4, 4), (0., 2.56568542494924), .UNSPECIFIED.);
#21840 = EDGE_CURVE ('', #21690, #21780, #21830, .T.);
#21850 = ORIENTED_EDGE ('', *, *, #21840, .T.);
#21860 = CARTESIAN_POINT ('', (299.092893218813, 1.28284271247462, 990.907106781187));
#21870 = CARTESIAN_POINT ('', (299.092893218813, 0.42761423749154, 990.907106781187));
#21880 = CARTESIAN_POINT ('', (299.092893218813, -0.42761423749154, 990.907106781187));
#21890 = CARTESIAN_POINT ('', (299.092893218813, -1.28284271247462, 990.907106781187));
#21900 = B_SPLINE_CURVE_WITH_KNOTS ('', 3, (#21860, #21870, #21880, #21890), .UNSPECIFIED., .F., .U., (4, 4), (0., 2.56568542494924), .UNSPECIFIED.);
#21910 = EDGE_CURVE ('', #21780, #21580, #21900, .T.);
#21920 = ORIENTED_EDGE ('', *, *, #21910, .T.);
#21930 = EDGE_LOOP ('', (#21670, #21760, #21850, #21920));
#21940 = FACE_OUTER_BOUND ('', #21930, .T.);
#21950 = CARTESIAN_POINT ('', (299.292893218813, -1., 990.707106781187));
#21960 = VERTEX_POINT ('', #21950);
#21970 = CARTESIAN_POINT ('', (300.707106781187, -1., 989.292893218813));
#21980 = VERTEX_POINT ('', #21970);
#21990 = CARTESIAN_POINT ('', (299.292893218813, -1., 990.707106781187));
#22000 = CARTESIAN_POINT ('', (300.707106781187, -1., 989.292893218813));
#22010 = B_SPLINE_CURVE_WITH_KNOTS ('', 1, (#21990, #22000), .UNSPECIFIED., .F., .U., (2, 2), (0., 1.), .UNSPECIFIED.);
#22020 = EDGE_CURVE ('', #21960, #21980, #22010, .T.);
#22030 = ORIENTED_EDGE ('', *, *, #22020, .F.);
#22040 = CARTESIAN_POINT ('', (299.292893218813, 1., 990.707106781187));
#22050 = VERTEX_POINT ('', #22040);
#22060 = CARTESIAN_POINT ('', (299.292893218813, 1., 990.707106781187));
#22070 = CARTESIAN_POINT ('', (299.292893218813, -1., 990.707106781187));
#22080 = B_SPLINE_CURVE_WITH_KNOTS ('', 1, (#22060, #22070), .UNSPECIFIED., .F., .U., (2, 2), (0., 1.), .UNSPECIFIED.);
#22090 = EDGE_CURVE ('', #22050, #21960, #22080, .T.);
#22100 = ORIENTED_EDGE ('', *, *, #22090, .F.);
#22110 = CARTESIAN_POINT ('', (300.707106781187, 1., 989.292893218813));
#22120 = VERTEX_POINT ('', #22110);
#22130 = CARTESIAN_POINT ('', (300.707106781187, 1., 989.292893218813));
#22140 = CARTESIAN_POINT ('', (299.292893218813, 1., 990.707106781187));
#22150 = B_SPLINE_CURVE_WITH_KNOTS ('', 1, (#22130, #22140), .UNSPECIFIED., .F., .U., (2, 2), (0., 1.), .UNSPECIFIED.);
#22160 = EDGE_CURVE ('', #22120, #22050, #22150, .T.);
#22170 = ORIENTED_EDGE ('', *, *, #22160, .F.);
#22180 = CARTESIAN_POINT ('', (300.707106781187, -1., 989.292893218813));
#22190 = CARTESIAN_POINT ('', (300.707106781187, 1., 989.292893218813));
#22200 = B_SPLINE_CURVE_WITH_KNOTS ('', 1, (#22180, #22190), .UNSPECIFIED., .F., .U., (2, 2), (0., 1.), .UNSPECIFIED.);
#22210 = EDGE_CURVE ('', #21980, #22120, #22200, .T.);
#22220 = ORIENTED_EDGE ('', *, *, #22210, .F.);
#22230 = EDGE_LOOP ('', (#22030, #22100, #22170, #22220));
#22240 = FACE_BOUND ('', #22230, .T.);
#22250 = CARTESIAN_POINT ('', (299.092893218813, -1.28284271247462, 990.907106781187));
#22260 = CARTESIAN_POINT ('', (299.092893218813, 1.28284271247462, 990.907106781187));
#22270 = CARTESIAN_POINT ('', (300.907106781187, -1.28284271247462, 989.092893218813));
#22280 = CARTESIAN_POINT ('', (300.907106781187, 1.28284271247462, 989.092893218813));
#22290 = B_SPLINE_SURFACE_WITH_KNOTS ('', 1, 1, ((#22250, #22260), (#22270, #22280)), .UNSPECIFIED., .F., .F., .U., (2, 2), (2, 2), (0.00109998079509962, 0.9989000192049), (0.00109998079509962, 0.9989000192049), .UNSPECIFIED.);
#22300 = ADVANCED_FACE ('', (#21940, #22240), #22290, .T.);
#22310 = OPEN_SHELL ('', (#22300));
#22320 = SHELL_BASED_SURFACE_MODEL ('', (#22310));
#22330 = (
   LENGTH_UNIT ()
   NAMED_UNIT (*)
   SI_UNIT (.MILLI., .METRE.)
);
#22340 = (
   NAMED_UNIT (*)
   SI_UNIT ($, .STERADIAN.)
   SOLID_ANGLE_UNIT ()
);
#22350 = (
   NAMED_UNIT (*)
   SI_UNIT ($, .RADIAN.)
   PLANE_ANGLE_UNIT ()
);
#22360 = UNCERTAINTY_MEASURE_WITH_UNIT (LENGTH_MEASURE(1.E-5), #22330, 'DISTANCE_ACCURACY_VALUE', '');
#22370 = (
   GEOMETRIC_REPRESENTATION_CONTEXT (3)
   GLOBAL_UNCERTAINTY_ASSIGNED_CONTEXT ((#22360))
   GLOBAL_UNIT_ASSIGNED_CONTEXT ((#22330, #22340, #22350))
   REPRESENTATION_CONTEXT ('', '3D')
);
#22380 = MANIFOLD_SURFACE_SHAPE_REPRESENTATION ('', (#22320), #22370);
#22390 = APPLICATION_CONTEXT ('configuration controlled 3D designs of mechanical parts and assemblies');
#22400 = APPLICATION_PROTOCOL_DEFINITION ('International Standard', 'config_control_design', 1997, #22390);
#22410 = MECHANICAL_CONTEXT ('', #22390, 'mechanical');
#22420 = PRODUCT ('product-name', '', '', (#22410));
#22430 = PERSON_AND_ORGANIZATION_ROLE ('design_owner');
#22440 = PERSON ('', '', $, $, $, $);
#22450 = ORGANIZATION ($, '', '');
#22460 = PERSON_AND_ORGANIZATION (#22440, #22450);
#22470 = CC_DESIGN_PERSON_AND_ORGANIZATION_ASSIGNMENT (#22460, #22430, (#22420));
#22480 = PRODUCT_RELATED_PRODUCT_CATEGORY ('detail', $, (#22420));
#22490 = PRODUCT_DEFINITION_FORMATION_WITH_SPECIFIED_SOURCE ('', '', #22420, .NOT_KNOWN.);
#22500 = APPROVAL_STATUS ('approved');
#22510 = APPROVAL (#22500, '');
#22520 = CALENDAR_DATE (2018, 18, 12);
#22530 = COORDINATED_UNIVERSAL_TIME_OFFSET (0, $, .AHEAD.);
#22540 = LOCAL_TIME (20, 22, 4., #22530);
#22550 = DATE_AND_TIME (#22520, #22540);
#22560 = APPROVAL_DATE_TIME (#22550, #22510);
#22570 = APPROVAL_ROLE ('');
#22580 = PERSON ('', '', $, $, $, $);
#22590 = ORGANIZATION ($, '', '');
#22600 = PERSON_AND_ORGANIZATION (#22580, #22590);
#22610 = APPROVAL_PERSON_ORGANIZATION (#22600, #22510, #22570);
#22620 = CC_DESIGN_APPROVAL (#22510, (#22490));
#22630 = PERSON_AND_ORGANIZATION_ROLE ('creator');
#22640 = PERSON ('', '', $, $, $, $);
#22650 = ORGANIZATION ($, '', '');
#22660 = PERSON_AND_ORGANIZATION (#22640, #22650);
#22670 = CC_DESIGN_PERSON_AND_ORGANIZATION_ASSIGNMENT (#22660, #22630, (#22490));
#22680 = PERSON_AND_ORGANIZATION_ROLE ('part_supplier');
#22690 = PERSON ('', '', $, $, $, $);
#22700 = ORGANIZATION ($, '', '');
#22710 = PERSON_AND_ORGANIZATION (#22690, #22700);
#22720 = CC_DESIGN_PERSON_AND_ORGANIZATION_ASSIGNMENT (#22710, #22680, (#22490));
#22730 = SECURITY_CLASSIFICATION_LEVEL ('unclassified');
#22740 = SECURITY_CLASSIFICATION ('', '', #22730);
#22750 = APPROVAL_STATUS ('approved');
#22760 = APPROVAL (#22750, '');
#22770 = CALENDAR_DATE (2018, 18, 12);
#22780 = COORDINATED_UNIVERSAL_TIME_OFFSET (0, $, .AHEAD.);
#22790 = LOCAL_TIME (20, 22, 4., #22780);
#22800 = DATE_AND_TIME (#22770, #22790);
#22810 = APPROVAL_DATE_TIME (#22800, #22760);
#22820 = APPROVAL_ROLE ('');
#22830 = PERSON ('', '', $, $, $, $);
#22840 = ORGANIZATION ($, '', '');
#22850 = PERSON_AND_ORGANIZATION (#22830, #22840);
#22860 = APPROVAL_PERSON_ORGANIZATION (#22850, #22760, #22820);
#22870 = CC_DESIGN_APPROVAL (#22760, (#22740));
#22880 = DATE_TIME_ROLE ('classification_date');
#22890 = CALENDAR_DATE (2018, 18, 12);
#22900 = COORDINATED_UNIVERSAL_TIME_OFFSET (0, $, .AHEAD.);
#22910 = LOCAL_TIME (20, 22, 4., #22900);
#22920 = DATE_AND_TIME (#22890, #22910);
#22930 = CC_DESIGN_DATE_AND_TIME_ASSIGNMENT (#22920, #22880, (#22740));
#22940 = PERSON_AND_ORGANIZATION_ROLE ('classification_officer');
#22950 = PERSON ('', '', $, $, $, $);
#22960 = ORGANIZATION ($, '', '');
#22970 = PERSON_AND_ORGANIZATION (#22950, #22960);
#22980 = CC_DESIGN_PERSON_AND_ORGANIZATION_ASSIGNMENT (#22970, #22940, (#22740));
#22990 = CC_DESIGN_SECURITY_CLASSIFICATION (#22740, (#22490));
#23000 = DESIGN_CONTEXT ('', #22390, 'design');
#23010 = PRODUCT_DEFINITION ('', '', #22490, #23000);
#23020 = APPROVAL_STATUS ('approved');
#23030 = APPROVAL (#23020, '');
#23040 = CALENDAR_DATE (2018, 18, 12);
#23050 = COORDINATED_UNIVERSAL_TIME_OFFSET (0, $, .AHEAD.);
#23060 = LOCAL_TIME (20, 22, 4., #23050);
#23070 = DATE_AND_TIME (#23040, #23060);
#23080 = APPROVAL_DATE_TIME (#23070, #23030);
#23090 = APPROVAL_ROLE ('');
#23100 = PERSON ('', '', $, $, $, $);
#23110 = ORGANIZATION ($, '', '');
#23120 = PERSON_AND_ORGANIZATION (#23100, #23110);
#23130 = APPROVAL_PERSON_ORGANIZATION (#23120, #23030, #23090);
#23140 = CC_DESIGN_APPROVAL (#23030, (#23010));
#23150 = DATE_TIME_ROLE ('creation_date');
#23160 = CALENDAR_DATE (2018, 18, 12);
#23170 = COORDINATED_UNIVERSAL_TIME_OFFSET (0, $, .AHEAD.);
#23180 = LOCAL_TIME (20, 22, 4., #23170);
#23190 = DATE_AND_TIME (#23160, #23180);
#23200 = CC_DESIGN_DATE_AND_TIME_ASSIGNMENT (#23190, #23150, (#23010));
#23210 = PERSON_AND_ORGANIZATION_ROLE ('creator');
#23220 = PERSON ('', '', $, $, $, $);
#23230 = ORGANIZATION ($, '', '');
#23240 = PERSON_AND_ORGANIZATION (#23220, #23230);
#23250 = CC_DESIGN_PERSON_AND_ORGANIZATION_ASSIGNMENT (#23240, #23210, (#23010));
#23260 = PRODUCT_DEFINITION_SHAPE ('', '', #23010);
#23270 = SHAPE_DEFINITION_REPRESENTATION (#23260, #22380);
#23280 = GEOMETRIC_CURVE_SET ('', (#30, #60, #90, #120, #150, #180, #210, #240, #270, #300, #330, #360, #390, #420, #450, #480, #510, #540, #570, #600, #630, #660, #690, #720, #750, #780, #810, #840, #870, #900, #930, #960, #990, #1020, #1050));
#23290 = (
   LENGTH_UNIT ()
   NAMED_UNIT (*)
   SI_UNIT (.MILLI., .METRE.)
);
#23300 = (
   NAMED_UNIT (*)
   SI_UNIT ($, .STERADIAN.)
   SOLID_ANGLE_UNIT ()
);
#23310 = (
   NAMED_UNIT (*)
   SI_UNIT ($, .RADIAN.)
   PLANE_ANGLE_UNIT ()
);
#23320 = UNCERTAINTY_MEASURE_WITH_UNIT (LENGTH_MEASURE(1.E-5), #23290, 'DISTANCE_ACCURACY_VALUE', '');
#23330 = (
   GEOMETRIC_REPRESENTATION_CONTEXT (3)
   GLOBAL_UNCERTAINTY_ASSIGNED_CONTEXT ((#23320))
   GLOBAL_UNIT_ASSIGNED_CONTEXT ((#23290, #23300, #23310))
   REPRESENTATION_CONTEXT ('', '3D')
);
#23340 = GEOMETRICALLY_BOUNDED_WIREFRAME_SHAPE_REPRESENTATION ('', (#23280), #23330);
#23350 = APPLICATION_CONTEXT ('configuration controlled 3D designs of mechanical parts and assemblies');
#23360 = APPLICATION_PROTOCOL_DEFINITION ('International Standard', 'config_control_design', 1997, #23350);
#23370 = MECHANICAL_CONTEXT ('', #23350, 'mechanical');
#23380 = PRODUCT ('product-name', '', '', (#23370));
#23390 = PERSON_AND_ORGANIZATION_ROLE ('design_owner');
#23400 = PERSON ('', '', $, $, $, $);
#23410 = ORGANIZATION ($, '', '');
#23420 = PERSON_AND_ORGANIZATION (#23400, #23410);
#23430 = CC_DESIGN_PERSON_AND_ORGANIZATION_ASSIGNMENT (#23420, #23390, (#23380));
#23440 = PRODUCT_RELATED_PRODUCT_CATEGORY ('detail', $, (#23380));
#23450 = PRODUCT_DEFINITION_FORMATION_WITH_SPECIFIED_SOURCE ('', '', #23380, .NOT_KNOWN.);
#23460 = APPROVAL_STATUS ('approved');
#23470 = APPROVAL (#23460, '');
#23480 = CALENDAR_DATE (2018, 18, 12);
#23490 = COORDINATED_UNIVERSAL_TIME_OFFSET (0, $, .AHEAD.);
#23500 = LOCAL_TIME (20, 22, 4., #23490);
#23510 = DATE_AND_TIME (#23480, #23500);
#23520 = APPROVAL_DATE_TIME (#23510, #23470);
#23530 = APPROVAL_ROLE ('');
#23540 = PERSON ('', '', $, $, $, $);
#23550 = ORGANIZATION ($, '', '');
#23560 = PERSON_AND_ORGANIZATION (#23540, #23550);
#23570 = APPROVAL_PERSON_ORGANIZATION (#23560, #23470, #23530);
#23580 = CC_DESIGN_APPROVAL (#23470, (#23450));
#23590 = PERSON_AND_ORGANIZATION_ROLE ('creator');
#23600 = PERSON ('', '', $, $, $, $);
#23610 = ORGANIZATION ($, '', '');
#23620 = PERSON_AND_ORGANIZATION (#23600, #23610);
#23630 = CC_DESIGN_PERSON_AND_ORGANIZATION_ASSIGNMENT (#23620, #23590, (#23450));
#23640 = PERSON_AND_ORGANIZATION_ROLE ('part_supplier');
#23650 = PERSON ('', '', $, $, $, $);
#23660 = ORGANIZATION ($, '', '');
#23670 = PERSON_AND_ORGANIZATION (#23650, #23660);
#23680 = CC_DESIGN_PERSON_AND_ORGANIZATION_ASSIGNMENT (#23670, #23640, (#23450));
#23690 = SECURITY_CLASSIFICATION_LEVEL ('unclassified');
#23700 = SECURITY_CLASSIFICATION ('', '', #23690);
#23710 = APPROVAL_STATUS ('approved');
#23720 = APPROVAL (#23710, '');
#23730 = CALENDAR_DATE (2018, 18, 12);
#23740 = COORDINATED_UNIVERSAL_TIME_OFFSET (0, $, .AHEAD.);
#23750 = LOCAL_TIME (20, 22, 4., #23740);
#23760 = DATE_AND_TIME (#23730, #23750);
#23770 = APPROVAL_DATE_TIME (#23760, #23720);
#23780 = APPROVAL_ROLE ('');
#23790 = PERSON ('', '', $, $, $, $);
#23800 = ORGANIZATION ($, '', '');
#23810 = PERSON_AND_ORGANIZATION (#23790, #23800);
#23820 = APPROVAL_PERSON_ORGANIZATION (#23810, #23720, #23780);
#23830 = CC_DESIGN_APPROVAL (#23720, (#23700));
#23840 = DATE_TIME_ROLE ('classification_date');
#23850 = CALENDAR_DATE (2018, 18, 12);
#23860 = COORDINATED_UNIVERSAL_TIME_OFFSET (0, $, .AHEAD.);
#23870 = LOCAL_TIME (20, 22, 4., #23860);
#23880 = DATE_AND_TIME (#23850, #23870);
#23890 = CC_DESIGN_DATE_AND_TIME_ASSIGNMENT (#23880, #23840, (#23700));
#23900 = PERSON_AND_ORGANIZATION_ROLE ('classification_officer');
#23910 = PERSON ('', '', $, $, $, $);
#23920 = ORGANIZATION ($, '', '');
#23930 = PERSON_AND_ORGANIZATION (#23910, #23920);
#23940 = CC_DESIGN_PERSON_AND_ORGANIZATION_ASSIGNMENT (#23930, #23900, (#23700));
#23950 = CC_DESIGN_SECURITY_CLASSIFICATION (#23700, (#23450));
#23960 = DESIGN_CONTEXT ('', #23350, 'design');
#23970 = PRODUCT_DEFINITION ('', '', #23450, #23960);
#23980 = APPROVAL_STATUS ('approved');
#23990 = APPROVAL (#23980, '');
#24000 = CALENDAR_DATE (2018, 18, 12);
#24010 = COORDINATED_UNIVERSAL_TIME_OFFSET (0, $, .AHEAD.);
#24020 = LOCAL_TIME (20, 22, 4., #24010);
#24030 = DATE_AND_TIME (#24000, #24020);
#24040 = APPROVAL_DATE_TIME (#24030, #23990);
#24050 = APPROVAL_ROLE ('');
#24060 = PERSON ('', '', $, $, $, $);
#24070 = ORGANIZATION ($, '', '');
#24080 = PERSON_AND_ORGANIZATION (#24060, #24070);
#24090 = APPROVAL_PERSON_ORGANIZATION (#24080, #23990, #24050);
#24100 = CC_DESIGN_APPROVAL (#23990, (#23970));
#24110 = DATE_TIME_ROLE ('creation_date');
#24120 = CALENDAR_DATE (2018, 18, 12);
#24130 = COORDINATED_UNIVERSAL_TIME_OFFSET (0, $, .AHEAD.);
#24140 = LOCAL_TIME (20, 22, 4., #24130);
#24150 = DATE_AND_TIME (#24120, #24140);
#24160 = CC_DESIGN_DATE_AND_TIME_ASSIGNMENT (#24150, #24110, (#23970));
#24170 = PERSON_AND_ORGANIZATION_ROLE ('creator');
#24180 = PERSON ('', '', $, $, $, $);
#24190 = ORGANIZATION ($, '', '');
#24200 = PERSON_AND_ORGANIZATION (#24180, #24190);
#24210 = CC_DESIGN_PERSON_AND_ORGANIZATION_ASSIGNMENT (#24200, #24170, (#23970));
#24220 = PRODUCT_DEFINITION_SHAPE ('', '', #23970);
#24230 = SHAPE_DEFINITION_REPRESENTATION (#24220, #23340);
ENDSEC;
END-ISO-10303-21;
