ISO-10303-21;
HEADER;
FILE_DESCRIPTION ((), '1');
FILE_NAME ('MIRNEW.stp', '2020-09-08T03:30:58', ('Unknown'), ('Unknown'), 'HarmonyWare STEP v1.1.9', 'HarmonyWare Translators', '');
FILE_SCHEMA (('CONFIG_CONTROL_DESIGN'));
ENDSEC;

DATA;
#10 = CARTESIAN_POINT ('', (0., 146.685, 0.));
#20 = CARTESIAN_POINT ('', (0., 146.68500046029, 500.));
#30 = B_SPLINE_CURVE_WITH_KNOTS ('', 1, (#10, #20), .UNSPECIFIED., .F., .U., (2, 2), (0., 1.), .UNSPECIFIED.);
#40 = CARTESIAN_POINT ('', (0., 146.68500046029, 500.));
#50 = CARTESIAN_POINT ('', (0., 146.685000511343, 588.04639479166));
#60 = B_SPLINE_CURVE_WITH_KNOTS ('', 1, (#40, #50), .UNSPECIFIED., .F., .U., (2, 2), (0., 1.), .UNSPECIFIED.);
#70 = CARTESIAN_POINT ('', (0., 146.685000511343, 588.04639479166));
#80 = CARTESIAN_POINT ('', (0., 97.0314143905891, 1100.));
#90 = B_SPLINE_CURVE_WITH_KNOTS ('', 1, (#70, #80), .UNSPECIFIED., .F., .U., (2, 2), (0., 1.), .UNSPECIFIED.);
#100 = CARTESIAN_POINT ('', (0., 97.0314143905891, 1100.));
#110 = CARTESIAN_POINT ('', (0., 91.1508678758987, 1196.53312502641));
#120 = B_SPLINE_CURVE_WITH_KNOTS ('', 1, (#100, #110), .UNSPECIFIED., .F., .U., (2, 2), (0., 1.), .UNSPECIFIED.);
#130 = CARTESIAN_POINT ('', (0., 91.1508678758987, 1196.53312502641));
#140 = CARTESIAN_POINT ('', (0., 47.8475976569751, 1498.72721523188));
#150 = B_SPLINE_CURVE_WITH_KNOTS ('', 1, (#130, #140), .UNSPECIFIED., .F., .U., (2, 2), (0., 1.), .UNSPECIFIED.);
#160 = CARTESIAN_POINT ('', (0., 47.8475976569751, 1498.72721523188));
#170 = CARTESIAN_POINT ('', (0., 40.799315887148, 1600.));
#180 = B_SPLINE_CURVE_WITH_KNOTS ('', 1, (#160, #170), .UNSPECIFIED., .F., .U., (2, 2), (0., 1.), .UNSPECIFIED.);
#190 = CARTESIAN_POINT ('', (0., 40.799315887148, 1600.));
#200 = CARTESIAN_POINT ('', (0., 18.6069578916781, 1800.10491814842));
#210 = B_SPLINE_CURVE_WITH_KNOTS ('', 1, (#190, #200), .UNSPECIFIED., .F., .U., (2, 2), (0., 1.), .UNSPECIFIED.);
#220 = CARTESIAN_POINT ('', (0., 18.6069578916781, 1800.10491814842));
#230 = CARTESIAN_POINT ('', (0., 11.2330784408718, 1900.));
#240 = B_SPLINE_CURVE_WITH_KNOTS ('', 1, (#220, #230), .UNSPECIFIED., .F., .U., (2, 2), (0., 1.), .UNSPECIFIED.);
#250 = CARTESIAN_POINT ('', (0., 11.2330784408718, 1900.));
#260 = CARTESIAN_POINT ('', (0., -200.593760090511, 3700.));
#270 = B_SPLINE_CURVE_WITH_KNOTS ('', 1, (#250, #260), .UNSPECIFIED., .F., .U., (2, 2), (0., 1.), .UNSPECIFIED.);
#280 = CARTESIAN_POINT ('', (0., -200.593760090511, 3700.));
#290 = CARTESIAN_POINT ('', (400., -247.666390875263, 3700.));
#300 = B_SPLINE_CURVE_WITH_KNOTS ('', 1, (#280, #290), .UNSPECIFIED., .F., .U., (2, 2), (0., 1.), .UNSPECIFIED.);
#310 = CARTESIAN_POINT ('', (400., -247.666390875263, 3700.));
#320 = CARTESIAN_POINT ('', (400., -282.970863963827, 4000.));
#330 = B_SPLINE_CURVE_WITH_KNOTS ('', 1, (#310, #320), .UNSPECIFIED., .F., .U., (2, 2), (0., 1.), .UNSPECIFIED.);
#340 = CARTESIAN_POINT ('', (400., -282.970863963827, 4000.));
#350 = CARTESIAN_POINT ('', (700., -318.275337052391, 4000.));
#360 = B_SPLINE_CURVE_WITH_KNOTS ('', 1, (#340, #350), .UNSPECIFIED., .F., .U., (2, 2), (0., 1.), .UNSPECIFIED.);
#370 = CARTESIAN_POINT ('', (700., -318.275337052391, 4000.));
#380 = CARTESIAN_POINT ('', (700., -358.048670845379, 4337.97417420632));
#390 = B_SPLINE_CURVE_WITH_KNOTS ('', 1, (#370, #380), .UNSPECIFIED., .F., .U., (2, 2), (0., 1.), .UNSPECIFIED.);
#400 = CARTESIAN_POINT ('', (700., -358.048670845379, 4337.97417420632));
#410 = CARTESIAN_POINT ('', (700., -357.546461764785, 4461.61790183251));
#420 = B_SPLINE_CURVE_WITH_KNOTS ('', 1, (#400, #410), .UNSPECIFIED., .F., .U., (2, 2), (0., 1.), .UNSPECIFIED.);
#430 = CARTESIAN_POINT ('', (0., 146.685, 0.));
#440 = CARTESIAN_POINT ('', (0., 121.653691744195, 500.));
#450 = B_SPLINE_CURVE_WITH_KNOTS ('', 1, (#430, #440), .UNSPECIFIED., .F., .U., (2, 2), (0., 1.), .UNSPECIFIED.);
#460 = CARTESIAN_POINT ('', (0., 121.653691744195, 500.));
#470 = CARTESIAN_POINT ('', (0., 118.74963174533, 592.165847200194));
#480 = B_SPLINE_CURVE_WITH_KNOTS ('', 1, (#460, #470), .UNSPECIFIED., .F., .U., (2, 2), (0., 1.), .UNSPECIFIED.);
#490 = CARTESIAN_POINT ('', (0., 118.74963174533, 592.165847200194));
#500 = CARTESIAN_POINT ('', (0., 52.9344104374554, 1100.));
#510 = B_SPLINE_CURVE_WITH_KNOTS ('', 1, (#490, #500), .UNSPECIFIED., .F., .U., (2, 2), (0., 1.), .UNSPECIFIED.);
#520 = CARTESIAN_POINT ('', (0., 52.9344104374554, 1100.));
#530 = CARTESIAN_POINT ('', (0., 44.8805564349086, 1199.16042948977));
#540 = B_SPLINE_CURVE_WITH_KNOTS ('', 1, (#520, #530), .UNSPECIFIED., .F., .U., (2, 2), (0., 1.), .UNSPECIFIED.);
#550 = CARTESIAN_POINT ('', (0., 44.8805564349086, 1199.16042948977));
#560 = CARTESIAN_POINT ('', (0., -0.995436804914377, 1499.99944950292));
#570 = B_SPLINE_CURVE_WITH_KNOTS ('', 1, (#550, #560), .UNSPECIFIED., .F., .U., (2, 2), (0., 1.), .UNSPECIFIED.);
#580 = CARTESIAN_POINT ('', (0., -0.995436804914374, 1499.99944950292));
#590 = CARTESIAN_POINT ('', (0., -10.5757034911507, 1600.));
#600 = B_SPLINE_CURVE_WITH_KNOTS ('', 1, (#580, #590), .UNSPECIFIED., .F., .U., (2, 2), (0., 1.), .UNSPECIFIED.);
#610 = CARTESIAN_POINT ('', (0., -10.5757034911507, 1600.));
#620 = CARTESIAN_POINT ('', (0., -41.2890732736078, 1800.51668319191));
#630 = B_SPLINE_CURVE_WITH_KNOTS ('', 1, (#610, #620), .UNSPECIFIED., .F., .U., (2, 2), (0., 1.), .UNSPECIFIED.);
#640 = CARTESIAN_POINT ('', (0., -41.2890732736078, 1800.51668319191));
#650 = CARTESIAN_POINT ('', (0., -49.8776165235805, 1900.));
#660 = B_SPLINE_CURVE_WITH_KNOTS ('', 1, (#640, #650), .UNSPECIFIED., .F., .U., (2, 2), (0., 1.), .UNSPECIFIED.);
#670 = CARTESIAN_POINT ('', (0., -49.8776165235805, 1900.));
#680 = CARTESIAN_POINT ('', (0., -298.000408512031, 3700.));
#690 = B_SPLINE_CURVE_WITH_KNOTS ('', 1, (#670, #680), .UNSPECIFIED., .F., .U., (2, 2), (0., 1.), .UNSPECIFIED.);
#700 = CARTESIAN_POINT ('', (0., -298.000408512031, 3700.));
#710 = CARTESIAN_POINT ('', (400., -353.138806731687, 3700.));
#720 = B_SPLINE_CURVE_WITH_KNOTS ('', 1, (#700, #710), .UNSPECIFIED., .F., .U., (2, 2), (0., 1.), .UNSPECIFIED.);
#730 = CARTESIAN_POINT ('', (400., -353.138806731687, 3700.));
#740 = CARTESIAN_POINT ('', (400., -394.492605396429, 4000.));
#750 = B_SPLINE_CURVE_WITH_KNOTS ('', 1, (#730, #740), .UNSPECIFIED., .F., .U., (2, 2), (0., 1.), .UNSPECIFIED.);
#760 = CARTESIAN_POINT ('', (400., -394.492605396429, 4000.));
#770 = CARTESIAN_POINT ('', (700., -435.846404061171, 4000.));
#780 = B_SPLINE_CURVE_WITH_KNOTS ('', 1, (#760, #770), .UNSPECIFIED., .F., .U., (2, 2), (0., 1.), .UNSPECIFIED.);
#790 = CARTESIAN_POINT ('', (700., -435.846404061171, 4000.));
#800 = CARTESIAN_POINT ('', (700., -486.698205208229, 4368.90299891904));
#810 = B_SPLINE_CURVE_WITH_KNOTS ('', 1, (#790, #800), .UNSPECIFIED., .F., .U., (2, 2), (0., 1.), .UNSPECIFIED.);
#820 = CARTESIAN_POINT ('', (700., -486.698205208229, 4368.90299891904));
#830 = CARTESIAN_POINT ('', (700., -485.705703180462, 4429.7098585122));
#840 = B_SPLINE_CURVE_WITH_KNOTS ('', 1, (#820, #830), .UNSPECIFIED., .F., .U., (2, 2), (0., 1.), .UNSPECIFIED.);
#850 = CARTESIAN_POINT ('', (0., 146.685, 0.));
#860 = CARTESIAN_POINT ('', (0., 171.716309176384, 500.));
#870 = B_SPLINE_CURVE_WITH_KNOTS ('', 1, (#850, #860), .UNSPECIFIED., .F., .U., (2, 2), (0., 1.), .UNSPECIFIED.);
#880 = CARTESIAN_POINT ('', (0., 171.716309176384, 500.));
#890 = CARTESIAN_POINT ('', (0., 174.335189735971, 583.115134233179));
#900 = B_SPLINE_CURVE_WITH_KNOTS ('', 1, (#880, #890), .UNSPECIFIED., .F., .U., (2, 2), (0., 1.), .UNSPECIFIED.);
#910 = CARTESIAN_POINT ('', (0., 174.335189735971, 583.115134233179));
#920 = CARTESIAN_POINT ('', (0., 141.148513804359, 1100.));
#930 = B_SPLINE_CURVE_WITH_KNOTS ('', 1, (#910, #920), .UNSPECIFIED., .F., .U., (2, 2), (0., 1.), .UNSPECIFIED.);
#940 = CARTESIAN_POINT ('', (0., 141.148513804359, 1100.));
#950 = CARTESIAN_POINT ('', (0., 137.428349278963, 1192.10462997778));
#960 = B_SPLINE_CURVE_WITH_KNOTS ('', 1, (#940, #950), .UNSPECIFIED., .F., .U., (2, 2), (0., 1.), .UNSPECIFIED.);
#970 = CARTESIAN_POINT ('', (0., 137.428349278963, 1192.10462997778));
#980 = CARTESIAN_POINT ('', (0., 96.9107253813841, 1494.76718273865));
#990 = B_SPLINE_CURVE_WITH_KNOTS ('', 1, (#970, #980), .UNSPECIFIED., .F., .U., (2, 2), (0., 1.), .UNSPECIFIED.);
#1000 = CARTESIAN_POINT ('', (0., 96.9107253813841, 1494.76718273865));
#1010 = CARTESIAN_POINT ('', (0., 92.383216300243, 1600.));
#1020 = B_SPLINE_CURVE_WITH_KNOTS ('', 1, (#1000, #1010), .UNSPECIFIED., .F., .U., (2, 2), (0., 1.), .UNSPECIFIED.);
#1030 = CARTESIAN_POINT ('', (0., 92.383216300243, 1600.));
#1040 = CARTESIAN_POINT ('', (0., 78.5747286426413, 1801.87196734637));
#1050 = B_SPLINE_CURVE_WITH_KNOTS ('', 1, (#1030, #1040), .UNSPECIFIED., .F., .U., (2, 2), (0., 1.), .UNSPECIFIED.);
#1060 = CARTESIAN_POINT ('', (0., 78.5747286426413, 1801.87196734637));
#1070 = CARTESIAN_POINT ('', (0., 72.6159993893317, 1900.));
#1080 = B_SPLINE_CURVE_WITH_KNOTS ('', 1, (#1060, #1070), .UNSPECIFIED., .F., .U., (2, 2), (0., 1.), .UNSPECIFIED.);
#1090 = CARTESIAN_POINT ('', (0., 72.6159993893317, 1900.));
#1100 = CARTESIAN_POINT ('', (0., -101.405916585087, 3700.));
#1110 = B_SPLINE_CURVE_WITH_KNOTS ('', 1, (#1090, #1100), .UNSPECIFIED., .F., .U., (2, 2), (0., 1.), .UNSPECIFIED.);
#1120 = CARTESIAN_POINT ('', (0., -101.405916585087, 3700.));
#1130 = CARTESIAN_POINT ('', (400., -140.077453468291, 3700.));
#1140 = B_SPLINE_CURVE_WITH_KNOTS ('', 1, (#1120, #1130), .UNSPECIFIED., .F., .U., (2, 2), (0., 1.), .UNSPECIFIED.);
#1150 = CARTESIAN_POINT ('', (400., -140.077453468291, 3700.));
#1160 = CARTESIAN_POINT ('', (400., -169.081106130694, 4000.));
#1170 = B_SPLINE_CURVE_WITH_KNOTS ('', 1, (#1150, #1160), .UNSPECIFIED., .F., .U., (2, 2), (0., 1.), .UNSPECIFIED.);
#1180 = CARTESIAN_POINT ('', (400., -169.081106130694, 4000.));
#1190 = CARTESIAN_POINT ('', (700., -198.084758793098, 4000.));
#1200 = B_SPLINE_CURVE_WITH_KNOTS ('', 1, (#1180, #1190), .UNSPECIFIED., .F., .U., (2, 2), (0., 1.), .UNSPECIFIED.);
#1210 = CARTESIAN_POINT ('', (700., -198.084758793098, 4000.));
#1220 = CARTESIAN_POINT ('', (700., -228.605041230127, 4315.68729765467));
#1230 = B_SPLINE_CURVE_WITH_KNOTS ('', 1, (#1210, #1220), .UNSPECIFIED., .F., .U., (2, 2), (0., 1.), .UNSPECIFIED.);
#1240 = CARTESIAN_POINT ('', (700., -228.605041230127, 4315.68729765467));
#1250 = CARTESIAN_POINT ('', (700., -230.270918164156, 4483.99401740332));
#1260 = B_SPLINE_CURVE_WITH_KNOTS ('', 1, (#1240, #1250), .UNSPECIFIED., .F., .U., (2, 2), (0., 1.), .UNSPECIFIED.);
#1270 = CARTESIAN_POINT ('', (0., 146.685, 0.));
#1280 = CARTESIAN_POINT ('', (-25.031308716088, 146.68500046029, 500.));
#1290 = B_SPLINE_CURVE_WITH_KNOTS ('', 1, (#1270, #1280), .UNSPECIFIED., .F., .U., (2, 2), (0., 1.), .UNSPECIFIED.);
#1300 = CARTESIAN_POINT ('', (-25.031308716088, 146.68500046029, 500.));
#1310 = CARTESIAN_POINT ('', (-27.7932491649857, 146.685000511078, 587.655412358852));
#1320 = B_SPLINE_CURVE_WITH_KNOTS ('', 1, (#1300, #1310), .UNSPECIFIED., .F., .U., (2, 2), (0., 1.), .UNSPECIFIED.);
#1330 = CARTESIAN_POINT ('', (-27.7932491649857, 146.685000511078, 587.655412358852));
#1340 = CARTESIAN_POINT ('', (-44.9639220254716, 96.9651344953442, 1100.));
#1350 = B_SPLINE_CURVE_WITH_KNOTS ('', 1, (#1330, #1340), .UNSPECIFIED., .F., .U., (2, 2), (0., 1.), .UNSPECIFIED.);
#1360 = CARTESIAN_POINT ('', (-44.9639220254716, 96.9651344953442, 1100.));
#1370 = CARTESIAN_POINT ('', (-46.9758340950738, 91.1393873421122, 1195.61151010099));
#1380 = B_SPLINE_CURVE_WITH_KNOTS ('', 1, (#1360, #1370), .UNSPECIFIED., .F., .U., (2, 2), (0., 1.), .UNSPECIFIED.);
#1390 = CARTESIAN_POINT ('', (-46.9758340950738, 91.1393873421122, 1195.61151010099));
#1400 = CARTESIAN_POINT ('', (-50.0321825995147, 47.6984346236499, 1498.73514415229));
#1410 = B_SPLINE_CURVE_WITH_KNOTS ('', 1, (#1390, #1400), .UNSPECIFIED., .F., .U., (2, 2), (0., 1.), .UNSPECIFIED.);
#1420 = CARTESIAN_POINT ('', (-50.0321825995147, 47.6984346236499, 1498.73514415229));
#1430 = CARTESIAN_POINT ('', (-50.6703220346002, 40.643788928384, 1600.));
#1440 = B_SPLINE_CURVE_WITH_KNOTS ('', 1, (#1420, #1430), .UNSPECIFIED., .F., .U., (2, 2), (0., 1.), .UNSPECIFIED.);
#1450 = CARTESIAN_POINT ('', (-50.6703220346002, 40.643788928384, 1600.));
#1460 = CARTESIAN_POINT ('', (-52.6797933850811, 18.4290383064753, 1800.10292122596));
#1470 = B_SPLINE_CURVE_WITH_KNOTS ('', 1, (#1450, #1460), .UNSPECIFIED., .F., .U., (2, 2), (0., 1.), .UNSPECIFIED.);
#1480 = CARTESIAN_POINT ('', (-52.6797933850811, 18.4290383064753, 1800.10292122596));
#1490 = CARTESIAN_POINT ('', (-53.3095013570965, 11.0521880552011, 1900.));
#1500 = B_SPLINE_CURVE_WITH_KNOTS ('', 1, (#1480, #1490), .UNSPECIFIED., .F., .U., (2, 2), (0., 1.), .UNSPECIFIED.);
#1510 = CARTESIAN_POINT ('', (-53.3095013570965, 11.0521880552011, 1900.));
#1520 = CARTESIAN_POINT ('', (-70.6887399231253, -192.540661456371, 3629.31126007687));
#1530 = B_SPLINE_CURVE_WITH_KNOTS ('', 1, (#1510, #1520), .UNSPECIFIED., .F., .U., (2, 2), (0., 1.), .UNSPECIFIED.);
#1540 = CARTESIAN_POINT ('', (-70.6887399231253, -192.540661456371, 3629.31126007687));
#1550 = CARTESIAN_POINT ('', (325.331336082433, -239.164341992734, 3625.33133608243));
#1560 = B_SPLINE_CURVE_WITH_KNOTS ('', 1, (#1540, #1550), .UNSPECIFIED., .F., .U., (2, 2), (0., 1.), .UNSPECIFIED.);
#1570 = CARTESIAN_POINT ('', (325.331336082433, -239.164341992734, 3625.33133608243));
#1580 = CARTESIAN_POINT ('', (322.346393086603, -274.132102395007, 3922.3463930866));
#1590 = B_SPLINE_CURVE_WITH_KNOTS ('', 1, (#1570, #1580), .UNSPECIFIED., .F., .U., (2, 2), (0., 1.), .UNSPECIFIED.);
#1600 = CARTESIAN_POINT ('', (322.346393086603, -274.132102395007, 3922.3463930866));
#1610 = CARTESIAN_POINT ('', (619.361450090772, -309.09986279728, 3919.36145009077));
#1620 = B_SPLINE_CURVE_WITH_KNOTS ('', 1, (#1600, #1610), .UNSPECIFIED., .F., .U., (2, 2), (0., 1.), .UNSPECIFIED.);
#1630 = CARTESIAN_POINT ('', (619.361450090772, -309.09986279728, 3919.36145009077));
#1640 = CARTESIAN_POINT ('', (615.132292838692, -358.643240242278, 4340.18133980406));
#1650 = B_SPLINE_CURVE_WITH_KNOTS ('', 1, (#1630, #1640), .UNSPECIFIED., .F., .U., (2, 2), (0., 1.), .UNSPECIFIED.);
#1660 = CARTESIAN_POINT ('', (615.132292838692, -358.643240242278, 4340.18133980406));
#1670 = CARTESIAN_POINT ('', (616.572358686848, -358.171298070096, 4459.41540526293));
#1680 = B_SPLINE_CURVE_WITH_KNOTS ('', 1, (#1660, #1670), .UNSPECIFIED., .F., .U., (2, 2), (0., 1.), .UNSPECIFIED.);
#1690 = CARTESIAN_POINT ('', (0., 146.685, 0.));
#1700 = CARTESIAN_POINT ('', (25.031308716088, 146.68500046029, 500.));
#1710 = B_SPLINE_CURVE_WITH_KNOTS ('', 1, (#1690, #1700), .UNSPECIFIED., .F., .U., (2, 2), (0., 1.), .UNSPECIFIED.);
#1720 = CARTESIAN_POINT ('', (25.031308716088, 146.68500046029, 500.));
#1730 = CARTESIAN_POINT ('', (27.7932491649857, 146.685000511078, 587.655412358852));
#1740 = B_SPLINE_CURVE_WITH_KNOTS ('', 1, (#1720, #1730), .UNSPECIFIED., .F., .U., (2, 2), (0., 1.), .UNSPECIFIED.);
#1750 = CARTESIAN_POINT ('', (27.7932491649857, 146.685000511078, 587.655412358852));
#1760 = CARTESIAN_POINT ('', (44.9639220254716, 96.9651344953442, 1100.));
#1770 = B_SPLINE_CURVE_WITH_KNOTS ('', 1, (#1750, #1760), .UNSPECIFIED., .F., .U., (2, 2), (0., 1.), .UNSPECIFIED.);
#1780 = CARTESIAN_POINT ('', (44.9639220254716, 96.9651344953442, 1100.));
#1790 = CARTESIAN_POINT ('', (46.9758340950738, 91.1393873421122, 1195.61151010099));
#1800 = B_SPLINE_CURVE_WITH_KNOTS ('', 1, (#1780, #1790), .UNSPECIFIED., .F., .U., (2, 2), (0., 1.), .UNSPECIFIED.);
#1810 = CARTESIAN_POINT ('', (46.9758340950738, 91.1393873421122, 1195.61151010099));
#1820 = CARTESIAN_POINT ('', (50.0321825995147, 47.6984346236499, 1498.73514415229));
#1830 = B_SPLINE_CURVE_WITH_KNOTS ('', 1, (#1810, #1820), .UNSPECIFIED., .F., .U., (2, 2), (0., 1.), .UNSPECIFIED.);
#1840 = CARTESIAN_POINT ('', (50.0321825995147, 47.6984346236499, 1498.73514415229));
#1850 = CARTESIAN_POINT ('', (50.6703220346002, 40.643788928384, 1600.));
#1860 = B_SPLINE_CURVE_WITH_KNOTS ('', 1, (#1840, #1850), .UNSPECIFIED., .F., .U., (2, 2), (0., 1.), .UNSPECIFIED.);
#1870 = CARTESIAN_POINT ('', (50.6703220346002, 40.643788928384, 1600.));
#1880 = CARTESIAN_POINT ('', (52.6797933850811, 18.4290383064753, 1800.10292122596));
#1890 = B_SPLINE_CURVE_WITH_KNOTS ('', 1, (#1870, #1880), .UNSPECIFIED., .F., .U., (2, 2), (0., 1.), .UNSPECIFIED.);
#1900 = CARTESIAN_POINT ('', (52.6797933850811, 18.4290383064753, 1800.10292122596));
#1910 = CARTESIAN_POINT ('', (53.3095013570965, 11.0521880552011, 1900.));
#1920 = B_SPLINE_CURVE_WITH_KNOTS ('', 1, (#1900, #1910), .UNSPECIFIED., .F., .U., (2, 2), (0., 1.), .UNSPECIFIED.);
#1930 = CARTESIAN_POINT ('', (53.3095013570965, 11.0521880552011, 1900.));
#1940 = CARTESIAN_POINT ('', (72.1239797102422, -209.354088401478, 3772.12397971024));
#1950 = B_SPLINE_CURVE_WITH_KNOTS ('', 1, (#1930, #1940), .UNSPECIFIED., .F., .U., (2, 2), (0., 1.), .UNSPECIFIED.);
#1960 = CARTESIAN_POINT ('', (72.1239797102422, -209.354088401478, 3772.12397971024));
#1970 = CARTESIAN_POINT ('', (476.184710708355, -256.924400061843, 3776.18471070836));
#1980 = B_SPLINE_CURVE_WITH_KNOTS ('', 1, (#1960, #1970), .UNSPECIFIED., .F., .U., (2, 2), (0., 1.), .UNSPECIFIED.);
#1990 = CARTESIAN_POINT ('', (476.184710708355, -256.924400061843, 3776.18471070836));
#2000 = CARTESIAN_POINT ('', (479.23025895694, -292.602133807116, 4079.23025895694));
#2010 = B_SPLINE_CURVE_WITH_KNOTS ('', 1, (#1990, #2000), .UNSPECIFIED., .F., .U., (2, 2), (0., 1.), .UNSPECIFIED.);
#2020 = CARTESIAN_POINT ('', (479.23025895694, -292.602133807116, 4079.23025895694));
#2030 = CARTESIAN_POINT ('', (782.275807205525, -328.279867552389, 4082.27580720552));
#2040 = B_SPLINE_CURVE_WITH_KNOTS ('', 1, (#2020, #2030), .UNSPECIFIED., .F., .U., (2, 2), (0., 1.), .UNSPECIFIED.);
#2050 = CARTESIAN_POINT ('', (782.275807205525, -328.279867552389, 4082.27580720552));
#2060 = CARTESIAN_POINT ('', (784.867707161308, -358.643240242278, 4340.18133980406));
#2070 = B_SPLINE_CURVE_WITH_KNOTS ('', 1, (#2050, #2060), .UNSPECIFIED., .F., .U., (2, 2), (0., 1.), .UNSPECIFIED.);
#2080 = CARTESIAN_POINT ('', (784.867707161308, -358.643240242278, 4340.18133980406));
#2090 = CARTESIAN_POINT ('', (783.427641313152, -358.171298070096, 4459.41540526293));
#2100 = B_SPLINE_CURVE_WITH_KNOTS ('', 1, (#2080, #2090), .UNSPECIFIED., .F., .U., (2, 2), (0., 1.), .UNSPECIFIED.);
#2110 = CARTESIAN_POINT ('', (0., 120.015, 0.));
#2120 = CARTESIAN_POINT ('', (0., 120.015000091028, 500.));
#2130 = B_SPLINE_CURVE_WITH_KNOTS ('', 1, (#2110, #2120), .UNSPECIFIED., .F., .U., (2, 2), (0., 1.), .UNSPECIFIED.);
#2140 = CARTESIAN_POINT ('', (0., 120.015000091028, 500.));
#2150 = CARTESIAN_POINT ('', (0., 120.015000101577, 591.997999861455));
#2160 = B_SPLINE_CURVE_WITH_KNOTS ('', 1, (#2140, #2150), .UNSPECIFIED., .F., .U., (2, 2), (0., 1.), .UNSPECIFIED.);
#2170 = CARTESIAN_POINT ('', (0., 120.015000101577, 591.997999861455));
#2180 = CARTESIAN_POINT ('', (0., 79.8723152781155, 1100.));
#2190 = B_SPLINE_CURVE_WITH_KNOTS ('', 1, (#2170, #2180), .UNSPECIFIED., .F., .U., (2, 2), (0., 1.), .UNSPECIFIED.);
#2200 = CARTESIAN_POINT ('', (0., 79.8723152781155, 1100.));
#2210 = CARTESIAN_POINT ('', (0., 75.0210097540755, 1197.65264083351));
#2220 = B_SPLINE_CURVE_WITH_KNOTS ('', 1, (#2200, #2210), .UNSPECIFIED., .F., .U., (2, 2), (0., 1.), .UNSPECIFIED.);
#2230 = CARTESIAN_POINT ('', (0., 75.0210097540755, 1197.65264083351));
#2240 = CARTESIAN_POINT ('', (0., 39.849111538307, 1499.11737182061));
#2250 = B_SPLINE_CURVE_WITH_KNOTS ('', 1, (#2230, #2240), .UNSPECIFIED., .F., .U., (2, 2), (0., 1.), .UNSPECIFIED.);
#2260 = CARTESIAN_POINT ('', (0., 39.849111538307, 1499.11737182061));
#2270 = CARTESIAN_POINT ('', (0., 34.1431599437545, 1600.));
#2280 = B_SPLINE_CURVE_WITH_KNOTS ('', 1, (#2260, #2270), .UNSPECIFIED., .F., .U., (2, 2), (0., 1.), .UNSPECIFIED.);
#2290 = CARTESIAN_POINT ('', (0., 34.1431599437545, 1600.));
#2300 = CARTESIAN_POINT ('', (0., 16.1328282998609, 1800.07887102109));
#2310 = B_SPLINE_CURVE_WITH_KNOTS ('', 1, (#2290, #2300), .UNSPECIFIED., .F., .U., (2, 2), (0., 1.), .UNSPECIFIED.);
#2320 = CARTESIAN_POINT ('', (0., 16.1328282998609, 1800.07887102109));
#2330 = CARTESIAN_POINT ('', (0., 10.1170657322195, 1900.));
#2340 = B_SPLINE_CURVE_WITH_KNOTS ('', 1, (#2320, #2330), .UNSPECIFIED., .F., .U., (2, 2), (0., 1.), .UNSPECIFIED.);
#2350 = CARTESIAN_POINT ('', (0., 10.1170657322195, 1900.));
#2360 = CARTESIAN_POINT ('', (0., -162.409470706818, 3700.));
#2370 = B_SPLINE_CURVE_WITH_KNOTS ('', 1, (#2350, #2360), .UNSPECIFIED., .F., .U., (2, 2), (0., 1.), .UNSPECIFIED.);
#2380 = CARTESIAN_POINT ('', (0., -162.409470706818, 3700.));
#2390 = CARTESIAN_POINT ('', (400., -200.748701026604, 3700.));
#2400 = B_SPLINE_CURVE_WITH_KNOTS ('', 1, (#2380, #2390), .UNSPECIFIED., .F., .U., (2, 2), (0., 1.), .UNSPECIFIED.);
#2410 = CARTESIAN_POINT ('', (400., -200.748701026604, 3700.));
#2420 = CARTESIAN_POINT ('', (400., -229.503123766443, 4000.));
#2430 = B_SPLINE_CURVE_WITH_KNOTS ('', 1, (#2410, #2420), .UNSPECIFIED., .F., .U., (2, 2), (0., 1.), .UNSPECIFIED.);
#2440 = CARTESIAN_POINT ('', (400., -229.503123766443, 4000.));
#2450 = CARTESIAN_POINT ('', (700., -258.257546506283, 4000.));
#2460 = B_SPLINE_CURVE_WITH_KNOTS ('', 1, (#2440, #2450), .UNSPECIFIED., .F., .U., (2, 2), (0., 1.), .UNSPECIFIED.);
#2470 = CARTESIAN_POINT ('', (700., -258.257546506283, 4000.));
#2480 = CARTESIAN_POINT ('', (700., -289.408374314056, 4325.00211973945));
#2490 = B_SPLINE_CURVE_WITH_KNOTS ('', 1, (#2470, #2480), .UNSPECIFIED., .F., .U., (2, 2), (0., 1.), .UNSPECIFIED.);
#2500 = CARTESIAN_POINT ('', (700., -289.408374314056, 4325.00211973945));
#2510 = CARTESIAN_POINT ('', (700., -288.898405355645, 4474.86159482268));
#2520 = B_SPLINE_CURVE_WITH_KNOTS ('', 1, (#2500, #2510), .UNSPECIFIED., .F., .U., (2, 2), (0., 1.), .UNSPECIFIED.);
#2530 = CARTESIAN_POINT ('', (0., 120.015, 0.));
#2540 = CARTESIAN_POINT ('', (0., 94.98369137494, 500.));
#2550 = B_SPLINE_CURVE_WITH_KNOTS ('', 1, (#2530, #2540), .UNSPECIFIED., .F., .U., (2, 2), (0., 1.), .UNSPECIFIED.);
#2560 = CARTESIAN_POINT ('', (0., 94.98369137494, 500.));
#2570 = CARTESIAN_POINT ('', (0., 91.9808855567018, 595.299731495669));
#2580 = B_SPLINE_CURVE_WITH_KNOTS ('', 1, (#2560, #2570), .UNSPECIFIED., .F., .U., (2, 2), (0., 1.), .UNSPECIFIED.);
#2590 = CARTESIAN_POINT ('', (0., 91.9808855567018, 595.299731495669));
#2600 = CARTESIAN_POINT ('', (0., 35.8148496517702, 1100.));
#2610 = B_SPLINE_CURVE_WITH_KNOTS ('', 1, (#2590, #2600), .UNSPECIFIED., .F., .U., (2, 2), (0., 1.), .UNSPECIFIED.);
#2620 = CARTESIAN_POINT ('', (0., 35.8148496517702, 1100.));
#2630 = CARTESIAN_POINT ('', (0., 28.8555673639173, 1199.65301493061));
#2640 = B_SPLINE_CURVE_WITH_KNOTS ('', 1, (#2620, #2630), .UNSPECIFIED., .F., .U., (2, 2), (0., 1.), .UNSPECIFIED.);
#2650 = CARTESIAN_POINT ('', (0., 28.8555673639173, 1199.65301493061));
#2660 = CARTESIAN_POINT ('', (0., -8.92766571954318, 1499.95571934668));
#2670 = B_SPLINE_CURVE_WITH_KNOTS ('', 1, (#2650, #2660), .UNSPECIFIED., .F., .U., (2, 2), (0., 1.), .UNSPECIFIED.);
#2680 = CARTESIAN_POINT ('', (0., -8.92766571954318, 1499.95571934668));
#2690 = CARTESIAN_POINT ('', (0., -17.1908891472339, 1600.));
#2700 = B_SPLINE_CURVE_WITH_KNOTS ('', 1, (#2680, #2690), .UNSPECIFIED., .F., .U., (2, 2), (0., 1.), .UNSPECIFIED.);
#2710 = CARTESIAN_POINT ('', (0., -17.1908891472339, 1600.));
#2720 = CARTESIAN_POINT ('', (0., -43.6303440142115, 1800.57695145205));
#2730 = B_SPLINE_CURVE_WITH_KNOTS ('', 1, (#2710, #2720), .UNSPECIFIED., .F., .U., (2, 2), (0., 1.), .UNSPECIFIED.);
#2740 = CARTESIAN_POINT ('', (0., -43.6303440142115, 1800.57695145205));
#2750 = CARTESIAN_POINT ('', (0., -50.8526554095859, 1900.));
#2760 = B_SPLINE_CURVE_WITH_KNOTS ('', 1, (#2740, #2750), .UNSPECIFIED., .F., .U., (2, 2), (0., 1.), .UNSPECIFIED.);
#2770 = CARTESIAN_POINT ('', (0., -50.8526554095859, 1900.));
#2780 = CARTESIAN_POINT ('', (0., -259.283002174363, 3700.));
#2790 = B_SPLINE_CURVE_WITH_KNOTS ('', 1, (#2770, #2780), .UNSPECIFIED., .F., .U., (2, 2), (0., 1.), .UNSPECIFIED.);
#2800 = CARTESIAN_POINT ('', (0., -259.283002174363, 3700.));
#2810 = CARTESIAN_POINT ('', (400., -305.60085701098, 3700.));
#2820 = B_SPLINE_CURVE_WITH_KNOTS ('', 1, (#2800, #2810), .UNSPECIFIED., .F., .U., (2, 2), (0., 1.), .UNSPECIFIED.);
#2830 = CARTESIAN_POINT ('', (400., -305.60085701098, 3700.));
#2840 = CARTESIAN_POINT ('', (400., -340.339248138442, 4000.));
#2850 = B_SPLINE_CURVE_WITH_KNOTS ('', 1, (#2830, #2840), .UNSPECIFIED., .F., .U., (2, 2), (0., 1.), .UNSPECIFIED.);
#2860 = CARTESIAN_POINT ('', (400., -340.339248138442, 4000.));
#2870 = CARTESIAN_POINT ('', (700., -375.077639265905, 4000.));
#2880 = B_SPLINE_CURVE_WITH_KNOTS ('', 1, (#2860, #2870), .UNSPECIFIED., .F., .U., (2, 2), (0., 1.), .UNSPECIFIED.);
#2890 = CARTESIAN_POINT ('', (700., -375.077639265905, 4000.));
#2900 = CARTESIAN_POINT ('', (700., -415.698529765124, 4350.80113828679));
#2910 = B_SPLINE_CURVE_WITH_KNOTS ('', 1, (#2890, #2900), .UNSPECIFIED., .F., .U., (2, 2), (0., 1.), .UNSPECIFIED.);
#2920 = CARTESIAN_POINT ('', (700., -415.698529765124, 4350.80113828679));
#2930 = CARTESIAN_POINT ('', (700., -414.098021245033, 4448.67580816218));
#2940 = B_SPLINE_CURVE_WITH_KNOTS ('', 1, (#2920, #2930), .UNSPECIFIED., .F., .U., (2, 2), (0., 1.), .UNSPECIFIED.);
#2950 = CARTESIAN_POINT ('', (0., 120.015, 0.));
#2960 = CARTESIAN_POINT ('', (0., 145.046308807115, 500.));
#2970 = B_SPLINE_CURVE_WITH_KNOTS ('', 1, (#2950, #2960), .UNSPECIFIED., .F., .U., (2, 2), (0., 1.), .UNSPECIFIED.);
#2980 = CARTESIAN_POINT ('', (0., 145.046308807115, 500.));
#2990 = CARTESIAN_POINT ('', (0., 147.814744668336, 587.861556254797));
#3000 = B_SPLINE_CURVE_WITH_KNOTS ('', 1, (#2980, #2990), .UNSPECIFIED., .F., .U., (2, 2), (0., 1.), .UNSPECIFIED.);
#3010 = CARTESIAN_POINT ('', (0., 147.814744668336, 587.861556254797));
#3020 = CARTESIAN_POINT ('', (0., 123.943340625689, 1100.));
#3030 = B_SPLINE_CURVE_WITH_KNOTS ('', 1, (#3010, #3020), .UNSPECIFIED., .F., .U., (2, 2), (0., 1.), .UNSPECIFIED.);
#3040 = CARTESIAN_POINT ('', (0., 123.943340625689, 1100.));
#3050 = CARTESIAN_POINT ('', (0., 121.189372144247, 1193.86478969743));
#3060 = B_SPLINE_CURVE_WITH_KNOTS ('', 1, (#3040, #3050), .UNSPECIFIED., .F., .U., (2, 2), (0., 1.), .UNSPECIFIED.);
#3070 = CARTESIAN_POINT ('', (0., 121.189372144247, 1193.86478969743));
#3080 = CARTESIAN_POINT ('', (0., 88.801817748608, 1495.60830565853));
#3090 = B_SPLINE_CURVE_WITH_KNOTS ('', 1, (#3070, #3080), .UNSPECIFIED., .F., .U., (2, 2), (0., 1.), .UNSPECIFIED.);
#3100 = CARTESIAN_POINT ('', (0., 88.801817748608, 1495.60830565853));
#3110 = CARTESIAN_POINT ('', (0., 85.6467234315657, 1600.));
#3120 = B_SPLINE_CURVE_WITH_KNOTS ('', 1, (#3100, #3110), .UNSPECIFIED., .F., .U., (2, 2), (0., 1.), .UNSPECIFIED.);
#3130 = CARTESIAN_POINT ('', (0., 85.6467234315657, 1600.));
#3140 = CARTESIAN_POINT ('', (0., 75.9592551875613, 1801.74935414806));
#3150 = B_SPLINE_CURVE_WITH_KNOTS ('', 1, (#3130, #3140), .UNSPECIFIED., .F., .U., (2, 2), (0., 1.), .UNSPECIFIED.);
#3160 = CARTESIAN_POINT ('', (0., 75.9592551875613, 1801.74935414806));
#3170 = CARTESIAN_POINT ('', (0., 71.3118033639737, 1900.));
#3180 = B_SPLINE_CURVE_WITH_KNOTS ('', 1, (#3160, #3170), .UNSPECIFIED., .F., .U., (2, 2), (0., 1.), .UNSPECIFIED.);
#3190 = CARTESIAN_POINT ('', (0., 71.3118033639737, 1900.));
#3200 = CARTESIAN_POINT ('', (0., -64.0954568111325, 3700.));
#3210 = B_SPLINE_CURVE_WITH_KNOTS ('', 1, (#3190, #3200), .UNSPECIFIED., .F., .U., (2, 2), (0., 1.), .UNSPECIFIED.);
#3220 = CARTESIAN_POINT ('', (0., -64.0954568111325, 3700.));
#3230 = CARTESIAN_POINT ('', (400., -94.1859590722672, 3700.));
#3240 = B_SPLINE_CURVE_WITH_KNOTS ('', 1, (#3220, #3230), .UNSPECIFIED., .F., .U., (2, 2), (0., 1.), .UNSPECIFIED.);
#3250 = CARTESIAN_POINT ('', (400., -94.1859590722672, 3700.));
#3260 = CARTESIAN_POINT ('', (400., -116.753835768118, 4000.));
#3270 = B_SPLINE_CURVE_WITH_KNOTS ('', 1, (#3250, #3260), .UNSPECIFIED., .F., .U., (2, 2), (0., 1.), .UNSPECIFIED.);
#3280 = CARTESIAN_POINT ('', (400., -116.753835768118, 4000.));
#3290 = CARTESIAN_POINT ('', (700., -139.321712463969, 4000.));
#3300 = B_SPLINE_CURVE_WITH_KNOTS ('', 1, (#3280, #3290), .UNSPECIFIED., .F., .U., (2, 2), (0., 1.), .UNSPECIFIED.);
#3310 = CARTESIAN_POINT ('', (700., -139.321712463969, 4000.));
#3320 = CARTESIAN_POINT ('', (700., -162.488566512328, 4307.96234436115));
#3330 = B_SPLINE_CURVE_WITH_KNOTS ('', 1, (#3310, #3320), .UNSPECIFIED., .F., .U., (2, 2), (0., 1.), .UNSPECIFIED.);
#3340 = CARTESIAN_POINT ('', (700., -162.488566512328, 4307.96234436115));
#3350 = CARTESIAN_POINT ('', (700., -164.507509992165, 4491.81541487971));
#3360 = B_SPLINE_CURVE_WITH_KNOTS ('', 1, (#3340, #3350), .UNSPECIFIED., .F., .U., (2, 2), (0., 1.), .UNSPECIFIED.);
#3370 = CARTESIAN_POINT ('', (0., 120.015, 0.));
#3380 = CARTESIAN_POINT ('', (-25.031308716088, 120.015000091028, 500.));
#3390 = B_SPLINE_CURVE_WITH_KNOTS ('', 1, (#3370, #3380), .UNSPECIFIED., .F., .U., (2, 2), (0., 1.), .UNSPECIFIED.);
#3400 = CARTESIAN_POINT ('', (-25.031308716088, 120.015000091028, 500.));
#3410 = CARTESIAN_POINT ('', (-27.9176995015188, 120.015000101524, 591.605079547137));
#3420 = B_SPLINE_CURVE_WITH_KNOTS ('', 1, (#3400, #3410), .UNSPECIFIED., .F., .U., (2, 2), (0., 1.), .UNSPECIFIED.);
#3430 = CARTESIAN_POINT ('', (-27.9176995015188, 120.015000101524, 591.605079547137));
#3440 = CARTESIAN_POINT ('', (-44.9476765875131, 79.8183678315373, 1100.));
#3450 = B_SPLINE_CURVE_WITH_KNOTS ('', 1, (#3430, #3440), .UNSPECIFIED., .F., .U., (2, 2), (0., 1.), .UNSPECIFIED.);
#3460 = CARTESIAN_POINT ('', (-44.9476765875131, 79.8183678315373, 1100.));
#3470 = CARTESIAN_POINT ('', (-46.9840906142865, 75.0117268495611, 1196.73127144911));
#3480 = B_SPLINE_CURVE_WITH_KNOTS ('', 1, (#3460, #3470), .UNSPECIFIED., .F., .U., (2, 2), (0., 1.), .UNSPECIFIED.);
#3490 = CARTESIAN_POINT ('', (-46.9840906142865, 75.0117268495611, 1196.73127144911));
#3500 = CARTESIAN_POINT ('', (-50.0676702774908, 39.7280376279921, 1499.12272967945));
#3510 = B_SPLINE_CURVE_WITH_KNOTS ('', 1, (#3490, #3500), .UNSPECIFIED., .F., .U., (2, 2), (0., 1.), .UNSPECIFIED.);
#3520 = CARTESIAN_POINT ('', (-50.0676702774908, 39.7280376279921, 1499.12272967945));
#3530 = CARTESIAN_POINT ('', (-50.71224619659, 34.0168374022377, 1600.));
#3540 = B_SPLINE_CURVE_WITH_KNOTS ('', 1, (#3520, #3530), .UNSPECIFIED., .F., .U., (2, 2), (0., 1.), .UNSPECIFIED.);
#3550 = CARTESIAN_POINT ('', (-50.71224619659, 34.0168374022377, 1600.));
#3560 = CARTESIAN_POINT ('', (-52.7469600086432, 15.9884599242471, 1800.07746571263));
#3570 = B_SPLINE_CURVE_WITH_KNOTS ('', 1, (#3550, #3560), .UNSPECIFIED., .F., .U., (2, 2), (0., 1.), .UNSPECIFIED.);
#3580 = CARTESIAN_POINT ('', (-52.7469600086432, 15.9884599242471, 1800.07746571263));
#3590 = CARTESIAN_POINT ('', (-53.3855697489375, 9.97034808147657, 1900.));
#3600 = B_SPLINE_CURVE_WITH_KNOTS ('', 1, (#3580, #3590), .UNSPECIFIED., .F., .U., (2, 2), (0., 1.), .UNSPECIFIED.);
#3610 = CARTESIAN_POINT ('', (-53.3855697489375, 9.97034808147657, 1900.));
#3620 = CARTESIAN_POINT ('', (-70.9784527959564, -155.82095000448, 3629.02154720404));
#3630 = B_SPLINE_CURVE_WITH_KNOTS ('', 1, (#3610, #3620), .UNSPECIFIED., .F., .U., (2, 2), (0., 1.), .UNSPECIFIED.);
#3640 = CARTESIAN_POINT ('', (-70.9784527959564, -155.82095000448, 3629.02154720404));
#3650 = CARTESIAN_POINT ('', (324.992522196048, -193.789558350885, 3624.99252219605));
#3660 = B_SPLINE_CURVE_WITH_KNOTS ('', 1, (#3640, #3650), .UNSPECIFIED., .F., .U., (2, 2), (0., 1.), .UNSPECIFIED.);
#3670 = CARTESIAN_POINT ('', (324.992522196048, -193.789558350885, 3624.99252219605));
#3680 = CARTESIAN_POINT ('', (321.970753440051, -222.266014610689, 3921.97075344005));
#3690 = B_SPLINE_CURVE_WITH_KNOTS ('', 1, (#3670, #3680), .UNSPECIFIED., .F., .U., (2, 2), (0., 1.), .UNSPECIFIED.);
#3700 = CARTESIAN_POINT ('', (321.970753440051, -222.266014610689, 3921.97075344005));
#3710 = CARTESIAN_POINT ('', (618.948984684055, -250.742470870493, 3918.94898468405));
#3720 = B_SPLINE_CURVE_WITH_KNOTS ('', 1, (#3700, #3710), .UNSPECIFIED., .F., .U., (2, 2), (0., 1.), .UNSPECIFIED.);
#3730 = CARTESIAN_POINT ('', (618.948984684055, -250.742470870493, 3918.94898468405));
#3740 = CARTESIAN_POINT ('', (614.794840838287, -289.890170470668, 4327.2165892786));
#3750 = B_SPLINE_CURVE_WITH_KNOTS ('', 1, (#3730, #3740), .UNSPECIFIED., .F., .U., (2, 2), (0., 1.), .UNSPECIFIED.);
#3760 = CARTESIAN_POINT ('', (614.794840838287, -289.890170470668, 4327.2165892786));
#3770 = CARTESIAN_POINT ('', (616.579223347178, -289.407854024699, 4472.69111760533));
#3780 = B_SPLINE_CURVE_WITH_KNOTS ('', 1, (#3760, #3770), .UNSPECIFIED., .F., .U., (2, 2), (0., 1.), .UNSPECIFIED.);
#3790 = CARTESIAN_POINT ('', (0., 120.015, 0.));
#3800 = CARTESIAN_POINT ('', (25.031308716088, 120.015000091028, 500.));
#3810 = B_SPLINE_CURVE_WITH_KNOTS ('', 1, (#3790, #3800), .UNSPECIFIED., .F., .U., (2, 2), (0., 1.), .UNSPECIFIED.);
#3820 = CARTESIAN_POINT ('', (25.031308716088, 120.015000091028, 500.));
#3830 = CARTESIAN_POINT ('', (27.9176995015188, 120.015000101524, 591.605079547137));
#3840 = B_SPLINE_CURVE_WITH_KNOTS ('', 1, (#3820, #3830), .UNSPECIFIED., .F., .U., (2, 2), (0., 1.), .UNSPECIFIED.);
#3850 = CARTESIAN_POINT ('', (27.9176995015188, 120.015000101524, 591.605079547137));
#3860 = CARTESIAN_POINT ('', (44.9476765875131, 79.8183678315373, 1100.));
#3870 = B_SPLINE_CURVE_WITH_KNOTS ('', 1, (#3850, #3860), .UNSPECIFIED., .F., .U., (2, 2), (0., 1.), .UNSPECIFIED.);
#3880 = CARTESIAN_POINT ('', (44.9476765875131, 79.8183678315373, 1100.));
#3890 = CARTESIAN_POINT ('', (46.9840906142865, 75.0117268495611, 1196.73127144911));
#3900 = B_SPLINE_CURVE_WITH_KNOTS ('', 1, (#3880, #3890), .UNSPECIFIED., .F., .U., (2, 2), (0., 1.), .UNSPECIFIED.);
#3910 = CARTESIAN_POINT ('', (46.9840906142865, 75.0117268495611, 1196.73127144911));
#3920 = CARTESIAN_POINT ('', (50.0676702774908, 39.7280376279921, 1499.12272967945));
#3930 = B_SPLINE_CURVE_WITH_KNOTS ('', 1, (#3910, #3920), .UNSPECIFIED., .F., .U., (2, 2), (0., 1.), .UNSPECIFIED.);
#3940 = CARTESIAN_POINT ('', (50.0676702774908, 39.7280376279921, 1499.12272967945));
#3950 = CARTESIAN_POINT ('', (50.71224619659, 34.0168374022377, 1600.));
#3960 = B_SPLINE_CURVE_WITH_KNOTS ('', 1, (#3940, #3950), .UNSPECIFIED., .F., .U., (2, 2), (0., 1.), .UNSPECIFIED.);
#3970 = CARTESIAN_POINT ('', (50.71224619659, 34.0168374022377, 1600.));
#3980 = CARTESIAN_POINT ('', (52.7469600086432, 15.9884599242471, 1800.07746571263));
#3990 = B_SPLINE_CURVE_WITH_KNOTS ('', 1, (#3970, #3980), .UNSPECIFIED., .F., .U., (2, 2), (0., 1.), .UNSPECIFIED.);
#4000 = CARTESIAN_POINT ('', (52.7469600086432, 15.9884599242471, 1800.07746571263));
#4010 = CARTESIAN_POINT ('', (53.3855697489375, 9.97034808147657, 1900.));
#4020 = B_SPLINE_CURVE_WITH_KNOTS ('', 1, (#4000, #4010), .UNSPECIFIED., .F., .U., (2, 2), (0., 1.), .UNSPECIFIED.);
#4030 = CARTESIAN_POINT ('', (53.3855697489375, 9.97034808147657, 1900.));
#4040 = CARTESIAN_POINT ('', (72.4377197172717, -169.572747051739, 3772.43771971727));
#4050 = B_SPLINE_CURVE_WITH_KNOTS ('', 1, (#4030, #4040), .UNSPECIFIED., .F., .U., (2, 2), (0., 1.), .UNSPECIFIED.);
#4060 = CARTESIAN_POINT ('', (72.4377197172717, -169.572747051739, 3772.43771971727));
#4070 = CARTESIAN_POINT ('', (476.549578637359, -208.321963202706, 3776.54957863736));
#4080 = B_SPLINE_CURVE_WITH_KNOTS ('', 1, (#4060, #4070), .UNSPECIFIED., .F., .U., (2, 2), (0., 1.), .UNSPECIFIED.);
#4090 = CARTESIAN_POINT ('', (476.549578637359, -208.321963202706, 3776.54957863736));
#4100 = CARTESIAN_POINT ('', (479.633472827425, -237.383875315932, 4079.63347282742));
#4110 = B_SPLINE_CURVE_WITH_KNOTS ('', 1, (#4090, #4100), .UNSPECIFIED., .F., .U., (2, 2), (0., 1.), .UNSPECIFIED.);
#4120 = CARTESIAN_POINT ('', (479.633472827425, -237.383875315932, 4079.63347282742));
#4130 = CARTESIAN_POINT ('', (782.71736701749, -266.445787429158, 4082.71736701749));
#4140 = B_SPLINE_CURVE_WITH_KNOTS ('', 1, (#4120, #4130), .UNSPECIFIED., .F., .U., (2, 2), (0., 1.), .UNSPECIFIED.);
#4150 = CARTESIAN_POINT ('', (782.71736701749, -266.445787429158, 4082.71736701749));
#4160 = CARTESIAN_POINT ('', (785.205159161713, -289.890170470668, 4327.2165892786));
#4170 = B_SPLINE_CURVE_WITH_KNOTS ('', 1, (#4150, #4160), .UNSPECIFIED., .F., .U., (2, 2), (0., 1.), .UNSPECIFIED.);
#4180 = CARTESIAN_POINT ('', (785.205159161713, -289.890170470668, 4327.2165892786));
#4190 = CARTESIAN_POINT ('', (783.420776652822, -289.407854024699, 4472.69111760533));
#4200 = B_SPLINE_CURVE_WITH_KNOTS ('', 1, (#4180, #4190), .UNSPECIFIED., .F., .U., (2, 2), (0., 1.), .UNSPECIFIED.);
#4210 = CARTESIAN_POINT ('', (0., 93.345, 0.));
#4220 = CARTESIAN_POINT ('', (0., 93.3450000125411, 500.));
#4230 = B_SPLINE_CURVE_WITH_KNOTS ('', 1, (#4210, #4220), .UNSPECIFIED., .F., .U., (2, 2), (0., 1.), .UNSPECIFIED.);
#4240 = CARTESIAN_POINT ('', (0., 93.3450000125411, 500.));
#4250 = CARTESIAN_POINT ('', (0., 93.3450000140444, 595.159283873543));
#4260 = B_SPLINE_CURVE_WITH_KNOTS ('', 1, (#4240, #4250), .UNSPECIFIED., .F., .U., (2, 2), (0., 1.), .UNSPECIFIED.);
#4270 = CARTESIAN_POINT ('', (0., 93.3450000140444, 595.159283873543));
#4280 = CARTESIAN_POINT ('', (0., 62.4205265429986, 1100.));
#4290 = B_SPLINE_CURVE_WITH_KNOTS ('', 1, (#4270, #4280), .UNSPECIFIED., .F., .U., (2, 2), (0., 1.), .UNSPECIFIED.);
#4300 = CARTESIAN_POINT ('', (0., 62.4205265429986, 1100.));
#4310 = CARTESIAN_POINT ('', (0., 58.6217850127958, 1198.56726399561));
#4320 = B_SPLINE_CURVE_WITH_KNOTS ('', 1, (#4300, #4310), .UNSPECIFIED., .F., .U., (2, 2), (0., 1.), .UNSPECIFIED.);
#4330 = CARTESIAN_POINT ('', (0., 58.6217850127958, 1198.56726399561));
#4340 = CARTESIAN_POINT ('', (0., 31.4247863622218, 1499.4512120188));
#4350 = B_SPLINE_CURVE_WITH_KNOTS ('', 1, (#4330, #4340), .UNSPECIFIED., .F., .U., (2, 2), (0., 1.), .UNSPECIFIED.);
#4360 = CARTESIAN_POINT ('', (0., 31.4247863622218, 1499.4512120188));
#4370 = CARTESIAN_POINT ('', (0., 27.025052282881, 1600.));
#4380 = B_SPLINE_CURVE_WITH_KNOTS ('', 1, (#4360, #4370), .UNSPECIFIED., .F., .U., (2, 2), (0., 1.), .UNSPECIFIED.);
#4390 = CARTESIAN_POINT ('', (0., 27.025052282881, 1600.));
#4400 = CARTESIAN_POINT ('', (0., 13.1070897903613, 1800.05206015546));
#4410 = B_SPLINE_CURVE_WITH_KNOTS ('', 1, (#4390, #4400), .UNSPECIFIED., .F., .U., (2, 2), (0., 1.), .UNSPECIFIED.);
#4420 = CARTESIAN_POINT ('', (0., 13.1070897903613, 1800.05206015546));
#4430 = CARTESIAN_POINT ('', (0., 8.43852519933795, 1900.));
#4440 = B_SPLINE_CURVE_WITH_KNOTS ('', 1, (#4420, #4430), .UNSPECIFIED., .F., .U., (2, 2), (0., 1.), .UNSPECIFIED.);
#4450 = CARTESIAN_POINT ('', (0., 8.43852519933795, 1900.));
#4460 = CARTESIAN_POINT ('', (0., -125.268292792045, 3700.));
#4470 = B_SPLINE_CURVE_WITH_KNOTS ('', 1, (#4450, #4460), .UNSPECIFIED., .F., .U., (2, 2), (0., 1.), .UNSPECIFIED.);
#4480 = CARTESIAN_POINT ('', (0., -125.268292792045, 3700.));
#4490 = CARTESIAN_POINT ('', (400., -154.980919012352, 3700.));
#4500 = B_SPLINE_CURVE_WITH_KNOTS ('', 1, (#4480, #4490), .UNSPECIFIED., .F., .U., (2, 2), (0., 1.), .UNSPECIFIED.);
#4510 = CARTESIAN_POINT ('', (400., -154.980919012352, 3700.));
#4520 = CARTESIAN_POINT ('', (400., -177.265388677582, 4000.));
#4530 = B_SPLINE_CURVE_WITH_KNOTS ('', 1, (#4510, #4520), .UNSPECIFIED., .F., .U., (2, 2), (0., 1.), .UNSPECIFIED.);
#4540 = CARTESIAN_POINT ('', (400., -177.265388677582, 4000.));
#4550 = CARTESIAN_POINT ('', (700., -199.549858342813, 4000.));
#4560 = B_SPLINE_CURVE_WITH_KNOTS ('', 1, (#4540, #4550), .UNSPECIFIED., .F., .U., (2, 2), (0., 1.), .UNSPECIFIED.);
#4570 = CARTESIAN_POINT ('', (700., -199.549858342813, 4000.));
#4580 = CARTESIAN_POINT ('', (700., -222.943104554858, 4314.92667176027));
#4590 = B_SPLINE_CURVE_WITH_KNOTS ('', 1, (#4570, #4580), .UNSPECIFIED., .F., .U., (2, 2), (0., 1.), .UNSPECIFIED.);
#4600 = CARTESIAN_POINT ('', (700., -222.943104554858, 4314.92667176027));
#4610 = CARTESIAN_POINT ('', (700., -222.485056702252, 4485.05427253327));
#4620 = B_SPLINE_CURVE_WITH_KNOTS ('', 1, (#4600, #4610), .UNSPECIFIED., .F., .U., (2, 2), (0., 1.), .UNSPECIFIED.);
#4630 = CARTESIAN_POINT ('', (0., 93.345, 0.));
#4640 = CARTESIAN_POINT ('', (0., 68.3136912964535, 500.));
#4650 = B_SPLINE_CURVE_WITH_KNOTS ('', 1, (#4630, #4640), .UNSPECIFIED., .F., .U., (2, 2), (0., 1.), .UNSPECIFIED.);
#4660 = CARTESIAN_POINT ('', (0., 68.3136912964535, 500.));
#4670 = CARTESIAN_POINT ('', (0., 65.2372841332702, 597.635609310508));
#4680 = B_SPLINE_CURVE_WITH_KNOTS ('', 1, (#4660, #4670), .UNSPECIFIED., .F., .U., (2, 2), (0., 1.), .UNSPECIFIED.);
#4690 = CARTESIAN_POINT ('', (0., 65.2372841332702, 597.635609310508));
#4700 = CARTESIAN_POINT ('', (0., 18.3898225064233, 1100.));
#4710 = B_SPLINE_CURVE_WITH_KNOTS ('', 1, (#4690, #4700), .UNSPECIFIED., .F., .U., (2, 2), (0., 1.), .UNSPECIFIED.);
#4720 = CARTESIAN_POINT ('', (0., 18.3898225064233, 1100.));
#4730 = CARTESIAN_POINT ('', (0., 12.5352303222693, 1199.9345265475));
#4740 = B_SPLINE_CURVE_WITH_KNOTS ('', 1, (#4720, #4730), .UNSPECIFIED., .F., .U., (2, 2), (0., 1.), .UNSPECIFIED.);
#4750 = CARTESIAN_POINT ('', (0., 12.5352303222693, 1199.9345265475));
#4760 = CARTESIAN_POINT ('', (0., -17.3052461258957, 1499.83361153967));
#4770 = B_SPLINE_CURVE_WITH_KNOTS ('', 1, (#4750, #4760), .UNSPECIFIED., .F., .U., (2, 2), (0., 1.), .UNSPECIFIED.);
#4780 = CARTESIAN_POINT ('', (0., -17.3052461258957, 1499.83361153967));
#4790 = CARTESIAN_POINT ('', (0., -24.2833119289881, 1600.));
#4800 = B_SPLINE_CURVE_WITH_KNOTS ('', 1, (#4780, #4790), .UNSPECIFIED., .F., .U., (2, 2), (0., 1.), .UNSPECIFIED.);
#4810 = CARTESIAN_POINT ('', (0., -24.2833119289881, 1600.));
#4820 = CARTESIAN_POINT ('', (0., -46.5587221198429, 1800.65701402208));
#4830 = B_SPLINE_CURVE_WITH_KNOTS ('', 1, (#4810, #4820), .UNSPECIFIED., .F., .U., (2, 2), (0., 1.), .UNSPECIFIED.);
#4840 = CARTESIAN_POINT ('', (0., -46.5587221198429, 1800.65701402208));
#4850 = CARTESIAN_POINT ('', (0., -52.4290483776235, 1900.));
#4860 = B_SPLINE_CURVE_WITH_KNOTS ('', 1, (#4840, #4850), .UNSPECIFIED., .F., .U., (2, 2), (0., 1.), .UNSPECIFIED.);
#4870 = CARTESIAN_POINT ('', (0., -52.4290483776235, 1900.));
#4880 = CARTESIAN_POINT ('', (0., -221.747182636005, 3700.));
#4890 = B_SPLINE_CURVE_WITH_KNOTS ('', 1, (#4870, #4880), .UNSPECIFIED., .F., .U., (2, 2), (0., 1.), .UNSPECIFIED.);
#4900 = CARTESIAN_POINT ('', (0., -221.747182636005, 3700.));
#4910 = CARTESIAN_POINT ('', (400., -259.373434693423, 3700.));
#4920 = B_SPLINE_CURVE_WITH_KNOTS ('', 1, (#4900, #4910), .UNSPECIFIED., .F., .U., (2, 2), (0., 1.), .UNSPECIFIED.);
#4930 = CARTESIAN_POINT ('', (400., -259.373434693423, 3700.));
#4940 = CARTESIAN_POINT ('', (400., -287.593123736487, 4000.));
#4950 = B_SPLINE_CURVE_WITH_KNOTS ('', 1, (#4930, #4940), .UNSPECIFIED., .F., .U., (2, 2), (0., 1.), .UNSPECIFIED.);
#4960 = CARTESIAN_POINT ('', (400., -287.593123736487, 4000.));
#4970 = CARTESIAN_POINT ('', (700., -315.81281277955, 4000.));
#4980 = B_SPLINE_CURVE_WITH_KNOTS ('', 1, (#4960, #4970), .UNSPECIFIED., .F., .U., (2, 2), (0., 1.), .UNSPECIFIED.);
#4990 = CARTESIAN_POINT ('', (700., -315.81281277955, 4000.));
#5000 = CARTESIAN_POINT ('', (700., -347.399592328317, 4335.79511986009));
#5010 = B_SPLINE_CURVE_WITH_KNOTS ('', 1, (#4990, #5000), .UNSPECIFIED., .F., .U., (2, 2), (0., 1.), .UNSPECIFIED.);
#5020 = CARTESIAN_POINT ('', (700., -347.399592328317, 4335.79511986009));
#5030 = CARTESIAN_POINT ('', (700., -345.315400992682, 4464.17694153083));
#5040 = B_SPLINE_CURVE_WITH_KNOTS ('', 1, (#5020, #5030), .UNSPECIFIED., .F., .U., (2, 2), (0., 1.), .UNSPECIFIED.);
#5050 = CARTESIAN_POINT ('', (0., 93.345, 0.));
#5060 = CARTESIAN_POINT ('', (0., 118.376308728629, 500.));
#5070 = B_SPLINE_CURVE_WITH_KNOTS ('', 1, (#5050, #5060), .UNSPECIFIED., .F., .U., (2, 2), (0., 1.), .UNSPECIFIED.);
#5080 = CARTESIAN_POINT ('', (0., 118.376308728629, 500.));
#5090 = CARTESIAN_POINT ('', (0., 121.269780254743, 591.829800220537));
#5100 = B_SPLINE_CURVE_WITH_KNOTS ('', 1, (#5080, #5090), .UNSPECIFIED., .F., .U., (2, 2), (0., 1.), .UNSPECIFIED.);
#5110 = CARTESIAN_POINT ('', (0., 121.269780254743, 591.829800220537));
#5120 = CARTESIAN_POINT ('', (0., 106.459933977757, 1100.));
#5130 = B_SPLINE_CURVE_WITH_KNOTS ('', 1, (#5110, #5120), .UNSPECIFIED., .F., .U., (2, 2), (0., 1.), .UNSPECIFIED.);
#5140 = CARTESIAN_POINT ('', (0., 106.459933977757, 1100.));
#5150 = CARTESIAN_POINT ('', (0., 104.708744479119, 1195.42297068009));
#5160 = B_SPLINE_CURVE_WITH_KNOTS ('', 1, (#5140, #5150), .UNSPECIFIED., .F., .U., (2, 2), (0., 1.), .UNSPECIFIED.);
#5170 = CARTESIAN_POINT ('', (0., 104.708744479119, 1195.42297068009));
#5180 = CARTESIAN_POINT ('', (0., 80.2890027543839, 1496.41155505533));
#5190 = B_SPLINE_CURVE_WITH_KNOTS ('', 1, (#5170, #5180), .UNSPECIFIED., .F., .U., (2, 2), (0., 1.), .UNSPECIFIED.);
#5200 = CARTESIAN_POINT ('', (0., 80.2890027543839, 1496.41155505533));
#5210 = CARTESIAN_POINT ('', (0., 78.4642617872133, 1600.));
#5220 = B_SPLINE_CURVE_WITH_KNOTS ('', 1, (#5200, #5210), .UNSPECIFIED., .F., .U., (2, 2), (0., 1.), .UNSPECIFIED.);
#5230 = CARTESIAN_POINT ('', (0., 78.4642617872133, 1600.));
#5240 = CARTESIAN_POINT ('', (0., 72.8246421758073, 1801.60788296839));
#5250 = B_SPLINE_CURVE_WITH_KNOTS ('', 1, (#5230, #5240), .UNSPECIFIED., .F., .U., (2, 2), (0., 1.), .UNSPECIFIED.);
#5260 = CARTESIAN_POINT ('', (0., 72.8246421758073, 1801.60788296839));
#5270 = CARTESIAN_POINT ('', (0., 69.482295620638, 1900.));
#5280 = B_SPLINE_CURVE_WITH_KNOTS ('', 1, (#5260, #5270), .UNSPECIFIED., .F., .U., (2, 2), (0., 1.), .UNSPECIFIED.);
#5290 = CARTESIAN_POINT ('', (0., 69.482295620638, 1900.));
#5300 = CARTESIAN_POINT ('', (0., -27.6793681517764, 3700.));
#5310 = B_SPLINE_CURVE_WITH_KNOTS ('', 1, (#5290, #5300), .UNSPECIFIED., .F., .U., (2, 2), (0., 1.), .UNSPECIFIED.);
#5320 = CARTESIAN_POINT ('', (0., -27.6793681517764, 3700.));
#5330 = CARTESIAN_POINT ('', (400., -49.2708489900907, 3700.));
#5340 = B_SPLINE_CURVE_WITH_KNOTS ('', 1, (#5320, #5330), .UNSPECIFIED., .F., .U., (2, 2), (0., 1.), .UNSPECIFIED.);
#5350 = CARTESIAN_POINT ('', (400., -49.2708489900907, 3700.));
#5360 = CARTESIAN_POINT ('', (400., -65.4644596188264, 4000.));
#5370 = B_SPLINE_CURVE_WITH_KNOTS ('', 1, (#5350, #5360), .UNSPECIFIED., .F., .U., (2, 2), (0., 1.), .UNSPECIFIED.);
#5380 = CARTESIAN_POINT ('', (400., -65.4644596188264, 4000.));
#5390 = CARTESIAN_POINT ('', (700., -81.6580702475622, 4000.));
#5400 = B_SPLINE_CURVE_WITH_KNOTS ('', 1, (#5380, #5390), .UNSPECIFIED., .F., .U., (2, 2), (0., 1.), .UNSPECIFIED.);
#5410 = CARTESIAN_POINT ('', (700., -81.6580702475622, 4000.));
#5420 = CARTESIAN_POINT ('', (700., -98.0085263844461, 4302.90569246867));
#5430 = B_SPLINE_CURVE_WITH_KNOTS ('', 1, (#5410, #5420), .UNSPECIFIED., .F., .U., (2, 2), (0., 1.), .UNSPECIFIED.);
#5440 = CARTESIAN_POINT ('', (700., -98.0085263844461, 4302.90569246867));
#5450 = CARTESIAN_POINT ('', (700., -100.335659658566, 4496.95157264496));
#5460 = B_SPLINE_CURVE_WITH_KNOTS ('', 1, (#5440, #5450), .UNSPECIFIED., .F., .U., (2, 2), (0., 1.), .UNSPECIFIED.);
#5470 = CARTESIAN_POINT ('', (0., 93.345, 0.));
#5480 = CARTESIAN_POINT ('', (-25.031308716088, 93.3450000125411, 500.));
#5490 = B_SPLINE_CURVE_WITH_KNOTS ('', 1, (#5470, #5480), .UNSPECIFIED., .F., .U., (2, 2), (0., 1.), .UNSPECIFIED.);
#5500 = CARTESIAN_POINT ('', (-25.031308716088, 93.3450000125411, 500.));
#5510 = CARTESIAN_POINT ('', (-28.0172597653544, 93.3450000140371, 594.764813126674));
#5520 = B_SPLINE_CURVE_WITH_KNOTS ('', 1, (#5500, #5510), .UNSPECIFIED., .F., .U., (2, 2), (0., 1.), .UNSPECIFIED.);
#5530 = CARTESIAN_POINT ('', (-28.0172597653544, 93.3450000140371, 594.764813126674));
#5540 = CARTESIAN_POINT ('', (-44.9348668226023, 62.3787398723281, 1100.));
#5550 = B_SPLINE_CURVE_WITH_KNOTS ('', 1, (#5530, #5540), .UNSPECIFIED., .F., .U., (2, 2), (0., 1.), .UNSPECIFIED.);
#5560 = CARTESIAN_POINT ('', (-44.9348668226023, 62.3787398723281, 1100.));
#5570 = CARTESIAN_POINT ('', (-46.9912887530899, 58.6146320853872, 1197.64608448691));
#5580 = B_SPLINE_CURVE_WITH_KNOTS ('', 1, (#5560, #5570), .UNSPECIFIED., .F., .U., (2, 2), (0., 1.), .UNSPECIFIED.);
#5590 = CARTESIAN_POINT ('', (-46.9912887530899, 58.6146320853872, 1197.64608448691));
#5600 = CARTESIAN_POINT ('', (-50.0961795876494, 31.3312174134615, 1499.45447623289));
#5610 = B_SPLINE_CURVE_WITH_KNOTS ('', 1, (#5590, #5600), .UNSPECIFIED., .F., .U., (2, 2), (0., 1.), .UNSPECIFIED.);
#5620 = CARTESIAN_POINT ('', (-50.0961795876494, 31.3312174134615, 1499.45447623289));
#5630 = CARTESIAN_POINT ('', (-50.7456553289854, 26.9273746920363, 1600.));
#5640 = B_SPLINE_CURVE_WITH_KNOTS ('', 1, (#5620, #5630), .UNSPECIFIED., .F., .U., (2, 2), (0., 1.), .UNSPECIFIED.);
#5650 = CARTESIAN_POINT ('', (-50.7456553289854, 26.9273746920363, 1600.));
#5660 = CARTESIAN_POINT ('', (-52.8003126280809, 12.9955416523114, 1800.05117779455));
#5670 = B_SPLINE_CURVE_WITH_KNOTS ('', 1, (#5650, #5660), .UNSPECIFIED., .F., .U., (2, 2), (0., 1.), .UNSPECIFIED.);
#5680 = CARTESIAN_POINT ('', (-52.8003126280809, 12.9955416523114, 1800.05117779455));
#5690 = CARTESIAN_POINT ('', (-53.4460193542501, 8.32520277898304, 1900.));
#5700 = B_SPLINE_CURVE_WITH_KNOTS ('', 1, (#5680, #5690), .UNSPECIFIED., .F., .U., (2, 2), (0., 1.), .UNSPECIFIED.);
#5710 = CARTESIAN_POINT ('', (-53.4460193542501, 8.32520277898304, 1900.));
#5720 = CARTESIAN_POINT ('', (-71.2077922668692, -120.144108645381, 3628.79220773313));
#5730 = B_SPLINE_CURVE_WITH_KNOTS ('', 1, (#5710, #5720), .UNSPECIFIED., .F., .U., (2, 2), (0., 1.), .UNSPECIFIED.);
#5740 = CARTESIAN_POINT ('', (-71.2077922668692, -120.144108645381, 3628.79220773313));
#5750 = CARTESIAN_POINT ('', (324.724363713548, -149.566459823297, 3624.72436371355));
#5760 = B_SPLINE_CURVE_WITH_KNOTS ('', 1, (#5740, #5750), .UNSPECIFIED., .F., .U., (2, 2), (0., 1.), .UNSPECIFIED.);
#5770 = CARTESIAN_POINT ('', (324.724363713548, -149.566459823297, 3624.72436371355));
#5780 = CARTESIAN_POINT ('', (321.673480698862, -171.633223206733, 3921.67348069886));
#5790 = B_SPLINE_CURVE_WITH_KNOTS ('', 1, (#5770, #5780), .UNSPECIFIED., .F., .U., (2, 2), (0., 1.), .UNSPECIFIED.);
#5800 = CARTESIAN_POINT ('', (321.673480698862, -171.633223206733, 3921.67348069886));
#5810 = CARTESIAN_POINT ('', (618.622597684175, -193.69998659017, 3918.62259768417));
#5820 = B_SPLINE_CURVE_WITH_KNOTS ('', 1, (#5800, #5810), .UNSPECIFIED., .F., .U., (2, 2), (0., 1.), .UNSPECIFIED.);
#5830 = CARTESIAN_POINT ('', (618.622597684175, -193.69998659017, 3918.62259768417));
#5840 = CARTESIAN_POINT ('', (614.528114890551, -223.315013632996, 4317.14756380876));
#5850 = B_SPLINE_CURVE_WITH_KNOTS ('', 1, (#5830, #5840), .UNSPECIFIED., .F., .U., (2, 2), (0., 1.), .UNSPECIFIED.);
#5860 = CARTESIAN_POINT ('', (614.528114890551, -223.315013632996, 4317.14756380876));
#5870 = CARTESIAN_POINT ('', (616.58622739903, -222.880288615777, 4482.90915066419));
#5880 = B_SPLINE_CURVE_WITH_KNOTS ('', 1, (#5860, #5870), .UNSPECIFIED., .F., .U., (2, 2), (0., 1.), .UNSPECIFIED.);
#5890 = CARTESIAN_POINT ('', (0., 93.345, 0.));
#5900 = CARTESIAN_POINT ('', (25.031308716088, 93.3450000125411, 500.));
#5910 = B_SPLINE_CURVE_WITH_KNOTS ('', 1, (#5890, #5900), .UNSPECIFIED., .F., .U., (2, 2), (0., 1.), .UNSPECIFIED.);
#5920 = CARTESIAN_POINT ('', (25.031308716088, 93.3450000125411, 500.));
#5930 = CARTESIAN_POINT ('', (28.0172597653544, 93.3450000140371, 594.764813126674));
#5940 = B_SPLINE_CURVE_WITH_KNOTS ('', 1, (#5920, #5930), .UNSPECIFIED., .F., .U., (2, 2), (0., 1.), .UNSPECIFIED.);
#5950 = CARTESIAN_POINT ('', (28.0172597653544, 93.3450000140371, 594.764813126674));
#5960 = CARTESIAN_POINT ('', (44.9348668226023, 62.3787398723281, 1100.));
#5970 = B_SPLINE_CURVE_WITH_KNOTS ('', 1, (#5950, #5960), .UNSPECIFIED., .F., .U., (2, 2), (0., 1.), .UNSPECIFIED.);
#5980 = CARTESIAN_POINT ('', (44.9348668226023, 62.3787398723281, 1100.));
#5990 = CARTESIAN_POINT ('', (46.9912887530899, 58.6146320853872, 1197.64608448691));
#6000 = B_SPLINE_CURVE_WITH_KNOTS ('', 1, (#5980, #5990), .UNSPECIFIED., .F., .U., (2, 2), (0., 1.), .UNSPECIFIED.);
#6010 = CARTESIAN_POINT ('', (46.9912887530899, 58.6146320853872, 1197.64608448691));
#6020 = CARTESIAN_POINT ('', (50.0961795876494, 31.3312174134615, 1499.45447623289));
#6030 = B_SPLINE_CURVE_WITH_KNOTS ('', 1, (#6010, #6020), .UNSPECIFIED., .F., .U., (2, 2), (0., 1.), .UNSPECIFIED.);
#6040 = CARTESIAN_POINT ('', (50.0961795876494, 31.3312174134615, 1499.45447623289));
#6050 = CARTESIAN_POINT ('', (50.7456553289854, 26.9273746920363, 1600.));
#6060 = B_SPLINE_CURVE_WITH_KNOTS ('', 1, (#6040, #6050), .UNSPECIFIED., .F., .U., (2, 2), (0., 1.), .UNSPECIFIED.);
#6070 = CARTESIAN_POINT ('', (50.7456553289854, 26.9273746920363, 1600.));
#6080 = CARTESIAN_POINT ('', (52.8003126280809, 12.9955416523114, 1800.05117779455));
#6090 = B_SPLINE_CURVE_WITH_KNOTS ('', 1, (#6070, #6080), .UNSPECIFIED., .F., .U., (2, 2), (0., 1.), .UNSPECIFIED.);
#6100 = CARTESIAN_POINT ('', (52.8003126280809, 12.9955416523114, 1800.05117779455));
#6110 = CARTESIAN_POINT ('', (53.4460193542501, 8.32520277898304, 1900.));
#6120 = B_SPLINE_CURVE_WITH_KNOTS ('', 1, (#6100, #6110), .UNSPECIFIED., .F., .U., (2, 2), (0., 1.), .UNSPECIFIED.);
#6130 = CARTESIAN_POINT ('', (53.4460193542501, 8.32520277898304, 1900.));
#6140 = CARTESIAN_POINT ('', (72.6861723238385, -130.837099084833, 3772.68617232384));
#6150 = B_SPLINE_CURVE_WITH_KNOTS ('', 1, (#6130, #6140), .UNSPECIFIED., .F., .U., (2, 2), (0., 1.), .UNSPECIFIED.);
#6160 = CARTESIAN_POINT ('', (72.6861723238385, -130.837099084833, 3772.68617232384));
#6170 = CARTESIAN_POINT ('', (476.838470857203, -160.87030219097, 3776.8384708572));
#6180 = B_SPLINE_CURVE_WITH_KNOTS ('', 1, (#6160, #6170), .UNSPECIFIED., .F., .U., (2, 2), (0., 1.), .UNSPECIFIED.);
#6190 = CARTESIAN_POINT ('', (476.838470857203, -160.87030219097, 3776.8384708572));
#6200 = CARTESIAN_POINT ('', (479.952694757227, -183.395204520573, 4079.95269475723));
#6210 = B_SPLINE_CURVE_WITH_KNOTS ('', 1, (#6190, #6200), .UNSPECIFIED., .F., .U., (2, 2), (0., 1.), .UNSPECIFIED.);
#6220 = CARTESIAN_POINT ('', (479.952694757227, -183.395204520573, 4079.95269475723));
#6230 = CARTESIAN_POINT ('', (783.06691865725, -205.920106850175, 4083.06691865725));
#6240 = B_SPLINE_CURVE_WITH_KNOTS ('', 1, (#6220, #6230), .UNSPECIFIED., .F., .U., (2, 2), (0., 1.), .UNSPECIFIED.);
#6250 = CARTESIAN_POINT ('', (783.06691865725, -205.920106850175, 4083.06691865725));
#6260 = CARTESIAN_POINT ('', (785.471885109449, -223.315013632996, 4317.14756380876));
#6270 = B_SPLINE_CURVE_WITH_KNOTS ('', 1, (#6250, #6260), .UNSPECIFIED., .F., .U., (2, 2), (0., 1.), .UNSPECIFIED.);
#6280 = CARTESIAN_POINT ('', (785.471885109449, -223.315013632996, 4317.14756380876));
#6290 = CARTESIAN_POINT ('', (783.41377260097, -222.880288615777, 4482.90915066419));
#6300 = B_SPLINE_CURVE_WITH_KNOTS ('', 1, (#6280, #6290), .UNSPECIFIED., .F., .U., (2, 2), (0., 1.), .UNSPECIFIED.);
#6310 = CARTESIAN_POINT ('', (0., 66.675, 0.));
#6320 = CARTESIAN_POINT ('', (0., 66.6750000009663, 500.));
#6330 = B_SPLINE_CURVE_WITH_KNOTS ('', 1, (#6310, #6320), .UNSPECIFIED., .F., .U., (2, 2), (0., 1.), .UNSPECIFIED.);
#6340 = CARTESIAN_POINT ('', (0., 66.6750000009663, 500.));
#6350 = CARTESIAN_POINT ('', (0., 66.6750000010851, 597.53024687492));
#6360 = B_SPLINE_CURVE_WITH_KNOTS ('', 1, (#6340, #6350), .UNSPECIFIED., .F., .U., (2, 2), (0., 1.), .UNSPECIFIED.);
#6370 = CARTESIAN_POINT ('', (0., 66.6750000010851, 597.53024687492));
#6380 = CARTESIAN_POINT ('', (0., 44.7443408422385, 1100.));
#6390 = B_SPLINE_CURVE_WITH_KNOTS ('', 1, (#6370, #6380), .UNSPECIFIED., .F., .U., (2, 2), (0., 1.), .UNSPECIFIED.);
#6400 = CARTESIAN_POINT ('', (0., 44.7443408422385, 1100.));
#6410 = CARTESIAN_POINT ('', (0., 42.0170277298162, 1199.26417831133));
#6420 = B_SPLINE_CURVE_WITH_KNOTS ('', 1, (#6400, #6410), .UNSPECIFIED., .F., .U., (2, 2), (0., 1.), .UNSPECIFIED.);
#6430 = CARTESIAN_POINT ('', (0., 42.0170277298162, 1199.26417831133));
#6440 = CARTESIAN_POINT ('', (0., 22.6750431584454, 1499.71431155549));
#6450 = B_SPLINE_CURVE_WITH_KNOTS ('', 1, (#6430, #6440), .UNSPECIFIED., .F., .U., (2, 2), (0., 1.), .UNSPECIFIED.);
#6460 = CARTESIAN_POINT ('', (0., 22.6750431584454, 1499.71431155549));
#6470 = CARTESIAN_POINT ('', (0., 19.5530133637806, 1600.));
#6480 = B_SPLINE_CURVE_WITH_KNOTS ('', 1, (#6460, #6470), .UNSPECIFIED., .F., .U., (2, 2), (0., 1.), .UNSPECIFIED.);
#6490 = CARTESIAN_POINT ('', (0., 19.5530133637806, 1600.));
#6500 = CARTESIAN_POINT ('', (0., 9.65929314899953, 1800.02827355865));
#6510 = B_SPLINE_CURVE_WITH_KNOTS ('', 1, (#6490, #6500), .UNSPECIFIED., .F., .U., (2, 2), (0., 1.), .UNSPECIFIED.);
#6520 = CARTESIAN_POINT ('', (0., 9.65929314899953, 1800.02827355865));
#6530 = CARTESIAN_POINT ('', (0., 6.32995233322356, 1900.));
#6540 = B_SPLINE_CURVE_WITH_KNOTS ('', 1, (#6520, #6530), .UNSPECIFIED., .F., .U., (2, 2), (0., 1.), .UNSPECIFIED.);
#6550 = CARTESIAN_POINT ('', (0., 6.32995233322356, 1900.));
#6560 = CARTESIAN_POINT ('', (0., -88.921146615106, 3700.));
#6570 = B_SPLINE_CURVE_WITH_KNOTS ('', 1, (#6550, #6560), .UNSPECIFIED., .F., .U., (2, 2), (0., 1.), .UNSPECIFIED.);
#6580 = CARTESIAN_POINT ('', (0., -88.921146615106, 3700.));
#6590 = CARTESIAN_POINT ('', (400., -110.088057492513, 3700.));
#6600 = B_SPLINE_CURVE_WITH_KNOTS ('', 1, (#6580, #6590), .UNSPECIFIED., .F., .U., (2, 2), (0., 1.), .UNSPECIFIED.);
#6610 = CARTESIAN_POINT ('', (400., -110.088057492513, 3700.));
#6620 = CARTESIAN_POINT ('', (400., -125.963240650567, 4000.));
#6630 = B_SPLINE_CURVE_WITH_KNOTS ('', 1, (#6610, #6620), .UNSPECIFIED., .F., .U., (2, 2), (0., 1.), .UNSPECIFIED.);
#6640 = CARTESIAN_POINT ('', (400., -125.963240650567, 4000.));
#6650 = CARTESIAN_POINT ('', (700., -141.838423808622, 4000.));
#6660 = B_SPLINE_CURVE_WITH_KNOTS ('', 1, (#6640, #6650), .UNSPECIFIED., .F., .U., (2, 2), (0., 1.), .UNSPECIFIED.);
#6670 = CARTESIAN_POINT ('', (700., -141.838423808622, 4000.));
#6680 = CARTESIAN_POINT ('', (700., -158.112665395731, 4307.541174645));
#6690 = B_SPLINE_CURVE_WITH_KNOTS ('', 1, (#6670, #6680), .UNSPECIFIED., .F., .U., (2, 2), (0., 1.), .UNSPECIFIED.);
#6700 = CARTESIAN_POINT ('', (700., -158.112665395731, 4307.541174645));
#6710 = CARTESIAN_POINT ('', (700., -157.752809458807, 4492.47253976785));
#6720 = B_SPLINE_CURVE_WITH_KNOTS ('', 1, (#6700, #6710), .UNSPECIFIED., .F., .U., (2, 2), (0., 1.), .UNSPECIFIED.);
#6730 = CARTESIAN_POINT ('', (0., 66.675, 0.));
#6740 = CARTESIAN_POINT ('', (0., 41.6436912848787, 500.));
#6750 = B_SPLINE_CURVE_WITH_KNOTS ('', 1, (#6730, #6740), .UNSPECIFIED., .F., .U., (2, 2), (0., 1.), .UNSPECIFIED.);
#6760 = CARTESIAN_POINT ('', (0., 41.6436912848787, 500.));
#6770 = CARTESIAN_POINT ('', (0., 38.5187565015667, 599.175725220874));
#6780 = B_SPLINE_CURVE_WITH_KNOTS ('', 1, (#6760, #6770), .UNSPECIFIED., .F., .U., (2, 2), (0., 1.), .UNSPECIFIED.);
#6790 = CARTESIAN_POINT ('', (0., 38.5187565015667, 599.175725220874));
#6800 = CARTESIAN_POINT ('', (0., 0.730911246762105, 1100.));
#6810 = B_SPLINE_CURVE_WITH_KNOTS ('', 1, (#6790, #6800), .UNSPECIFIED., .F., .U., (2, 2), (0., 1.), .UNSPECIFIED.);
#6820 = CARTESIAN_POINT ('', (0., 0.730911246762105, 1100.));
#6830 = CARTESIAN_POINT ('', (0., -4.01307284329714, 1199.99328966722));
#6840 = B_SPLINE_CURVE_WITH_KNOTS ('', 1, (#6820, #6830), .UNSPECIFIED., .F., .U., (2, 2), (0., 1.), .UNSPECIFIED.);
#6850 = CARTESIAN_POINT ('', (0., -4.01307284329714, 1199.99328966722));
#6860 = CARTESIAN_POINT ('', (0., -26.0259251817067, 1499.6236164188));
#6870 = B_SPLINE_CURVE_WITH_KNOTS ('', 1, (#6850, #6860), .UNSPECIFIED., .F., .U., (2, 2), (0., 1.), .UNSPECIFIED.);
#6880 = CARTESIAN_POINT ('', (0., -26.0259251817067, 1499.6236164188));
#6890 = CARTESIAN_POINT ('', (0., -31.7425749384037, 1600.));
#6900 = B_SPLINE_CURVE_WITH_KNOTS ('', 1, (#6880, #6890), .UNSPECIFIED., .F., .U., (2, 2), (0., 1.), .UNSPECIFIED.);
#6910 = CARTESIAN_POINT ('', (0., -31.7425749384037, 1600.));
#6920 = CARTESIAN_POINT ('', (0., -49.9396652418113, 1800.75592169154));
#6930 = B_SPLINE_CURVE_WITH_KNOTS ('', 1, (#6910, #6920), .UNSPECIFIED., .F., .U., (2, 2), (0., 1.), .UNSPECIFIED.);
#6940 = CARTESIAN_POINT ('', (0., -49.9396652418113, 1800.75592169154));
#6950 = CARTESIAN_POINT ('', (0., -54.4704986688093, 1900.));
#6960 = B_SPLINE_CURVE_WITH_KNOTS ('', 1, (#6940, #6950), .UNSPECIFIED., .F., .U., (2, 2), (0., 1.), .UNSPECIFIED.);
#6970 = CARTESIAN_POINT ('', (0., -54.4704986688093, 1900.));
#6980 = CARTESIAN_POINT ('', (0., -185.143298193108, 3700.));
#6990 = B_SPLINE_CURVE_WITH_KNOTS ('', 1, (#6970, #6980), .UNSPECIFIED., .F., .U., (2, 2), (0., 1.), .UNSPECIFIED.);
#7000 = CARTESIAN_POINT ('', (0., -185.143298193108, 3700.));
#7010 = CARTESIAN_POINT ('', (400., -214.181698087397, 3700.));
#7020 = B_SPLINE_CURVE_WITH_KNOTS ('', 1, (#7000, #7010), .UNSPECIFIED., .F., .U., (2, 2), (0., 1.), .UNSPECIFIED.);
#7030 = CARTESIAN_POINT ('', (400., -214.181698087397, 3700.));
#7040 = CARTESIAN_POINT ('', (400., -235.960498008113, 4000.));
#7050 = B_SPLINE_CURVE_WITH_KNOTS ('', 1, (#7030, #7040), .UNSPECIFIED., .F., .U., (2, 2), (0., 1.), .UNSPECIFIED.);
#7060 = CARTESIAN_POINT ('', (400., -235.960498008113, 4000.));
#7070 = CARTESIAN_POINT ('', (700., -257.73929792883, 4000.));
#7080 = B_SPLINE_CURVE_WITH_KNOTS ('', 1, (#7060, #7070), .UNSPECIFIED., .F., .U., (2, 2), (0., 1.), .UNSPECIFIED.);
#7090 = CARTESIAN_POINT ('', (700., -257.73929792883, 4000.));
#7100 = CARTESIAN_POINT ('', (700., -281.233466663302, 4323.62897156869));
#7110 = B_SPLINE_CURVE_WITH_KNOTS ('', 1, (#7090, #7100), .UNSPECIFIED., .F., .U., (2, 2), (0., 1.), .UNSPECIFIED.);
#7120 = CARTESIAN_POINT ('', (700., -281.233466663302, 4323.62897156869));
#7130 = CARTESIAN_POINT ('', (700., -278.789431922857, 4476.58037446554));
#7140 = B_SPLINE_CURVE_WITH_KNOTS ('', 1, (#7120, #7130), .UNSPECIFIED., .F., .U., (2, 2), (0., 1.), .UNSPECIFIED.);
#7150 = CARTESIAN_POINT ('', (0., 66.675, 0.));
#7160 = CARTESIAN_POINT ('', (0., 91.7063087170539, 500.));
#7170 = B_SPLINE_CURVE_WITH_KNOTS ('', 1, (#7150, #7160), .UNSPECIFIED., .F., .U., (2, 2), (0., 1.), .UNSPECIFIED.);
#7180 = CARTESIAN_POINT ('', (0., 91.7063087170539, 500.));
#7190 = CARTESIAN_POINT ('', (0., 94.700228115358, 595.017703774944));
#7200 = B_SPLINE_CURVE_WITH_KNOTS ('', 1, (#7180, #7190), .UNSPECIFIED., .F., .U., (2, 2), (0., 1.), .UNSPECIFIED.);
#7210 = CARTESIAN_POINT ('', (0., 94.700228115358, 595.017703774944));
#7220 = CARTESIAN_POINT ('', (0., 88.7629801805871, 1100.));
#7230 = B_SPLINE_CURVE_WITH_KNOTS ('', 1, (#7210, #7220), .UNSPECIFIED., .F., .U., (2, 2), (0., 1.), .UNSPECIFIED.);
#7240 = CARTESIAN_POINT ('', (0., 88.7629801805871, 1100.));
#7250 = CARTESIAN_POINT ('', (0., 88.0464048161736, 1196.7655704435));
#7260 = B_SPLINE_CURVE_WITH_KNOTS ('', 1, (#7240, #7250), .UNSPECIFIED., .F., .U., (2, 2), (0., 1.), .UNSPECIFIED.);
#7270 = CARTESIAN_POINT ('', (0., 88.0464048161736, 1196.7655704435));
#7280 = CARTESIAN_POINT ('', (0., 71.4704109644985, 1497.15772323297));
#7290 = B_SPLINE_CURVE_WITH_KNOTS ('', 1, (#7270, #7280), .UNSPECIFIED., .F., .U., (2, 2), (0., 1.), .UNSPECIFIED.);
#7300 = CARTESIAN_POINT ('', (0., 71.4704109644985, 1497.15772323297));
#7310 = CARTESIAN_POINT ('', (0., 70.9414735421457, 1600.));
#7320 = B_SPLINE_CURVE_WITH_KNOTS ('', 1, (#7300, #7310), .UNSPECIFIED., .F., .U., (2, 2), (0., 1.), .UNSPECIFIED.);
#7330 = CARTESIAN_POINT ('', (0., 70.9414735421457, 1600.));
#7340 = CARTESIAN_POINT ('', (0., 69.2964541580266, 1801.45579330091));
#7350 = B_SPLINE_CURVE_WITH_KNOTS ('', 1, (#7330, #7340), .UNSPECIFIED., .F., .U., (2, 2), (0., 1.), .UNSPECIFIED.);
#7360 = CARTESIAN_POINT ('', (0., 69.2964541580266, 1801.45579330091));
#7370 = CARTESIAN_POINT ('', (0., 67.2567980981646, 1900.));
#7380 = B_SPLINE_CURVE_WITH_KNOTS ('', 1, (#7360, #7370), .UNSPECIFIED., .F., .U., (2, 2), (0., 1.), .UNSPECIFIED.);
#7390 = CARTESIAN_POINT ('', (0., 67.2567980981646, 1900.));
#7400 = CARTESIAN_POINT ('', (0., 8.08840704956356, 3700.));
#7410 = B_SPLINE_CURVE_WITH_KNOTS ('', 1, (#7390, #7400), .UNSPECIFIED., .F., .U., (2, 2), (0., 1.), .UNSPECIFIED.);
#7420 = CARTESIAN_POINT ('', (0., 8.08840704956356, 3700.));
#7430 = CARTESIAN_POINT ('', (400., -5.06012429457001, 3700.));
#7440 = B_SPLINE_CURVE_WITH_KNOTS ('', 1, (#7420, #7430), .UNSPECIFIED., .F., .U., (2, 2), (0., 1.), .UNSPECIFIED.);
#7450 = CARTESIAN_POINT ('', (400., -5.06012429457001, 3700.));
#7460 = CARTESIAN_POINT ('', (400., -14.9215228026702, 4000.));
#7470 = B_SPLINE_CURVE_WITH_KNOTS ('', 1, (#7450, #7460), .UNSPECIFIED., .F., .U., (2, 2), (0., 1.), .UNSPECIFIED.);
#7480 = CARTESIAN_POINT ('', (400., -14.9215228026702, 4000.));
#7490 = CARTESIAN_POINT ('', (700., -24.7829213107704, 4000.));
#7500 = B_SPLINE_CURVE_WITH_KNOTS ('', 1, (#7480, #7490), .UNSPECIFIED., .F., .U., (2, 2), (0., 1.), .UNSPECIFIED.);
#7510 = CARTESIAN_POINT ('', (700., -24.7829213107704, 4000.));
#7520 = CARTESIAN_POINT ('', (700., -34.6562809282166, 4300.36387666525));
#7530 = B_SPLINE_CURVE_WITH_KNOTS ('', 1, (#7510, #7520), .UNSPECIFIED., .F., .U., (2, 2), (0., 1.), .UNSPECIFIED.);
#7540 = CARTESIAN_POINT ('', (700., -34.6562809282166, 4300.36387666525));
#7550 = CARTESIAN_POINT ('', (700., -37.2298349492373, 4499.5800243919));
#7560 = B_SPLINE_CURVE_WITH_KNOTS ('', 1, (#7540, #7550), .UNSPECIFIED., .F., .U., (2, 2), (0., 1.), .UNSPECIFIED.);
#7570 = CARTESIAN_POINT ('', (0., 66.675, 0.));
#7580 = CARTESIAN_POINT ('', (-25.031308716088, 66.6750000009663, 500.));
#7590 = B_SPLINE_CURVE_WITH_KNOTS ('', 1, (#7570, #7580), .UNSPECIFIED., .F., .U., (2, 2), (0., 1.), .UNSPECIFIED.);
#7600 = CARTESIAN_POINT ('', (-25.031308716088, 66.6750000009663, 500.));
#7610 = CARTESIAN_POINT ('', (-28.0919299606698, 66.6750000010845, 597.134613230041));
#7620 = B_SPLINE_CURVE_WITH_KNOTS ('', 1, (#7600, #7610), .UNSPECIFIED., .F., .U., (2, 2), (0., 1.), .UNSPECIFIED.);
#7630 = CARTESIAN_POINT ('', (-28.0919299606698, 66.6750000010845, 597.134613230041));
#7640 = CARTESIAN_POINT ('', (-44.9253662227217, 44.7145844929284, 1100.));
#7650 = B_SPLINE_CURVE_WITH_KNOTS ('', 1, (#7630, #7640), .UNSPECIFIED., .F., .U., (2, 2), (0., 1.), .UNSPECIFIED.);
#7660 = CARTESIAN_POINT ('', (-44.9253662227217, 44.7145844929284, 1100.));
#7670 = CARTESIAN_POINT ('', (-46.9970283373033, 42.0119538404289, 1198.34313744519));
#7680 = B_SPLINE_CURVE_WITH_KNOTS ('', 1, (#7660, #7670), .UNSPECIFIED., .F., .U., (2, 2), (0., 1.), .UNSPECIFIED.);
#7690 = CARTESIAN_POINT ('', (-46.9970283373033, 42.0119538404289, 1198.34313744519));
#7700 = CARTESIAN_POINT ('', (-50.1176327810894, 22.6085280921915, 1499.71598544069));
#7710 = B_SPLINE_CURVE_WITH_KNOTS ('', 1, (#7690, #7700), .UNSPECIFIED., .F., .U., (2, 2), (0., 1.), .UNSPECIFIED.);
#7720 = CARTESIAN_POINT ('', (-50.1176327810894, 22.6085280921915, 1499.71598544069));
#7730 = CARTESIAN_POINT ('', (-50.7706353664117, 19.4835492944477, 1600.));
#7740 = B_SPLINE_CURVE_WITH_KNOTS ('', 1, (#7720, #7730), .UNSPECIFIED., .F., .U., (2, 2), (0., 1.), .UNSPECIFIED.);
#7750 = CARTESIAN_POINT ('', (-50.7706353664117, 19.4835492944477, 1600.));
#7760 = CARTESIAN_POINT ('', (-52.8401016971738, 9.58000748368306, 1800.02781130814));
#7770 = B_SPLINE_CURVE_WITH_KNOTS ('', 1, (#7750, #7760), .UNSPECIFIED., .F., .U., (2, 2), (0., 1.), .UNSPECIFIED.);
#7780 = CARTESIAN_POINT ('', (-52.8401016971738, 9.58000748368306, 1800.02781130814));
#7790 = CARTESIAN_POINT ('', (-53.4911189722401, 6.24942857710132, 1900.));
#7800 = B_SPLINE_CURVE_WITH_KNOTS ('', 1, (#7780, #7790), .UNSPECIFIED., .F., .U., (2, 2), (0., 1.), .UNSPECIFIED.);
#7810 = CARTESIAN_POINT ('', (-53.4911189722401, 6.24942857710132, 1900.));
#7820 = CARTESIAN_POINT ('', (-71.3783853440131, -85.2611262974469, 3628.62161465599));
#7830 = B_SPLINE_CURVE_WITH_KNOTS ('', 1, (#7810, #7820), .UNSPECIFIED., .F., .U., (2, 2), (0., 1.), .UNSPECIFIED.);
#7840 = CARTESIAN_POINT ('', (-71.3783853440131, -85.2611262974469, 3628.62161465599));
#7850 = CARTESIAN_POINT ('', (324.5249240371, -106.219635210542, 3624.5249240371));
#7860 = B_SPLINE_CURVE_WITH_KNOTS ('', 1, (#7840, #7850), .UNSPECIFIED., .F., .U., (2, 2), (0., 1.), .UNSPECIFIED.);
#7870 = CARTESIAN_POINT ('', (324.5249240371, -106.219635210542, 3624.5249240371));
#7880 = CARTESIAN_POINT ('', (321.452406072935, -121.938516895363, 3921.45240607293));
#7890 = B_SPLINE_CURVE_WITH_KNOTS ('', 1, (#7870, #7880), .UNSPECIFIED., .F., .U., (2, 2), (0., 1.), .UNSPECIFIED.);
#7900 = CARTESIAN_POINT ('', (321.452406072935, -121.938516895363, 3921.45240607293));
#7910 = CARTESIAN_POINT ('', (618.379888108769, -137.657398580184, 3918.37988810877));
#7920 = B_SPLINE_CURVE_WITH_KNOTS ('', 1, (#7900, #7910), .UNSPECIFIED., .F., .U., (2, 2), (0., 1.), .UNSPECIFIED.);
#7930 = CARTESIAN_POINT ('', (618.379888108769, -137.657398580184, 3918.37988810877));
#7940 = CARTESIAN_POINT ('', (614.329927613356, -158.376838010019, 4309.76720830444));
#7950 = B_SPLINE_CURVE_WITH_KNOTS ('', 1, (#7930, #7940), .UNSPECIFIED., .F., .U., (2, 2), (0., 1.), .UNSPECIFIED.);
#7960 = CARTESIAN_POINT ('', (614.329927613356, -158.376838010019, 4309.76720830444));
#7970 = CARTESIAN_POINT ('', (616.592292773614, -158.034621060852, 4490.34629338259));
#7980 = B_SPLINE_CURVE_WITH_KNOTS ('', 1, (#7960, #7970), .UNSPECIFIED., .F., .U., (2, 2), (0., 1.), .UNSPECIFIED.);
#7990 = CARTESIAN_POINT ('', (0., 66.675, 0.));
#8000 = CARTESIAN_POINT ('', (25.031308716088, 66.6750000009663, 500.));
#8010 = B_SPLINE_CURVE_WITH_KNOTS ('', 1, (#7990, #8000), .UNSPECIFIED., .F., .U., (2, 2), (0., 1.), .UNSPECIFIED.);
#8020 = CARTESIAN_POINT ('', (25.031308716088, 66.6750000009663, 500.));
#8030 = CARTESIAN_POINT ('', (28.0919299606698, 66.6750000010845, 597.134613230041));
#8040 = B_SPLINE_CURVE_WITH_KNOTS ('', 1, (#8020, #8030), .UNSPECIFIED., .F., .U., (2, 2), (0., 1.), .UNSPECIFIED.);
#8050 = CARTESIAN_POINT ('', (28.0919299606698, 66.6750000010845, 597.134613230041));
#8060 = CARTESIAN_POINT ('', (44.9253662227217, 44.7145844929284, 1100.));
#8070 = B_SPLINE_CURVE_WITH_KNOTS ('', 1, (#8050, #8060), .UNSPECIFIED., .F., .U., (2, 2), (0., 1.), .UNSPECIFIED.);
#8080 = CARTESIAN_POINT ('', (44.9253662227217, 44.7145844929284, 1100.));
#8090 = CARTESIAN_POINT ('', (46.9970283373033, 42.0119538404289, 1198.34313744519));
#8100 = B_SPLINE_CURVE_WITH_KNOTS ('', 1, (#8080, #8090), .UNSPECIFIED., .F., .U., (2, 2), (0., 1.), .UNSPECIFIED.);
#8110 = CARTESIAN_POINT ('', (46.9970283373033, 42.0119538404289, 1198.34313744519));
#8120 = CARTESIAN_POINT ('', (50.1176327810894, 22.6085280921915, 1499.71598544069));
#8130 = B_SPLINE_CURVE_WITH_KNOTS ('', 1, (#8110, #8120), .UNSPECIFIED., .F., .U., (2, 2), (0., 1.), .UNSPECIFIED.);
#8140 = CARTESIAN_POINT ('', (50.1176327810894, 22.6085280921915, 1499.71598544069));
#8150 = CARTESIAN_POINT ('', (50.7706353664117, 19.4835492944477, 1600.));
#8160 = B_SPLINE_CURVE_WITH_KNOTS ('', 1, (#8140, #8150), .UNSPECIFIED., .F., .U., (2, 2), (0., 1.), .UNSPECIFIED.);
#8170 = CARTESIAN_POINT ('', (50.7706353664117, 19.4835492944477, 1600.));
#8180 = CARTESIAN_POINT ('', (52.8401016971738, 9.58000748368306, 1800.02781130814));
#8190 = B_SPLINE_CURVE_WITH_KNOTS ('', 1, (#8170, #8180), .UNSPECIFIED., .F., .U., (2, 2), (0., 1.), .UNSPECIFIED.);
#8200 = CARTESIAN_POINT ('', (52.8401016971738, 9.58000748368306, 1800.02781130814));
#8210 = CARTESIAN_POINT ('', (53.4911189722401, 6.24942857710132, 1900.));
#8220 = B_SPLINE_CURVE_WITH_KNOTS ('', 1, (#8200, #8210), .UNSPECIFIED., .F., .U., (2, 2), (0., 1.), .UNSPECIFIED.);
#8230 = CARTESIAN_POINT ('', (53.4911189722401, 6.24942857710132, 1900.));
#8240 = CARTESIAN_POINT ('', (72.8710357875094, -92.8974675627416, 3772.87103578751));
#8250 = B_SPLINE_CURVE_WITH_KNOTS ('', 1, (#8230, #8240), .UNSPECIFIED., .F., .U., (2, 2), (0., 1.), .UNSPECIFIED.);
#8260 = CARTESIAN_POINT ('', (72.8710357875094, -92.8974675627416, 3772.87103578751));
#8270 = CARTESIAN_POINT ('', (477.053395576968, -114.294256600462, 3777.05339557697));
#8280 = B_SPLINE_CURVE_WITH_KNOTS ('', 1, (#8260, #8270), .UNSPECIFIED., .F., .U., (2, 2), (0., 1.), .UNSPECIFIED.);
#8290 = CARTESIAN_POINT ('', (477.053395576968, -114.294256600462, 3777.05339557697));
#8300 = CARTESIAN_POINT ('', (480.190165419062, -130.341848378752, 4080.19016541906));
#8310 = B_SPLINE_CURVE_WITH_KNOTS ('', 1, (#8290, #8300), .UNSPECIFIED., .F., .U., (2, 2), (0., 1.), .UNSPECIFIED.);
#8320 = CARTESIAN_POINT ('', (480.190165419062, -130.341848378752, 4080.19016541906));
#8330 = CARTESIAN_POINT ('', (783.326935261155, -146.389440157042, 4083.32693526116));
#8340 = B_SPLINE_CURVE_WITH_KNOTS ('', 1, (#8320, #8330), .UNSPECIFIED., .F., .U., (2, 2), (0., 1.), .UNSPECIFIED.);
#8350 = CARTESIAN_POINT ('', (783.326935261155, -146.389440157042, 4083.32693526116));
#8360 = CARTESIAN_POINT ('', (785.670072386644, -158.376838010019, 4309.76720830444));
#8370 = B_SPLINE_CURVE_WITH_KNOTS ('', 1, (#8350, #8360), .UNSPECIFIED., .F., .U., (2, 2), (0., 1.), .UNSPECIFIED.);
#8380 = CARTESIAN_POINT ('', (785.670072386644, -158.376838010019, 4309.76720830444));
#8390 = CARTESIAN_POINT ('', (783.407707226386, -158.034621060852, 4490.34629338259));
#8400 = B_SPLINE_CURVE_WITH_KNOTS ('', 1, (#8380, #8390), .UNSPECIFIED., .F., .U., (2, 2), (0., 1.), .UNSPECIFIED.);
#8410 = CARTESIAN_POINT ('', (0., 40.005, 0.));
#8420 = CARTESIAN_POINT ('', (0., 40.0050000000249, 500.));
#8430 = B_SPLINE_CURVE_WITH_KNOTS ('', 1, (#8410, #8420), .UNSPECIFIED., .F., .U., (2, 2), (0., 1.), .UNSPECIFIED.);
#8440 = CARTESIAN_POINT ('', (0., 40.0050000000249, 500.));
#8450 = CARTESIAN_POINT ('', (0., 40.005000000028, 599.110888874999));
#8460 = B_SPLINE_CURVE_WITH_KNOTS ('', 1, (#8440, #8450), .UNSPECIFIED., .F., .U., (2, 2), (0., 1.), .UNSPECIFIED.);
#8470 = CARTESIAN_POINT ('', (0., 40.005000000028, 599.110888874999));
#8480 = CARTESIAN_POINT ('', (0., 26.9095708437076, 1100.));
#8490 = B_SPLINE_CURVE_WITH_KNOTS ('', 1, (#8470, #8480), .UNSPECIFIED., .F., .U., (2, 2), (0., 1.), .UNSPECIFIED.);
#8500 = CARTESIAN_POINT ('', (0., 26.9095708437076, 1100.));
#8510 = CARTESIAN_POINT ('', (0., 25.2675384089784, 1199.73395030013));
#8520 = B_SPLINE_CURVE_WITH_KNOTS ('', 1, (#8500, #8510), .UNSPECIFIED., .F., .U., (2, 2), (0., 1.), .UNSPECIFIED.);
#8530 = CARTESIAN_POINT ('', (0., 25.2675384089784, 1199.73395030013));
#8540 = CARTESIAN_POINT ('', (0., 13.6959248216554, 1499.89578376792));
#8550 = B_SPLINE_CURVE_WITH_KNOTS ('', 1, (#8530, #8540), .UNSPECIFIED., .F., .U., (2, 2), (0., 1.), .UNSPECIFIED.);
#8560 = CARTESIAN_POINT ('', (0., 13.6959248216554, 1499.89578376792));
#8570 = CARTESIAN_POINT ('', (0., 11.831006763173, 1600.));
#8580 = B_SPLINE_CURVE_WITH_KNOTS ('', 1, (#8560, #8570), .UNSPECIFIED., .F., .U., (2, 2), (0., 1.), .UNSPECIFIED.);
#8590 = CARTESIAN_POINT ('', (0., 11.831006763173, 1600.));
#8600 = CARTESIAN_POINT ('', (0., 5.91368843972249, 1800.0105975222));
#8610 = B_SPLINE_CURVE_WITH_KNOTS ('', 1, (#8590, #8600), .UNSPECIFIED., .F., .U., (2, 2), (0., 1.), .UNSPECIFIED.);
#8620 = CARTESIAN_POINT ('', (0., 5.91368843972249, 1800.0105975222));
#8630 = CARTESIAN_POINT ('', (0., 3.91816404177816, 1900.));
#8640 = B_SPLINE_CURVE_WITH_KNOTS ('', 1, (#8620, #8630), .UNSPECIFIED., .F., .U., (2, 2), (0., 1.), .UNSPECIFIED.);
#8650 = CARTESIAN_POINT ('', (0., 3.91816404177816, 1900.));
#8660 = CARTESIAN_POINT ('', (0., -53.132018636003, 3700.));
#8670 = B_SPLINE_CURVE_WITH_KNOTS ('', 1, (#8650, #8660), .UNSPECIFIED., .F., .U., (2, 2), (0., 1.), .UNSPECIFIED.);
#8680 = CARTESIAN_POINT ('', (0., -53.1320186360029, 3700.));
#8690 = CARTESIAN_POINT ('', (400., -65.8098370088432, 3700.));
#8700 = B_SPLINE_CURVE_WITH_KNOTS ('', 1, (#8680, #8690), .UNSPECIFIED., .F., .U., (2, 2), (0., 1.), .UNSPECIFIED.);
#8710 = CARTESIAN_POINT ('', (400., -65.8098370088432, 3700.));
#8720 = CARTESIAN_POINT ('', (400., -75.3182007884734, 4000.));
#8730 = B_SPLINE_CURVE_WITH_KNOTS ('', 1, (#8710, #8720), .UNSPECIFIED., .F., .U., (2, 2), (0., 1.), .UNSPECIFIED.);
#8740 = CARTESIAN_POINT ('', (400., -75.3182007884734, 4000.));
#8750 = CARTESIAN_POINT ('', (700., -84.8265645681036, 4000.));
#8760 = B_SPLINE_CURVE_WITH_KNOTS ('', 1, (#8740, #8750), .UNSPECIFIED., .F., .U., (2, 2), (0., 1.), .UNSPECIFIED.);
#8770 = CARTESIAN_POINT ('', (700., -84.8265645681036, 4000.));
#8780 = CARTESIAN_POINT ('', (700., -94.4204139656403, 4302.69717124485));
#8790 = B_SPLINE_CURVE_WITH_KNOTS ('', 1, (#8770, #8780), .UNSPECIFIED., .F., .U., (2, 2), (0., 1.), .UNSPECIFIED.);
#8800 = CARTESIAN_POINT ('', (700., -94.4204139656403, 4302.69717124485));
#8810 = CARTESIAN_POINT ('', (700., -94.1915146794854, 4497.31325256116));
#8820 = B_SPLINE_CURVE_WITH_KNOTS ('', 1, (#8800, #8810), .UNSPECIFIED., .F., .U., (2, 2), (0., 1.), .UNSPECIFIED.);
#8830 = CARTESIAN_POINT ('', (0., 40.005, 0.));
#8840 = CARTESIAN_POINT ('', (0., 14.9736912839373, 500.));
#8850 = B_SPLINE_CURVE_WITH_KNOTS ('', 1, (#8830, #8840), .UNSPECIFIED., .F., .U., (2, 2), (0., 1.), .UNSPECIFIED.);
#8860 = CARTESIAN_POINT ('', (0., 14.9736912839373, 500.));
#8870 = CARTESIAN_POINT ('', (0., 11.8252322060934, 599.922313268484));
#8880 = B_SPLINE_CURVE_WITH_KNOTS ('', 1, (#8860, #8870), .UNSPECIFIED., .F., .U., (2, 2), (0., 1.), .UNSPECIFIED.);
#8890 = CARTESIAN_POINT ('', (0., 11.8252322060934, 599.922313268484));
#8900 = CARTESIAN_POINT ('', (0., -17.0937642502087, 1100.));
#8910 = B_SPLINE_CURVE_WITH_KNOTS ('', 1, (#8890, #8900), .UNSPECIFIED., .F., .U., (2, 2), (0., 1.), .UNSPECIFIED.);
#8920 = CARTESIAN_POINT ('', (0., -17.0937642502087, 1100.));
#8930 = CARTESIAN_POINT ('', (0., -20.7260508052783, 1199.82099949035));
#8940 = B_SPLINE_CURVE_WITH_KNOTS ('', 1, (#8920, #8930), .UNSPECIFIED., .F., .U., (2, 2), (0., 1.), .UNSPECIFIED.);
#8950 = CARTESIAN_POINT ('', (0., -20.7260508052783, 1199.82099949035));
#8960 = CARTESIAN_POINT ('', (0., -34.9924065100575, 1499.31948243471));
#8970 = B_SPLINE_CURVE_WITH_KNOTS ('', 1, (#8950, #8960), .UNSPECIFIED., .F., .U., (2, 2), (0., 1.), .UNSPECIFIED.);
#8980 = CARTESIAN_POINT ('', (0., -34.9924065100575, 1499.31948243471));
#8990 = CARTESIAN_POINT ('', (0., -39.4630451249557, 1600.));
#9000 = B_SPLINE_CURVE_WITH_KNOTS ('', 1, (#8980, #8990), .UNSPECIFIED., .F., .U., (2, 2), (0., 1.), .UNSPECIFIED.);
#9010 = CARTESIAN_POINT ('', (0., -39.4630451249557, 1600.));
#9020 = CARTESIAN_POINT ('', (0., -53.6453268342317, 1800.872297574));
#9030 = B_SPLINE_CURVE_WITH_KNOTS ('', 1, (#9010, #9020), .UNSPECIFIED., .F., .U., (2, 2), (0., 1.), .UNSPECIFIED.);
#9040 = CARTESIAN_POINT ('', (0., -53.6453268342317, 1800.872297574));
#9050 = CARTESIAN_POINT ('', (0., -56.8474716373274, 1900.));
#9060 = B_SPLINE_CURVE_WITH_KNOTS ('', 1, (#9040, #9050), .UNSPECIFIED., .F., .U., (2, 2), (0., 1.), .UNSPECIFIED.);
#9070 = CARTESIAN_POINT ('', (0., -56.8474716373274, 1900.));
#9080 = CARTESIAN_POINT ('', (0., -149.234961972344, 3700.));
#9090 = B_SPLINE_CURVE_WITH_KNOTS ('', 1, (#9070, #9080), .UNSPECIFIED., .F., .U., (2, 2), (0., 1.), .UNSPECIFIED.);
#9100 = CARTESIAN_POINT ('', (0., -149.234961972344, 3700.));
#9110 = CARTESIAN_POINT ('', (400., -169.765515380126, 3700.));
#9120 = B_SPLINE_CURVE_WITH_KNOTS ('', 1, (#9100, #9110), .UNSPECIFIED., .F., .U., (2, 2), (0., 1.), .UNSPECIFIED.);
#9130 = CARTESIAN_POINT ('', (400., -169.765515380126, 3700.));
#9140 = CARTESIAN_POINT ('', (400., -185.163430435962, 4000.));
#9150 = B_SPLINE_CURVE_WITH_KNOTS ('', 1, (#9130, #9140), .UNSPECIFIED., .F., .U., (2, 2), (0., 1.), .UNSPECIFIED.);
#9160 = CARTESIAN_POINT ('', (400., -185.163430435962, 4000.));
#9170 = CARTESIAN_POINT ('', (700., -200.561345491798, 4000.));
#9180 = B_SPLINE_CURVE_WITH_KNOTS ('', 1, (#9160, #9170), .UNSPECIFIED., .F., .U., (2, 2), (0., 1.), .UNSPECIFIED.);
#9190 = CARTESIAN_POINT ('', (700., -200.561345491798, 4000.));
#9200 = CARTESIAN_POINT ('', (700., -216.683330261461, 4314.10716407775));
#9210 = B_SPLINE_CURVE_WITH_KNOTS ('', 1, (#9190, #9200), .UNSPECIFIED., .F., .U., (2, 2), (0., 1.), .UNSPECIFIED.);
#9220 = CARTESIAN_POINT ('', (700., -216.683330261461, 4314.10716407775));
#9230 = CARTESIAN_POINT ('', (700., -213.999794134705, 4486.16882702635));
#9240 = B_SPLINE_CURVE_WITH_KNOTS ('', 1, (#9220, #9230), .UNSPECIFIED., .F., .U., (2, 2), (0., 1.), .UNSPECIFIED.);
#9250 = CARTESIAN_POINT ('', (0., 40.005, 0.));
#9260 = CARTESIAN_POINT ('', (0., 65.0363087161125, 500.));
#9270 = B_SPLINE_CURVE_WITH_KNOTS ('', 1, (#9250, #9260), .UNSPECIFIED., .F., .U., (2, 2), (0., 1.), .UNSPECIFIED.);
#9280 = CARTESIAN_POINT ('', (0., 65.0363087161125, 500.));
#9290 = CARTESIAN_POINT ('', (0., 68.106019736553, 597.423094486469));
#9300 = B_SPLINE_CURVE_WITH_KNOTS ('', 1, (#9280, #9290), .UNSPECIFIED., .F., .U., (2, 2), (0., 1.), .UNSPECIFIED.);
#9310 = CARTESIAN_POINT ('', (0., 68.106019736553, 597.423094486469));
#9320 = CARTESIAN_POINT ('', (0., 70.9156236184816, 1100.));
#9330 = B_SPLINE_CURVE_WITH_KNOTS ('', 1, (#9310, #9320), .UNSPECIFIED., .F., .U., (2, 2), (0., 1.), .UNSPECIFIED.);
#9340 = CARTESIAN_POINT ('', (0., 70.9156236184816, 1100.));
#9350 = CARTESIAN_POINT ('', (0., 71.2602850318166, 1197.88228627741));
#9360 = B_SPLINE_CURVE_WITH_KNOTS ('', 1, (#9340, #9350), .UNSPECIFIED., .F., .U., (2, 2), (0., 1.), .UNSPECIFIED.);
#9370 = CARTESIAN_POINT ('', (0., 71.2602850318166, 1197.88228627741));
#9380 = CARTESIAN_POINT ('', (0., 62.440310172366, 1497.83139155722));
#9390 = B_SPLINE_CURVE_WITH_KNOTS ('', 1, (#9370, #9380), .UNSPECIFIED., .F., .U., (2, 2), (0., 1.), .UNSPECIFIED.);
#9400 = CARTESIAN_POINT ('', (0., 62.440310172366, 1497.83139155722));
#9410 = CARTESIAN_POINT ('', (0., 63.1805313569488, 1600.));
#9420 = B_SPLINE_CURVE_WITH_KNOTS ('', 1, (#9400, #9410), .UNSPECIFIED., .F., .U., (2, 2), (0., 1.), .UNSPECIFIED.);
#9430 = CARTESIAN_POINT ('', (0., 63.1805313569488, 1600.));
#9440 = CARTESIAN_POINT ('', (0., 65.4960910778133, 1801.30043305231));
#9450 = B_SPLINE_CURVE_WITH_KNOTS ('', 1, (#9430, #9440), .UNSPECIFIED., .F., .U., (2, 2), (0., 1.), .UNSPECIFIED.);
#9460 = CARTESIAN_POINT ('', (0., 65.4960910778133, 1801.30043305231));
#9470 = CARTESIAN_POINT ('', (0., 64.7598265608413, 1900.));
#9480 = B_SPLINE_CURVE_WITH_KNOTS ('', 1, (#9460, #9470), .UNSPECIFIED., .F., .U., (2, 2), (0., 1.), .UNSPECIFIED.);
#9490 = CARTESIAN_POINT ('', (0., 64.7598265608413, 1900.));
#9500 = CARTESIAN_POINT ('', (0., 43.4411904811665, 3700.));
#9510 = B_SPLINE_CURVE_WITH_KNOTS ('', 1, (#9490, #9500), .UNSPECIFIED., .F., .U., (2, 2), (0., 1.), .UNSPECIFIED.);
#9520 = CARTESIAN_POINT ('', (0., 43.4411904811665, 3700.));
#9530 = CARTESIAN_POINT ('', (400., 38.7037157967943, 3700.));
#9540 = B_SPLINE_CURVE_WITH_KNOTS ('', 1, (#9520, #9530), .UNSPECIFIED., .F., .U., (2, 2), (0., 1.), .UNSPECIFIED.);
#9550 = CARTESIAN_POINT ('', (400., 38.7037157967943, 3700.));
#9560 = CARTESIAN_POINT ('', (400., 35.1506097835152, 4000.));
#9570 = B_SPLINE_CURVE_WITH_KNOTS ('', 1, (#9550, #9560), .UNSPECIFIED., .F., .U., (2, 2), (0., 1.), .UNSPECIFIED.);
#9580 = CARTESIAN_POINT ('', (400., 35.1506097835152, 4000.));
#9590 = CARTESIAN_POINT ('', (700., 31.597503770236, 4000.));
#9600 = B_SPLINE_CURVE_WITH_KNOTS ('', 1, (#9580, #9590), .UNSPECIFIED., .F., .U., (2, 2), (0., 1.), .UNSPECIFIED.);
#9610 = CARTESIAN_POINT ('', (700., 31.597503770236, 4000.));
#9620 = CARTESIAN_POINT ('', (700., 28.0415760292389, 4300.23824741289));
#9630 = B_SPLINE_CURVE_WITH_KNOTS ('', 1, (#9610, #9620), .UNSPECIFIED., .F., .U., (2, 2), (0., 1.), .UNSPECIFIED.);
#9640 = CARTESIAN_POINT ('', (700., 28.0415760292389, 4300.23824741289));
#9650 = CARTESIAN_POINT ('', (700., 25.2978348058753, 4499.80607564832));
#9660 = B_SPLINE_CURVE_WITH_KNOTS ('', 1, (#9640, #9650), .UNSPECIFIED., .F., .U., (2, 2), (0., 1.), .UNSPECIFIED.);
#9670 = CARTESIAN_POINT ('', (0., 40.005, 0.));
#9680 = CARTESIAN_POINT ('', (-25.031308716088, 40.0050000000249, 500.));
#9690 = B_SPLINE_CURVE_WITH_KNOTS ('', 1, (#9670, #9680), .UNSPECIFIED., .F., .U., (2, 2), (0., 1.), .UNSPECIFIED.);
#9700 = CARTESIAN_POINT ('', (-25.031308716088, 40.0050000000249, 500.));
#9710 = CARTESIAN_POINT ('', (-28.1417100897572, 40.005000000028, 598.714479929982));
#9720 = B_SPLINE_CURVE_WITH_KNOTS ('', 1, (#9700, #9710), .UNSPECIFIED., .F., .U., (2, 2), (0., 1.), .UNSPECIFIED.);
#9730 = CARTESIAN_POINT ('', (-28.1417100897572, 40.005000000028, 598.714479929982));
#9740 = CARTESIAN_POINT ('', (-44.9190825726126, 26.8917532305606, 1100.));
#9750 = B_SPLINE_CURVE_WITH_KNOTS ('', 1, (#9730, #9740), .UNSPECIFIED., .F., .U., (2, 2), (0., 1.), .UNSPECIFIED.);
#9760 = CARTESIAN_POINT ('', (-44.9190825726126, 26.8917532305606, 1100.));
#9770 = CARTESIAN_POINT ('', (-47.0010153776821, 25.2645080431378, 1198.81300009084));
#9780 = B_SPLINE_CURVE_WITH_KNOTS ('', 1, (#9760, #9770), .UNSPECIFIED., .F., .U., (2, 2), (0., 1.), .UNSPECIFIED.);
#9790 = CARTESIAN_POINT ('', (-47.0010153776821, 25.2645080431378, 1198.81300009084));
#9800 = CARTESIAN_POINT ('', (-50.1319694282262, 13.6561433397476, 1499.89638834095));
#9810 = B_SPLINE_CURVE_WITH_KNOTS ('', 1, (#9790, #9800), .UNSPECIFIED., .F., .U., (2, 2), (0., 1.), .UNSPECIFIED.);
#9820 = CARTESIAN_POINT ('', (-50.1319694282262, 13.6561433397476, 1499.89638834095));
#9830 = CARTESIAN_POINT ('', (-50.7872518726045, 11.7894501439668, 1600.));
#9840 = B_SPLINE_CURVE_WITH_KNOTS ('', 1, (#9820, #9830), .UNSPECIFIED., .F., .U., (2, 2), (0., 1.), .UNSPECIFIED.);
#9850 = CARTESIAN_POINT ('', (-50.7872518726045, 11.7894501439668, 1600.));
#9860 = CARTESIAN_POINT ('', (-52.8665192672978, 5.86627254142124, 1800.0104282613));
#9870 = B_SPLINE_CURVE_WITH_KNOTS ('', 1, (#9850, #9860), .UNSPECIFIED., .F., .U., (2, 2), (0., 1.), .UNSPECIFIED.);
#9880 = CARTESIAN_POINT ('', (-52.8665192672978, 5.86627254142124, 1800.0104282613));
#9890 = CARTESIAN_POINT ('', (-53.5210718382167, 3.8700172348178, 1900.));
#9900 = B_SPLINE_CURVE_WITH_KNOTS ('', 1, (#9880, #9890), .UNSPECIFIED., .F., .U., (2, 2), (0., 1.), .UNSPECIFIED.);
#9910 = CARTESIAN_POINT ('', (-53.5210718382167, 3.8700172348178, 1900.));
#9920 = CARTESIAN_POINT ('', (-71.4914442853539, -50.936048699463, 3628.50855571465));
#9930 = B_SPLINE_CURVE_WITH_KNOTS ('', 1, (#9910, #9920), .UNSPECIFIED., .F., .U., (2, 2), (0., 1.), .UNSPECIFIED.);
#9940 = CARTESIAN_POINT ('', (-71.4914442853539, -50.936048699463, 3628.50855571465));
#9950 = CARTESIAN_POINT ('', (324.392760864249, -63.4884053412842, 3624.39276086425));
#9960 = B_SPLINE_CURVE_WITH_KNOTS ('', 1, (#9940, #9950), .UNSPECIFIED., .F., .U., (2, 2), (0., 1.), .UNSPECIFIED.);
#9970 = CARTESIAN_POINT ('', (324.392760864249, -63.4884053412842, 3624.39276086425));
#9980 = CARTESIAN_POINT ('', (321.305914726452, -72.9026728226501, 3921.30591472645));
#9990 = B_SPLINE_CURVE_WITH_KNOTS ('', 1, (#9970, #9980), .UNSPECIFIED., .F., .U., (2, 2), (0., 1.), .UNSPECIFIED.);
#10000 = CARTESIAN_POINT ('', (321.305914726452, -72.9026728226501, 3921.30591472645));
#10010 = CARTESIAN_POINT ('', (618.219068588654, -82.316940304016, 3918.21906858865));
#10020 = B_SPLINE_CURVE_WITH_KNOTS ('', 1, (#10000, #10010), .UNSPECIFIED., .F., .U., (2, 2), (0., 1.), .UNSPECIFIED.);
#10030 = CARTESIAN_POINT ('', (618.219068588654, -82.316940304016, 3918.21906858865));
#10040 = CARTESIAN_POINT ('', (614.198676774385, -94.5783366386005, 4304.92678256235));
#10050 = B_SPLINE_CURVE_WITH_KNOTS ('', 1, (#10030, #10040), .UNSPECIFIED., .F., .U., (2, 2), (0., 1.), .UNSPECIFIED.);
#10060 = CARTESIAN_POINT ('', (614.198676774385, -94.5783366386005, 4304.92678256235));
#10070 = CARTESIAN_POINT ('', (616.596699128803, -94.3604147291575, 4495.19952641613));
#10080 = B_SPLINE_CURVE_WITH_KNOTS ('', 1, (#10060, #10070), .UNSPECIFIED., .F., .U., (2, 2), (0., 1.), .UNSPECIFIED.);
#10090 = CARTESIAN_POINT ('', (0., 40.005, 0.));
#10100 = CARTESIAN_POINT ('', (25.031308716088, 40.0050000000249, 500.));
#10110 = B_SPLINE_CURVE_WITH_KNOTS ('', 1, (#10090, #10100), .UNSPECIFIED., .F., .U., (2, 2), (0., 1.), .UNSPECIFIED.);
#10120 = CARTESIAN_POINT ('', (25.031308716088, 40.0050000000249, 500.));
#10130 = CARTESIAN_POINT ('', (28.1417100897572, 40.005000000028, 598.714479929982));
#10140 = B_SPLINE_CURVE_WITH_KNOTS ('', 1, (#10120, #10130), .UNSPECIFIED., .F., .U., (2, 2), (0., 1.), .UNSPECIFIED.);
#10150 = CARTESIAN_POINT ('', (28.1417100897572, 40.005000000028, 598.714479929982));
#10160 = CARTESIAN_POINT ('', (44.9190825726126, 26.8917532305606, 1100.));
#10170 = B_SPLINE_CURVE_WITH_KNOTS ('', 1, (#10150, #10160), .UNSPECIFIED., .F., .U., (2, 2), (0., 1.), .UNSPECIFIED.);
#10180 = CARTESIAN_POINT ('', (44.9190825726126, 26.8917532305606, 1100.));
#10190 = CARTESIAN_POINT ('', (47.0010153776821, 25.2645080431378, 1198.81300009084));
#10200 = B_SPLINE_CURVE_WITH_KNOTS ('', 1, (#10180, #10190), .UNSPECIFIED., .F., .U., (2, 2), (0., 1.), .UNSPECIFIED.);
#10210 = CARTESIAN_POINT ('', (47.0010153776821, 25.2645080431378, 1198.81300009084));
#10220 = CARTESIAN_POINT ('', (50.1319694282262, 13.6561433397476, 1499.89638834095));
#10230 = B_SPLINE_CURVE_WITH_KNOTS ('', 1, (#10210, #10220), .UNSPECIFIED., .F., .U., (2, 2), (0., 1.), .UNSPECIFIED.);
#10240 = CARTESIAN_POINT ('', (50.1319694282262, 13.6561433397476, 1499.89638834095));
#10250 = CARTESIAN_POINT ('', (50.7872518726045, 11.7894501439668, 1600.));
#10260 = B_SPLINE_CURVE_WITH_KNOTS ('', 1, (#10240, #10250), .UNSPECIFIED., .F., .U., (2, 2), (0., 1.), .UNSPECIFIED.);
#10270 = CARTESIAN_POINT ('', (50.7872518726045, 11.7894501439668, 1600.));
#10280 = CARTESIAN_POINT ('', (52.8665192672978, 5.86627254142124, 1800.0104282613));
#10290 = B_SPLINE_CURVE_WITH_KNOTS ('', 1, (#10270, #10280), .UNSPECIFIED., .F., .U., (2, 2), (0., 1.), .UNSPECIFIED.);
#10300 = CARTESIAN_POINT ('', (52.8665192672978, 5.86627254142124, 1800.0104282613));
#10310 = CARTESIAN_POINT ('', (53.5210718382167, 3.8700172348178, 1900.));
#10320 = B_SPLINE_CURVE_WITH_KNOTS ('', 1, (#10300, #10310), .UNSPECIFIED., .F., .U., (2, 2), (0., 1.), .UNSPECIFIED.);
#10330 = CARTESIAN_POINT ('', (53.5210718382167, 3.8700172348178, 1900.));
#10340 = CARTESIAN_POINT ('', (72.9935772317667, -55.5172557693403, 3772.99357723177));
#10350 = B_SPLINE_CURVE_WITH_KNOTS ('', 1, (#10330, #10340), .UNSPECIFIED., .F., .U., (2, 2), (0., 1.), .UNSPECIFIED.);
#10360 = CARTESIAN_POINT ('', (72.9935772317667, -55.5172557693403, 3772.99357723177));
#10370 = CARTESIAN_POINT ('', (477.195850556718, -68.3333545785675, 3777.19585055672));
#10380 = B_SPLINE_CURVE_WITH_KNOTS ('', 1, (#10360, #10370), .UNSPECIFIED., .F., .U., (2, 2), (0., 1.), .UNSPECIFIED.);
#10390 = CARTESIAN_POINT ('', (477.195850556718, -68.3333545785675, 3777.19585055672));
#10400 = CARTESIAN_POINT ('', (480.347555550431, -77.9454286854878, 4080.34755555043));
#10410 = B_SPLINE_CURVE_WITH_KNOTS ('', 1, (#10390, #10400), .UNSPECIFIED., .F., .U., (2, 2), (0., 1.), .UNSPECIFIED.);
#10420 = CARTESIAN_POINT ('', (480.347555550431, -77.9454286854878, 4080.34755555043));
#10430 = CARTESIAN_POINT ('', (783.499260544144, -87.5575027924082, 4083.49926054414));
#10440 = B_SPLINE_CURVE_WITH_KNOTS ('', 1, (#10420, #10430), .UNSPECIFIED., .F., .U., (2, 2), (0., 1.), .UNSPECIFIED.);
#10450 = CARTESIAN_POINT ('', (783.499260544144, -87.5575027924082, 4083.49926054414));
#10460 = CARTESIAN_POINT ('', (785.801323225615, -94.5783366386005, 4304.92678256235));
#10470 = B_SPLINE_CURVE_WITH_KNOTS ('', 1, (#10450, #10460), .UNSPECIFIED., .F., .U., (2, 2), (0., 1.), .UNSPECIFIED.);
#10480 = CARTESIAN_POINT ('', (785.801323225615, -94.5783366386005, 4304.92678256235));
#10490 = CARTESIAN_POINT ('', (783.403300871197, -94.3604147291575, 4495.19952641613));
#10500 = B_SPLINE_CURVE_WITH_KNOTS ('', 1, (#10480, #10490), .UNSPECIFIED., .F., .U., (2, 2), (0., 1.), .UNSPECIFIED.);
#10510 = CARTESIAN_POINT ('', (0., 13.335, 0.));
#10520 = CARTESIAN_POINT ('', (0., 13.3349996387601, 500.));
#10530 = B_SPLINE_CURVE_WITH_KNOTS ('', 1, (#10510, #10520), .UNSPECIFIED., .F., .U., (2, 2), (0., 1.), .UNSPECIFIED.);
#10540 = CARTESIAN_POINT ('', (0., 13.3349996387601, 500.));
#10550 = CARTESIAN_POINT ('', (0., 13.3349995932983, 599.901209881026));
#10560 = B_SPLINE_CURVE_WITH_KNOTS ('', 1, (#10540, #10550), .UNSPECIFIED., .F., .U., (2, 2), (0., 1.), .UNSPECIFIED.);
#10570 = CARTESIAN_POINT ('', (0., 13.3349995932983, 599.901209881026));
#10580 = CARTESIAN_POINT ('', (0., 8.98031764562703, 1100.));
#10590 = B_SPLINE_CURVE_WITH_KNOTS ('', 1, (#10570, #10580), .UNSPECIFIED., .F., .U., (2, 2), (0., 1.), .UNSPECIFIED.);
#10600 = CARTESIAN_POINT ('', (0., 8.98031764562703, 1100.));
#10610 = CARTESIAN_POINT ('', (0., 8.43202538779324, 1199.97037502926));
#10620 = B_SPLINE_CURVE_WITH_KNOTS ('', 1, (#10600, #10610), .UNSPECIFIED., .F., .U., (2, 2), (0., 1.), .UNSPECIFIED.);
#10630 = CARTESIAN_POINT ('', (0., 8.43202538779324, 1199.97037502926));
#10640 = CARTESIAN_POINT ('', (0., 4.58039689507885, 1499.98834434913));
#10650 = B_SPLINE_CURVE_WITH_KNOTS ('', 1, (#10630, #10640), .UNSPECIFIED., .F., .U., (2, 2), (0., 1.), .UNSPECIFIED.);
#10660 = CARTESIAN_POINT ('', (0., 4.58039689507885, 1499.98834434913));
#10670 = CARTESIAN_POINT ('', (0., 3.96014527402226, 1600.));
#10680 = B_SPLINE_CURVE_WITH_KNOTS ('', 1, (#10660, #10670), .UNSPECIFIED., .F., .U., (2, 2), (0., 1.), .UNSPECIFIED.);
#10690 = CARTESIAN_POINT ('', (0., 3.96014527402226, 1600.));
#10700 = CARTESIAN_POINT ('', (0., 1.99084243246016, 1800.00120104698));
#10710 = B_SPLINE_CURVE_WITH_KNOTS ('', 1, (#10690, #10700), .UNSPECIFIED., .F., .U., (2, 2), (0., 1.), .UNSPECIFIED.);
#10720 = CARTESIAN_POINT ('', (0., 1.99084243246016, 1800.00120104698));
#10730 = CARTESIAN_POINT ('', (0., 1.32600830081996, 1900.));
#10740 = B_SPLINE_CURVE_WITH_KNOTS ('', 1, (#10720, #10730), .UNSPECIFIED., .F., .U., (2, 2), (0., 1.), .UNSPECIFIED.);
#10750 = CARTESIAN_POINT ('', (0., 1.32600830081996, 1900.));
#10760 = CARTESIAN_POINT ('', (0., -17.674076380109, 3700.));
#10770 = B_SPLINE_CURVE_WITH_KNOTS ('', 1, (#10750, #10760), .UNSPECIFIED., .F., .U., (2, 2), (0., 1.), .UNSPECIFIED.);
#10780 = CARTESIAN_POINT ('', (0., -17.674076380109, 3700.));
#10790 = CARTESIAN_POINT ('', (400., -21.8963174203155, 3700.));
#10800 = B_SPLINE_CURVE_WITH_KNOTS ('', 1, (#10780, #10790), .UNSPECIFIED., .F., .U., (2, 2), (0., 1.), .UNSPECIFIED.);
#10810 = CARTESIAN_POINT ('', (400., -21.8963174203155, 3700.));
#10820 = CARTESIAN_POINT ('', (400., -25.0629982004703, 4000.));
#10830 = B_SPLINE_CURVE_WITH_KNOTS ('', 1, (#10810, #10820), .UNSPECIFIED., .F., .U., (2, 2), (0., 1.), .UNSPECIFIED.);
#10840 = CARTESIAN_POINT ('', (400., -25.0629982004703, 4000.));
#10850 = CARTESIAN_POINT ('', (700., -28.2296789806252, 4000.));
#10860 = B_SPLINE_CURVE_WITH_KNOTS ('', 1, (#10840, #10850), .UNSPECIFIED., .F., .U., (2, 2), (0., 1.), .UNSPECIFIED.);
#10870 = CARTESIAN_POINT ('', (700., -28.2296789806252, 4000.));
#10880 = CARTESIAN_POINT ('', (700., -31.3995128502591, 4300.2987124088));
#10890 = B_SPLINE_CURVE_WITH_KNOTS ('', 1, (#10870, #10880), .UNSPECIFIED., .F., .U., (2, 2), (0., 1.), .UNSPECIFIED.);
#10900 = CARTESIAN_POINT ('', (700., -31.3995128502591, 4300.2987124088));
#10910 = CARTESIAN_POINT ('', (700., -31.3210588751791, 4499.70274604814));
#10920 = B_SPLINE_CURVE_WITH_KNOTS ('', 1, (#10900, #10910), .UNSPECIFIED., .F., .U., (2, 2), (0., 1.), .UNSPECIFIED.);
#10930 = CARTESIAN_POINT ('', (0., 13.335, 0.));
#10940 = CARTESIAN_POINT ('', (0., -11.6963090773275, 500.));
#10950 = B_SPLINE_CURVE_WITH_KNOTS ('', 1, (#10930, #10940), .UNSPECIFIED., .F., .U., (2, 2), (0., 1.), .UNSPECIFIED.);
#10960 = CARTESIAN_POINT ('', (0., -11.6963090773275, 500.));
#10970 = CARTESIAN_POINT ('', (0., -14.8433592340439, 599.877597048138));
#10980 = B_SPLINE_CURVE_WITH_KNOTS ('', 1, (#10960, #10970), .UNSPECIFIED., .F., .U., (2, 2), (0., 1.), .UNSPECIFIED.);
#10990 = CARTESIAN_POINT ('', (0., -14.8433592340439, 599.877597048138));
#11000 = CARTESIAN_POINT ('', (0., -35.0186842037697, 1100.));
#11010 = B_SPLINE_CURVE_WITH_KNOTS ('', 1, (#10990, #11000), .UNSPECIFIED., .F., .U., (2, 2), (0., 1.), .UNSPECIFIED.);
#11020 = CARTESIAN_POINT ('', (0., -35.0186842037697, 1100.));
#11030 = CARTESIAN_POINT ('', (0., -37.5434581283897, 1199.41255986077));
#11040 = B_SPLINE_CURVE_WITH_KNOTS ('', 1, (#11020, #11030), .UNSPECIFIED., .F., .U., (2, 2), (0., 1.), .UNSPECIFIED.);
#11050 = CARTESIAN_POINT ('', (0., -37.5434581283897, 1199.41255986077));
#11060 = CARTESIAN_POINT ('', (0., -44.1110100591474, 1498.91836047083));
#11070 = B_SPLINE_CURVE_WITH_KNOTS ('', 1, (#11050, #11060), .UNSPECIFIED., .F., .U., (2, 2), (0., 1.), .UNSPECIFIED.);
#11080 = CARTESIAN_POINT ('', (0., -44.1110100591474, 1498.91836047083));
#11090 = CARTESIAN_POINT ('', (0., -47.34258007364, 1600.));
#11100 = B_SPLINE_CURVE_WITH_KNOTS ('', 1, (#11080, #11090), .UNSPECIFIED., .F., .U., (2, 2), (0., 1.), .UNSPECIFIED.);
#11110 = CARTESIAN_POINT ('', (0., -47.34258007364, 1600.));
#11120 = CARTESIAN_POINT ('', (0., -57.5527678566707, 1801.00403914623));
#11130 = B_SPLINE_CURVE_WITH_KNOTS ('', 1, (#11110, #11120), .UNSPECIFIED., .F., .U., (2, 2), (0., 1.), .UNSPECIFIED.);
#11140 = CARTESIAN_POINT ('', (0., -57.5527678566707, 1801.00403914623));
#11150 = CARTESIAN_POINT ('', (0., -59.4353548780201, 1900.));
#11160 = B_SPLINE_CURVE_WITH_KNOTS ('', 1, (#11140, #11150), .UNSPECIFIED., .F., .U., (2, 2), (0., 1.), .UNSPECIFIED.);
#11170 = CARTESIAN_POINT ('', (0., -59.4353548780201, 1900.));
#11180 = CARTESIAN_POINT ('', (0., -113.795354464697, 3700.));
#11190 = B_SPLINE_CURVE_WITH_KNOTS ('', 1, (#11170, #11180), .UNSPECIFIED., .F., .U., (2, 2), (0., 1.), .UNSPECIFIED.);
#11200 = CARTESIAN_POINT ('', (0., -113.795354464697, 3700.));
#11210 = CARTESIAN_POINT ('', (400., -125.875354372848, 3700.));
#11220 = B_SPLINE_CURVE_WITH_KNOTS ('', 1, (#11200, #11210), .UNSPECIFIED., .F., .U., (2, 2), (0., 1.), .UNSPECIFIED.);
#11230 = CARTESIAN_POINT ('', (400., -125.875354372848, 3700.));
#11240 = CARTESIAN_POINT ('', (400., -134.935354303961, 4000.));
#11250 = B_SPLINE_CURVE_WITH_KNOTS ('', 1, (#11230, #11240), .UNSPECIFIED., .F., .U., (2, 2), (0., 1.), .UNSPECIFIED.);
#11260 = CARTESIAN_POINT ('', (400., -134.935354303961, 4000.));
#11270 = CARTESIAN_POINT ('', (700., -143.995354235073, 4000.));
#11280 = B_SPLINE_CURVE_WITH_KNOTS ('', 1, (#11260, #11270), .UNSPECIFIED., .F., .U., (2, 2), (0., 1.), .UNSPECIFIED.);
#11290 = CARTESIAN_POINT ('', (700., -143.995354235073, 4000.));
#11300 = CARTESIAN_POINT ('', (700., -153.269417525002, 4307.08819074316));
#11310 = B_SPLINE_CURVE_WITH_KNOTS ('', 1, (#11290, #11300), .UNSPECIFIED., .F., .U., (2, 2), (0., 1.), .UNSPECIFIED.);
#11320 = CARTESIAN_POINT ('', (700., -153.269417525002, 4307.08819074316));
#11330 = CARTESIAN_POINT ('', (700., -150.461148147681, 4493.15120233988));
#11340 = B_SPLINE_CURVE_WITH_KNOTS ('', 1, (#11320, #11330), .UNSPECIFIED., .F., .U., (2, 2), (0., 1.), .UNSPECIFIED.);
#11350 = CARTESIAN_POINT ('', (0., 13.335, 0.));
#11360 = CARTESIAN_POINT ('', (0., 38.3663083548477, 500.));
#11370 = B_SPLINE_CURVE_WITH_KNOTS ('', 1, (#11350, #11360), .UNSPECIFIED., .F., .U., (2, 2), (0., 1.), .UNSPECIFIED.);
#11380 = CARTESIAN_POINT ('', (0., 38.3663083548477, 500.));
#11390 = CARTESIAN_POINT ('', (0., 41.4870859320771, 599.043789833814));
#11400 = B_SPLINE_CURVE_WITH_KNOTS ('', 1, (#11380, #11390), .UNSPECIFIED., .F., .U., (2, 2), (0., 1.), .UNSPECIFIED.);
#11410 = CARTESIAN_POINT ('', (0., 41.4870859320771, 599.043789833814));
#11420 = CARTESIAN_POINT ('', (0., 52.9801568395826, 1100.));
#11430 = B_SPLINE_CURVE_WITH_KNOTS ('', 1, (#11410, #11420), .UNSPECIFIED., .F., .U., (2, 2), (0., 1.), .UNSPECIFIED.);
#11440 = CARTESIAN_POINT ('', (0., 52.9801568395826, 1100.));
#11450 = CARTESIAN_POINT ('', (0., 54.4071596273965, 1198.76597423404));
#11460 = B_SPLINE_CURVE_WITH_KNOTS ('', 1, (#11440, #11450), .UNSPECIFIED., .F., .U., (2, 2), (0., 1.), .UNSPECIFIED.);
#11470 = CARTESIAN_POINT ('', (0., 54.4071596273965, 1198.76597423404));
#11480 = CARTESIAN_POINT ('', (0., 53.2903902256733, 1498.42091154959));
#11490 = B_SPLINE_CURVE_WITH_KNOTS ('', 1, (#11470, #11480), .UNSPECIFIED., .F., .U., (2, 2), (0., 1.), .UNSPECIFIED.);
#11500 = CARTESIAN_POINT ('', (0., 53.2903902256733, 1498.42091154959));
#11510 = CARTESIAN_POINT ('', (0., 55.2813183440771, 1600.));
#11520 = B_SPLINE_CURVE_WITH_KNOTS ('', 1, (#11500, #11510), .UNSPECIFIED., .F., .U., (2, 2), (0., 1.), .UNSPECIFIED.);
#11530 = CARTESIAN_POINT ('', (0., 55.2813183440771, 1600.));
#11540 = CARTESIAN_POINT ('', (0., 61.5423229870014, 1801.14811384365));
#11550 = B_SPLINE_CURVE_WITH_KNOTS ('', 1, (#11530, #11540), .UNSPECIFIED., .F., .U., (2, 2), (0., 1.), .UNSPECIFIED.);
#11560 = CARTESIAN_POINT ('', (0., 61.5423229870014, 1801.14811384365));
#11570 = CARTESIAN_POINT ('', (0., 62.1127428912092, 1900.));
#11580 = B_SPLINE_CURVE_WITH_KNOTS ('', 1, (#11560, #11570), .UNSPECIFIED., .F., .U., (2, 2), (0., 1.), .UNSPECIFIED.);
#11590 = CARTESIAN_POINT ('', (0., 62.1127428912092, 1900.));
#11600 = CARTESIAN_POINT ('', (0., 78.6035960152046, 3700.));
#11610 = B_SPLINE_CURVE_WITH_KNOTS ('', 1, (#11590, #11600), .UNSPECIFIED., .F., .U., (2, 2), (0., 1.), .UNSPECIFIED.);
#11620 = CARTESIAN_POINT ('', (0., 78.6035960152046, 3700.));
#11630 = CARTESIAN_POINT ('', (400., 82.2682300427592, 3700.));
#11640 = B_SPLINE_CURVE_WITH_KNOTS ('', 1, (#11620, #11630), .UNSPECIFIED., .F., .U., (2, 2), (0., 1.), .UNSPECIFIED.);
#11650 = CARTESIAN_POINT ('', (400., 82.2682300427592, 3700.));
#11660 = CARTESIAN_POINT ('', (400., 85.0167055634251, 4000.));
#11670 = B_SPLINE_CURVE_WITH_KNOTS ('', 1, (#11650, #11660), .UNSPECIFIED., .F., .U., (2, 2), (0., 1.), .UNSPECIFIED.);
#11680 = CARTESIAN_POINT ('', (400., 85.0167055634251, 4000.));
#11690 = CARTESIAN_POINT ('', (700., 87.765181084091, 4000.));
#11700 = B_SPLINE_CURVE_WITH_KNOTS ('', 1, (#11680, #11690), .UNSPECIFIED., .F., .U., (2, 2), (0., 1.), .UNSPECIFIED.);
#11710 = CARTESIAN_POINT ('', (700., 87.765181084091, 4000.));
#11720 = CARTESIAN_POINT ('', (700., 90.5363788168105, 4302.48016166228));
#11730 = B_SPLINE_CURVE_WITH_KNOTS ('', 1, (#11710, #11720), .UNSPECIFIED., .F., .U., (2, 2), (0., 1.), .UNSPECIFIED.);
#11740 = CARTESIAN_POINT ('', (700., 90.5363788168105, 4302.48016166228));
#11750 = CARTESIAN_POINT ('', (700., 87.7109463115248, 4497.67004026274));
#11760 = B_SPLINE_CURVE_WITH_KNOTS ('', 1, (#11740, #11750), .UNSPECIFIED., .F., .U., (2, 2), (0., 1.), .UNSPECIFIED.);
#11770 = CARTESIAN_POINT ('', (0., 13.335, 0.));
#11780 = CARTESIAN_POINT ('', (-25.031308716088, 13.3349996387601, 500.));
#11790 = B_SPLINE_CURVE_WITH_KNOTS ('', 1, (#11770, #11780), .UNSPECIFIED., .F., .U., (2, 2), (0., 1.), .UNSPECIFIED.);
#11800 = CARTESIAN_POINT ('', (-25.031308716088, 13.3349996387601, 500.));
#11810 = CARTESIAN_POINT ('', (-28.166600154162, 13.334999593513, 599.504413275544));
#11820 = B_SPLINE_CURVE_WITH_KNOTS ('', 1, (#11800, #11810), .UNSPECIFIED., .F., .U., (2, 2), (0., 1.), .UNSPECIFIED.);
#11830 = CARTESIAN_POINT ('', (-28.166600154162, 13.334999593513, 599.504413275544));
#11840 = CARTESIAN_POINT ('', (-44.9159556275342, 8.97438444337919, 1100.));
#11850 = B_SPLINE_CURVE_WITH_KNOTS ('', 1, (#11830, #11840), .UNSPECIFIED., .F., .U., (2, 2), (0., 1.), .UNSPECIFIED.);
#11860 = CARTESIAN_POINT ('', (-44.9159556275342, 8.97438444337919, 1100.));
#11870 = CARTESIAN_POINT ('', (-47.0030567528392, 8.43101757763115, 1199.04946962104));
#11880 = B_SPLINE_CURVE_WITH_KNOTS ('', 1, (#11860, #11870), .UNSPECIFIED., .F., .U., (2, 2), (0., 1.), .UNSPECIFIED.);
#11890 = CARTESIAN_POINT ('', (-47.0030567528392, 8.43101757763115, 1199.04946962104));
#11900 = CARTESIAN_POINT ('', (-50.1391482290303, 4.56715762017835, 1499.98841163166));
#11910 = B_SPLINE_CURVE_WITH_KNOTS ('', 1, (#11890, #11900), .UNSPECIFIED., .F., .U., (2, 2), (0., 1.), .UNSPECIFIED.);
#11920 = CARTESIAN_POINT ('', (-50.1391482290303, 4.56715762017835, 1499.98841163166));
#11930 = CARTESIAN_POINT ('', (-50.7955490195948, 3.94631332797586, 1600.));
#11940 = B_SPLINE_CURVE_WITH_KNOTS ('', 1, (#11920, #11930), .UNSPECIFIED., .F., .U., (2, 2), (0., 1.), .UNSPECIFIED.);
#11950 = CARTESIAN_POINT ('', (-50.7955490195948, 3.94631332797586, 1600.));
#11960 = CARTESIAN_POINT ('', (-52.8796952869116, 1.97506293830766, 1800.00118208334));
#11970 = B_SPLINE_CURVE_WITH_KNOTS ('', 1, (#11950, #11960), .UNSPECIFIED., .F., .U., (2, 2), (0., 1.), .UNSPECIFIED.);
#11980 = CARTESIAN_POINT ('', (-52.8796952869116, 1.97506293830766, 1800.00118208334));
#11990 = CARTESIAN_POINT ('', (-53.5360141315466, 1.30998718511591, 1900.));
#12000 = B_SPLINE_CURVE_WITH_KNOTS ('', 1, (#11980, #11990), .UNSPECIFIED., .F., .U., (2, 2), (0., 1.), .UNSPECIFIED.);
#12010 = CARTESIAN_POINT ('', (-53.5360141315466, 1.30998718511591, 1900.));
#12020 = CARTESIAN_POINT ('', (-71.5477733084387, -16.9420931852762, 3628.45222669156));
#12030 = B_SPLINE_CURVE_WITH_KNOTS ('', 1, (#12010, #12020), .UNSPECIFIED., .F., .U., (2, 2), (0., 1.), .UNSPECIFIED.);
#12040 = CARTESIAN_POINT ('', (-71.5477733084387, -16.9420931852762, 3628.45222669156));
#12050 = CARTESIAN_POINT ('', (324.32691765052, -21.1224440011142, 3624.32691765052));
#12060 = B_SPLINE_CURVE_WITH_KNOTS ('', 1, (#12040, #12050), .UNSPECIFIED., .F., .U., (2, 2), (0., 1.), .UNSPECIFIED.);
#12070 = CARTESIAN_POINT ('', (324.32691765052, -21.1224440011142, 3624.32691765052));
#12080 = CARTESIAN_POINT ('', (321.232935869738, -24.2577071129927, 3921.23293586974));
#12090 = B_SPLINE_CURVE_WITH_KNOTS ('', 1, (#12070, #12080), .UNSPECIFIED., .F., .U., (2, 2), (0., 1.), .UNSPECIFIED.);
#12100 = CARTESIAN_POINT ('', (321.232935869738, -24.2577071129927, 3921.23293586974));
#12110 = CARTESIAN_POINT ('', (618.138954088957, -27.3929702248712, 3918.13895408896));
#12120 = B_SPLINE_CURVE_WITH_KNOTS ('', 1, (#12100, #12110), .UNSPECIFIED., .F., .U., (2, 2), (0., 1.), .UNSPECIFIED.);
#12130 = CARTESIAN_POINT ('', (618.138954088957, -27.3929702248712, 3918.13895408896));
#12140 = CARTESIAN_POINT ('', (614.133311548049, -31.4520578949706, 4302.53015658994));
#12150 = B_SPLINE_CURVE_WITH_KNOTS ('', 1, (#12130, #12140), .UNSPECIFIED., .F., .U., (2, 2), (0., 1.), .UNSPECIFIED.);
#12160 = CARTESIAN_POINT ('', (614.133311548049, -31.4520578949706, 4302.53015658994));
#12170 = CARTESIAN_POINT ('', (616.599006450492, -31.3773289135961, 4497.59526173276));
#12180 = B_SPLINE_CURVE_WITH_KNOTS ('', 1, (#12160, #12170), .UNSPECIFIED., .F., .U., (2, 2), (0., 1.), .UNSPECIFIED.);
#12190 = CARTESIAN_POINT ('', (0., 13.335, 0.));
#12200 = CARTESIAN_POINT ('', (25.031308716088, 13.3349996387601, 500.));
#12210 = B_SPLINE_CURVE_WITH_KNOTS ('', 1, (#12190, #12200), .UNSPECIFIED., .F., .U., (2, 2), (0., 1.), .UNSPECIFIED.);
#12220 = CARTESIAN_POINT ('', (25.031308716088, 13.3349996387601, 500.));
#12230 = CARTESIAN_POINT ('', (28.166600154162, 13.334999593513, 599.504413275544));
#12240 = B_SPLINE_CURVE_WITH_KNOTS ('', 1, (#12220, #12230), .UNSPECIFIED., .F., .U., (2, 2), (0., 1.), .UNSPECIFIED.);
#12250 = CARTESIAN_POINT ('', (28.166600154162, 13.334999593513, 599.504413275544));
#12260 = CARTESIAN_POINT ('', (44.9159556275342, 8.97438444337919, 1100.));
#12270 = B_SPLINE_CURVE_WITH_KNOTS ('', 1, (#12250, #12260), .UNSPECIFIED., .F., .U., (2, 2), (0., 1.), .UNSPECIFIED.);
#12280 = CARTESIAN_POINT ('', (44.9159556275342, 8.97438444337919, 1100.));
#12290 = CARTESIAN_POINT ('', (47.0030567528392, 8.43101757763115, 1199.04946962104));
#12300 = B_SPLINE_CURVE_WITH_KNOTS ('', 1, (#12280, #12290), .UNSPECIFIED., .F., .U., (2, 2), (0., 1.), .UNSPECIFIED.);
#12310 = CARTESIAN_POINT ('', (47.0030567528392, 8.43101757763115, 1199.04946962104));
#12320 = CARTESIAN_POINT ('', (50.1391482290303, 4.56715762017835, 1499.98841163166));
#12330 = B_SPLINE_CURVE_WITH_KNOTS ('', 1, (#12310, #12320), .UNSPECIFIED., .F., .U., (2, 2), (0., 1.), .UNSPECIFIED.);
#12340 = CARTESIAN_POINT ('', (50.1391482290303, 4.56715762017835, 1499.98841163166));
#12350 = CARTESIAN_POINT ('', (50.7955490195948, 3.94631332797586, 1600.));
#12360 = B_SPLINE_CURVE_WITH_KNOTS ('', 1, (#12340, #12350), .UNSPECIFIED., .F., .U., (2, 2), (0., 1.), .UNSPECIFIED.);
#12370 = CARTESIAN_POINT ('', (50.7955490195948, 3.94631332797586, 1600.));
#12380 = CARTESIAN_POINT ('', (52.8796952869116, 1.97506293830766, 1800.00118208334));
#12390 = B_SPLINE_CURVE_WITH_KNOTS ('', 1, (#12370, #12380), .UNSPECIFIED., .F., .U., (2, 2), (0., 1.), .UNSPECIFIED.);
#12400 = CARTESIAN_POINT ('', (52.8796952869116, 1.97506293830766, 1800.00118208334));
#12410 = CARTESIAN_POINT ('', (53.5360141315466, 1.30998718511591, 1900.));
#12420 = B_SPLINE_CURVE_WITH_KNOTS ('', 1, (#12400, #12410), .UNSPECIFIED., .F., .U., (2, 2), (0., 1.), .UNSPECIFIED.);
#12430 = CARTESIAN_POINT ('', (53.5360141315466, 1.30998718511591, 1900.));
#12440 = CARTESIAN_POINT ('', (73.0546381037355, -18.4690632652647, 3773.05463810374));
#12450 = B_SPLINE_CURVE_WITH_KNOTS ('', 1, (#12430, #12440), .UNSPECIFIED., .F., .U., (2, 2), (0., 1.), .UNSPECIFIED.);
#12460 = CARTESIAN_POINT ('', (73.0546381037355, -18.4690632652647, 3773.05463810374));
#12470 = CARTESIAN_POINT ('', (477.266830113683, -22.737456282629, 3777.26683011368));
#12480 = B_SPLINE_CURVE_WITH_KNOTS ('', 1, (#12460, #12470), .UNSPECIFIED., .F., .U., (2, 2), (0., 1.), .UNSPECIFIED.);
#12490 = CARTESIAN_POINT ('', (477.266830113683, -22.737456282629, 3777.26683011368));
#12500 = CARTESIAN_POINT ('', (480.425974121144, -25.9387510456521, 4080.42597412114));
#12510 = B_SPLINE_CURVE_WITH_KNOTS ('', 1, (#12490, #12500), .UNSPECIFIED., .F., .U., (2, 2), (0., 1.), .UNSPECIFIED.);
#12520 = CARTESIAN_POINT ('', (480.425974121144, -25.9387510456521, 4080.42597412114));
#12530 = CARTESIAN_POINT ('', (783.585118128605, -29.1400458086753, 4083.58511812861));
#12540 = B_SPLINE_CURVE_WITH_KNOTS ('', 1, (#12520, #12530), .UNSPECIFIED., .F., .U., (2, 2), (0., 1.), .UNSPECIFIED.);
#12550 = CARTESIAN_POINT ('', (783.585118128605, -29.1400458086753, 4083.58511812861));
#12560 = CARTESIAN_POINT ('', (785.866688451951, -31.4520578949706, 4302.53015658994));
#12570 = B_SPLINE_CURVE_WITH_KNOTS ('', 1, (#12550, #12560), .UNSPECIFIED., .F., .U., (2, 2), (0., 1.), .UNSPECIFIED.);
#12580 = CARTESIAN_POINT ('', (785.866688451951, -31.4520578949706, 4302.53015658994));
#12590 = CARTESIAN_POINT ('', (783.400993549508, -31.3773289135961, 4497.59526173276));
#12600 = B_SPLINE_CURVE_WITH_KNOTS ('', 1, (#12580, #12590), .UNSPECIFIED., .F., .U., (2, 2), (0., 1.), .UNSPECIFIED.);
#12610 = CARTESIAN_POINT ('', (0., -13.335, 0.));
#12620 = CARTESIAN_POINT ('', (0., -13.3349999473381, 500.));
#12630 = B_SPLINE_CURVE_WITH_KNOTS ('', 1, (#12610, #12620), .UNSPECIFIED., .F., .U., (2, 2), (0., 1.), .UNSPECIFIED.);
#12640 = CARTESIAN_POINT ('', (0., -13.3349999473381, 500.));
#12650 = CARTESIAN_POINT ('', (0., -13.3349999407107, 599.901209875879));
#12660 = B_SPLINE_CURVE_WITH_KNOTS ('', 1, (#12640, #12650), .UNSPECIFIED., .F., .U., (2, 2), (0., 1.), .UNSPECIFIED.);
#12670 = CARTESIAN_POINT ('', (0., -13.3349999407107, 599.901209875879));
#12680 = CARTESIAN_POINT ('', (0., -8.98031818823421, 1100.));
#12690 = B_SPLINE_CURVE_WITH_KNOTS ('', 1, (#12670, #12680), .UNSPECIFIED., .F., .U., (2, 2), (0., 1.), .UNSPECIFIED.);
#12700 = CARTESIAN_POINT ('', (0., -8.98031818823421, 1100.));
#12710 = CARTESIAN_POINT ('', (0., -8.43202595500352, 1199.97037502527));
#12720 = B_SPLINE_CURVE_WITH_KNOTS ('', 1, (#12700, #12710), .UNSPECIFIED., .F., .U., (2, 2), (0., 1.), .UNSPECIFIED.);
#12730 = CARTESIAN_POINT ('', (0., -8.43202595500352, 1199.97037502527));
#12740 = CARTESIAN_POINT ('', (0., -4.5803974960512, 1499.98834434607));
#12750 = B_SPLINE_CURVE_WITH_KNOTS ('', 1, (#12730, #12740), .UNSPECIFIED., .F., .U., (2, 2), (0., 1.), .UNSPECIFIED.);
#12760 = CARTESIAN_POINT ('', (0., -4.5803974960512, 1499.98834434607));
#12770 = CARTESIAN_POINT ('', (0., -3.96014590678915, 1600.));
#12780 = B_SPLINE_CURVE_WITH_KNOTS ('', 1, (#12760, #12770), .UNSPECIFIED., .F., .U., (2, 2), (0., 1.), .UNSPECIFIED.);
#12790 = CARTESIAN_POINT ('', (0., -3.96014590678915, 1600.));
#12800 = CARTESIAN_POINT ('', (0., -1.99084316623233, 1800.00120104787));
#12810 = B_SPLINE_CURVE_WITH_KNOTS ('', 1, (#12790, #12800), .UNSPECIFIED., .F., .U., (2, 2), (0., 1.), .UNSPECIFIED.);
#12820 = CARTESIAN_POINT ('', (0., -1.99084316623233, 1800.00120104787));
#12830 = CARTESIAN_POINT ('', (0., -1.32600904994654, 1900.));
#12840 = B_SPLINE_CURVE_WITH_KNOTS ('', 1, (#12820, #12830), .UNSPECIFIED., .F., .U., (2, 2), (0., 1.), .UNSPECIFIED.);
#12850 = CARTESIAN_POINT ('', (0., -1.32600904994654, 1900.));
#12860 = CARTESIAN_POINT ('', (0., 17.6740751923124, 3700.));
#12870 = B_SPLINE_CURVE_WITH_KNOTS ('', 1, (#12850, #12860), .UNSPECIFIED., .F., .U., (2, 2), (0., 1.), .UNSPECIFIED.);
#12880 = CARTESIAN_POINT ('', (0., 17.6740751923124, 3700.));
#12890 = CARTESIAN_POINT ('', (400., 21.8963161350366, 3700.));
#12900 = B_SPLINE_CURVE_WITH_KNOTS ('', 1, (#12880, #12890), .UNSPECIFIED., .F., .U., (2, 2), (0., 1.), .UNSPECIFIED.);
#12910 = CARTESIAN_POINT ('', (400., 21.8963161350366, 3700.));
#12920 = CARTESIAN_POINT ('', (400., 25.0629968420797, 4000.));
#12930 = B_SPLINE_CURVE_WITH_KNOTS ('', 1, (#12910, #12920), .UNSPECIFIED., .F., .U., (2, 2), (0., 1.), .UNSPECIFIED.);
#12940 = CARTESIAN_POINT ('', (400., 25.0629968420797, 4000.));
#12950 = CARTESIAN_POINT ('', (700., 28.2296775491229, 4000.));
#12960 = B_SPLINE_CURVE_WITH_KNOTS ('', 1, (#12940, #12950), .UNSPECIFIED., .F., .U., (2, 2), (0., 1.), .UNSPECIFIED.);
#12970 = CARTESIAN_POINT ('', (700., 28.2296775491229, 4000.));
#12980 = CARTESIAN_POINT ('', (700., 31.3995113452701, 4300.29871238017));
#12990 = B_SPLINE_CURVE_WITH_KNOTS ('', 1, (#12970, #12980), .UNSPECIFIED., .F., .U., (2, 2), (0., 1.), .UNSPECIFIED.);
#13000 = CARTESIAN_POINT ('', (700., 31.3995113452701, 4300.29871238017));
#13010 = CARTESIAN_POINT ('', (700., 31.3210574068224, 4499.70274607601));
#13020 = B_SPLINE_CURVE_WITH_KNOTS ('', 1, (#13000, #13010), .UNSPECIFIED., .F., .U., (2, 2), (0., 1.), .UNSPECIFIED.);
#13030 = CARTESIAN_POINT ('', (0., -13.335, 0.));
#13040 = CARTESIAN_POINT ('', (0., -38.3663086634257, 500.));
#13050 = B_SPLINE_CURVE_WITH_KNOTS ('', 1, (#13030, #13040), .UNSPECIFIED., .F., .U., (2, 2), (0., 1.), .UNSPECIFIED.);
#13060 = CARTESIAN_POINT ('', (0., -38.3663086634257, 500.));
#13070 = CARTESIAN_POINT ('', (0., -41.4870862785657, 599.043789817842));
#13080 = B_SPLINE_CURVE_WITH_KNOTS ('', 1, (#13060, #13070), .UNSPECIFIED., .F., .U., (2, 2), (0., 1.), .UNSPECIFIED.);
#13090 = CARTESIAN_POINT ('', (0., -41.4870862785657, 599.043789817842));
#13100 = CARTESIAN_POINT ('', (0., -52.9801573816116, 1100.));
#13110 = B_SPLINE_CURVE_WITH_KNOTS ('', 1, (#13090, #13100), .UNSPECIFIED., .F., .U., (2, 2), (0., 1.), .UNSPECIFIED.);
#13120 = CARTESIAN_POINT ('', (0., -52.9801573816116, 1100.));
#13130 = CARTESIAN_POINT ('', (0., -54.40716019328, 1198.76597420835));
#13140 = B_SPLINE_CURVE_WITH_KNOTS ('', 1, (#13120, #13130), .UNSPECIFIED., .F., .U., (2, 2), (0., 1.), .UNSPECIFIED.);
#13150 = CARTESIAN_POINT ('', (0., -54.40716019328, 1198.76597420835));
#13160 = CARTESIAN_POINT ('', (0., -53.2903908250593, 1498.42091151404));
#13170 = B_SPLINE_CURVE_WITH_KNOTS ('', 1, (#13150, #13160), .UNSPECIFIED., .F., .U., (2, 2), (0., 1.), .UNSPECIFIED.);
#13180 = CARTESIAN_POINT ('', (0., -53.2903908250593, 1498.42091151404));
#13190 = CARTESIAN_POINT ('', (0., -55.2813189764437, 1600.));
#13200 = B_SPLINE_CURVE_WITH_KNOTS ('', 1, (#13180, #13190), .UNSPECIFIED., .F., .U., (2, 2), (0., 1.), .UNSPECIFIED.);
#13210 = CARTESIAN_POINT ('', (0., -55.2813189764437, 1600.));
#13220 = CARTESIAN_POINT ('', (0., -61.542323721806, 1801.14811387107));
#13230 = B_SPLINE_CURVE_WITH_KNOTS ('', 1, (#13210, #13220), .UNSPECIFIED., .F., .U., (2, 2), (0., 1.), .UNSPECIFIED.);
#13240 = CARTESIAN_POINT ('', (0., -61.542323721806, 1801.14811387107));
#13250 = CARTESIAN_POINT ('', (0., -62.1127436408811, 1900.));
#13260 = B_SPLINE_CURVE_WITH_KNOTS ('', 1, (#13240, #13250), .UNSPECIFIED., .F., .U., (2, 2), (0., 1.), .UNSPECIFIED.);
#13270 = CARTESIAN_POINT ('', (0., -62.1127436408811, 1900.));
#13280 = CARTESIAN_POINT ('', (0., -78.6035971992898, 3700.));
#13290 = B_SPLINE_CURVE_WITH_KNOTS ('', 1, (#13270, #13280), .UNSPECIFIED., .F., .U., (2, 2), (0., 1.), .UNSPECIFIED.);
#13300 = CARTESIAN_POINT ('', (0., -78.6035971992898, 3700.));
#13310 = CARTESIAN_POINT ('', (400., -82.2682313233805, 3700.));
#13320 = B_SPLINE_CURVE_WITH_KNOTS ('', 1, (#13300, #13310), .UNSPECIFIED., .F., .U., (2, 2), (0., 1.), .UNSPECIFIED.);
#13330 = CARTESIAN_POINT ('', (400., -82.2682313233805, 3700.));
#13340 = CARTESIAN_POINT ('', (400., -85.0167069164487, 4000.));
#13350 = B_SPLINE_CURVE_WITH_KNOTS ('', 1, (#13330, #13340), .UNSPECIFIED., .F., .U., (2, 2), (0., 1.), .UNSPECIFIED.);
#13360 = CARTESIAN_POINT ('', (400., -85.0167069164487, 4000.));
#13370 = CARTESIAN_POINT ('', (700., -87.7651825095168, 4000.));
#13380 = B_SPLINE_CURVE_WITH_KNOTS ('', 1, (#13360, #13370), .UNSPECIFIED., .F., .U., (2, 2), (0., 1.), .UNSPECIFIED.);
#13390 = CARTESIAN_POINT ('', (700., -87.7651825095168, 4000.));
#13400 = CARTESIAN_POINT ('', (700., -90.5363803159884, 4302.48016174429));
#13410 = B_SPLINE_CURVE_WITH_KNOTS ('', 1, (#13390, #13400), .UNSPECIFIED., .F., .U., (2, 2), (0., 1.), .UNSPECIFIED.);
#13420 = CARTESIAN_POINT ('', (700., -90.5363803159884, 4302.48016174429));
#13430 = CARTESIAN_POINT ('', (700., -87.7109477776466, 4497.67004018489));
#13440 = B_SPLINE_CURVE_WITH_KNOTS ('', 1, (#13420, #13430), .UNSPECIFIED., .F., .U., (2, 2), (0., 1.), .UNSPECIFIED.);
#13450 = CARTESIAN_POINT ('', (0., -13.335, 0.));
#13460 = CARTESIAN_POINT ('', (0., 11.6963087687495, 500.));
#13470 = B_SPLINE_CURVE_WITH_KNOTS ('', 1, (#13450, #13460), .UNSPECIFIED., .F., .U., (2, 2), (0., 1.), .UNSPECIFIED.);
#13480 = CARTESIAN_POINT ('', (0., 11.6963087687495, 500.));
#13490 = CARTESIAN_POINT ('', (0., 14.843358886909, 599.877597053864));
#13500 = B_SPLINE_CURVE_WITH_KNOTS ('', 1, (#13480, #13490), .UNSPECIFIED., .F., .U., (2, 2), (0., 1.), .UNSPECIFIED.);
#13510 = CARTESIAN_POINT ('', (0., 14.843358886909, 599.877597053864));
#13520 = CARTESIAN_POINT ('', (0., 35.0186836617612, 1100.));
#13530 = B_SPLINE_CURVE_WITH_KNOTS ('', 1, (#13510, #13520), .UNSPECIFIED., .F., .U., (2, 2), (0., 1.), .UNSPECIFIED.);
#13540 = CARTESIAN_POINT ('', (0., 35.0186836617612, 1100.));
#13550 = CARTESIAN_POINT ('', (0., 37.5434575624971, 1199.41255987848));
#13560 = B_SPLINE_CURVE_WITH_KNOTS ('', 1, (#13540, #13550), .UNSPECIFIED., .F., .U., (2, 2), (0., 1.), .UNSPECIFIED.);
#13570 = CARTESIAN_POINT ('', (0., 37.5434575624971, 1199.41255987848));
#13580 = CARTESIAN_POINT ('', (0., 44.1110094602175, 1498.91836050022));
#13590 = B_SPLINE_CURVE_WITH_KNOTS ('', 1, (#13570, #13580), .UNSPECIFIED., .F., .U., (2, 2), (0., 1.), .UNSPECIFIED.);
#13600 = CARTESIAN_POINT ('', (0., 44.1110094602175, 1498.91836050022));
#13610 = CARTESIAN_POINT ('', (0., 47.3425794417281, 1600.));
#13620 = B_SPLINE_CURVE_WITH_KNOTS ('', 1, (#13600, #13610), .UNSPECIFIED., .F., .U., (2, 2), (0., 1.), .UNSPECIFIED.);
#13630 = CARTESIAN_POINT ('', (0., 47.3425794417281, 1600.));
#13640 = CARTESIAN_POINT ('', (0., 57.5527671220605, 1801.00403912059));
#13650 = B_SPLINE_CURVE_WITH_KNOTS ('', 1, (#13630, #13640), .UNSPECIFIED., .F., .U., (2, 2), (0., 1.), .UNSPECIFIED.);
#13660 = CARTESIAN_POINT ('', (0., 57.5527671220605, 1801.00403912059));
#13670 = CARTESIAN_POINT ('', (0., 59.4353541289731, 1900.));
#13680 = B_SPLINE_CURVE_WITH_KNOTS ('', 1, (#13660, #13670), .UNSPECIFIED., .F., .U., (2, 2), (0., 1.), .UNSPECIFIED.);
#13690 = CARTESIAN_POINT ('', (0., 59.4353541289731, 1900.));
#13700 = CARTESIAN_POINT ('', (0., 113.795353284466, 3700.));
#13710 = B_SPLINE_CURVE_WITH_KNOTS ('', 1, (#13690, #13700), .UNSPECIFIED., .F., .U., (2, 2), (0., 1.), .UNSPECIFIED.);
#13720 = CARTESIAN_POINT ('', (0., 113.795353284466, 3700.));
#13730 = CARTESIAN_POINT ('', (400., 125.875353096798, 3700.));
#13740 = B_SPLINE_CURVE_WITH_KNOTS ('', 1, (#13720, #13730), .UNSPECIFIED., .F., .U., (2, 2), (0., 1.), .UNSPECIFIED.);
#13750 = CARTESIAN_POINT ('', (400., 125.875353096798, 3700.));
#13760 = CARTESIAN_POINT ('', (400., 134.935352956046, 4000.));
#13770 = B_SPLINE_CURVE_WITH_KNOTS ('', 1, (#13750, #13760), .UNSPECIFIED., .F., .U., (2, 2), (0., 1.), .UNSPECIFIED.);
#13780 = CARTESIAN_POINT ('', (400., 134.935352956046, 4000.));
#13790 = CARTESIAN_POINT ('', (700., 143.995352815295, 4000.));
#13800 = B_SPLINE_CURVE_WITH_KNOTS ('', 1, (#13780, #13790), .UNSPECIFIED., .F., .U., (2, 2), (0., 1.), .UNSPECIFIED.);
#13810 = CARTESIAN_POINT ('', (700., 143.995352815295, 4000.));
#13820 = CARTESIAN_POINT ('', (700., 153.269416027497, 4307.08819060524));
#13830 = B_SPLINE_CURVE_WITH_KNOTS ('', 1, (#13810, #13820), .UNSPECIFIED., .F., .U., (2, 2), (0., 1.), .UNSPECIFIED.);
#13840 = CARTESIAN_POINT ('', (700., 153.269416027497, 4307.08819060524));
#13850 = CARTESIAN_POINT ('', (700., 150.461146679035, 4493.15120247336));
#13860 = B_SPLINE_CURVE_WITH_KNOTS ('', 1, (#13840, #13850), .UNSPECIFIED., .F., .U., (2, 2), (0., 1.), .UNSPECIFIED.);
#13870 = CARTESIAN_POINT ('', (0., -13.335, 0.));
#13880 = CARTESIAN_POINT ('', (-25.031308716088, -13.3349999473381, 500.));
#13890 = B_SPLINE_CURVE_WITH_KNOTS ('', 1, (#13870, #13880), .UNSPECIFIED., .F., .U., (2, 2), (0., 1.), .UNSPECIFIED.);
#13900 = CARTESIAN_POINT ('', (-25.031308716088, -13.3349999473381, 500.));
#13910 = CARTESIAN_POINT ('', (-28.166600154, -13.334999940742, 599.504413270401));
#13920 = B_SPLINE_CURVE_WITH_KNOTS ('', 1, (#13900, #13910), .UNSPECIFIED., .F., .U., (2, 2), (0., 1.), .UNSPECIFIED.);
#13930 = CARTESIAN_POINT ('', (-28.166600154, -13.334999940742, 599.504413270401));
#13940 = CARTESIAN_POINT ('', (-44.9159556275404, -8.97438498573958, 1100.));
#13950 = B_SPLINE_CURVE_WITH_KNOTS ('', 1, (#13930, #13940), .UNSPECIFIED., .F., .U., (2, 2), (0., 1.), .UNSPECIFIED.);
#13960 = CARTESIAN_POINT ('', (-44.9159556275404, -8.97438498573958, 1100.));
#13970 = CARTESIAN_POINT ('', (-47.0030567527652, -8.43101814433276, 1199.04946961706));
#13980 = B_SPLINE_CURVE_WITH_KNOTS ('', 1, (#13960, #13970), .UNSPECIFIED., .F., .U., (2, 2), (0., 1.), .UNSPECIFIED.);
#13990 = CARTESIAN_POINT ('', (-47.0030567527652, -8.43101814433276, 1199.04946961706));
#14000 = CARTESIAN_POINT ('', (-50.139148228973, -4.56715822060373, 1499.98841162861));
#14010 = B_SPLINE_CURVE_WITH_KNOTS ('', 1, (#13990, #14000), .UNSPECIFIED., .F., .U., (2, 2), (0., 1.), .UNSPECIFIED.);
#14020 = CARTESIAN_POINT ('', (-50.139148228973, -4.56715822060373, 1499.98841162861));
#14030 = CARTESIAN_POINT ('', (-50.7955490195586, -3.94631396014477, 1600.));
#14040 = B_SPLINE_CURVE_WITH_KNOTS ('', 1, (#14020, #14030), .UNSPECIFIED., .F., .U., (2, 2), (0., 1.), .UNSPECIFIED.);
#14050 = CARTESIAN_POINT ('', (-50.7955490195586, -3.94631396014477, 1600.));
#14060 = CARTESIAN_POINT ('', (-52.8796952868818, -1.97506367132313, 1800.00118208421));
#14070 = B_SPLINE_CURVE_WITH_KNOTS ('', 1, (#14050, #14060), .UNSPECIFIED., .F., .U., (2, 2), (0., 1.), .UNSPECIFIED.);
#14080 = CARTESIAN_POINT ('', (-52.8796952868818, -1.97506367132313, 1800.00118208421));
#14090 = CARTESIAN_POINT ('', (-53.5360141315128, -1.30998793345074, 1900.));
#14100 = B_SPLINE_CURVE_WITH_KNOTS ('', 1, (#14080, #14090), .UNSPECIFIED., .F., .U., (2, 2), (0., 1.), .UNSPECIFIED.);
#14110 = CARTESIAN_POINT ('', (-53.5360141315128, -1.30998793345074, 1900.));
#14120 = CARTESIAN_POINT ('', (-71.5477733084246, 16.9420920166546, 3628.45222669158));
#14130 = B_SPLINE_CURVE_WITH_KNOTS ('', 1, (#14110, #14120), .UNSPECIFIED., .F., .U., (2, 2), (0., 1.), .UNSPECIFIED.);
#14140 = CARTESIAN_POINT ('', (-71.5477733084246, 16.9420920166546, 3628.45222669158));
#14150 = CARTESIAN_POINT ('', (324.326917650529, 21.1224427362325, 3624.32691765053));
#14160 = B_SPLINE_CURVE_WITH_KNOTS ('', 1, (#14140, #14150), .UNSPECIFIED., .F., .U., (2, 2), (0., 1.), .UNSPECIFIED.);
#14170 = CARTESIAN_POINT ('', (324.326917650529, 21.1224427362325, 3624.32691765053));
#14180 = CARTESIAN_POINT ('', (321.232935869745, 24.2577057759159, 3921.23293586974));
#14190 = B_SPLINE_CURVE_WITH_KNOTS ('', 1, (#14170, #14180), .UNSPECIFIED., .F., .U., (2, 2), (0., 1.), .UNSPECIFIED.);
#14200 = CARTESIAN_POINT ('', (321.232935869745, 24.2577057759159, 3921.23293586974));
#14210 = CARTESIAN_POINT ('', (618.13895408896, 27.3929688155993, 3918.13895408896));
#14220 = B_SPLINE_CURVE_WITH_KNOTS ('', 1, (#14200, #14210), .UNSPECIFIED., .F., .U., (2, 2), (0., 1.), .UNSPECIFIED.);
#14230 = CARTESIAN_POINT ('', (618.13895408896, 27.3929688155993, 3918.13895408896));
#14240 = CARTESIAN_POINT ('', (614.133311548345, 31.4520563919291, 4302.53015656136));
#14250 = B_SPLINE_CURVE_WITH_KNOTS ('', 1, (#14230, #14240), .UNSPECIFIED., .F., .U., (2, 2), (0., 1.), .UNSPECIFIED.);
#14260 = CARTESIAN_POINT ('', (614.133311548345, 31.4520563919291, 4302.53015656136));
#14270 = CARTESIAN_POINT ('', (616.599006451598, 31.3773274461913, 4497.59526176069));
#14280 = B_SPLINE_CURVE_WITH_KNOTS ('', 1, (#14260, #14270), .UNSPECIFIED., .F., .U., (2, 2), (0., 1.), .UNSPECIFIED.);
#14290 = CARTESIAN_POINT ('', (0., -13.335, 0.));
#14300 = CARTESIAN_POINT ('', (25.031308716088, -13.3349999473381, 500.));
#14310 = B_SPLINE_CURVE_WITH_KNOTS ('', 1, (#14290, #14300), .UNSPECIFIED., .F., .U., (2, 2), (0., 1.), .UNSPECIFIED.);
#14320 = CARTESIAN_POINT ('', (25.031308716088, -13.3349999473381, 500.));
#14330 = CARTESIAN_POINT ('', (28.166600154, -13.334999940742, 599.504413270401));
#14340 = B_SPLINE_CURVE_WITH_KNOTS ('', 1, (#14320, #14330), .UNSPECIFIED., .F., .U., (2, 2), (0., 1.), .UNSPECIFIED.);
#14350 = CARTESIAN_POINT ('', (28.166600154, -13.334999940742, 599.504413270401));
#14360 = CARTESIAN_POINT ('', (44.9159556275404, -8.97438498573958, 1100.));
#14370 = B_SPLINE_CURVE_WITH_KNOTS ('', 1, (#14350, #14360), .UNSPECIFIED., .F., .U., (2, 2), (0., 1.), .UNSPECIFIED.);
#14380 = CARTESIAN_POINT ('', (44.9159556275404, -8.97438498573958, 1100.));
#14390 = CARTESIAN_POINT ('', (47.0030567527652, -8.43101814433276, 1199.04946961706));
#14400 = B_SPLINE_CURVE_WITH_KNOTS ('', 1, (#14380, #14390), .UNSPECIFIED., .F., .U., (2, 2), (0., 1.), .UNSPECIFIED.);
#14410 = CARTESIAN_POINT ('', (47.0030567527652, -8.43101814433276, 1199.04946961706));
#14420 = CARTESIAN_POINT ('', (50.139148228973, -4.56715822060373, 1499.98841162861));
#14430 = B_SPLINE_CURVE_WITH_KNOTS ('', 1, (#14410, #14420), .UNSPECIFIED., .F., .U., (2, 2), (0., 1.), .UNSPECIFIED.);
#14440 = CARTESIAN_POINT ('', (50.139148228973, -4.56715822060373, 1499.98841162861));
#14450 = CARTESIAN_POINT ('', (50.7955490195586, -3.94631396014477, 1600.));
#14460 = B_SPLINE_CURVE_WITH_KNOTS ('', 1, (#14440, #14450), .UNSPECIFIED., .F., .U., (2, 2), (0., 1.), .UNSPECIFIED.);
#14470 = CARTESIAN_POINT ('', (50.7955490195586, -3.94631396014477, 1600.));
#14480 = CARTESIAN_POINT ('', (52.8796952868818, -1.97506367132313, 1800.00118208421));
#14490 = B_SPLINE_CURVE_WITH_KNOTS ('', 1, (#14470, #14480), .UNSPECIFIED., .F., .U., (2, 2), (0., 1.), .UNSPECIFIED.);
#14500 = CARTESIAN_POINT ('', (52.8796952868818, -1.97506367132313, 1800.00118208421));
#14510 = CARTESIAN_POINT ('', (53.5360141315128, -1.30998793345074, 1900.));
#14520 = B_SPLINE_CURVE_WITH_KNOTS ('', 1, (#14500, #14510), .UNSPECIFIED., .F., .U., (2, 2), (0., 1.), .UNSPECIFIED.);
#14530 = CARTESIAN_POINT ('', (53.5360141315128, -1.30998793345074, 1900.));
#14540 = CARTESIAN_POINT ('', (73.0546381037228, 18.4690620614816, 3773.05463810372));
#14550 = B_SPLINE_CURVE_WITH_KNOTS ('', 1, (#14530, #14540), .UNSPECIFIED., .F., .U., (2, 2), (0., 1.), .UNSPECIFIED.);
#14560 = CARTESIAN_POINT ('', (73.0546381037228, 18.4690620614816, 3773.05463810372));
#14570 = CARTESIAN_POINT ('', (477.266830113675, 22.7374549805585, 3777.26683011368));
#14580 = B_SPLINE_CURVE_WITH_KNOTS ('', 1, (#14560, #14570), .UNSPECIFIED., .F., .U., (2, 2), (0., 1.), .UNSPECIFIED.);
#14590 = CARTESIAN_POINT ('', (477.266830113675, 22.7374549805585, 3777.26683011368));
#14600 = CARTESIAN_POINT ('', (480.42597412114, 25.9387496698661, 4080.42597412114));
#14610 = B_SPLINE_CURVE_WITH_KNOTS ('', 1, (#14590, #14600), .UNSPECIFIED., .F., .U., (2, 2), (0., 1.), .UNSPECIFIED.);
#14620 = CARTESIAN_POINT ('', (480.42597412114, 25.9387496698661, 4080.42597412114));
#14630 = CARTESIAN_POINT ('', (783.585118128604, 29.1400443591738, 4083.5851181286));
#14640 = B_SPLINE_CURVE_WITH_KNOTS ('', 1, (#14620, #14630), .UNSPECIFIED., .F., .U., (2, 2), (0., 1.), .UNSPECIFIED.);
#14650 = CARTESIAN_POINT ('', (783.585118128604, 29.1400443591738, 4083.5851181286));
#14660 = CARTESIAN_POINT ('', (785.866688451655, 31.4520563919291, 4302.53015656136));
#14670 = B_SPLINE_CURVE_WITH_KNOTS ('', 1, (#14650, #14660), .UNSPECIFIED., .F., .U., (2, 2), (0., 1.), .UNSPECIFIED.);
#14680 = CARTESIAN_POINT ('', (785.866688451655, 31.4520563919291, 4302.53015656136));
#14690 = CARTESIAN_POINT ('', (783.400993548402, 31.3773274461913, 4497.59526176069));
#14700 = B_SPLINE_CURVE_WITH_KNOTS ('', 1, (#14680, #14690), .UNSPECIFIED., .F., .U., (2, 2), (0., 1.), .UNSPECIFIED.);
#14710 = CARTESIAN_POINT ('', (0., -40.005, 0.));
#14720 = CARTESIAN_POINT ('', (0., -40.005, 500.));
#14730 = B_SPLINE_CURVE_WITH_KNOTS ('', 1, (#14710, #14720), .UNSPECIFIED., .F., .U., (2, 2), (0., 1.), .UNSPECIFIED.);
#14740 = CARTESIAN_POINT ('', (0., -40.005, 500.));
#14750 = CARTESIAN_POINT ('', (0., -40.005, 599.110888875));
#14760 = B_SPLINE_CURVE_WITH_KNOTS ('', 1, (#14740, #14750), .UNSPECIFIED., .F., .U., (2, 2), (0., 1.), .UNSPECIFIED.);
#14770 = CARTESIAN_POINT ('', (0., -40.005, 599.110888875));
#14780 = CARTESIAN_POINT ('', (0., -26.9095708436639, 1100.));
#14790 = B_SPLINE_CURVE_WITH_KNOTS ('', 1, (#14770, #14780), .UNSPECIFIED., .F., .U., (2, 2), (0., 1.), .UNSPECIFIED.);
#14800 = CARTESIAN_POINT ('', (0., -26.9095708436639, 1100.));
#14810 = CARTESIAN_POINT ('', (0., -25.2675384089327, 1199.73395030013));
#14820 = B_SPLINE_CURVE_WITH_KNOTS ('', 1, (#14800, #14810), .UNSPECIFIED., .F., .U., (2, 2), (0., 1.), .UNSPECIFIED.);
#14830 = CARTESIAN_POINT ('', (0., -25.2675384089327, 1199.73395030013));
#14840 = CARTESIAN_POINT ('', (0., -13.695924821607, 1499.89578376792));
#14850 = B_SPLINE_CURVE_WITH_KNOTS ('', 1, (#14830, #14840), .UNSPECIFIED., .F., .U., (2, 2), (0., 1.), .UNSPECIFIED.);
#14860 = CARTESIAN_POINT ('', (0., -13.695924821607, 1499.89578376792));
#14870 = CARTESIAN_POINT ('', (0., -11.831006763122, 1600.));
#14880 = B_SPLINE_CURVE_WITH_KNOTS ('', 1, (#14860, #14870), .UNSPECIFIED., .F., .U., (2, 2), (0., 1.), .UNSPECIFIED.);
#14890 = CARTESIAN_POINT ('', (0., -11.831006763122, 1600.));
#14900 = CARTESIAN_POINT ('', (0., -5.91368843966333, 1800.0105975222));
#14910 = B_SPLINE_CURVE_WITH_KNOTS ('', 1, (#14890, #14900), .UNSPECIFIED., .F., .U., (2, 2), (0., 1.), .UNSPECIFIED.);
#14920 = CARTESIAN_POINT ('', (0., -5.91368843966333, 1800.0105975222));
#14930 = CARTESIAN_POINT ('', (0., -3.91816404171775, 1900.));
#14940 = B_SPLINE_CURVE_WITH_KNOTS ('', 1, (#14920, #14930), .UNSPECIFIED., .F., .U., (2, 2), (0., 1.), .UNSPECIFIED.);
#14950 = CARTESIAN_POINT ('', (0., -3.91816404171775, 1900.));
#14960 = CARTESIAN_POINT ('', (0., 53.1320186360988, 3700.));
#14970 = B_SPLINE_CURVE_WITH_KNOTS ('', 1, (#14950, #14960), .UNSPECIFIED., .F., .U., (2, 2), (0., 1.), .UNSPECIFIED.);
#14980 = CARTESIAN_POINT ('', (0., 53.1320186360988, 3700.));
#14990 = CARTESIAN_POINT ('', (400., 65.8098370089469, 3700.));
#15000 = B_SPLINE_CURVE_WITH_KNOTS ('', 1, (#14980, #14990), .UNSPECIFIED., .F., .U., (2, 2), (0., 1.), .UNSPECIFIED.);
#15010 = CARTESIAN_POINT ('', (400., 65.8098370089469, 3700.));
#15020 = CARTESIAN_POINT ('', (400., 75.318200788583, 4000.));
#15030 = B_SPLINE_CURVE_WITH_KNOTS ('', 1, (#15010, #15020), .UNSPECIFIED., .F., .U., (2, 2), (0., 1.), .UNSPECIFIED.);
#15040 = CARTESIAN_POINT ('', (400., 75.318200788583, 4000.));
#15050 = CARTESIAN_POINT ('', (700., 84.8265645682191, 4000.));
#15060 = B_SPLINE_CURVE_WITH_KNOTS ('', 1, (#15040, #15050), .UNSPECIFIED., .F., .U., (2, 2), (0., 1.), .UNSPECIFIED.);
#15070 = CARTESIAN_POINT ('', (700., 84.8265645682191, 4000.));
#15080 = CARTESIAN_POINT ('', (700., 94.4204139657621, 4302.69717124485));
#15090 = B_SPLINE_CURVE_WITH_KNOTS ('', 1, (#15070, #15080), .UNSPECIFIED., .F., .U., (2, 2), (0., 1.), .UNSPECIFIED.);
#15100 = CARTESIAN_POINT ('', (700., 94.4204139657621, 4302.69717124485));
#15110 = CARTESIAN_POINT ('', (700., 94.1915146796043, 4497.31325256115));
#15120 = B_SPLINE_CURVE_WITH_KNOTS ('', 1, (#15100, #15110), .UNSPECIFIED., .F., .U., (2, 2), (0., 1.), .UNSPECIFIED.);
#15130 = CARTESIAN_POINT ('', (0., -40.005, 0.));
#15140 = CARTESIAN_POINT ('', (0., -65.0363087160876, 500.));
#15150 = B_SPLINE_CURVE_WITH_KNOTS ('', 1, (#15130, #15140), .UNSPECIFIED., .F., .U., (2, 2), (0., 1.), .UNSPECIFIED.);
#15160 = CARTESIAN_POINT ('', (0., -65.0363087160876, 500.));
#15170 = CARTESIAN_POINT ('', (0., -68.1060197365251, 597.423094486471));
#15180 = B_SPLINE_CURVE_WITH_KNOTS ('', 1, (#15160, #15170), .UNSPECIFIED., .F., .U., (2, 2), (0., 1.), .UNSPECIFIED.);
#15190 = CARTESIAN_POINT ('', (0., -68.1060197365251, 597.423094486471));
#15200 = CARTESIAN_POINT ('', (0., -70.915623618438, 1100.));
#15210 = B_SPLINE_CURVE_WITH_KNOTS ('', 1, (#15190, #15200), .UNSPECIFIED., .F., .U., (2, 2), (0., 1.), .UNSPECIFIED.);
#15220 = CARTESIAN_POINT ('', (0., -70.915623618438, 1100.));
#15230 = CARTESIAN_POINT ('', (0., -71.260285031771, 1197.88228627741));
#15240 = B_SPLINE_CURVE_WITH_KNOTS ('', 1, (#15220, #15230), .UNSPECIFIED., .F., .U., (2, 2), (0., 1.), .UNSPECIFIED.);
#15250 = CARTESIAN_POINT ('', (0., -71.260285031771, 1197.88228627741));
#15260 = CARTESIAN_POINT ('', (0., -62.4403101723177, 1497.83139155723));
#15270 = B_SPLINE_CURVE_WITH_KNOTS ('', 1, (#15250, #15260), .UNSPECIFIED., .F., .U., (2, 2), (0., 1.), .UNSPECIFIED.);
#15280 = CARTESIAN_POINT ('', (0., -62.4403101723177, 1497.83139155723));
#15290 = CARTESIAN_POINT ('', (0., -63.1805313568978, 1600.));
#15300 = B_SPLINE_CURVE_WITH_KNOTS ('', 1, (#15280, #15290), .UNSPECIFIED., .F., .U., (2, 2), (0., 1.), .UNSPECIFIED.);
#15310 = CARTESIAN_POINT ('', (0., -63.1805313568978, 1600.));
#15320 = CARTESIAN_POINT ('', (0., -65.496091077754, 1801.3004330523));
#15330 = B_SPLINE_CURVE_WITH_KNOTS ('', 1, (#15310, #15320), .UNSPECIFIED., .F., .U., (2, 2), (0., 1.), .UNSPECIFIED.);
#15340 = CARTESIAN_POINT ('', (0., -65.496091077754, 1801.3004330523));
#15350 = CARTESIAN_POINT ('', (0., -64.7598265607808, 1900.));
#15360 = B_SPLINE_CURVE_WITH_KNOTS ('', 1, (#15340, #15350), .UNSPECIFIED., .F., .U., (2, 2), (0., 1.), .UNSPECIFIED.);
#15370 = CARTESIAN_POINT ('', (0., -64.7598265607808, 1900.));
#15380 = CARTESIAN_POINT ('', (0., -43.4411904810706, 3700.));
#15390 = B_SPLINE_CURVE_WITH_KNOTS ('', 1, (#15370, #15380), .UNSPECIFIED., .F., .U., (2, 2), (0., 1.), .UNSPECIFIED.);
#15400 = CARTESIAN_POINT ('', (0., -43.4411904810706, 3700.));
#15410 = CARTESIAN_POINT ('', (400., -38.7037157966906, 3700.));
#15420 = B_SPLINE_CURVE_WITH_KNOTS ('', 1, (#15400, #15410), .UNSPECIFIED., .F., .U., (2, 2), (0., 1.), .UNSPECIFIED.);
#15430 = CARTESIAN_POINT ('', (400., -38.7037157966906, 3700.));
#15440 = CARTESIAN_POINT ('', (400., -35.1506097834056, 4000.));
#15450 = B_SPLINE_CURVE_WITH_KNOTS ('', 1, (#15430, #15440), .UNSPECIFIED., .F., .U., (2, 2), (0., 1.), .UNSPECIFIED.);
#15460 = CARTESIAN_POINT ('', (400., -35.1506097834056, 4000.));
#15470 = CARTESIAN_POINT ('', (700., -31.5975037701205, 4000.));
#15480 = B_SPLINE_CURVE_WITH_KNOTS ('', 1, (#15460, #15470), .UNSPECIFIED., .F., .U., (2, 2), (0., 1.), .UNSPECIFIED.);
#15490 = CARTESIAN_POINT ('', (700., -31.5975037701205, 4000.));
#15500 = CARTESIAN_POINT ('', (700., -28.0415760291176, 4300.23824741289));
#15510 = B_SPLINE_CURVE_WITH_KNOTS ('', 1, (#15490, #15500), .UNSPECIFIED., .F., .U., (2, 2), (0., 1.), .UNSPECIFIED.);
#15520 = CARTESIAN_POINT ('', (700., -28.0415760291176, 4300.23824741289));
#15530 = CARTESIAN_POINT ('', (700., -25.2978348057569, 4499.80607564832));
#15540 = B_SPLINE_CURVE_WITH_KNOTS ('', 1, (#15520, #15530), .UNSPECIFIED., .F., .U., (2, 2), (0., 1.), .UNSPECIFIED.);
#15550 = CARTESIAN_POINT ('', (0., -40.005, 0.));
#15560 = CARTESIAN_POINT ('', (0., -14.9736912839124, 500.));
#15570 = B_SPLINE_CURVE_WITH_KNOTS ('', 1, (#15550, #15560), .UNSPECIFIED., .F., .U., (2, 2), (0., 1.), .UNSPECIFIED.);
#15580 = CARTESIAN_POINT ('', (0., -14.9736912839124, 500.));
#15590 = CARTESIAN_POINT ('', (0., -11.8252322060654, 599.922313268485));
#15600 = B_SPLINE_CURVE_WITH_KNOTS ('', 1, (#15580, #15590), .UNSPECIFIED., .F., .U., (2, 2), (0., 1.), .UNSPECIFIED.);
#15610 = CARTESIAN_POINT ('', (0., -11.8252322060654, 599.922313268485));
#15620 = CARTESIAN_POINT ('', (0., 17.0937642502524, 1100.));
#15630 = B_SPLINE_CURVE_WITH_KNOTS ('', 1, (#15610, #15620), .UNSPECIFIED., .F., .U., (2, 2), (0., 1.), .UNSPECIFIED.);
#15640 = CARTESIAN_POINT ('', (0., 17.0937642502524, 1100.));
#15650 = CARTESIAN_POINT ('', (0., 20.7260508053239, 1199.82099949035));
#15660 = B_SPLINE_CURVE_WITH_KNOTS ('', 1, (#15640, #15650), .UNSPECIFIED., .F., .U., (2, 2), (0., 1.), .UNSPECIFIED.);
#15670 = CARTESIAN_POINT ('', (0., 20.7260508053239, 1199.82099949035));
#15680 = CARTESIAN_POINT ('', (0., 34.9924065101057, 1499.31948243471));
#15690 = B_SPLINE_CURVE_WITH_KNOTS ('', 1, (#15670, #15680), .UNSPECIFIED., .F., .U., (2, 2), (0., 1.), .UNSPECIFIED.);
#15700 = CARTESIAN_POINT ('', (0., 34.9924065101057, 1499.31948243471));
#15710 = CARTESIAN_POINT ('', (0., 39.4630451250066, 1600.));
#15720 = B_SPLINE_CURVE_WITH_KNOTS ('', 1, (#15700, #15710), .UNSPECIFIED., .F., .U., (2, 2), (0., 1.), .UNSPECIFIED.);
#15730 = CARTESIAN_POINT ('', (0., 39.4630451250066, 1600.));
#15740 = CARTESIAN_POINT ('', (0., 53.6453268342909, 1800.872297574));
#15750 = B_SPLINE_CURVE_WITH_KNOTS ('', 1, (#15730, #15740), .UNSPECIFIED., .F., .U., (2, 2), (0., 1.), .UNSPECIFIED.);
#15760 = CARTESIAN_POINT ('', (0., 53.6453268342909, 1800.872297574));
#15770 = CARTESIAN_POINT ('', (0., 56.8474716373878, 1900.));
#15780 = B_SPLINE_CURVE_WITH_KNOTS ('', 1, (#15760, #15770), .UNSPECIFIED., .F., .U., (2, 2), (0., 1.), .UNSPECIFIED.);
#15790 = CARTESIAN_POINT ('', (0., 56.8474716373878, 1900.));
#15800 = CARTESIAN_POINT ('', (0., 149.234961972439, 3700.));
#15810 = B_SPLINE_CURVE_WITH_KNOTS ('', 1, (#15790, #15800), .UNSPECIFIED., .F., .U., (2, 2), (0., 1.), .UNSPECIFIED.);
#15820 = CARTESIAN_POINT ('', (0., 149.234961972439, 3700.));
#15830 = CARTESIAN_POINT ('', (400., 169.765515380229, 3700.));
#15840 = B_SPLINE_CURVE_WITH_KNOTS ('', 1, (#15820, #15830), .UNSPECIFIED., .F., .U., (2, 2), (0., 1.), .UNSPECIFIED.);
#15850 = CARTESIAN_POINT ('', (400., 169.765515380229, 3700.));
#15860 = CARTESIAN_POINT ('', (400., 185.163430436071, 4000.));
#15870 = B_SPLINE_CURVE_WITH_KNOTS ('', 1, (#15850, #15860), .UNSPECIFIED., .F., .U., (2, 2), (0., 1.), .UNSPECIFIED.);
#15880 = CARTESIAN_POINT ('', (400., 185.163430436071, 4000.));
#15890 = CARTESIAN_POINT ('', (700., 200.561345491912, 4000.));
#15900 = B_SPLINE_CURVE_WITH_KNOTS ('', 1, (#15880, #15890), .UNSPECIFIED., .F., .U., (2, 2), (0., 1.), .UNSPECIFIED.);
#15910 = CARTESIAN_POINT ('', (700., 200.561345491912, 4000.));
#15920 = CARTESIAN_POINT ('', (700., 216.683330261582, 4314.10716407776));
#15930 = B_SPLINE_CURVE_WITH_KNOTS ('', 1, (#15910, #15920), .UNSPECIFIED., .F., .U., (2, 2), (0., 1.), .UNSPECIFIED.);
#15940 = CARTESIAN_POINT ('', (700., 216.683330261582, 4314.10716407776));
#15950 = CARTESIAN_POINT ('', (700., 213.999794134824, 4486.16882702634));
#15960 = B_SPLINE_CURVE_WITH_KNOTS ('', 1, (#15940, #15950), .UNSPECIFIED., .F., .U., (2, 2), (0., 1.), .UNSPECIFIED.);
#15970 = CARTESIAN_POINT ('', (0., -40.005, 0.));
#15980 = CARTESIAN_POINT ('', (-25.031308716088, -40.005, 500.));
#15990 = B_SPLINE_CURVE_WITH_KNOTS ('', 1, (#15970, #15980), .UNSPECIFIED., .F., .U., (2, 2), (0., 1.), .UNSPECIFIED.);
#16000 = CARTESIAN_POINT ('', (-25.031308716088, -40.005, 500.));
#16010 = CARTESIAN_POINT ('', (-28.1417100897573, -40.005, 598.714479929983));
#16020 = B_SPLINE_CURVE_WITH_KNOTS ('', 1, (#16000, #16010), .UNSPECIFIED., .F., .U., (2, 2), (0., 1.), .UNSPECIFIED.);
#16030 = CARTESIAN_POINT ('', (-28.1417100897573, -40.005, 598.714479929983));
#16040 = CARTESIAN_POINT ('', (-44.9190825726126, -26.8917532305169, 1100.));
#16050 = B_SPLINE_CURVE_WITH_KNOTS ('', 1, (#16030, #16040), .UNSPECIFIED., .F., .U., (2, 2), (0., 1.), .UNSPECIFIED.);
#16060 = CARTESIAN_POINT ('', (-44.9190825726126, -26.8917532305169, 1100.));
#16070 = CARTESIAN_POINT ('', (-47.0010153776821, -25.2645080430921, 1198.81300009084));
#16080 = B_SPLINE_CURVE_WITH_KNOTS ('', 1, (#16060, #16070), .UNSPECIFIED., .F., .U., (2, 2), (0., 1.), .UNSPECIFIED.);
#16090 = CARTESIAN_POINT ('', (-47.0010153776821, -25.2645080430921, 1198.81300009084));
#16100 = CARTESIAN_POINT ('', (-50.1319694282262, -13.6561433396992, 1499.89638834095));
#16110 = B_SPLINE_CURVE_WITH_KNOTS ('', 1, (#16090, #16100), .UNSPECIFIED., .F., .U., (2, 2), (0., 1.), .UNSPECIFIED.);
#16120 = CARTESIAN_POINT ('', (-50.1319694282262, -13.6561433396992, 1499.89638834095));
#16130 = CARTESIAN_POINT ('', (-50.7872518726045, -11.7894501439158, 1600.));
#16140 = B_SPLINE_CURVE_WITH_KNOTS ('', 1, (#16120, #16130), .UNSPECIFIED., .F., .U., (2, 2), (0., 1.), .UNSPECIFIED.);
#16150 = CARTESIAN_POINT ('', (-50.7872518726045, -11.7894501439158, 1600.));
#16160 = CARTESIAN_POINT ('', (-52.8665192672978, -5.86627254136214, 1800.0104282613));
#16170 = B_SPLINE_CURVE_WITH_KNOTS ('', 1, (#16150, #16160), .UNSPECIFIED., .F., .U., (2, 2), (0., 1.), .UNSPECIFIED.);
#16180 = CARTESIAN_POINT ('', (-52.8665192672978, -5.86627254136214, 1800.0104282613));
#16190 = CARTESIAN_POINT ('', (-53.5210718382167, -3.87001723475746, 1900.));
#16200 = B_SPLINE_CURVE_WITH_KNOTS ('', 1, (#16180, #16190), .UNSPECIFIED., .F., .U., (2, 2), (0., 1.), .UNSPECIFIED.);
#16210 = CARTESIAN_POINT ('', (-53.5210718382167, -3.87001723475746, 1900.));
#16220 = CARTESIAN_POINT ('', (-71.4914442853539, 50.9360486995573, 3628.50855571465));
#16230 = B_SPLINE_CURVE_WITH_KNOTS ('', 1, (#16210, #16220), .UNSPECIFIED., .F., .U., (2, 2), (0., 1.), .UNSPECIFIED.);
#16240 = CARTESIAN_POINT ('', (-71.4914442853539, 50.9360486995573, 3628.50855571465));
#16250 = CARTESIAN_POINT ('', (324.392760864249, 63.4884053413863, 3624.39276086425));
#16260 = B_SPLINE_CURVE_WITH_KNOTS ('', 1, (#16240, #16250), .UNSPECIFIED., .F., .U., (2, 2), (0., 1.), .UNSPECIFIED.);
#16270 = CARTESIAN_POINT ('', (324.392760864249, 63.4884053413863, 3624.39276086425));
#16280 = CARTESIAN_POINT ('', (321.305914726452, 72.902672822758, 3921.30591472645));
#16290 = B_SPLINE_CURVE_WITH_KNOTS ('', 1, (#16270, #16280), .UNSPECIFIED., .F., .U., (2, 2), (0., 1.), .UNSPECIFIED.);
#16300 = CARTESIAN_POINT ('', (321.305914726452, 72.902672822758, 3921.30591472645));
#16310 = CARTESIAN_POINT ('', (618.219068588654, 82.3169403041298, 3918.21906858865));
#16320 = B_SPLINE_CURVE_WITH_KNOTS ('', 1, (#16300, #16310), .UNSPECIFIED., .F., .U., (2, 2), (0., 1.), .UNSPECIFIED.);
#16330 = CARTESIAN_POINT ('', (618.219068588654, 82.3169403041298, 3918.21906858865));
#16340 = CARTESIAN_POINT ('', (614.198676774385, 94.578336638722, 4304.92678256236));
#16350 = B_SPLINE_CURVE_WITH_KNOTS ('', 1, (#16330, #16340), .UNSPECIFIED., .F., .U., (2, 2), (0., 1.), .UNSPECIFIED.);
#16360 = CARTESIAN_POINT ('', (614.198676774385, 94.578336638722, 4304.92678256236));
#16370 = CARTESIAN_POINT ('', (616.596699128802, 94.3604147292763, 4495.19952641612));
#16380 = B_SPLINE_CURVE_WITH_KNOTS ('', 1, (#16360, #16370), .UNSPECIFIED., .F., .U., (2, 2), (0., 1.), .UNSPECIFIED.);
#16390 = CARTESIAN_POINT ('', (0., -40.005, 0.));
#16400 = CARTESIAN_POINT ('', (25.031308716088, -40.005, 500.));
#16410 = B_SPLINE_CURVE_WITH_KNOTS ('', 1, (#16390, #16400), .UNSPECIFIED., .F., .U., (2, 2), (0., 1.), .UNSPECIFIED.);
#16420 = CARTESIAN_POINT ('', (25.031308716088, -40.005, 500.));
#16430 = CARTESIAN_POINT ('', (28.1417100897573, -40.005, 598.714479929983));
#16440 = B_SPLINE_CURVE_WITH_KNOTS ('', 1, (#16420, #16430), .UNSPECIFIED., .F., .U., (2, 2), (0., 1.), .UNSPECIFIED.);
#16450 = CARTESIAN_POINT ('', (28.1417100897573, -40.005, 598.714479929983));
#16460 = CARTESIAN_POINT ('', (44.9190825726126, -26.8917532305169, 1100.));
#16470 = B_SPLINE_CURVE_WITH_KNOTS ('', 1, (#16450, #16460), .UNSPECIFIED., .F., .U., (2, 2), (0., 1.), .UNSPECIFIED.);
#16480 = CARTESIAN_POINT ('', (44.9190825726126, -26.8917532305169, 1100.));
#16490 = CARTESIAN_POINT ('', (47.0010153776821, -25.2645080430921, 1198.81300009084));
#16500 = B_SPLINE_CURVE_WITH_KNOTS ('', 1, (#16480, #16490), .UNSPECIFIED., .F., .U., (2, 2), (0., 1.), .UNSPECIFIED.);
#16510 = CARTESIAN_POINT ('', (47.0010153776821, -25.2645080430921, 1198.81300009084));
#16520 = CARTESIAN_POINT ('', (50.1319694282262, -13.6561433396992, 1499.89638834095));
#16530 = B_SPLINE_CURVE_WITH_KNOTS ('', 1, (#16510, #16520), .UNSPECIFIED., .F., .U., (2, 2), (0., 1.), .UNSPECIFIED.);
#16540 = CARTESIAN_POINT ('', (50.1319694282262, -13.6561433396992, 1499.89638834095));
#16550 = CARTESIAN_POINT ('', (50.7872518726045, -11.7894501439158, 1600.));
#16560 = B_SPLINE_CURVE_WITH_KNOTS ('', 1, (#16540, #16550), .UNSPECIFIED., .F., .U., (2, 2), (0., 1.), .UNSPECIFIED.);
#16570 = CARTESIAN_POINT ('', (50.7872518726045, -11.7894501439158, 1600.));
#16580 = CARTESIAN_POINT ('', (52.8665192672978, -5.86627254136214, 1800.0104282613));
#16590 = B_SPLINE_CURVE_WITH_KNOTS ('', 1, (#16570, #16580), .UNSPECIFIED., .F., .U., (2, 2), (0., 1.), .UNSPECIFIED.);
#16600 = CARTESIAN_POINT ('', (52.8665192672978, -5.86627254136214, 1800.0104282613));
#16610 = CARTESIAN_POINT ('', (53.5210718382167, -3.87001723475746, 1900.));
#16620 = B_SPLINE_CURVE_WITH_KNOTS ('', 1, (#16600, #16610), .UNSPECIFIED., .F., .U., (2, 2), (0., 1.), .UNSPECIFIED.);
#16630 = CARTESIAN_POINT ('', (53.5210718382167, -3.87001723475746, 1900.));
#16640 = CARTESIAN_POINT ('', (72.9935772317667, 55.5172557694374, 3772.99357723177));
#16650 = B_SPLINE_CURVE_WITH_KNOTS ('', 1, (#16630, #16640), .UNSPECIFIED., .F., .U., (2, 2), (0., 1.), .UNSPECIFIED.);
#16660 = CARTESIAN_POINT ('', (72.9935772317667, 55.5172557694374, 3772.99357723177));
#16670 = CARTESIAN_POINT ('', (477.195850556718, 68.3333545786726, 3777.19585055672));
#16680 = B_SPLINE_CURVE_WITH_KNOTS ('', 1, (#16660, #16670), .UNSPECIFIED., .F., .U., (2, 2), (0., 1.), .UNSPECIFIED.);
#16690 = CARTESIAN_POINT ('', (477.195850556718, 68.3333545786726, 3777.19585055672));
#16700 = CARTESIAN_POINT ('', (480.347555550431, 77.9454286855989, 4080.34755555043));
#16710 = B_SPLINE_CURVE_WITH_KNOTS ('', 1, (#16690, #16700), .UNSPECIFIED., .F., .U., (2, 2), (0., 1.), .UNSPECIFIED.);
#16720 = CARTESIAN_POINT ('', (480.347555550431, 77.9454286855989, 4080.34755555043));
#16730 = CARTESIAN_POINT ('', (783.499260544144, 87.5575027925252, 4083.49926054414));
#16740 = B_SPLINE_CURVE_WITH_KNOTS ('', 1, (#16720, #16730), .UNSPECIFIED., .F., .U., (2, 2), (0., 1.), .UNSPECIFIED.);
#16750 = CARTESIAN_POINT ('', (783.499260544144, 87.5575027925252, 4083.49926054414));
#16760 = CARTESIAN_POINT ('', (785.801323225615, 94.5783366387221, 4304.92678256236));
#16770 = B_SPLINE_CURVE_WITH_KNOTS ('', 1, (#16750, #16760), .UNSPECIFIED., .F., .U., (2, 2), (0., 1.), .UNSPECIFIED.);
#16780 = CARTESIAN_POINT ('', (785.801323225615, 94.5783366387221, 4304.92678256236));
#16790 = CARTESIAN_POINT ('', (783.403300871198, 94.3604147292763, 4495.19952641612));
#16800 = B_SPLINE_CURVE_WITH_KNOTS ('', 1, (#16780, #16790), .UNSPECIFIED., .F., .U., (2, 2), (0., 1.), .UNSPECIFIED.);
#16810 = CARTESIAN_POINT ('', (0., -66.675, 0.));
#16820 = CARTESIAN_POINT ('', (0., -66.6750000000071, 500.));
#16830 = B_SPLINE_CURVE_WITH_KNOTS ('', 1, (#16810, #16820), .UNSPECIFIED., .F., .U., (2, 2), (0., 1.), .UNSPECIFIED.);
#16840 = CARTESIAN_POINT ('', (0., -66.6750000000071, 500.));
#16850 = CARTESIAN_POINT ('', (0., -66.675000000008, 597.530246874999));
#16860 = B_SPLINE_CURVE_WITH_KNOTS ('', 1, (#16840, #16850), .UNSPECIFIED., .F., .U., (2, 2), (0., 1.), .UNSPECIFIED.);
#16870 = CARTESIAN_POINT ('', (0., -66.675000000008, 597.530246874999));
#16880 = CARTESIAN_POINT ('', (0., -44.7443408405511, 1100.));
#16890 = B_SPLINE_CURVE_WITH_KNOTS ('', 1, (#16870, #16880), .UNSPECIFIED., .F., .U., (2, 2), (0., 1.), .UNSPECIFIED.);
#16900 = CARTESIAN_POINT ('', (0., -44.7443408405511, 1100.));
#16910 = CARTESIAN_POINT ('', (0., -42.0170277280509, 1199.26417831139));
#16920 = B_SPLINE_CURVE_WITH_KNOTS ('', 1, (#16900, #16910), .UNSPECIFIED., .F., .U., (2, 2), (0., 1.), .UNSPECIFIED.);
#16930 = CARTESIAN_POINT ('', (0., -42.0170277280509, 1199.26417831139));
#16940 = CARTESIAN_POINT ('', (0., -22.6750431565754, 1499.71431155553));
#16950 = B_SPLINE_CURVE_WITH_KNOTS ('', 1, (#16930, #16940), .UNSPECIFIED., .F., .U., (2, 2), (0., 1.), .UNSPECIFIED.);
#16960 = CARTESIAN_POINT ('', (0., -22.6750431565754, 1499.71431155553));
#16970 = CARTESIAN_POINT ('', (0., -19.5530133618124, 1600.));
#16980 = B_SPLINE_CURVE_WITH_KNOTS ('', 1, (#16960, #16970), .UNSPECIFIED., .F., .U., (2, 2), (0., 1.), .UNSPECIFIED.);
#16990 = CARTESIAN_POINT ('', (0., -19.5530133618124, 1600.));
#17000 = CARTESIAN_POINT ('', (0., -9.65929314671583, 1800.02827355863));
#17010 = B_SPLINE_CURVE_WITH_KNOTS ('', 1, (#16990, #17000), .UNSPECIFIED., .F., .U., (2, 2), (0., 1.), .UNSPECIFIED.);
#17020 = CARTESIAN_POINT ('', (0., -9.65929314671583, 1800.02827355863));
#17030 = CARTESIAN_POINT ('', (0., -6.3299523308914, 1900.));
#17040 = B_SPLINE_CURVE_WITH_KNOTS ('', 1, (#17020, #17030), .UNSPECIFIED., .F., .U., (2, 2), (0., 1.), .UNSPECIFIED.);
#17050 = CARTESIAN_POINT ('', (0., -6.3299523308914, 1900.));
#17060 = CARTESIAN_POINT ('', (0., 88.9211466188144, 3700.));
#17070 = B_SPLINE_CURVE_WITH_KNOTS ('', 1, (#17050, #17060), .UNSPECIFIED., .F., .U., (2, 2), (0., 1.), .UNSPECIFIED.);
#17080 = CARTESIAN_POINT ('', (0., 88.9211466188144, 3700.));
#17090 = CARTESIAN_POINT ('', (400., 110.088057496527, 3700.));
#17100 = B_SPLINE_CURVE_WITH_KNOTS ('', 1, (#17080, #17090), .UNSPECIFIED., .F., .U., (2, 2), (0., 1.), .UNSPECIFIED.);
#17110 = CARTESIAN_POINT ('', (400., 110.088057496527, 3700.));
#17120 = CARTESIAN_POINT ('', (400., 125.963240654811, 4000.));
#17130 = B_SPLINE_CURVE_WITH_KNOTS ('', 1, (#17110, #17120), .UNSPECIFIED., .F., .U., (2, 2), (0., 1.), .UNSPECIFIED.);
#17140 = CARTESIAN_POINT ('', (400., 125.963240654811, 4000.));
#17150 = CARTESIAN_POINT ('', (700., 141.838423813095, 4000.));
#17160 = B_SPLINE_CURVE_WITH_KNOTS ('', 1, (#17140, #17150), .UNSPECIFIED., .F., .U., (2, 2), (0., 1.), .UNSPECIFIED.);
#17170 = CARTESIAN_POINT ('', (700., 141.838423813095, 4000.));
#17180 = CARTESIAN_POINT ('', (700., 158.112665400463, 4307.54117464545));
#17190 = B_SPLINE_CURVE_WITH_KNOTS ('', 1, (#17170, #17180), .UNSPECIFIED., .F., .U., (2, 2), (0., 1.), .UNSPECIFIED.);
#17200 = CARTESIAN_POINT ('', (700., 158.112665400463, 4307.54117464545));
#17210 = CARTESIAN_POINT ('', (700., 157.752809463437, 4492.4725397674));
#17220 = B_SPLINE_CURVE_WITH_KNOTS ('', 1, (#17200, #17210), .UNSPECIFIED., .F., .U., (2, 2), (0., 1.), .UNSPECIFIED.);
#17230 = CARTESIAN_POINT ('', (0., -66.675, 0.));
#17240 = CARTESIAN_POINT ('', (0., -91.7063087160947, 500.));
#17250 = B_SPLINE_CURVE_WITH_KNOTS ('', 1, (#17230, #17240), .UNSPECIFIED., .F., .U., (2, 2), (0., 1.), .UNSPECIFIED.);
#17260 = CARTESIAN_POINT ('', (0., -91.7063087160947, 500.));
#17270 = CARTESIAN_POINT ('', (0., -94.7002281142878, 595.017703775057));
#17280 = B_SPLINE_CURVE_WITH_KNOTS ('', 1, (#17260, #17270), .UNSPECIFIED., .F., .U., (2, 2), (0., 1.), .UNSPECIFIED.);
#17290 = CARTESIAN_POINT ('', (0., -94.7002281142878, 595.017703775057));
#17300 = CARTESIAN_POINT ('', (0., -88.7629801789013, 1100.));
#17310 = B_SPLINE_CURVE_WITH_KNOTS ('', 1, (#17290, #17300), .UNSPECIFIED., .F., .U., (2, 2), (0., 1.), .UNSPECIFIED.);
#17320 = CARTESIAN_POINT ('', (0., -88.7629801789013, 1100.));
#17330 = CARTESIAN_POINT ('', (0., -88.0464048144125, 1196.76557044363));
#17340 = B_SPLINE_CURVE_WITH_KNOTS ('', 1, (#17320, #17330), .UNSPECIFIED., .F., .U., (2, 2), (0., 1.), .UNSPECIFIED.);
#17350 = CARTESIAN_POINT ('', (0., -88.0464048144125, 1196.76557044363));
#17360 = CARTESIAN_POINT ('', (0., -71.4704109626305, 1497.15772323312));
#17370 = B_SPLINE_CURVE_WITH_KNOTS ('', 1, (#17350, #17360), .UNSPECIFIED., .F., .U., (2, 2), (0., 1.), .UNSPECIFIED.);
#17380 = CARTESIAN_POINT ('', (0., -71.4704109626305, 1497.15772323312));
#17390 = CARTESIAN_POINT ('', (0., -70.9414735401759, 1600.));
#17400 = B_SPLINE_CURVE_WITH_KNOTS ('', 1, (#17380, #17390), .UNSPECIFIED., .F., .U., (2, 2), (0., 1.), .UNSPECIFIED.);
#17410 = CARTESIAN_POINT ('', (0., -70.9414735401759, 1600.));
#17420 = CARTESIAN_POINT ('', (0., -69.2964541557385, 1801.45579330082));
#17430 = B_SPLINE_CURVE_WITH_KNOTS ('', 1, (#17410, #17420), .UNSPECIFIED., .F., .U., (2, 2), (0., 1.), .UNSPECIFIED.);
#17440 = CARTESIAN_POINT ('', (0., -69.2964541557385, 1801.45579330082));
#17450 = CARTESIAN_POINT ('', (0., -67.2567980958269, 1900.));
#17460 = B_SPLINE_CURVE_WITH_KNOTS ('', 1, (#17440, #17450), .UNSPECIFIED., .F., .U., (2, 2), (0., 1.), .UNSPECIFIED.);
#17470 = CARTESIAN_POINT ('', (0., -67.2567980958269, 1900.));
#17480 = CARTESIAN_POINT ('', (0., -8.08840704584279, 3700.));
#17490 = B_SPLINE_CURVE_WITH_KNOTS ('', 1, (#17470, #17480), .UNSPECIFIED., .F., .U., (2, 2), (0., 1.), .UNSPECIFIED.);
#17500 = CARTESIAN_POINT ('', (0., -8.08840704584278, 3700.));
#17510 = CARTESIAN_POINT ('', (400., 5.06012429859813, 3700.));
#17520 = B_SPLINE_CURVE_WITH_KNOTS ('', 1, (#17500, #17510), .UNSPECIFIED., .F., .U., (2, 2), (0., 1.), .UNSPECIFIED.);
#17530 = CARTESIAN_POINT ('', (400., 5.06012429859813, 3700.));
#17540 = CARTESIAN_POINT ('', (400., 14.9215228069288, 4000.));
#17550 = B_SPLINE_CURVE_WITH_KNOTS ('', 1, (#17530, #17540), .UNSPECIFIED., .F., .U., (2, 2), (0., 1.), .UNSPECIFIED.);
#17560 = CARTESIAN_POINT ('', (400., 14.9215228069288, 4000.));
#17570 = CARTESIAN_POINT ('', (700., 24.7829213152595, 4000.));
#17580 = B_SPLINE_CURVE_WITH_KNOTS ('', 1, (#17560, #17570), .UNSPECIFIED., .F., .U., (2, 2), (0., 1.), .UNSPECIFIED.);
#17590 = CARTESIAN_POINT ('', (700., 24.7829213152595, 4000.));
#17600 = CARTESIAN_POINT ('', (700., 34.6562809329398, 4300.36387666535));
#17610 = B_SPLINE_CURVE_WITH_KNOTS ('', 1, (#17590, #17600), .UNSPECIFIED., .F., .U., (2, 2), (0., 1.), .UNSPECIFIED.);
#17620 = CARTESIAN_POINT ('', (700., 34.6562809329398, 4300.36387666535));
#17630 = CARTESIAN_POINT ('', (700., 37.2298349538431, 4499.58002439179));
#17640 = B_SPLINE_CURVE_WITH_KNOTS ('', 1, (#17620, #17630), .UNSPECIFIED., .F., .U., (2, 2), (0., 1.), .UNSPECIFIED.);
#17650 = CARTESIAN_POINT ('', (0., -66.675, 0.));
#17660 = CARTESIAN_POINT ('', (0., -41.6436912839195, 500.));
#17670 = B_SPLINE_CURVE_WITH_KNOTS ('', 1, (#17650, #17660), .UNSPECIFIED., .F., .U., (2, 2), (0., 1.), .UNSPECIFIED.);
#17680 = CARTESIAN_POINT ('', (0., -41.6436912839195, 500.));
#17690 = CARTESIAN_POINT ('', (0., -38.5187565004865, 599.17572522092));
#17700 = B_SPLINE_CURVE_WITH_KNOTS ('', 1, (#17680, #17690), .UNSPECIFIED., .F., .U., (2, 2), (0., 1.), .UNSPECIFIED.);
#17710 = CARTESIAN_POINT ('', (0., -38.5187565004865, 599.17572522092));
#17720 = CARTESIAN_POINT ('', (0., -0.73091124507679, 1100.));
#17730 = B_SPLINE_CURVE_WITH_KNOTS ('', 1, (#17710, #17720), .UNSPECIFIED., .F., .U., (2, 2), (0., 1.), .UNSPECIFIED.);
#17740 = CARTESIAN_POINT ('', (0., -0.73091124507679, 1100.));
#17750 = CARTESIAN_POINT ('', (0., 4.01307284505831, 1199.99328966721));
#17760 = B_SPLINE_CURVE_WITH_KNOTS ('', 1, (#17740, #17750), .UNSPECIFIED., .F., .U., (2, 2), (0., 1.), .UNSPECIFIED.);
#17770 = CARTESIAN_POINT ('', (0., 4.01307284505831, 1199.99328966721));
#17780 = CARTESIAN_POINT ('', (0., 26.0259251835674, 1499.62361641874));
#17790 = B_SPLINE_CURVE_WITH_KNOTS ('', 1, (#17770, #17780), .UNSPECIFIED., .F., .U., (2, 2), (0., 1.), .UNSPECIFIED.);
#17800 = CARTESIAN_POINT ('', (0., 26.0259251835674, 1499.62361641874));
#17810 = CARTESIAN_POINT ('', (0., 31.7425749403664, 1600.));
#17820 = B_SPLINE_CURVE_WITH_KNOTS ('', 1, (#17800, #17810), .UNSPECIFIED., .F., .U., (2, 2), (0., 1.), .UNSPECIFIED.);
#17830 = CARTESIAN_POINT ('', (0., 31.7425749403664, 1600.));
#17840 = CARTESIAN_POINT ('', (0., 49.9396652440964, 1800.75592169161));
#17850 = B_SPLINE_CURVE_WITH_KNOTS ('', 1, (#17830, #17840), .UNSPECIFIED., .F., .U., (2, 2), (0., 1.), .UNSPECIFIED.);
#17860 = CARTESIAN_POINT ('', (0., 49.9396652440964, 1800.75592169161));
#17870 = CARTESIAN_POINT ('', (0., 54.4704986711373, 1900.));
#17880 = B_SPLINE_CURVE_WITH_KNOTS ('', 1, (#17860, #17870), .UNSPECIFIED., .F., .U., (2, 2), (0., 1.), .UNSPECIFIED.);
#17890 = CARTESIAN_POINT ('', (0., 54.4704986711373, 1900.));
#17900 = CARTESIAN_POINT ('', (0., 185.143298196768, 3700.));
#17910 = B_SPLINE_CURVE_WITH_KNOTS ('', 1, (#17890, #17900), .UNSPECIFIED., .F., .U., (2, 2), (0., 1.), .UNSPECIFIED.);
#17920 = CARTESIAN_POINT ('', (0., 185.143298196768, 3700.));
#17930 = CARTESIAN_POINT ('', (400., 214.181698091353, 3700.));
#17940 = B_SPLINE_CURVE_WITH_KNOTS ('', 1, (#17920, #17930), .UNSPECIFIED., .F., .U., (2, 2), (0., 1.), .UNSPECIFIED.);
#17950 = CARTESIAN_POINT ('', (400., 214.181698091353, 3700.));
#17960 = CARTESIAN_POINT ('', (400., 235.960498012292, 4000.));
#17970 = B_SPLINE_CURVE_WITH_KNOTS ('', 1, (#17950, #17960), .UNSPECIFIED., .F., .U., (2, 2), (0., 1.), .UNSPECIFIED.);
#17980 = CARTESIAN_POINT ('', (400., 235.960498012292, 4000.));
#17990 = CARTESIAN_POINT ('', (700., 257.73929793323, 4000.));
#18000 = B_SPLINE_CURVE_WITH_KNOTS ('', 1, (#17980, #17990), .UNSPECIFIED., .F., .U., (2, 2), (0., 1.), .UNSPECIFIED.);
#18010 = CARTESIAN_POINT ('', (700., 257.73929793323, 4000.));
#18020 = CARTESIAN_POINT ('', (700., 281.233466667999, 4323.62897156947));
#18030 = B_SPLINE_CURVE_WITH_KNOTS ('', 1, (#18010, #18020), .UNSPECIFIED., .F., .U., (2, 2), (0., 1.), .UNSPECIFIED.);
#18040 = CARTESIAN_POINT ('', (700., 281.233466667999, 4323.62897156947));
#18050 = CARTESIAN_POINT ('', (700., 278.7894319275, 4476.58037446476));
#18060 = B_SPLINE_CURVE_WITH_KNOTS ('', 1, (#18040, #18050), .UNSPECIFIED., .F., .U., (2, 2), (0., 1.), .UNSPECIFIED.);
#18070 = CARTESIAN_POINT ('', (0., -66.675, 0.));
#18080 = CARTESIAN_POINT ('', (-25.031308716088, -66.6750000000071, 500.));
#18090 = B_SPLINE_CURVE_WITH_KNOTS ('', 1, (#18070, #18080), .UNSPECIFIED., .F., .U., (2, 2), (0., 1.), .UNSPECIFIED.);
#18100 = CARTESIAN_POINT ('', (-25.031308716088, -66.6750000000071, 500.));
#18110 = CARTESIAN_POINT ('', (-28.0919299606723, -66.675000000008, 597.134613230121));
#18120 = B_SPLINE_CURVE_WITH_KNOTS ('', 1, (#18100, #18110), .UNSPECIFIED., .F., .U., (2, 2), (0., 1.), .UNSPECIFIED.);
#18130 = CARTESIAN_POINT ('', (-28.0919299606723, -66.675000000008, 597.134613230121));
#18140 = CARTESIAN_POINT ('', (-44.9253662227216, -44.7145844912418, 1100.));
#18150 = B_SPLINE_CURVE_WITH_KNOTS ('', 1, (#18130, #18140), .UNSPECIFIED., .F., .U., (2, 2), (0., 1.), .UNSPECIFIED.);
#18160 = CARTESIAN_POINT ('', (-44.9253662227216, -44.7145844912418, 1100.));
#18170 = CARTESIAN_POINT ('', (-46.9970283373045, -42.0119538386652, 1198.34313744525));
#18180 = B_SPLINE_CURVE_WITH_KNOTS ('', 1, (#18160, #18170), .UNSPECIFIED., .F., .U., (2, 2), (0., 1.), .UNSPECIFIED.);
#18190 = CARTESIAN_POINT ('', (-46.9970283373045, -42.0119538386652, 1198.34313744525));
#18200 = CARTESIAN_POINT ('', (-50.1176327810903, -22.6085280903232, 1499.71598544073));
#18210 = B_SPLINE_CURVE_WITH_KNOTS ('', 1, (#18190, #18200), .UNSPECIFIED., .F., .U., (2, 2), (0., 1.), .UNSPECIFIED.);
#18220 = CARTESIAN_POINT ('', (-50.1176327810903, -22.6085280903232, 1499.71598544073));
#18230 = CARTESIAN_POINT ('', (-50.7706353664122, -19.4835492924814, 1600.));
#18240 = B_SPLINE_CURVE_WITH_KNOTS ('', 1, (#18220, #18230), .UNSPECIFIED., .F., .U., (2, 2), (0., 1.), .UNSPECIFIED.);
#18250 = CARTESIAN_POINT ('', (-50.7706353664122, -19.4835492924814, 1600.));
#18260 = CARTESIAN_POINT ('', (-52.8401016971743, -9.58000748140175, 1800.02781130812));
#18270 = B_SPLINE_CURVE_WITH_KNOTS ('', 1, (#18250, #18260), .UNSPECIFIED., .F., .U., (2, 2), (0., 1.), .UNSPECIFIED.);
#18280 = CARTESIAN_POINT ('', (-52.8401016971743, -9.58000748140175, 1800.02781130812));
#18290 = CARTESIAN_POINT ('', (-53.4911189722406, -6.24942857477166, 1900.));
#18300 = B_SPLINE_CURVE_WITH_KNOTS ('', 1, (#18280, #18290), .UNSPECIFIED., .F., .U., (2, 2), (0., 1.), .UNSPECIFIED.);
#18310 = CARTESIAN_POINT ('', (-53.4911189722406, -6.24942857477166, 1900.));
#18320 = CARTESIAN_POINT ('', (-71.3783853440133, 85.2611263010952, 3628.62161465599));
#18330 = B_SPLINE_CURVE_WITH_KNOTS ('', 1, (#18310, #18320), .UNSPECIFIED., .F., .U., (2, 2), (0., 1.), .UNSPECIFIED.);
#18340 = CARTESIAN_POINT ('', (-71.3783853440133, 85.2611263010952, 3628.62161465599));
#18350 = CARTESIAN_POINT ('', (324.5249240371, 106.219635214492, 3624.5249240371));
#18360 = B_SPLINE_CURVE_WITH_KNOTS ('', 1, (#18340, #18350), .UNSPECIFIED., .F., .U., (2, 2), (0., 1.), .UNSPECIFIED.);
#18370 = CARTESIAN_POINT ('', (324.5249240371, 106.219635214492, 3624.5249240371));
#18380 = CARTESIAN_POINT ('', (321.452406072935, 121.938516899539, 3921.45240607293));
#18390 = B_SPLINE_CURVE_WITH_KNOTS ('', 1, (#18370, #18380), .UNSPECIFIED., .F., .U., (2, 2), (0., 1.), .UNSPECIFIED.);
#18400 = CARTESIAN_POINT ('', (321.452406072935, 121.938516899539, 3921.45240607293));
#18410 = CARTESIAN_POINT ('', (618.379888108769, 137.657398584587, 3918.37988810877));
#18420 = B_SPLINE_CURVE_WITH_KNOTS ('', 1, (#18400, #18410), .UNSPECIFIED., .F., .U., (2, 2), (0., 1.), .UNSPECIFIED.);
#18430 = CARTESIAN_POINT ('', (618.379888108769, 137.657398584587, 3918.37988810877));
#18440 = CARTESIAN_POINT ('', (614.329927613352, 158.376838014744, 4309.76720830489));
#18450 = B_SPLINE_CURVE_WITH_KNOTS ('', 1, (#18430, #18440), .UNSPECIFIED., .F., .U., (2, 2), (0., 1.), .UNSPECIFIED.);
#18460 = CARTESIAN_POINT ('', (614.329927613352, 158.376838014744, 4309.76720830489));
#18470 = CARTESIAN_POINT ('', (616.592292773597, 158.03462106548, 4490.34629338215));
#18480 = B_SPLINE_CURVE_WITH_KNOTS ('', 1, (#18460, #18470), .UNSPECIFIED., .F., .U., (2, 2), (0., 1.), .UNSPECIFIED.);
#18490 = CARTESIAN_POINT ('', (0., -66.675, 0.));
#18500 = CARTESIAN_POINT ('', (25.031308716088, -66.6750000000071, 500.));
#18510 = B_SPLINE_CURVE_WITH_KNOTS ('', 1, (#18490, #18500), .UNSPECIFIED., .F., .U., (2, 2), (0., 1.), .UNSPECIFIED.);
#18520 = CARTESIAN_POINT ('', (25.031308716088, -66.6750000000071, 500.));
#18530 = CARTESIAN_POINT ('', (28.0919299606723, -66.675000000008, 597.134613230121));
#18540 = B_SPLINE_CURVE_WITH_KNOTS ('', 1, (#18520, #18530), .UNSPECIFIED., .F., .U., (2, 2), (0., 1.), .UNSPECIFIED.);
#18550 = CARTESIAN_POINT ('', (28.0919299606723, -66.675000000008, 597.134613230121));
#18560 = CARTESIAN_POINT ('', (44.9253662227216, -44.7145844912418, 1100.));
#18570 = B_SPLINE_CURVE_WITH_KNOTS ('', 1, (#18550, #18560), .UNSPECIFIED., .F., .U., (2, 2), (0., 1.), .UNSPECIFIED.);
#18580 = CARTESIAN_POINT ('', (44.9253662227216, -44.7145844912418, 1100.));
#18590 = CARTESIAN_POINT ('', (46.9970283373045, -42.0119538386652, 1198.34313744525));
#18600 = B_SPLINE_CURVE_WITH_KNOTS ('', 1, (#18580, #18590), .UNSPECIFIED., .F., .U., (2, 2), (0., 1.), .UNSPECIFIED.);
#18610 = CARTESIAN_POINT ('', (46.9970283373045, -42.0119538386652, 1198.34313744525));
#18620 = CARTESIAN_POINT ('', (50.1176327810903, -22.6085280903232, 1499.71598544073));
#18630 = B_SPLINE_CURVE_WITH_KNOTS ('', 1, (#18610, #18620), .UNSPECIFIED., .F., .U., (2, 2), (0., 1.), .UNSPECIFIED.);
#18640 = CARTESIAN_POINT ('', (50.1176327810903, -22.6085280903232, 1499.71598544073));
#18650 = CARTESIAN_POINT ('', (50.7706353664122, -19.4835492924814, 1600.));
#18660 = B_SPLINE_CURVE_WITH_KNOTS ('', 1, (#18640, #18650), .UNSPECIFIED., .F., .U., (2, 2), (0., 1.), .UNSPECIFIED.);
#18670 = CARTESIAN_POINT ('', (50.7706353664122, -19.4835492924814, 1600.));
#18680 = CARTESIAN_POINT ('', (52.8401016971743, -9.58000748140175, 1800.02781130812));
#18690 = B_SPLINE_CURVE_WITH_KNOTS ('', 1, (#18670, #18680), .UNSPECIFIED., .F., .U., (2, 2), (0., 1.), .UNSPECIFIED.);
#18700 = CARTESIAN_POINT ('', (52.8401016971743, -9.58000748140175, 1800.02781130812));
#18710 = CARTESIAN_POINT ('', (53.4911189722406, -6.24942857477166, 1900.));
#18720 = B_SPLINE_CURVE_WITH_KNOTS ('', 1, (#18700, #18710), .UNSPECIFIED., .F., .U., (2, 2), (0., 1.), .UNSPECIFIED.);
#18730 = CARTESIAN_POINT ('', (53.4911189722406, -6.24942857477166, 1900.));
#18740 = CARTESIAN_POINT ('', (72.8710357875096, 92.8974675665, 3772.87103578751));
#18750 = B_SPLINE_CURVE_WITH_KNOTS ('', 1, (#18730, #18740), .UNSPECIFIED., .F., .U., (2, 2), (0., 1.), .UNSPECIFIED.);
#18760 = CARTESIAN_POINT ('', (72.8710357875096, 92.8974675665, 3772.87103578751));
#18770 = CARTESIAN_POINT ('', (477.053395576968, 114.294256604529, 3777.05339557697));
#18780 = B_SPLINE_CURVE_WITH_KNOTS ('', 1, (#18760, #18770), .UNSPECIFIED., .F., .U., (2, 2), (0., 1.), .UNSPECIFIED.);
#18790 = CARTESIAN_POINT ('', (477.053395576968, 114.294256604529, 3777.05339557697));
#18800 = CARTESIAN_POINT ('', (480.190165419062, 130.34184838305, 4080.19016541906));
#18810 = B_SPLINE_CURVE_WITH_KNOTS ('', 1, (#18790, #18800), .UNSPECIFIED., .F., .U., (2, 2), (0., 1.), .UNSPECIFIED.);
#18820 = CARTESIAN_POINT ('', (480.190165419062, 130.34184838305, 4080.19016541906));
#18830 = CARTESIAN_POINT ('', (783.326935261155, 146.389440161572, 4083.32693526116));
#18840 = B_SPLINE_CURVE_WITH_KNOTS ('', 1, (#18820, #18830), .UNSPECIFIED., .F., .U., (2, 2), (0., 1.), .UNSPECIFIED.);
#18850 = CARTESIAN_POINT ('', (783.326935261155, 146.389440161572, 4083.32693526116));
#18860 = CARTESIAN_POINT ('', (785.670072386648, 158.376838014744, 4309.76720830489));
#18870 = B_SPLINE_CURVE_WITH_KNOTS ('', 1, (#18850, #18860), .UNSPECIFIED., .F., .U., (2, 2), (0., 1.), .UNSPECIFIED.);
#18880 = CARTESIAN_POINT ('', (785.670072386648, 158.376838014744, 4309.76720830489));
#18890 = CARTESIAN_POINT ('', (783.407707226403, 158.03462106548, 4490.34629338215));
#18900 = B_SPLINE_CURVE_WITH_KNOTS ('', 1, (#18880, #18890), .UNSPECIFIED., .F., .U., (2, 2), (0., 1.), .UNSPECIFIED.);
#18910 = CARTESIAN_POINT ('', (0., -93.345, 0.));
#18920 = CARTESIAN_POINT ('', (0., -93.3450000000071, 500.));
#18930 = B_SPLINE_CURVE_WITH_KNOTS ('', 1, (#18910, #18920), .UNSPECIFIED., .F., .U., (2, 2), (0., 1.), .UNSPECIFIED.);
#18940 = CARTESIAN_POINT ('', (0., -93.3450000000071, 500.));
#18950 = CARTESIAN_POINT ('', (0., -93.345000000008, 595.159283874999));
#18960 = B_SPLINE_CURVE_WITH_KNOTS ('', 1, (#18940, #18950), .UNSPECIFIED., .F., .U., (2, 2), (0., 1.), .UNSPECIFIED.);
#18970 = CARTESIAN_POINT ('', (0., -93.345000000008, 595.159283874999));
#18980 = CARTESIAN_POINT ('', (0., -62.4205265209409, 1100.));
#18990 = B_SPLINE_CURVE_WITH_KNOTS ('', 1, (#18970, #18980), .UNSPECIFIED., .F., .U., (2, 2), (0., 1.), .UNSPECIFIED.);
#19000 = CARTESIAN_POINT ('', (0., -62.4205265209409, 1100.));
#19010 = CARTESIAN_POINT ('', (0., -58.6217849897005, 1198.56726399674));
#19020 = B_SPLINE_CURVE_WITH_KNOTS ('', 1, (#19000, #19010), .UNSPECIFIED., .F., .U., (2, 2), (0., 1.), .UNSPECIFIED.);
#19030 = CARTESIAN_POINT ('', (0., -58.6217849897005, 1198.56726399674));
#19040 = CARTESIAN_POINT ('', (0., -31.4247863377626, 1499.45121201965));
#19050 = B_SPLINE_CURVE_WITH_KNOTS ('', 1, (#19030, #19040), .UNSPECIFIED., .F., .U., (2, 2), (0., 1.), .UNSPECIFIED.);
#19060 = CARTESIAN_POINT ('', (0., -31.4247863377626, 1499.45121201965));
#19070 = CARTESIAN_POINT ('', (0., -27.0250522571479, 1600.));
#19080 = B_SPLINE_CURVE_WITH_KNOTS ('', 1, (#19060, #19070), .UNSPECIFIED., .F., .U., (2, 2), (0., 1.), .UNSPECIFIED.);
#19090 = CARTESIAN_POINT ('', (0., -27.0250522571479, 1600.));
#19100 = CARTESIAN_POINT ('', (0., -13.1070897604846, 1800.05206015523));
#19110 = B_SPLINE_CURVE_WITH_KNOTS ('', 1, (#19090, #19100), .UNSPECIFIED., .F., .U., (2, 2), (0., 1.), .UNSPECIFIED.);
#19120 = CARTESIAN_POINT ('', (0., -13.1070897604846, 1800.05206015523));
#19130 = CARTESIAN_POINT ('', (0., -8.43852516881856, 1900.));
#19140 = B_SPLINE_CURVE_WITH_KNOTS ('', 1, (#19120, #19130), .UNSPECIFIED., .F., .U., (2, 2), (0., 1.), .UNSPECIFIED.);
#19150 = CARTESIAN_POINT ('', (0., -8.43852516881856, 1900.));
#19160 = CARTESIAN_POINT ('', (0., 125.268292840712, 3700.));
#19170 = B_SPLINE_CURVE_WITH_KNOTS ('', 1, (#19150, #19160), .UNSPECIFIED., .F., .U., (2, 2), (0., 1.), .UNSPECIFIED.);
#19180 = CARTESIAN_POINT ('', (0., 125.268292840712, 3700.));
#19190 = CARTESIAN_POINT ('', (400., 154.980919065052, 3700.));
#19200 = B_SPLINE_CURVE_WITH_KNOTS ('', 1, (#19180, #19190), .UNSPECIFIED., .F., .U., (2, 2), (0., 1.), .UNSPECIFIED.);
#19210 = CARTESIAN_POINT ('', (400., 154.980919065052, 3700.));
#19220 = CARTESIAN_POINT ('', (400., 177.265388733307, 4000.));
#19230 = B_SPLINE_CURVE_WITH_KNOTS ('', 1, (#19210, #19220), .UNSPECIFIED., .F., .U., (2, 2), (0., 1.), .UNSPECIFIED.);
#19240 = CARTESIAN_POINT ('', (400., 177.265388733307, 4000.));
#19250 = CARTESIAN_POINT ('', (700., 199.549858401562, 4000.));
#19260 = B_SPLINE_CURVE_WITH_KNOTS ('', 1, (#19240, #19250), .UNSPECIFIED., .F., .U., (2, 2), (0., 1.), .UNSPECIFIED.);
#19270 = CARTESIAN_POINT ('', (700., 199.549858401562, 4000.));
#19280 = CARTESIAN_POINT ('', (700., 222.943104617399, 4314.92667176857));
#19290 = B_SPLINE_CURVE_WITH_KNOTS ('', 1, (#19270, #19280), .UNSPECIFIED., .F., .U., (2, 2), (0., 1.), .UNSPECIFIED.);
#19300 = CARTESIAN_POINT ('', (700., 222.943104617399, 4314.92667176857));
#19310 = CARTESIAN_POINT ('', (700., 222.485056763627, 4485.05427252506));
#19320 = B_SPLINE_CURVE_WITH_KNOTS ('', 1, (#19300, #19310), .UNSPECIFIED., .F., .U., (2, 2), (0., 1.), .UNSPECIFIED.);
#19330 = CARTESIAN_POINT ('', (0., -93.345, 0.));
#19340 = CARTESIAN_POINT ('', (0., -118.376308716095, 500.));
#19350 = B_SPLINE_CURVE_WITH_KNOTS ('', 1, (#19330, #19340), .UNSPECIFIED., .F., .U., (2, 2), (0., 1.), .UNSPECIFIED.);
#19360 = CARTESIAN_POINT ('', (0., -118.376308716095, 500.));
#19370 = CARTESIAN_POINT ('', (0., -121.269780240822, 591.829800222413));
#19380 = B_SPLINE_CURVE_WITH_KNOTS ('', 1, (#19360, #19370), .UNSPECIFIED., .F., .U., (2, 2), (0., 1.), .UNSPECIFIED.);
#19390 = CARTESIAN_POINT ('', (0., -121.269780240822, 591.829800222413));
#19400 = CARTESIAN_POINT ('', (0., -106.459933955719, 1100.));
#19410 = B_SPLINE_CURVE_WITH_KNOTS ('', 1, (#19390, #19400), .UNSPECIFIED., .F., .U., (2, 2), (0., 1.), .UNSPECIFIED.);
#19420 = CARTESIAN_POINT ('', (0., -106.459933955719, 1100.));
#19430 = CARTESIAN_POINT ('', (0., -104.708744456078, 1195.42297068211));
#19440 = B_SPLINE_CURVE_WITH_KNOTS ('', 1, (#19420, #19430), .UNSPECIFIED., .F., .U., (2, 2), (0., 1.), .UNSPECIFIED.);
#19450 = CARTESIAN_POINT ('', (0., -104.708744456078, 1195.42297068211));
#19460 = CARTESIAN_POINT ('', (0., -80.2890027299328, 1496.41155505752));
#19470 = B_SPLINE_CURVE_WITH_KNOTS ('', 1, (#19450, #19460), .UNSPECIFIED., .F., .U., (2, 2), (0., 1.), .UNSPECIFIED.);
#19480 = CARTESIAN_POINT ('', (0., -80.2890027299328, 1496.41155505752));
#19490 = CARTESIAN_POINT ('', (0., -78.4642617614407, 1600.));
#19500 = B_SPLINE_CURVE_WITH_KNOTS ('', 1, (#19480, #19490), .UNSPECIFIED., .F., .U., (2, 2), (0., 1.), .UNSPECIFIED.);
#19510 = CARTESIAN_POINT ('', (0., -78.4642617614407, 1600.));
#19520 = CARTESIAN_POINT ('', (0., -72.8246421458663, 1801.60788296706));
#19530 = B_SPLINE_CURVE_WITH_KNOTS ('', 1, (#19510, #19520), .UNSPECIFIED., .F., .U., (2, 2), (0., 1.), .UNSPECIFIED.);
#19540 = CARTESIAN_POINT ('', (0., -72.8246421458663, 1801.60788296706));
#19550 = CARTESIAN_POINT ('', (0., -69.4822955900213, 1900.));
#19560 = B_SPLINE_CURVE_WITH_KNOTS ('', 1, (#19540, #19550), .UNSPECIFIED., .F., .U., (2, 2), (0., 1.), .UNSPECIFIED.);
#19570 = CARTESIAN_POINT ('', (0., -69.4822955900213, 1900.));
#19580 = CARTESIAN_POINT ('', (0., 27.6793682007611, 3700.));
#19590 = B_SPLINE_CURVE_WITH_KNOTS ('', 1, (#19570, #19580), .UNSPECIFIED., .F., .U., (2, 2), (0., 1.), .UNSPECIFIED.);
#19600 = CARTESIAN_POINT ('', (0., 27.6793682007611, 3700.));
#19610 = CARTESIAN_POINT ('', (400., 49.2708490431572, 3700.));
#19620 = B_SPLINE_CURVE_WITH_KNOTS ('', 1, (#19600, #19610), .UNSPECIFIED., .F., .U., (2, 2), (0., 1.), .UNSPECIFIED.);
#19630 = CARTESIAN_POINT ('', (400., 49.2708490431572, 3700.));
#19640 = CARTESIAN_POINT ('', (400., 65.4644596749543, 4000.));
#19650 = B_SPLINE_CURVE_WITH_KNOTS ('', 1, (#19630, #19640), .UNSPECIFIED., .F., .U., (2, 2), (0., 1.), .UNSPECIFIED.);
#19660 = CARTESIAN_POINT ('', (400., 65.4644596749543, 4000.));
#19670 = CARTESIAN_POINT ('', (700., 81.6580703067514, 4000.));
#19680 = B_SPLINE_CURVE_WITH_KNOTS ('', 1, (#19660, #19670), .UNSPECIFIED., .F., .U., (2, 2), (0., 1.), .UNSPECIFIED.);
#19690 = CARTESIAN_POINT ('', (700., 81.6580703067514, 4000.));
#19700 = CARTESIAN_POINT ('', (700., 98.008526446926, 4302.90569247237));
#19710 = B_SPLINE_CURVE_WITH_KNOTS ('', 1, (#19690, #19700), .UNSPECIFIED., .F., .U., (2, 2), (0., 1.), .UNSPECIFIED.);
#19720 = CARTESIAN_POINT ('', (700., 98.008526446926, 4302.90569247237));
#19730 = CARTESIAN_POINT ('', (700., 100.335659719497, 4496.95157264126));
#19740 = B_SPLINE_CURVE_WITH_KNOTS ('', 1, (#19720, #19730), .UNSPECIFIED., .F., .U., (2, 2), (0., 1.), .UNSPECIFIED.);
#19750 = CARTESIAN_POINT ('', (0., -93.345, 0.));
#19760 = CARTESIAN_POINT ('', (0., -68.3136912839195, 500.));
#19770 = B_SPLINE_CURVE_WITH_KNOTS ('', 1, (#19750, #19760), .UNSPECIFIED., .F., .U., (2, 2), (0., 1.), .UNSPECIFIED.);
#19780 = CARTESIAN_POINT ('', (0., -68.3136912839195, 500.));
#19790 = CARTESIAN_POINT ('', (0., -65.2372841191658, 597.635609311531));
#19800 = B_SPLINE_CURVE_WITH_KNOTS ('', 1, (#19780, #19790), .UNSPECIFIED., .F., .U., (2, 2), (0., 1.), .UNSPECIFIED.);
#19810 = CARTESIAN_POINT ('', (0., -65.2372841191658, 597.635609311531));
#19820 = CARTESIAN_POINT ('', (0., -18.389822484394, 1100.));
#19830 = B_SPLINE_CURVE_WITH_KNOTS ('', 1, (#19810, #19820), .UNSPECIFIED., .F., .U., (2, 2), (0., 1.), .UNSPECIFIED.);
#19840 = CARTESIAN_POINT ('', (0., -18.389822484394, 1100.));
#19850 = CARTESIAN_POINT ('', (0., -12.5352302992289, 1199.93452654774));
#19860 = B_SPLINE_CURVE_WITH_KNOTS ('', 1, (#19840, #19850), .UNSPECIFIED., .F., .U., (2, 2), (0., 1.), .UNSPECIFIED.);
#19870 = CARTESIAN_POINT ('', (0., -12.5352302992289, 1199.93452654774));
#19880 = CARTESIAN_POINT ('', (0., 17.3052461502131, 1499.8336115392));
#19890 = B_SPLINE_CURVE_WITH_KNOTS ('', 1, (#19870, #19880), .UNSPECIFIED., .F., .U., (2, 2), (0., 1.), .UNSPECIFIED.);
#19900 = CARTESIAN_POINT ('', (0., 17.3052461502131, 1499.8336115392));
#19910 = CARTESIAN_POINT ('', (0., 24.2833119546298, 1600.));
#19920 = B_SPLINE_CURVE_WITH_KNOTS ('', 1, (#19900, #19910), .UNSPECIFIED., .F., .U., (2, 2), (0., 1.), .UNSPECIFIED.);
#19930 = CARTESIAN_POINT ('', (0., 24.2833119546298, 1600.));
#19940 = CARTESIAN_POINT ('', (0., 46.558722149732, 1800.65701402292));
#19950 = B_SPLINE_CURVE_WITH_KNOTS ('', 1, (#19930, #19940), .UNSPECIFIED., .F., .U., (2, 2), (0., 1.), .UNSPECIFIED.);
#19960 = CARTESIAN_POINT ('', (0., 46.558722149732, 1800.65701402292));
#19970 = CARTESIAN_POINT ('', (0., 52.4290484080639, 1900.));
#19980 = B_SPLINE_CURVE_WITH_KNOTS ('', 1, (#19960, #19970), .UNSPECIFIED., .F., .U., (2, 2), (0., 1.), .UNSPECIFIED.);
#19990 = CARTESIAN_POINT ('', (0., 52.4290484080639, 1900.));
#20000 = CARTESIAN_POINT ('', (0., 221.747182683879, 3700.));
#20010 = B_SPLINE_CURVE_WITH_KNOTS ('', 1, (#19990, #20000), .UNSPECIFIED., .F., .U., (2, 2), (0., 1.), .UNSPECIFIED.);
#20020 = CARTESIAN_POINT ('', (0., 221.747182683879, 3700.));
#20030 = CARTESIAN_POINT ('', (400., 259.373434745171, 3700.));
#20040 = B_SPLINE_CURVE_WITH_KNOTS ('', 1, (#20020, #20030), .UNSPECIFIED., .F., .U., (2, 2), (0., 1.), .UNSPECIFIED.);
#20050 = CARTESIAN_POINT ('', (400., 259.373434745171, 3700.));
#20060 = CARTESIAN_POINT ('', (400., 287.59312379114, 4000.));
#20070 = B_SPLINE_CURVE_WITH_KNOTS ('', 1, (#20050, #20060), .UNSPECIFIED., .F., .U., (2, 2), (0., 1.), .UNSPECIFIED.);
#20080 = CARTESIAN_POINT ('', (400., 287.59312379114, 4000.));
#20090 = CARTESIAN_POINT ('', (700., 315.81281283711, 4000.));
#20100 = B_SPLINE_CURVE_WITH_KNOTS ('', 1, (#20080, #20090), .UNSPECIFIED., .F., .U., (2, 2), (0., 1.), .UNSPECIFIED.);
#20110 = CARTESIAN_POINT ('', (700., 315.81281283711, 4000.));
#20120 = CARTESIAN_POINT ('', (700., 347.399592390305, 4335.7951198726));
#20130 = B_SPLINE_CURVE_WITH_KNOTS ('', 1, (#20110, #20120), .UNSPECIFIED., .F., .U., (2, 2), (0., 1.), .UNSPECIFIED.);
#20140 = CARTESIAN_POINT ('', (700., 347.399592390305, 4335.7951198726));
#20150 = CARTESIAN_POINT ('', (700., 345.315401054256, 4464.17694151816));
#20160 = B_SPLINE_CURVE_WITH_KNOTS ('', 1, (#20140, #20150), .UNSPECIFIED., .F., .U., (2, 2), (0., 1.), .UNSPECIFIED.);
#20170 = CARTESIAN_POINT ('', (0., -93.345, 0.));
#20180 = CARTESIAN_POINT ('', (-25.031308716088, -93.3450000000071, 500.));
#20190 = B_SPLINE_CURVE_WITH_KNOTS ('', 1, (#20170, #20180), .UNSPECIFIED., .F., .U., (2, 2), (0., 1.), .UNSPECIFIED.);
#20200 = CARTESIAN_POINT ('', (-25.031308716088, -93.3450000000071, 500.));
#20210 = CARTESIAN_POINT ('', (-28.0172597654002, -93.345000000008, 594.764813128128));
#20220 = B_SPLINE_CURVE_WITH_KNOTS ('', 1, (#20200, #20210), .UNSPECIFIED., .F., .U., (2, 2), (0., 1.), .UNSPECIFIED.);
#20230 = CARTESIAN_POINT ('', (-28.0172597654002, -93.345000000008, 594.764813128128));
#20240 = CARTESIAN_POINT ('', (-44.9348668226006, -62.3787398502804, 1100.));
#20250 = B_SPLINE_CURVE_WITH_KNOTS ('', 1, (#20230, #20240), .UNSPECIFIED., .F., .U., (2, 2), (0., 1.), .UNSPECIFIED.);
#20260 = CARTESIAN_POINT ('', (-44.9348668226006, -62.3787398502804, 1100.));
#20270 = CARTESIAN_POINT ('', (-46.9912887531109, -58.6146320623127, 1197.64608448804));
#20280 = B_SPLINE_CURVE_WITH_KNOTS ('', 1, (#20260, #20270), .UNSPECIFIED., .F., .U., (2, 2), (0., 1.), .UNSPECIFIED.);
#20290 = CARTESIAN_POINT ('', (-46.9912887531109, -58.6146320623127, 1197.64608448804));
#20300 = CARTESIAN_POINT ('', (-50.0961795876655, -31.3312173890248, 1499.45447623375));
#20310 = B_SPLINE_CURVE_WITH_KNOTS ('', 1, (#20290, #20300), .UNSPECIFIED., .F., .U., (2, 2), (0., 1.), .UNSPECIFIED.);
#20320 = CARTESIAN_POINT ('', (-50.0961795876655, -31.3312173890248, 1499.45447623375));
#20330 = CARTESIAN_POINT ('', (-50.7456553289957, -26.9273746663279, 1600.));
#20340 = B_SPLINE_CURVE_WITH_KNOTS ('', 1, (#20320, #20330), .UNSPECIFIED., .F., .U., (2, 2), (0., 1.), .UNSPECIFIED.);
#20350 = CARTESIAN_POINT ('', (-50.7456553289957, -26.9273746663279, 1600.));
#20360 = CARTESIAN_POINT ('', (-52.8003126280896, -12.9955416224658, 1800.05117779431));
#20370 = B_SPLINE_CURVE_WITH_KNOTS ('', 1, (#20350, #20360), .UNSPECIFIED., .F., .U., (2, 2), (0., 1.), .UNSPECIFIED.);
#20380 = CARTESIAN_POINT ('', (-52.8003126280896, -12.9955416224658, 1800.05117779431));
#20390 = CARTESIAN_POINT ('', (-53.4460193542598, -8.32520274849636, 1900.));
#20400 = B_SPLINE_CURVE_WITH_KNOTS ('', 1, (#20380, #20390), .UNSPECIFIED., .F., .U., (2, 2), (0., 1.), .UNSPECIFIED.);
#20410 = CARTESIAN_POINT ('', (-53.4460193542598, -8.32520274849636, 1900.));
#20420 = CARTESIAN_POINT ('', (-71.2077922668732, 120.144108693258, 3628.79220773313));
#20430 = B_SPLINE_CURVE_WITH_KNOTS ('', 1, (#20410, #20420), .UNSPECIFIED., .F., .U., (2, 2), (0., 1.), .UNSPECIFIED.);
#20440 = CARTESIAN_POINT ('', (-71.2077922668732, 120.144108693258, 3628.79220773313));
#20450 = CARTESIAN_POINT ('', (324.724363713546, 149.566459875156, 3624.72436371355));
#20460 = B_SPLINE_CURVE_WITH_KNOTS ('', 1, (#20440, #20450), .UNSPECIFIED., .F., .U., (2, 2), (0., 1.), .UNSPECIFIED.);
#20470 = CARTESIAN_POINT ('', (324.724363713546, 149.566459875156, 3624.72436371355));
#20480 = CARTESIAN_POINT ('', (321.67348069886, 171.63322326158, 3921.67348069886));
#20490 = B_SPLINE_CURVE_WITH_KNOTS ('', 1, (#20470, #20480), .UNSPECIFIED., .F., .U., (2, 2), (0., 1.), .UNSPECIFIED.);
#20500 = CARTESIAN_POINT ('', (321.67348069886, 171.63322326158, 3921.67348069886));
#20510 = CARTESIAN_POINT ('', (618.622597684174, 193.699986648004, 3918.62259768417));
#20520 = B_SPLINE_CURVE_WITH_KNOTS ('', 1, (#20500, #20510), .UNSPECIFIED., .F., .U., (2, 2), (0., 1.), .UNSPECIFIED.);
#20530 = CARTESIAN_POINT ('', (618.622597684174, 193.699986648004, 3918.62259768417));
#20540 = CARTESIAN_POINT ('', (614.528114890467, 223.315013695454, 4317.14756381705));
#20550 = B_SPLINE_CURVE_WITH_KNOTS ('', 1, (#20530, #20540), .UNSPECIFIED., .F., .U., (2, 2), (0., 1.), .UNSPECIFIED.);
#20560 = CARTESIAN_POINT ('', (614.528114890467, 223.315013695454, 4317.14756381705));
#20570 = CARTESIAN_POINT ('', (616.586227398718, 222.880288677104, 4482.90915065596));
#20580 = B_SPLINE_CURVE_WITH_KNOTS ('', 1, (#20560, #20570), .UNSPECIFIED., .F., .U., (2, 2), (0., 1.), .UNSPECIFIED.);
#20590 = CARTESIAN_POINT ('', (0., -93.345, 0.));
#20600 = CARTESIAN_POINT ('', (25.031308716088, -93.3450000000071, 500.));
#20610 = B_SPLINE_CURVE_WITH_KNOTS ('', 1, (#20590, #20600), .UNSPECIFIED., .F., .U., (2, 2), (0., 1.), .UNSPECIFIED.);
#20620 = CARTESIAN_POINT ('', (25.031308716088, -93.3450000000071, 500.));
#20630 = CARTESIAN_POINT ('', (28.0172597654002, -93.345000000008, 594.764813128128));
#20640 = B_SPLINE_CURVE_WITH_KNOTS ('', 1, (#20620, #20630), .UNSPECIFIED., .F., .U., (2, 2), (0., 1.), .UNSPECIFIED.);
#20650 = CARTESIAN_POINT ('', (28.0172597654002, -93.345000000008, 594.764813128128));
#20660 = CARTESIAN_POINT ('', (44.9348668226006, -62.3787398502804, 1100.));
#20670 = B_SPLINE_CURVE_WITH_KNOTS ('', 1, (#20650, #20660), .UNSPECIFIED., .F., .U., (2, 2), (0., 1.), .UNSPECIFIED.);
#20680 = CARTESIAN_POINT ('', (44.9348668226006, -62.3787398502804, 1100.));
#20690 = CARTESIAN_POINT ('', (46.9912887531109, -58.6146320623127, 1197.64608448804));
#20700 = B_SPLINE_CURVE_WITH_KNOTS ('', 1, (#20680, #20690), .UNSPECIFIED., .F., .U., (2, 2), (0., 1.), .UNSPECIFIED.);
#20710 = CARTESIAN_POINT ('', (46.9912887531109, -58.6146320623127, 1197.64608448804));
#20720 = CARTESIAN_POINT ('', (50.0961795876655, -31.3312173890248, 1499.45447623375));
#20730 = B_SPLINE_CURVE_WITH_KNOTS ('', 1, (#20710, #20720), .UNSPECIFIED., .F., .U., (2, 2), (0., 1.), .UNSPECIFIED.);
#20740 = CARTESIAN_POINT ('', (50.0961795876655, -31.3312173890248, 1499.45447623375));
#20750 = CARTESIAN_POINT ('', (50.7456553289957, -26.9273746663279, 1600.));
#20760 = B_SPLINE_CURVE_WITH_KNOTS ('', 1, (#20740, #20750), .UNSPECIFIED., .F., .U., (2, 2), (0., 1.), .UNSPECIFIED.);
#20770 = CARTESIAN_POINT ('', (50.7456553289957, -26.9273746663279, 1600.));
#20780 = CARTESIAN_POINT ('', (52.8003126280896, -12.9955416224658, 1800.05117779431));
#20790 = B_SPLINE_CURVE_WITH_KNOTS ('', 1, (#20770, #20780), .UNSPECIFIED., .F., .U., (2, 2), (0., 1.), .UNSPECIFIED.);
#20800 = CARTESIAN_POINT ('', (52.8003126280896, -12.9955416224658, 1800.05117779431));
#20810 = CARTESIAN_POINT ('', (53.4460193542598, -8.32520274849636, 1900.));
#20820 = B_SPLINE_CURVE_WITH_KNOTS ('', 1, (#20800, #20810), .UNSPECIFIED., .F., .U., (2, 2), (0., 1.), .UNSPECIFIED.);
#20830 = CARTESIAN_POINT ('', (53.4460193542598, -8.32520274849636, 1900.));
#20840 = CARTESIAN_POINT ('', (72.6861723238421, 130.837099134158, 3772.68617232384));
#20850 = B_SPLINE_CURVE_WITH_KNOTS ('', 1, (#20830, #20840), .UNSPECIFIED., .F., .U., (2, 2), (0., 1.), .UNSPECIFIED.);
#20860 = CARTESIAN_POINT ('', (72.6861723238421, 130.837099134158, 3772.68617232384));
#20870 = CARTESIAN_POINT ('', (476.838470857205, 160.87030224436, 3776.83847085721));
#20880 = B_SPLINE_CURVE_WITH_KNOTS ('', 1, (#20860, #20870), .UNSPECIFIED., .F., .U., (2, 2), (0., 1.), .UNSPECIFIED.);
#20890 = CARTESIAN_POINT ('', (476.838470857205, 160.87030224436, 3776.83847085721));
#20900 = CARTESIAN_POINT ('', (479.952694757228, 183.395204577011, 4079.95269475723));
#20910 = B_SPLINE_CURVE_WITH_KNOTS ('', 1, (#20890, #20900), .UNSPECIFIED., .F., .U., (2, 2), (0., 1.), .UNSPECIFIED.);
#20920 = CARTESIAN_POINT ('', (479.952694757228, 183.395204577011, 4079.95269475723));
#20930 = CARTESIAN_POINT ('', (783.066918657251, 205.920106909663, 4083.06691865725));
#20940 = B_SPLINE_CURVE_WITH_KNOTS ('', 1, (#20920, #20930), .UNSPECIFIED., .F., .U., (2, 2), (0., 1.), .UNSPECIFIED.);
#20950 = CARTESIAN_POINT ('', (783.066918657251, 205.920106909663, 4083.06691865725));
#20960 = CARTESIAN_POINT ('', (785.471885109533, 223.315013695454, 4317.14756381705));
#20970 = B_SPLINE_CURVE_WITH_KNOTS ('', 1, (#20950, #20960), .UNSPECIFIED., .F., .U., (2, 2), (0., 1.), .UNSPECIFIED.);
#20980 = CARTESIAN_POINT ('', (785.471885109533, 223.315013695454, 4317.14756381705));
#20990 = CARTESIAN_POINT ('', (783.413772601282, 222.880288677104, 4482.90915065596));
#21000 = B_SPLINE_CURVE_WITH_KNOTS ('', 1, (#20980, #20990), .UNSPECIFIED., .F., .U., (2, 2), (0., 1.), .UNSPECIFIED.);
#21010 = CARTESIAN_POINT ('', (0., -120.015, 0.));
#21020 = CARTESIAN_POINT ('', (0., -120.015000000298, 500.));
#21030 = B_SPLINE_CURVE_WITH_KNOTS ('', 1, (#21010, #21020), .UNSPECIFIED., .F., .U., (2, 2), (0., 1.), .UNSPECIFIED.);
#21040 = CARTESIAN_POINT ('', (0., -120.015000000298, 500.));
#21050 = CARTESIAN_POINT ('', (0., -120.015000000333, 591.997999874956));
#21060 = B_SPLINE_CURVE_WITH_KNOTS ('', 1, (#21040, #21050), .UNSPECIFIED., .F., .U., (2, 2), (0., 1.), .UNSPECIFIED.);
#21070 = CARTESIAN_POINT ('', (0., -120.015000000333, 591.997999874956));
#21080 = CARTESIAN_POINT ('', (0., -79.8723151183399, 1100.));
#21090 = B_SPLINE_CURVE_WITH_KNOTS ('', 1, (#21070, #21080), .UNSPECIFIED., .F., .U., (2, 2), (0., 1.), .UNSPECIFIED.);
#21100 = CARTESIAN_POINT ('', (0., -79.8723151183399, 1100.));
#21110 = CARTESIAN_POINT ('', (0., -75.0210095866032, 1197.652640844));
#21120 = B_SPLINE_CURVE_WITH_KNOTS ('', 1, (#21100, #21110), .UNSPECIFIED., .F., .U., (2, 2), (0., 1.), .UNSPECIFIED.);
#21130 = CARTESIAN_POINT ('', (0., -75.0210095866032, 1197.652640844));
#21140 = CARTESIAN_POINT ('', (0., -39.8491113610071, 1499.11737182847));
#21150 = B_SPLINE_CURVE_WITH_KNOTS ('', 1, (#21130, #21140), .UNSPECIFIED., .F., .U., (2, 2), (0., 1.), .UNSPECIFIED.);
#21160 = CARTESIAN_POINT ('', (0., -39.8491113610071, 1499.11737182847));
#21170 = CARTESIAN_POINT ('', (0., -34.1431597573165, 1600.));
#21180 = B_SPLINE_CURVE_WITH_KNOTS ('', 1, (#21160, #21170), .UNSPECIFIED., .F., .U., (2, 2), (0., 1.), .UNSPECIFIED.);
#21190 = CARTESIAN_POINT ('', (0., -34.1431597573165, 1600.));
#21200 = CARTESIAN_POINT ('', (0., -16.1328280832191, 1800.07887101897));
#21210 = B_SPLINE_CURVE_WITH_KNOTS ('', 1, (#21190, #21200), .UNSPECIFIED., .F., .U., (2, 2), (0., 1.), .UNSPECIFIED.);
#21220 = CARTESIAN_POINT ('', (0., -16.1328280832191, 1800.07887101897));
#21230 = CARTESIAN_POINT ('', (0., -10.1170655108399, 1900.));
#21240 = B_SPLINE_CURVE_WITH_KNOTS ('', 1, (#21220, #21230), .UNSPECIFIED., .F., .U., (2, 2), (0., 1.), .UNSPECIFIED.);
#21250 = CARTESIAN_POINT ('', (0., -10.1170655108399, 1900.));
#21260 = CARTESIAN_POINT ('', (0., 162.409471061149, 3700.));
#21270 = B_SPLINE_CURVE_WITH_KNOTS ('', 1, (#21250, #21260), .UNSPECIFIED., .F., .U., (2, 2), (0., 1.), .UNSPECIFIED.);
#21280 = CARTESIAN_POINT ('', (0., 162.409471061149, 3700.));
#21290 = CARTESIAN_POINT ('', (400., 200.74870141048, 3700.));
#21300 = B_SPLINE_CURVE_WITH_KNOTS ('', 1, (#21280, #21290), .UNSPECIFIED., .F., .U., (2, 2), (0., 1.), .UNSPECIFIED.);
#21310 = CARTESIAN_POINT ('', (400., 200.74870141048, 3700.));
#21320 = CARTESIAN_POINT ('', (400., 229.503124172478, 4000.));
#21330 = B_SPLINE_CURVE_WITH_KNOTS ('', 1, (#21310, #21320), .UNSPECIFIED., .F., .U., (2, 2), (0., 1.), .UNSPECIFIED.);
#21340 = CARTESIAN_POINT ('', (400., 229.503124172478, 4000.));
#21350 = CARTESIAN_POINT ('', (700., 258.257546934476, 4000.));
#21360 = B_SPLINE_CURVE_WITH_KNOTS ('', 1, (#21340, #21350), .UNSPECIFIED., .F., .U., (2, 2), (0., 1.), .UNSPECIFIED.);
#21370 = CARTESIAN_POINT ('', (700., 258.257546934476, 4000.));
#21380 = CARTESIAN_POINT ('', (700., 289.408374773756, 4325.00211981771));
#21390 = B_SPLINE_CURVE_WITH_KNOTS ('', 1, (#21370, #21380), .UNSPECIFIED., .F., .U., (2, 2), (0., 1.), .UNSPECIFIED.);
#21400 = CARTESIAN_POINT ('', (700., 289.408374773756, 4325.00211981771));
#21410 = CARTESIAN_POINT ('', (700., 288.898405808407, 4474.86159474436));
#21420 = B_SPLINE_CURVE_WITH_KNOTS ('', 1, (#21400, #21410), .UNSPECIFIED., .F., .U., (2, 2), (0., 1.), .UNSPECIFIED.);
#21430 = CARTESIAN_POINT ('', (0., -120.015, 0.));
#21440 = CARTESIAN_POINT ('', (0., -145.046308716386, 500.));
#21450 = B_SPLINE_CURVE_WITH_KNOTS ('', 1, (#21430, #21440), .UNSPECIFIED., .F., .U., (2, 2), (0., 1.), .UNSPECIFIED.);
#21460 = CARTESIAN_POINT ('', (0., -145.046308716386, 500.));
#21470 = CARTESIAN_POINT ('', (0., -147.814744568106, 587.861556271259));
#21480 = B_SPLINE_CURVE_WITH_KNOTS ('', 1, (#21460, #21470), .UNSPECIFIED., .F., .U., (2, 2), (0., 1.), .UNSPECIFIED.);
#21490 = CARTESIAN_POINT ('', (0., -147.814744568106, 587.861556271259));
#21500 = CARTESIAN_POINT ('', (0., -123.943340466041, 1100.));
#21510 = B_SPLINE_CURVE_WITH_KNOTS ('', 1, (#21490, #21500), .UNSPECIFIED., .F., .U., (2, 2), (0., 1.), .UNSPECIFIED.);
#21520 = CARTESIAN_POINT ('', (0., -123.943340466041, 1100.));
#21530 = CARTESIAN_POINT ('', (0., -121.189371977168, 1193.86478971439));
#21540 = B_SPLINE_CURVE_WITH_KNOTS ('', 1, (#21520, #21530), .UNSPECIFIED., .F., .U., (2, 2), (0., 1.), .UNSPECIFIED.);
#21550 = CARTESIAN_POINT ('', (0., -121.189371977168, 1193.86478971439));
#21560 = CARTESIAN_POINT ('', (0., -88.8018175712227, 1495.60830567612));
#21570 = B_SPLINE_CURVE_WITH_KNOTS ('', 1, (#21550, #21560), .UNSPECIFIED., .F., .U., (2, 2), (0., 1.), .UNSPECIFIED.);
#21580 = CARTESIAN_POINT ('', (0., -88.8018175712227, 1495.60830567612));
#21590 = CARTESIAN_POINT ('', (0., -85.646723244705, 1600.));
#21600 = B_SPLINE_CURVE_WITH_KNOTS ('', 1, (#21580, #21590), .UNSPECIFIED., .F., .U., (2, 2), (0., 1.), .UNSPECIFIED.);
#21610 = CARTESIAN_POINT ('', (0., -85.646723244705, 1600.));
#21620 = CARTESIAN_POINT ('', (0., -75.9592549704128, 1801.74935413805));
#21630 = B_SPLINE_CURVE_WITH_KNOTS ('', 1, (#21610, #21620), .UNSPECIFIED., .F., .U., (2, 2), (0., 1.), .UNSPECIFIED.);
#21640 = CARTESIAN_POINT ('', (0., -75.9592549704128, 1801.74935413805));
#21650 = CARTESIAN_POINT ('', (0., -71.3118031417163, 1900.));
#21660 = B_SPLINE_CURVE_WITH_KNOTS ('', 1, (#21640, #21650), .UNSPECIFIED., .F., .U., (2, 2), (0., 1.), .UNSPECIFIED.);
#21670 = CARTESIAN_POINT ('', (0., -71.3118031417163, 1900.));
#21680 = CARTESIAN_POINT ('', (0., 64.0954571689128, 3700.));
#21690 = B_SPLINE_CURVE_WITH_KNOTS ('', 1, (#21670, #21680), .UNSPECIFIED., .F., .U., (2, 2), (0., 1.), .UNSPECIFIED.);
#21700 = CARTESIAN_POINT ('', (0., 64.0954571689128, 3700.));
#21710 = CARTESIAN_POINT ('', (400., 94.1859594601637, 3700.));
#21720 = B_SPLINE_CURVE_WITH_KNOTS ('', 1, (#21700, #21710), .UNSPECIFIED., .F., .U., (2, 2), (0., 1.), .UNSPECIFIED.);
#21730 = CARTESIAN_POINT ('', (400., 94.1859594601637, 3700.));
#21740 = CARTESIAN_POINT ('', (400., 116.753836178602, 4000.));
#21750 = B_SPLINE_CURVE_WITH_KNOTS ('', 1, (#21730, #21740), .UNSPECIFIED., .F., .U., (2, 2), (0., 1.), .UNSPECIFIED.);
#21760 = CARTESIAN_POINT ('', (400., 116.753836178602, 4000.));
#21770 = CARTESIAN_POINT ('', (700., 139.32171289704, 4000.));
#21780 = B_SPLINE_CURVE_WITH_KNOTS ('', 1, (#21760, #21770), .UNSPECIFIED., .F., .U., (2, 2), (0., 1.), .UNSPECIFIED.);
#21790 = CARTESIAN_POINT ('', (700., 139.32171289704, 4000.));
#21800 = CARTESIAN_POINT ('', (700., 162.488566971958, 4307.96234440598));
#21810 = B_SPLINE_CURVE_WITH_KNOTS ('', 1, (#21790, #21800), .UNSPECIFIED., .F., .U., (2, 2), (0., 1.), .UNSPECIFIED.);
#21820 = CARTESIAN_POINT ('', (700., 162.488566971958, 4307.96234440598));
#21830 = CARTESIAN_POINT ('', (700., 164.50751044088, 4491.81541483515));
#21840 = B_SPLINE_CURVE_WITH_KNOTS ('', 1, (#21820, #21830), .UNSPECIFIED., .F., .U., (2, 2), (0., 1.), .UNSPECIFIED.);
#21850 = CARTESIAN_POINT ('', (0., -120.015, 0.));
#21860 = CARTESIAN_POINT ('', (0., -94.9836912842108, 500.));
#21870 = B_SPLINE_CURVE_WITH_KNOTS ('', 1, (#21850, #21860), .UNSPECIFIED., .F., .U., (2, 2), (0., 1.), .UNSPECIFIED.);
#21880 = CARTESIAN_POINT ('', (0., -94.9836912842108, 500.));
#21890 = CARTESIAN_POINT ('', (0., -91.9808854547767, 595.299731506086));
#21900 = B_SPLINE_CURVE_WITH_KNOTS ('', 1, (#21880, #21890), .UNSPECIFIED., .F., .U., (2, 2), (0., 1.), .UNSPECIFIED.);
#21910 = CARTESIAN_POINT ('', (0., -91.9808854547767, 595.299731506086));
#21920 = CARTESIAN_POINT ('', (0., -35.8148494922207, 1100.));
#21930 = B_SPLINE_CURVE_WITH_KNOTS ('', 1, (#21910, #21920), .UNSPECIFIED., .F., .U., (2, 2), (0., 1.), .UNSPECIFIED.);
#21940 = CARTESIAN_POINT ('', (0., -35.8148494922207, 1100.));
#21950 = CARTESIAN_POINT ('', (0., -28.8555671968576, 1199.65301493463));
#21960 = B_SPLINE_CURVE_WITH_KNOTS ('', 1, (#21940, #21950), .UNSPECIFIED., .F., .U., (2, 2), (0., 1.), .UNSPECIFIED.);
#21970 = CARTESIAN_POINT ('', (0., -28.8555671968576, 1199.65301493463));
#21980 = CARTESIAN_POINT ('', (0., 8.92766589565915, 1499.95571934493));
#21990 = B_SPLINE_CURVE_WITH_KNOTS ('', 1, (#21970, #21980), .UNSPECIFIED., .F., .U., (2, 2), (0., 1.), .UNSPECIFIED.);
#22000 = CARTESIAN_POINT ('', (0., 8.92766589565915, 1499.95571934493));
#22010 = CARTESIAN_POINT ('', (0., 17.1908893328662, 1600.));
#22020 = B_SPLINE_CURVE_WITH_KNOTS ('', 1, (#22000, #22010), .UNSPECIFIED., .F., .U., (2, 2), (0., 1.), .UNSPECIFIED.);
#22030 = CARTESIAN_POINT ('', (0., 17.1908893328662, 1600.));
#22040 = CARTESIAN_POINT ('', (0., 43.6303442309007, 1800.57695145778));
#22050 = B_SPLINE_CURVE_WITH_KNOTS ('', 1, (#22030, #22040), .UNSPECIFIED., .F., .U., (2, 2), (0., 1.), .UNSPECIFIED.);
#22060 = CARTESIAN_POINT ('', (0., 43.6303442309007, 1800.57695145778));
#22070 = CARTESIAN_POINT ('', (0., 50.8526556302142, 1900.));
#22080 = B_SPLINE_CURVE_WITH_KNOTS ('', 1, (#22060, #22070), .UNSPECIFIED., .F., .U., (2, 2), (0., 1.), .UNSPECIFIED.);
#22090 = CARTESIAN_POINT ('', (0., 50.8526556302142, 1900.));
#22100 = CARTESIAN_POINT ('', (0., 259.283002521706, 3700.));
#22110 = B_SPLINE_CURVE_WITH_KNOTS ('', 1, (#22090, #22100), .UNSPECIFIED., .F., .U., (2, 2), (0., 1.), .UNSPECIFIED.);
#22120 = CARTESIAN_POINT ('', (0., 259.283002521706, 3700.));
#22130 = CARTESIAN_POINT ('', (400., 305.600857386482, 3700.));
#22140 = B_SPLINE_CURVE_WITH_KNOTS ('', 1, (#22120, #22130), .UNSPECIFIED., .F., .U., (2, 2), (0., 1.), .UNSPECIFIED.);
#22150 = CARTESIAN_POINT ('', (400., 305.600857386482, 3700.));
#22160 = CARTESIAN_POINT ('', (400., 340.339248535064, 4000.));
#22170 = B_SPLINE_CURVE_WITH_KNOTS ('', 1, (#22150, #22160), .UNSPECIFIED., .F., .U., (2, 2), (0., 1.), .UNSPECIFIED.);
#22180 = CARTESIAN_POINT ('', (400., 340.339248535064, 4000.));
#22190 = CARTESIAN_POINT ('', (700., 375.077639683646, 4000.));
#22200 = B_SPLINE_CURVE_WITH_KNOTS ('', 1, (#22180, #22190), .UNSPECIFIED., .F., .U., (2, 2), (0., 1.), .UNSPECIFIED.);
#22210 = CARTESIAN_POINT ('', (700., 375.077639683646, 4000.));
#22220 = CARTESIAN_POINT ('', (700., 415.698530220063, 4350.80113839476));
#22230 = B_SPLINE_CURVE_WITH_KNOTS ('', 1, (#22210, #22220), .UNSPECIFIED., .F., .U., (2, 2), (0., 1.), .UNSPECIFIED.);
#22240 = CARTESIAN_POINT ('', (700., 415.698530220063, 4350.80113839476));
#22250 = CARTESIAN_POINT ('', (700., 414.098021699267, 4448.67580805095));
#22260 = B_SPLINE_CURVE_WITH_KNOTS ('', 1, (#22240, #22250), .UNSPECIFIED., .F., .U., (2, 2), (0., 1.), .UNSPECIFIED.);
#22270 = CARTESIAN_POINT ('', (0., -120.015, 0.));
#22280 = CARTESIAN_POINT ('', (-25.031308716088, -120.015000000298, 500.));
#22290 = B_SPLINE_CURVE_WITH_KNOTS ('', 1, (#22270, #22280), .UNSPECIFIED., .F., .U., (2, 2), (0., 1.), .UNSPECIFIED.);
#22300 = CARTESIAN_POINT ('', (-25.031308716088, -120.015000000298, 500.));
#22310 = CARTESIAN_POINT ('', (-27.9176995019438, -120.015000000333, 591.605079560624));
#22320 = B_SPLINE_CURVE_WITH_KNOTS ('', 1, (#22300, #22310), .UNSPECIFIED., .F., .U., (2, 2), (0., 1.), .UNSPECIFIED.);
#22330 = CARTESIAN_POINT ('', (-27.9176995019438, -120.015000000333, 591.605079560624));
#22340 = CARTESIAN_POINT ('', (-44.9476765874975, -79.8183676718346, 1100.));
#22350 = B_SPLINE_CURVE_WITH_KNOTS ('', 1, (#22330, #22340), .UNSPECIFIED., .F., .U., (2, 2), (0., 1.), .UNSPECIFIED.);
#22360 = CARTESIAN_POINT ('', (-44.9476765874975, -79.8183676718346, 1100.));
#22370 = CARTESIAN_POINT ('', (-46.9840906144816, -75.0117266822401, 1196.73127145959));
#22380 = B_SPLINE_CURVE_WITH_KNOTS ('', 1, (#22360, #22370), .UNSPECIFIED., .F., .U., (2, 2), (0., 1.), .UNSPECIFIED.);
#22390 = CARTESIAN_POINT ('', (-46.9840906144816, -75.0117266822401, 1196.73127145959));
#22400 = CARTESIAN_POINT ('', (-50.0676702776397, -39.7280374508583, 1499.12272968728));
#22410 = B_SPLINE_CURVE_WITH_KNOTS ('', 1, (#22390, #22400), .UNSPECIFIED., .F., .U., (2, 2), (0., 1.), .UNSPECIFIED.);
#22420 = CARTESIAN_POINT ('', (-50.0676702776397, -39.7280374508583, 1499.12272968728));
#22430 = CARTESIAN_POINT ('', (-50.7122461966858, -34.0168372159806, 1600.));
#22440 = B_SPLINE_CURVE_WITH_KNOTS ('', 1, (#22420, #22430), .UNSPECIFIED., .F., .U., (2, 2), (0., 1.), .UNSPECIFIED.);
#22450 = CARTESIAN_POINT ('', (-50.7122461966858, -34.0168372159806, 1600.));
#22460 = CARTESIAN_POINT ('', (-52.7469600087247, -15.9884597078333, 1800.07746571053));
#22470 = B_SPLINE_CURVE_WITH_KNOTS ('', 1, (#22450, #22460), .UNSPECIFIED., .F., .U., (2, 2), (0., 1.), .UNSPECIFIED.);
#22480 = CARTESIAN_POINT ('', (-52.7469600087247, -15.9884597078333, 1800.07746571053));
#22490 = CARTESIAN_POINT ('', (-53.3855697490278, -9.97034786033701, 1900.));
#22500 = B_SPLINE_CURVE_WITH_KNOTS ('', 1, (#22480, #22490), .UNSPECIFIED., .F., .U., (2, 2), (0., 1.), .UNSPECIFIED.);
#22510 = CARTESIAN_POINT ('', (-53.3855697490278, -9.97034786033701, 1900.));
#22520 = CARTESIAN_POINT ('', (-70.9784527959923, 155.820950353028, 3629.02154720401));
#22530 = B_SPLINE_CURVE_WITH_KNOTS ('', 1, (#22510, #22520), .UNSPECIFIED., .F., .U., (2, 2), (0., 1.), .UNSPECIFIED.);
#22540 = CARTESIAN_POINT ('', (-70.9784527959923, 155.820950353028, 3629.02154720401));
#22550 = CARTESIAN_POINT ('', (324.992522196024, 193.789558728614, 3624.99252219602));
#22560 = B_SPLINE_CURVE_WITH_KNOTS ('', 1, (#22540, #22550), .UNSPECIFIED., .F., .U., (2, 2), (0., 1.), .UNSPECIFIED.);
#22570 = CARTESIAN_POINT ('', (324.992522196024, 193.789558728614, 3624.99252219602));
#22580 = CARTESIAN_POINT ('', (321.970753440037, 222.266015010304, 3921.97075344004));
#22590 = B_SPLINE_CURVE_WITH_KNOTS ('', 1, (#22570, #22580), .UNSPECIFIED., .F., .U., (2, 2), (0., 1.), .UNSPECIFIED.);
#22600 = CARTESIAN_POINT ('', (321.970753440037, 222.266015010304, 3921.97075344004));
#22610 = CARTESIAN_POINT ('', (618.948984684049, 250.742471291993, 3918.94898468405));
#22620 = B_SPLINE_CURVE_WITH_KNOTS ('', 1, (#22600, #22610), .UNSPECIFIED., .F., .U., (2, 2), (0., 1.), .UNSPECIFIED.);
#22630 = CARTESIAN_POINT ('', (618.948984684049, 250.742471291993, 3918.94898468405));
#22640 = CARTESIAN_POINT ('', (614.794840837499, 289.890170929744, 4327.21658935672));
#22650 = B_SPLINE_CURVE_WITH_KNOTS ('', 1, (#22630, #22640), .UNSPECIFIED., .F., .U., (2, 2), (0., 1.), .UNSPECIFIED.);
#22660 = CARTESIAN_POINT ('', (614.794840837499, 289.890170929744, 4327.21658935672));
#22670 = CARTESIAN_POINT ('', (616.579223344287, 289.407854477082, 4472.69111752687));
#22680 = B_SPLINE_CURVE_WITH_KNOTS ('', 1, (#22660, #22670), .UNSPECIFIED., .F., .U., (2, 2), (0., 1.), .UNSPECIFIED.);
#22690 = CARTESIAN_POINT ('', (0., -120.015, 0.));
#22700 = CARTESIAN_POINT ('', (25.031308716088, -120.015000000298, 500.));
#22710 = B_SPLINE_CURVE_WITH_KNOTS ('', 1, (#22690, #22700), .UNSPECIFIED., .F., .U., (2, 2), (0., 1.), .UNSPECIFIED.);
#22720 = CARTESIAN_POINT ('', (25.031308716088, -120.015000000298, 500.));
#22730 = CARTESIAN_POINT ('', (27.9176995019438, -120.015000000333, 591.605079560624));
#22740 = B_SPLINE_CURVE_WITH_KNOTS ('', 1, (#22720, #22730), .UNSPECIFIED., .F., .U., (2, 2), (0., 1.), .UNSPECIFIED.);
#22750 = CARTESIAN_POINT ('', (27.9176995019438, -120.015000000333, 591.605079560624));
#22760 = CARTESIAN_POINT ('', (44.9476765874975, -79.8183676718346, 1100.));
#22770 = B_SPLINE_CURVE_WITH_KNOTS ('', 1, (#22750, #22760), .UNSPECIFIED., .F., .U., (2, 2), (0., 1.), .UNSPECIFIED.);
#22780 = CARTESIAN_POINT ('', (44.9476765874975, -79.8183676718346, 1100.));
#22790 = CARTESIAN_POINT ('', (46.9840906144816, -75.0117266822401, 1196.73127145959));
#22800 = B_SPLINE_CURVE_WITH_KNOTS ('', 1, (#22780, #22790), .UNSPECIFIED., .F., .U., (2, 2), (0., 1.), .UNSPECIFIED.);
#22810 = CARTESIAN_POINT ('', (46.9840906144816, -75.0117266822401, 1196.73127145959));
#22820 = CARTESIAN_POINT ('', (50.0676702776397, -39.7280374508583, 1499.12272968728));
#22830 = B_SPLINE_CURVE_WITH_KNOTS ('', 1, (#22810, #22820), .UNSPECIFIED., .F., .U., (2, 2), (0., 1.), .UNSPECIFIED.);
#22840 = CARTESIAN_POINT ('', (50.0676702776397, -39.7280374508583, 1499.12272968728));
#22850 = CARTESIAN_POINT ('', (50.7122461966858, -34.0168372159806, 1600.));
#22860 = B_SPLINE_CURVE_WITH_KNOTS ('', 1, (#22840, #22850), .UNSPECIFIED., .F., .U., (2, 2), (0., 1.), .UNSPECIFIED.);
#22870 = CARTESIAN_POINT ('', (50.7122461966858, -34.0168372159806, 1600.));
#22880 = CARTESIAN_POINT ('', (52.7469600087247, -15.9884597078333, 1800.07746571053));
#22890 = B_SPLINE_CURVE_WITH_KNOTS ('', 1, (#22870, #22880), .UNSPECIFIED., .F., .U., (2, 2), (0., 1.), .UNSPECIFIED.);
#22900 = CARTESIAN_POINT ('', (52.7469600087247, -15.9884597078333, 1800.07746571053));
#22910 = CARTESIAN_POINT ('', (53.3855697490278, -9.97034786033701, 1900.));
#22920 = B_SPLINE_CURVE_WITH_KNOTS ('', 1, (#22900, #22910), .UNSPECIFIED., .F., .U., (2, 2), (0., 1.), .UNSPECIFIED.);
#22930 = CARTESIAN_POINT ('', (53.3855697490278, -9.97034786033701, 1900.));
#22940 = CARTESIAN_POINT ('', (72.4377197173038, 169.572747410862, 3772.4377197173));
#22950 = B_SPLINE_CURVE_WITH_KNOTS ('', 1, (#22930, #22940), .UNSPECIFIED., .F., .U., (2, 2), (0., 1.), .UNSPECIFIED.);
#22960 = CARTESIAN_POINT ('', (72.4377197173038, 169.572747410862, 3772.4377197173));
#22970 = CARTESIAN_POINT ('', (476.549578637379, 208.321963591608, 3776.54957863738));
#22980 = B_SPLINE_CURVE_WITH_KNOTS ('', 1, (#22960, #22970), .UNSPECIFIED., .F., .U., (2, 2), (0., 1.), .UNSPECIFIED.);
#22990 = CARTESIAN_POINT ('', (476.549578637379, 208.321963591608, 3776.54957863738));
#23000 = CARTESIAN_POINT ('', (479.633472827435, 237.383875727167, 4079.63347282743));
#23010 = B_SPLINE_CURVE_WITH_KNOTS ('', 1, (#22990, #23000), .UNSPECIFIED., .F., .U., (2, 2), (0., 1.), .UNSPECIFIED.);
#23020 = CARTESIAN_POINT ('', (479.633472827435, 237.383875727167, 4079.63347282743));
#23030 = CARTESIAN_POINT ('', (782.717367017491, 266.445787862727, 4082.71736701749));
#23040 = B_SPLINE_CURVE_WITH_KNOTS ('', 1, (#23020, #23030), .UNSPECIFIED., .F., .U., (2, 2), (0., 1.), .UNSPECIFIED.);
#23050 = CARTESIAN_POINT ('', (782.717367017491, 266.445787862727, 4082.71736701749));
#23060 = CARTESIAN_POINT ('', (785.205159162501, 289.890170929744, 4327.21658935672));
#23070 = B_SPLINE_CURVE_WITH_KNOTS ('', 1, (#23050, #23060), .UNSPECIFIED., .F., .U., (2, 2), (0., 1.), .UNSPECIFIED.);
#23080 = CARTESIAN_POINT ('', (785.205159162501, 289.890170929744, 4327.21658935672));
#23090 = CARTESIAN_POINT ('', (783.420776655713, 289.407854477082, 4472.69111752687));
#23100 = B_SPLINE_CURVE_WITH_KNOTS ('', 1, (#23080, #23090), .UNSPECIFIED., .F., .U., (2, 2), (0., 1.), .UNSPECIFIED.);
#23110 = CARTESIAN_POINT ('', (0., -146.685, 0.));
#23120 = CARTESIAN_POINT ('', (0., -146.685000007418, 500.));
#23130 = B_SPLINE_CURVE_WITH_KNOTS ('', 1, (#23110, #23120), .UNSPECIFIED., .F., .U., (2, 2), (0., 1.), .UNSPECIFIED.);
#23140 = CARTESIAN_POINT ('', (0., -146.685000007418, 500.));
#23150 = CARTESIAN_POINT ('', (0., -146.685000008241, 588.046394873657));
#23160 = B_SPLINE_CURVE_WITH_KNOTS ('', 1, (#23140, #23150), .UNSPECIFIED., .F., .U., (2, 2), (0., 1.), .UNSPECIFIED.);
#23170 = CARTESIAN_POINT ('', (0., -146.685000008241, 588.046394873657));
#23180 = CARTESIAN_POINT ('', (0., -97.0314135922958, 1100.));
#23190 = B_SPLINE_CURVE_WITH_KNOTS ('', 1, (#23170, #23180), .UNSPECIFIED., .F., .U., (2, 2), (0., 1.), .UNSPECIFIED.);
#23200 = CARTESIAN_POINT ('', (0., -97.0314135922958, 1100.));
#23210 = CARTESIAN_POINT ('', (0., -91.150867038018, 1196.53312509024));
#23220 = B_SPLINE_CURVE_WITH_KNOTS ('', 1, (#23200, #23210), .UNSPECIFIED., .F., .U., (2, 2), (0., 1.), .UNSPECIFIED.);
#23230 = CARTESIAN_POINT ('', (0., -91.150867038018, 1196.53312509024));
#23240 = CARTESIAN_POINT ('', (0., -47.8475967703764, 1498.72721527908));
#23250 = B_SPLINE_CURVE_WITH_KNOTS ('', 1, (#23230, #23240), .UNSPECIFIED., .F., .U., (2, 2), (0., 1.), .UNSPECIFIED.);
#23260 = CARTESIAN_POINT ('', (0., -47.8475967703764, 1498.72721527908));
#23270 = CARTESIAN_POINT ('', (0., -40.7993149554446, 1600.));
#23280 = B_SPLINE_CURVE_WITH_KNOTS ('', 1, (#23260, #23270), .UNSPECIFIED., .F., .U., (2, 2), (0., 1.), .UNSPECIFIED.);
#23290 = CARTESIAN_POINT ('', (0., -40.7993149554446, 1600.));
#23300 = CARTESIAN_POINT ('', (0., -18.6069568078387, 1800.1049181362));
#23310 = B_SPLINE_CURVE_WITH_KNOTS ('', 1, (#23290, #23300), .UNSPECIFIED., .F., .U., (2, 2), (0., 1.), .UNSPECIFIED.);
#23320 = CARTESIAN_POINT ('', (0., -18.6069568078387, 1800.1049181362));
#23330 = CARTESIAN_POINT ('', (0., -11.2330773328804, 1900.));
#23340 = B_SPLINE_CURVE_WITH_KNOTS ('', 1, (#23320, #23330), .UNSPECIFIED., .F., .U., (2, 2), (0., 1.), .UNSPECIFIED.);
#23350 = CARTESIAN_POINT ('', (0., -11.2330773328804, 1900.));
#23360 = CARTESIAN_POINT ('', (0., 200.593761871971, 3700.));
#23370 = B_SPLINE_CURVE_WITH_KNOTS ('', 1, (#23350, #23360), .UNSPECIFIED., .F., .U., (2, 2), (0., 1.), .UNSPECIFIED.);
#23380 = CARTESIAN_POINT ('', (0., 200.593761871971, 3700.));
#23390 = CARTESIAN_POINT ('', (400., 247.666392806382, 3700.));
#23400 = B_SPLINE_CURVE_WITH_KNOTS ('', 1, (#23380, #23390), .UNSPECIFIED., .F., .U., (2, 2), (0., 1.), .UNSPECIFIED.);
#23410 = CARTESIAN_POINT ('', (400., 247.666392806382, 3700.));
#23420 = CARTESIAN_POINT ('', (400., 282.970866007191, 4000.));
#23430 = B_SPLINE_CURVE_WITH_KNOTS ('', 1, (#23410, #23420), .UNSPECIFIED., .F., .U., (2, 2), (0., 1.), .UNSPECIFIED.);
#23440 = CARTESIAN_POINT ('', (400., 282.970866007191, 4000.));
#23450 = CARTESIAN_POINT ('', (700., 318.275339207999, 4000.));
#23460 = B_SPLINE_CURVE_WITH_KNOTS ('', 1, (#23440, #23450), .UNSPECIFIED., .F., .U., (2, 2), (0., 1.), .UNSPECIFIED.);
#23470 = CARTESIAN_POINT ('', (700., 318.275339207999, 4000.));
#23480 = CARTESIAN_POINT ('', (700., 358.048673184546, 4337.97417469158));
#23490 = B_SPLINE_CURVE_WITH_KNOTS ('', 1, (#23470, #23480), .UNSPECIFIED., .F., .U., (2, 2), (0., 1.), .UNSPECIFIED.);
#23500 = CARTESIAN_POINT ('', (700., 358.048673184546, 4337.97417469158));
#23510 = CARTESIAN_POINT ('', (700., 357.546464078447, 4461.61790134031));
#23520 = B_SPLINE_CURVE_WITH_KNOTS ('', 1, (#23500, #23510), .UNSPECIFIED., .F., .U., (2, 2), (0., 1.), .UNSPECIFIED.);
#23530 = CARTESIAN_POINT ('', (0., -146.685, 0.));
#23540 = CARTESIAN_POINT ('', (0., -171.716308723513, 500.));
#23550 = B_SPLINE_CURVE_WITH_KNOTS ('', 1, (#23530, #23540), .UNSPECIFIED., .F., .U., (2, 2), (0., 1.), .UNSPECIFIED.);
#23560 = CARTESIAN_POINT ('', (0., -171.716308723513, 500.));
#23570 = CARTESIAN_POINT ('', (0., -174.335189238824, 583.11513432948));
#23580 = B_SPLINE_CURVE_WITH_KNOTS ('', 1, (#23560, #23570), .UNSPECIFIED., .F., .U., (2, 2), (0., 1.), .UNSPECIFIED.);
#23590 = CARTESIAN_POINT ('', (0., -174.335189238824, 583.11513432948));
#23600 = CARTESIAN_POINT ('', (0., -141.148513006601, 1100.));
#23610 = B_SPLINE_CURVE_WITH_KNOTS ('', 1, (#23590, #23600), .UNSPECIFIED., .F., .U., (2, 2), (0., 1.), .UNSPECIFIED.);
#23620 = CARTESIAN_POINT ('', (0., -141.148513006601, 1100.));
#23630 = CARTESIAN_POINT ('', (0., -137.428348443007, 1192.10463007415));
#23640 = B_SPLINE_CURVE_WITH_KNOTS ('', 1, (#23620, #23630), .UNSPECIFIED., .F., .U., (2, 2), (0., 1.), .UNSPECIFIED.);
#23650 = CARTESIAN_POINT ('', (0., -137.428348443007, 1192.10463007415));
#23660 = CARTESIAN_POINT ('', (0., -96.9107244936074, 1494.7671828348));
#23670 = B_SPLINE_CURVE_WITH_KNOTS ('', 1, (#23650, #23660), .UNSPECIFIED., .F., .U., (2, 2), (0., 1.), .UNSPECIFIED.);
#23680 = CARTESIAN_POINT ('', (0., -96.9107244936074, 1494.7671828348));
#23690 = CARTESIAN_POINT ('', (0., -92.3832153657402, 1600.));
#23700 = B_SPLINE_CURVE_WITH_KNOTS ('', 1, (#23680, #23690), .UNSPECIFIED., .F., .U., (2, 2), (0., 1.), .UNSPECIFIED.);
#23710 = CARTESIAN_POINT ('', (0., -92.3832153657402, 1600.));
#23720 = CARTESIAN_POINT ('', (0., -78.5747275561163, 1801.87196729457));
#23730 = B_SPLINE_CURVE_WITH_KNOTS ('', 1, (#23710, #23720), .UNSPECIFIED., .F., .U., (2, 2), (0., 1.), .UNSPECIFIED.);
#23740 = CARTESIAN_POINT ('', (0., -78.5747275561163, 1801.87196729457));
#23750 = CARTESIAN_POINT ('', (0., -72.6159982761219, 1900.));
#23760 = B_SPLINE_CURVE_WITH_KNOTS ('', 1, (#23740, #23750), .UNSPECIFIED., .F., .U., (2, 2), (0., 1.), .UNSPECIFIED.);
#23770 = CARTESIAN_POINT ('', (0., -72.6159982761219, 1900.));
#23780 = CARTESIAN_POINT ('', (0., 101.405918389626, 3700.));
#23790 = B_SPLINE_CURVE_WITH_KNOTS ('', 1, (#23770, #23780), .UNSPECIFIED., .F., .U., (2, 2), (0., 1.), .UNSPECIFIED.);
#23800 = CARTESIAN_POINT ('', (0., 101.405918389626, 3700.));
#23810 = CARTESIAN_POINT ('', (400., 140.077455426459, 3700.));
#23820 = B_SPLINE_CURVE_WITH_KNOTS ('', 1, (#23800, #23810), .UNSPECIFIED., .F., .U., (2, 2), (0., 1.), .UNSPECIFIED.);
#23830 = CARTESIAN_POINT ('', (400., 140.077455426459, 3700.));
#23840 = CARTESIAN_POINT ('', (400., 169.081108204084, 4000.));
#23850 = B_SPLINE_CURVE_WITH_KNOTS ('', 1, (#23830, #23840), .UNSPECIFIED., .F., .U., (2, 2), (0., 1.), .UNSPECIFIED.);
#23860 = CARTESIAN_POINT ('', (400., 169.081108204084, 4000.));
#23870 = CARTESIAN_POINT ('', (700., 198.084760981708, 4000.));
#23880 = B_SPLINE_CURVE_WITH_KNOTS ('', 1, (#23860, #23870), .UNSPECIFIED., .F., .U., (2, 2), (0., 1.), .UNSPECIFIED.);
#23890 = CARTESIAN_POINT ('', (700., 198.084760981708, 4000.));
#23900 = CARTESIAN_POINT ('', (700., 228.605043570751, 4315.68729797291));
#23910 = B_SPLINE_CURVE_WITH_KNOTS ('', 1, (#23890, #23900), .UNSPECIFIED., .F., .U., (2, 2), (0., 1.), .UNSPECIFIED.);
#23920 = CARTESIAN_POINT ('', (700., 228.605043570751, 4315.68729797291));
#23930 = CARTESIAN_POINT ('', (700., 230.270920453886, 4483.99401708623));
#23940 = B_SPLINE_CURVE_WITH_KNOTS ('', 1, (#23920, #23930), .UNSPECIFIED., .F., .U., (2, 2), (0., 1.), .UNSPECIFIED.);
#23950 = CARTESIAN_POINT ('', (0., -146.685, 0.));
#23960 = CARTESIAN_POINT ('', (0., -121.653691291323, 500.));
#23970 = B_SPLINE_CURVE_WITH_KNOTS ('', 1, (#23950, #23960), .UNSPECIFIED., .F., .U., (2, 2), (0., 1.), .UNSPECIFIED.);
#23980 = CARTESIAN_POINT ('', (0., -121.653691291323, 500.));
#23990 = CARTESIAN_POINT ('', (0., -118.749631237887, 592.165847267148));
#24000 = B_SPLINE_CURVE_WITH_KNOTS ('', 1, (#23980, #23990), .UNSPECIFIED., .F., .U., (2, 2), (0., 1.), .UNSPECIFIED.);
#24010 = CARTESIAN_POINT ('', (0., -118.749631237887, 592.165847267148));
#24020 = CARTESIAN_POINT ('', (0., -52.934409640423, 1100.));
#24030 = B_SPLINE_CURVE_WITH_KNOTS ('', 1, (#24010, #24020), .UNSPECIFIED., .F., .U., (2, 2), (0., 1.), .UNSPECIFIED.);
#24040 = CARTESIAN_POINT ('', (0., -52.934409640423, 1100.));
#24050 = CARTESIAN_POINT ('', (0., -44.8805555992029, 1199.16042952105));
#24060 = B_SPLINE_CURVE_WITH_KNOTS ('', 1, (#24040, #24050), .UNSPECIFIED., .F., .U., (2, 2), (0., 1.), .UNSPECIFIED.);
#24070 = CARTESIAN_POINT ('', (0., -44.8805555992029, 1199.16042952105));
#24080 = CARTESIAN_POINT ('', (0., 0.995437684764546, 1499.99944950195));
#24090 = B_SPLINE_CURVE_WITH_KNOTS ('', 1, (#24070, #24080), .UNSPECIFIED., .F., .U., (2, 2), (0., 1.), .UNSPECIFIED.);
#24100 = CARTESIAN_POINT ('', (0., 0.995437684764543, 1499.99944950195));
#24110 = CARTESIAN_POINT ('', (0., 10.5757044180975, 1600.));
#24120 = B_SPLINE_CURVE_WITH_KNOTS ('', 1, (#24100, #24110), .UNSPECIFIED., .F., .U., (2, 2), (0., 1.), .UNSPECIFIED.);
#24130 = CARTESIAN_POINT ('', (0., 10.5757044180975, 1600.));
#24140 = CARTESIAN_POINT ('', (0., 41.2890743575319, 1800.51668321905));
#24150 = B_SPLINE_CURVE_WITH_KNOTS ('', 1, (#24130, #24140), .UNSPECIFIED., .F., .U., (2, 2), (0., 1.), .UNSPECIFIED.);
#24160 = CARTESIAN_POINT ('', (0., 41.2890743575319, 1800.51668321905));
#24170 = CARTESIAN_POINT ('', (0., 49.8776176269527, 1900.));
#24180 = B_SPLINE_CURVE_WITH_KNOTS ('', 1, (#24160, #24170), .UNSPECIFIED., .F., .U., (2, 2), (0., 1.), .UNSPECIFIED.);
#24190 = CARTESIAN_POINT ('', (0., 49.8776176269527, 1900.));
#24200 = CARTESIAN_POINT ('', (0., 298.000410252148, 3700.));
#24210 = B_SPLINE_CURVE_WITH_KNOTS ('', 1, (#24190, #24200), .UNSPECIFIED., .F., .U., (2, 2), (0., 1.), .UNSPECIFIED.);
#24220 = CARTESIAN_POINT ('', (0., 298.000410252148, 3700.));
#24230 = CARTESIAN_POINT ('', (400., 353.138808613303, 3700.));
#24240 = B_SPLINE_CURVE_WITH_KNOTS ('', 1, (#24220, #24230), .UNSPECIFIED., .F., .U., (2, 2), (0., 1.), .UNSPECIFIED.);
#24250 = CARTESIAN_POINT ('', (400., 353.138808613303, 3700.));
#24260 = CARTESIAN_POINT ('', (400., 394.492607384169, 4000.));
#24270 = B_SPLINE_CURVE_WITH_KNOTS ('', 1, (#24250, #24260), .UNSPECIFIED., .F., .U., (2, 2), (0., 1.), .UNSPECIFIED.);
#24280 = CARTESIAN_POINT ('', (400., 394.492607384169, 4000.));
#24290 = CARTESIAN_POINT ('', (700., 435.846406155034, 4000.));
#24300 = B_SPLINE_CURVE_WITH_KNOTS ('', 1, (#24280, #24290), .UNSPECIFIED., .F., .U., (2, 2), (0., 1.), .UNSPECIFIED.);
#24310 = CARTESIAN_POINT ('', (700., 435.846406155034, 4000.));
#24320 = CARTESIAN_POINT ('', (700., 486.698207519317, 4368.90299954819));
#24330 = B_SPLINE_CURVE_WITH_KNOTS ('', 1, (#24310, #24320), .UNSPECIFIED., .F., .U., (2, 2), (0., 1.), .UNSPECIFIED.);
#24340 = CARTESIAN_POINT ('', (700., 486.698207519317, 4368.90299954819));
#24350 = CARTESIAN_POINT ('', (700., 485.705705500157, 4429.70985785187));
#24360 = B_SPLINE_CURVE_WITH_KNOTS ('', 1, (#24340, #24350), .UNSPECIFIED., .F., .U., (2, 2), (0., 1.), .UNSPECIFIED.);
#24370 = CARTESIAN_POINT ('', (0., -146.685, 0.));
#24380 = CARTESIAN_POINT ('', (-25.031308716088, -146.685000007418, 500.));
#24390 = B_SPLINE_CURVE_WITH_KNOTS ('', 1, (#24370, #24380), .UNSPECIFIED., .F., .U., (2, 2), (0., 1.), .UNSPECIFIED.);
#24400 = CARTESIAN_POINT ('', (-25.031308716088, -146.685000007418, 500.));
#24410 = CARTESIAN_POINT ('', (-27.7932491675667, -146.685000008237, 587.655412440767));
#24420 = B_SPLINE_CURVE_WITH_KNOTS ('', 1, (#24400, #24410), .UNSPECIFIED., .F., .U., (2, 2), (0., 1.), .UNSPECIFIED.);
#24430 = CARTESIAN_POINT ('', (-27.7932491675667, -146.685000008237, 587.655412440767));
#24440 = CARTESIAN_POINT ('', (-44.9639220253786, -96.9651336974154, 1100.));
#24450 = B_SPLINE_CURVE_WITH_KNOTS ('', 1, (#24430, #24440), .UNSPECIFIED., .F., .U., (2, 2), (0., 1.), .UNSPECIFIED.);
#24460 = CARTESIAN_POINT ('', (-44.9639220253786, -96.9651336974154, 1100.));
#24470 = CARTESIAN_POINT ('', (-46.9758340962616, -91.1393865049913, 1195.61151016476));
#24480 = B_SPLINE_CURVE_WITH_KNOTS ('', 1, (#24460, #24470), .UNSPECIFIED., .F., .U., (2, 2), (0., 1.), .UNSPECIFIED.);
#24490 = CARTESIAN_POINT ('', (-46.9758340962616, -91.1393865049913, 1195.61151016476));
#24500 = CARTESIAN_POINT ('', (-50.0321826004143, -47.6984337378933, 1498.7351441993));
#24510 = B_SPLINE_CURVE_WITH_KNOTS ('', 1, (#24490, #24500), .UNSPECIFIED., .F., .U., (2, 2), (0., 1.), .UNSPECIFIED.);
#24520 = CARTESIAN_POINT ('', (-50.0321826004143, -47.6984337378933, 1498.7351441993));
#24530 = CARTESIAN_POINT ('', (-50.6703220351847, -40.6437879975968, 1600.));
#24540 = B_SPLINE_CURVE_WITH_KNOTS ('', 1, (#24520, #24530), .UNSPECIFIED., .F., .U., (2, 2), (0., 1.), .UNSPECIFIED.);
#24550 = CARTESIAN_POINT ('', (-50.6703220351847, -40.6437879975968, 1600.));
#24560 = CARTESIAN_POINT ('', (-52.6797933855869, -18.4290372237878, 1800.10292121387));
#24570 = B_SPLINE_CURVE_WITH_KNOTS ('', 1, (#24550, #24560), .UNSPECIFIED., .F., .U., (2, 2), (0., 1.), .UNSPECIFIED.);
#24580 = CARTESIAN_POINT ('', (-52.6797933855869, -18.4290372237878, 1800.10292121387));
#24590 = CARTESIAN_POINT ('', (-53.3095013576497, -11.0521869484261, 1900.));
#24600 = B_SPLINE_CURVE_WITH_KNOTS ('', 1, (#24580, #24590), .UNSPECIFIED., .F., .U., (2, 2), (0., 1.), .UNSPECIFIED.);
#24610 = CARTESIAN_POINT ('', (-53.3095013576497, -11.0521869484261, 1900.));
#24620 = CARTESIAN_POINT ('', (-70.6887399233399, 192.540663208613, 3629.31126007666));
#24630 = B_SPLINE_CURVE_WITH_KNOTS ('', 1, (#24610, #24620), .UNSPECIFIED., .F., .U., (2, 2), (0., 1.), .UNSPECIFIED.);
#24640 = CARTESIAN_POINT ('', (-70.6887399233399, 192.540663208613, 3629.31126007666));
#24650 = CARTESIAN_POINT ('', (325.331336082295, 239.164343892807, 3625.33133608229));
#24660 = B_SPLINE_CURVE_WITH_KNOTS ('', 1, (#24640, #24650), .UNSPECIFIED., .F., .U., (2, 2), (0., 1.), .UNSPECIFIED.);
#24670 = CARTESIAN_POINT ('', (325.331336082295, 239.164343892807, 3625.33133608229));
#24680 = CARTESIAN_POINT ('', (322.346393086521, 274.132104405952, 3922.34639308652));
#24690 = B_SPLINE_CURVE_WITH_KNOTS ('', 1, (#24670, #24680), .UNSPECIFIED., .F., .U., (2, 2), (0., 1.), .UNSPECIFIED.);
#24700 = CARTESIAN_POINT ('', (322.346393086521, 274.132104405952, 3922.34639308652));
#24710 = CARTESIAN_POINT ('', (619.361450090748, 309.099864919097, 3919.36145009075));
#24720 = B_SPLINE_CURVE_WITH_KNOTS ('', 1, (#24700, #24710), .UNSPECIFIED., .F., .U., (2, 2), (0., 1.), .UNSPECIFIED.);
#24730 = CARTESIAN_POINT ('', (619.361450090748, 309.099864919097, 3919.36145009075));
#24740 = CARTESIAN_POINT ('', (615.132292833882, 358.643242578203, 4340.18134028845));
#24750 = B_SPLINE_CURVE_WITH_KNOTS ('', 1, (#24730, #24740), .UNSPECIFIED., .F., .U., (2, 2), (0., 1.), .UNSPECIFIED.);
#24760 = CARTESIAN_POINT ('', (615.132292833882, 358.643242578203, 4340.18134028845));
#24770 = CARTESIAN_POINT ('', (616.572358669333, 358.171300381613, 4459.41540476998));
#24780 = B_SPLINE_CURVE_WITH_KNOTS ('', 1, (#24760, #24770), .UNSPECIFIED., .F., .U., (2, 2), (0., 1.), .UNSPECIFIED.);
#24790 = CARTESIAN_POINT ('', (0., -146.685, 0.));
#24800 = CARTESIAN_POINT ('', (25.031308716088, -146.685000007418, 500.));
#24810 = B_SPLINE_CURVE_WITH_KNOTS ('', 1, (#24790, #24800), .UNSPECIFIED., .F., .U., (2, 2), (0., 1.), .UNSPECIFIED.);
#24820 = CARTESIAN_POINT ('', (25.031308716088, -146.685000007418, 500.));
#24830 = CARTESIAN_POINT ('', (27.7932491675667, -146.685000008237, 587.655412440767));
#24840 = B_SPLINE_CURVE_WITH_KNOTS ('', 1, (#24820, #24830), .UNSPECIFIED., .F., .U., (2, 2), (0., 1.), .UNSPECIFIED.);
#24850 = CARTESIAN_POINT ('', (27.7932491675667, -146.685000008237, 587.655412440767));
#24860 = CARTESIAN_POINT ('', (44.9639220253786, -96.9651336974154, 1100.));
#24870 = B_SPLINE_CURVE_WITH_KNOTS ('', 1, (#24850, #24860), .UNSPECIFIED., .F., .U., (2, 2), (0., 1.), .UNSPECIFIED.);
#24880 = CARTESIAN_POINT ('', (44.9639220253786, -96.9651336974154, 1100.));
#24890 = CARTESIAN_POINT ('', (46.9758340962616, -91.1393865049913, 1195.61151016476));
#24900 = B_SPLINE_CURVE_WITH_KNOTS ('', 1, (#24880, #24890), .UNSPECIFIED., .F., .U., (2, 2), (0., 1.), .UNSPECIFIED.);
#24910 = CARTESIAN_POINT ('', (46.9758340962616, -91.1393865049913, 1195.61151016476));
#24920 = CARTESIAN_POINT ('', (50.0321826004143, -47.6984337378933, 1498.7351441993));
#24930 = B_SPLINE_CURVE_WITH_KNOTS ('', 1, (#24910, #24920), .UNSPECIFIED., .F., .U., (2, 2), (0., 1.), .UNSPECIFIED.);
#24940 = CARTESIAN_POINT ('', (50.0321826004143, -47.6984337378933, 1498.7351441993));
#24950 = CARTESIAN_POINT ('', (50.6703220351847, -40.6437879975968, 1600.));
#24960 = B_SPLINE_CURVE_WITH_KNOTS ('', 1, (#24940, #24950), .UNSPECIFIED., .F., .U., (2, 2), (0., 1.), .UNSPECIFIED.);
#24970 = CARTESIAN_POINT ('', (50.6703220351847, -40.6437879975968, 1600.));
#24980 = CARTESIAN_POINT ('', (52.6797933855869, -18.4290372237878, 1800.10292121387));
#24990 = B_SPLINE_CURVE_WITH_KNOTS ('', 1, (#24970, #24980), .UNSPECIFIED., .F., .U., (2, 2), (0., 1.), .UNSPECIFIED.);
#25000 = CARTESIAN_POINT ('', (52.6797933855869, -18.4290372237878, 1800.10292121387));
#25010 = CARTESIAN_POINT ('', (53.3095013576497, -11.0521869484261, 1900.));
#25020 = B_SPLINE_CURVE_WITH_KNOTS ('', 1, (#25000, #25010), .UNSPECIFIED., .F., .U., (2, 2), (0., 1.), .UNSPECIFIED.);
#25030 = CARTESIAN_POINT ('', (53.3095013576497, -11.0521869484261, 1900.));
#25040 = CARTESIAN_POINT ('', (72.1239797104331, 209.354090207076, 3772.12397971043));
#25050 = B_SPLINE_CURVE_WITH_KNOTS ('', 1, (#25030, #25040), .UNSPECIFIED., .F., .U., (2, 2), (0., 1.), .UNSPECIFIED.);
#25060 = CARTESIAN_POINT ('', (72.1239797104331, 209.354090207076, 3772.12397971043));
#25070 = CARTESIAN_POINT ('', (476.184710708467, 256.924402018253, 3776.18471070847));
#25080 = B_SPLINE_CURVE_WITH_KNOTS ('', 1, (#25060, #25070), .UNSPECIFIED., .F., .U., (2, 2), (0., 1.), .UNSPECIFIED.);
#25090 = CARTESIAN_POINT ('', (476.184710708467, 256.924402018253, 3776.18471070847));
#25100 = CARTESIAN_POINT ('', (479.230258956992, 292.602135876636, 4079.23025895699));
#25110 = B_SPLINE_CURVE_WITH_KNOTS ('', 1, (#25090, #25100), .UNSPECIFIED., .F., .U., (2, 2), (0., 1.), .UNSPECIFIED.);
#25120 = CARTESIAN_POINT ('', (479.230258956992, 292.602135876636, 4079.23025895699));
#25130 = CARTESIAN_POINT ('', (782.275807205517, 328.279869735019, 4082.27580720552));
#25140 = B_SPLINE_CURVE_WITH_KNOTS ('', 1, (#25120, #25130), .UNSPECIFIED., .F., .U., (2, 2), (0., 1.), .UNSPECIFIED.);
#25150 = CARTESIAN_POINT ('', (782.275807205517, 328.279869735019, 4082.27580720552));
#25160 = CARTESIAN_POINT ('', (784.867707166118, 358.643242578203, 4340.18134028845));
#25170 = B_SPLINE_CURVE_WITH_KNOTS ('', 1, (#25150, #25160), .UNSPECIFIED., .F., .U., (2, 2), (0., 1.), .UNSPECIFIED.);
#25180 = CARTESIAN_POINT ('', (784.867707166118, 358.643242578203, 4340.18134028845));
#25190 = CARTESIAN_POINT ('', (783.427641330667, 358.171300381613, 4459.41540476998));
#25200 = B_SPLINE_CURVE_WITH_KNOTS ('', 1, (#25180, #25190), .UNSPECIFIED., .F., .U., (2, 2), (0., 1.), .UNSPECIFIED.);
#25210 = CARTESIAN_POINT ('', (-100., 205., 571.51973890528));
#25220 = VERTEX_POINT ('', #25210);
#25230 = CARTESIAN_POINT ('', (100., 205., 571.51973890528));
#25240 = VERTEX_POINT ('', #25230);
#25250 = CARTESIAN_POINT ('', (-100., 205., 571.51973890528));
#25260 = CARTESIAN_POINT ('', (-50.1317392510006, 205., 576.652754607584));
#25270 = CARTESIAN_POINT ('', (5.38841042311849E-14, 205., 576.652754607584));
#25280 = CARTESIAN_POINT ('', (50.1317392510007, 205., 576.652754607584));
#25290 = CARTESIAN_POINT ('', (100., 205., 571.51973890528));
#25300 = (
   BOUNDED_CURVE ()
   B_SPLINE_CURVE (2, (#25250, #25260, #25270, #25280, #25290), .UNSPECIFIED., .F., .U.)
   B_SPLINE_CURVE_WITH_KNOTS ((3, 2, 3), (0.464459742309952, 0.5, 0.535540257690048), .UNSPECIFIED.)
   CURVE ()
   GEOMETRIC_REPRESENTATION_ITEM ()
   RATIONAL_B_SPLINE_CURVE ((0.961321648744491, 0.979180999055405, 1., 0.979180999055405, 0.961321648744491))
   REPRESENTATION_ITEM ('')
);
#25310 = EDGE_CURVE ('', #25220, #25240, #25300, .T.);
#25320 = ORIENTED_EDGE ('', *, *, #25310, .T.);
#25330 = CARTESIAN_POINT ('', (100., 205., 500.));
#25340 = VERTEX_POINT ('', #25330);
#25350 = CARTESIAN_POINT ('', (100., 205., 500.));
#25360 = CARTESIAN_POINT ('', (100., 205., 571.51973890528));
#25370 = B_SPLINE_CURVE_WITH_KNOTS ('', 1, (#25350, #25360), .UNSPECIFIED., .F., .U., (2, 2), (0., 1.), .UNSPECIFIED.);
#25380 = EDGE_CURVE ('', #25340, #25240, #25370, .T.);
#25390 = ORIENTED_EDGE ('', *, *, #25380, .F.);
#25400 = CARTESIAN_POINT ('', (-100., 205., 500.));
#25410 = VERTEX_POINT ('', #25400);
#25420 = CARTESIAN_POINT ('', (100., 205., 500.));
#25430 = CARTESIAN_POINT ('', (33.3333333333333, 205., 500.));
#25440 = CARTESIAN_POINT ('', (-33.3333333333333, 205., 500.));
#25450 = CARTESIAN_POINT ('', (-100., 205., 500.));
#25460 = B_SPLINE_CURVE_WITH_KNOTS ('', 3, (#25420, #25430, #25440, #25450), .UNSPECIFIED., .F., .U., (4, 4), (0., 200.), .UNSPECIFIED.);
#25470 = EDGE_CURVE ('', #25340, #25410, #25460, .T.);
#25480 = ORIENTED_EDGE ('', *, *, #25470, .T.);
#25490 = CARTESIAN_POINT ('', (-100., 205., 500.));
#25500 = CARTESIAN_POINT ('', (-100., 205., 571.51973890528));
#25510 = B_SPLINE_CURVE_WITH_KNOTS ('', 1, (#25490, #25500), .UNSPECIFIED., .F., .U., (2, 2), (0., 1.), .UNSPECIFIED.);
#25520 = EDGE_CURVE ('', #25410, #25220, #25510, .T.);
#25530 = ORIENTED_EDGE ('', *, *, #25520, .T.);
#25540 = EDGE_LOOP ('', (#25320, #25390, #25480, #25530));
#25550 = FACE_OUTER_BOUND ('', #25540, .T.);
#25560 = CARTESIAN_POINT ('', (-100., 205., 500.));
#25570 = CARTESIAN_POINT ('', (100., 205., 500.));
#25580 = CARTESIAN_POINT ('', (-100., 205., 576.652754607584));
#25590 = CARTESIAN_POINT ('', (100., 205., 576.652754607584));
#25600 = B_SPLINE_SURFACE_WITH_KNOTS ('', 1, 1, ((#25560, #25570), (#25580, #25590)), .UNSPECIFIED., .F., .F., .U., (2, 2), (2, 2), (0.899216265714099, 0.975722871029107), (0., 1.), .UNSPECIFIED.);
#25610 = ADVANCED_FACE ('', (#25550), #25600, .T.);
#25620 = CARTESIAN_POINT ('', (-100., -205., 571.520762342972));
#25630 = VERTEX_POINT ('', #25620);
#25640 = CARTESIAN_POINT ('', (100., -205., 571.520762342972));
#25650 = VERTEX_POINT ('', #25640);
#25660 = CARTESIAN_POINT ('', (-99.9999999999998, -205., 571.520762342972));
#25670 = CARTESIAN_POINT ('', (-50.1317389749009, -205., 576.653772666379));
#25680 = CARTESIAN_POINT ('', (5.38840418930627E-14, -205., 576.653772666378));
#25690 = CARTESIAN_POINT ('', (50.131738974901, -205., 576.653772666378));
#25700 = CARTESIAN_POINT ('', (99.9999999999999, -205., 571.520762342972));
#25710 = (
   BOUNDED_CURVE ()
   B_SPLINE_CURVE (2, (#25660, #25670, #25680, #25690, #25700), .UNSPECIFIED., .F., .U.)
   B_SPLINE_CURVE_WITH_KNOTS ((3, 2, 3), (0.464459778777313, 0.5, 0.535540221222687), .UNSPECIFIED.)
   CURVE ()
   GEOMETRIC_REPRESENTATION_ITEM ()
   RATIONAL_B_SPLINE_CURVE ((0.961321685394952, 0.97918102041749, 1., 0.97918102041749, 0.961321685394952))
   REPRESENTATION_ITEM ('')
);
#25720 = EDGE_CURVE ('', #25630, #25650, #25710, .T.);
#25730 = ORIENTED_EDGE ('', *, *, #25720, .F.);
#25740 = CARTESIAN_POINT ('', (-100., -205., 500.));
#25750 = VERTEX_POINT ('', #25740);
#25760 = CARTESIAN_POINT ('', (-100., -205., 500.));
#25770 = CARTESIAN_POINT ('', (-100., -205., 571.520762342972));
#25780 = B_SPLINE_CURVE_WITH_KNOTS ('', 1, (#25760, #25770), .UNSPECIFIED., .F., .U., (2, 2), (0., 1.), .UNSPECIFIED.);
#25790 = EDGE_CURVE ('', #25750, #25630, #25780, .T.);
#25800 = ORIENTED_EDGE ('', *, *, #25790, .F.);
#25810 = CARTESIAN_POINT ('', (100., -205., 500.));
#25820 = VERTEX_POINT ('', #25810);
#25830 = CARTESIAN_POINT ('', (-100., -205., 500.));
#25840 = CARTESIAN_POINT ('', (-33.3333333333333, -205., 500.));
#25850 = CARTESIAN_POINT ('', (33.3333333333333, -205., 500.));
#25860 = CARTESIAN_POINT ('', (100., -205., 500.));
#25870 = B_SPLINE_CURVE_WITH_KNOTS ('', 3, (#25830, #25840, #25850, #25860), .UNSPECIFIED., .F., .U., (4, 4), (0., 200.), .UNSPECIFIED.);
#25880 = EDGE_CURVE ('', #25750, #25820, #25870, .T.);
#25890 = ORIENTED_EDGE ('', *, *, #25880, .T.);
#25900 = CARTESIAN_POINT ('', (100., -205., 500.));
#25910 = CARTESIAN_POINT ('', (100., -205., 571.520762342972));
#25920 = B_SPLINE_CURVE_WITH_KNOTS ('', 1, (#25900, #25910), .UNSPECIFIED., .F., .U., (2, 2), (0., 1.), .UNSPECIFIED.);
#25930 = EDGE_CURVE ('', #25820, #25650, #25920, .T.);
#25940 = ORIENTED_EDGE ('', *, *, #25930, .T.);
#25950 = EDGE_LOOP ('', (#25730, #25800, #25890, #25940));
#25960 = FACE_OUTER_BOUND ('', #25950, .T.);
#25970 = CARTESIAN_POINT ('', (100., -205., 500.));
#25980 = CARTESIAN_POINT ('', (-100., -205., 500.));
#25990 = CARTESIAN_POINT ('', (100., -205., 576.653772666379));
#26000 = CARTESIAN_POINT ('', (-100., -205., 576.653772666379));
#26010 = B_SPLINE_SURFACE_WITH_KNOTS ('', 1, 1, ((#25970, #25980), (#25990, #26000)), .UNSPECIFIED., .F., .F., .U., (2, 2), (2, 2), (0.899216265714099, 0.975723887146828), (0., 1.), .UNSPECIFIED.);
#26020 = ADVANCED_FACE ('', (#25960), #26010, .T.);
#26030 = CARTESIAN_POINT ('', (-100., 205., 571.51973890528));
#26040 = CARTESIAN_POINT ('', (-100., 201.632661472895, 572.290744688204));
#26050 = CARTESIAN_POINT ('', (-100., 198.271250202556, 573.041475076198));
#26060 = CARTESIAN_POINT ('', (-100., 194.895849461399, 573.776382220007));
#26070 = CARTESIAN_POINT ('', (-100., 192.64645172734, 574.266131020459));
#26080 = CARTESIAN_POINT ('', (-100., 190.399631754673, 574.746824201818));
#26090 = CARTESIAN_POINT ('', (-100., 188.146738384221, 575.220232603629));
#26100 = CARTESIAN_POINT ('', (-100., 184.766411179677, 575.930552639406));
#26110 = CARTESIAN_POINT ('', (-100., 181.391642989257, 576.620507746147));
#26120 = CARTESIAN_POINT ('', (-100., 178.003768385409, 577.293911214814));
#26130 = CARTESIAN_POINT ('', (-100., 174.615965142325, 577.967300499194));
#26140 = CARTESIAN_POINT ('', (-100., 171.233429069399, 578.620482985978));
#26150 = CARTESIAN_POINT ('', (-100., 167.83848175688, 579.256876486409));
#26160 = CARTESIAN_POINT ('', (-100., 165.575897749455, 579.681004940831));
#26170 = CARTESIAN_POINT ('', (-100., 163.315552494542, 580.096232258807));
#26180 = CARTESIAN_POINT ('', (-100., 161.04994092812, 580.503878633257));
#26190 = CARTESIAN_POINT ('', (-100., 157.650853796508, 581.115468707293));
#26200 = CARTESIAN_POINT ('', (-100., 154.256634461178, 581.706714971923));
#26210 = CARTESIAN_POINT ('', (-100., 150.850954043805, 582.280454147572));
#26220 = CARTESIAN_POINT ('', (-100., 147.445346632002, 582.854181024311));
#26230 = CARTESIAN_POINT ('', (-100., 144.044299959259, 583.407698478882));
#26240 = CARTESIAN_POINT ('', (-100., 140.632519454402, 583.943495230547));
#26250 = CARTESIAN_POINT ('', (-100., 137.220812735381, 584.479280394651));
#26260 = CARTESIAN_POINT ('', (-100., 133.813356435468, 584.994988458212));
#26270 = CARTESIAN_POINT ('', (-100., 130.395899901725, 585.49278291244));
#26280 = CARTESIAN_POINT ('', (-100., 128.877694137258, 585.7139282006));
#26290 = CARTESIAN_POINT ('', (-100., 127.360294653949, 585.931132064522));
#26300 = CARTESIAN_POINT ('', (-100., 125.841004008093, 586.144696844275));
#26310 = CARTESIAN_POINT ('', (-100., 122.421517759159, 586.625369735675));
#26320 = CARTESIAN_POINT ('', (-100., 119.005886503962, 587.085843368058));
#26330 = CARTESIAN_POINT ('', (-100., 115.581188046805, 587.527853676453));
#26340 = CARTESIAN_POINT ('', (-100., 112.156564560993, 587.969854308636));
#26350 = CARTESIAN_POINT ('', (-100., 108.735473797171, 588.391762061304));
#26360 = CARTESIAN_POINT ('', (-100., 105.306074631527, 588.795038568316));
#26370 = CARTESIAN_POINT ('', (-100., 103.02029915366, 589.063831877582));
#26380 = CARTESIAN_POINT ('', (-100., 100.735977435614, 589.323735469983));
#26390 = CARTESIAN_POINT ('', (-100., 98.4482423165662, 589.575305347751));
#26400 = CARTESIAN_POINT ('', (-100., 96.1605870798718, 589.826866441289));
#26410 = CARTESIAN_POINT ('', (-100., 93.874299856909, 590.069576609279));
#26420 = CARTESIAN_POINT ('', (-100., 91.584802360093, 590.303778824961));
#26430 = CARTESIAN_POINT ('', (-100., 86.4317354304912, 590.830907460895));
#26440 = CARTESIAN_POINT ('', (-100., 81.2847567018063, 591.312873338009));
#26450 = CARTESIAN_POINT ('', (-100., 76.1234100661593, 591.751580856148));
#26460 = CARTESIAN_POINT ('', (-100., 72.6834093909129, 592.043976284157));
#26470 = CARTESIAN_POINT ('', (-100., 69.2457102025517, 592.316394934829));
#26480 = CARTESIAN_POINT ('', (-100., 65.8025923741337, 592.569454911211));
#26490 = CARTESIAN_POINT ('', (-100., 63.5075915541354, 592.738131349906));
#26500 = CARTESIAN_POINT ('', (-100., 61.2134978380382, 592.897966600676));
#26510 = CARTESIAN_POINT ('', (-100., 58.9172733588734, 593.049074661505));
#26520 = CARTESIAN_POINT ('', (-100., 53.7498207016803, 593.38913015588));
#26530 = CARTESIAN_POINT ('', (-100., 48.586088662322, 593.684172563228));
#26540 = CARTESIAN_POINT ('', (-100., 43.4135325515279, 593.93490745165));
#26550 = CARTESIAN_POINT ('', (-100., 39.9657672918755, 594.102034693805));
#26560 = CARTESIAN_POINT ('', (-100., 36.519242611941, 594.249210321011));
#26570 = CARTESIAN_POINT ('', (-100., 33.0697812372119, 594.37661920998));
#26580 = CARTESIAN_POINT ('', (-100., 30.7704213658491, 594.461548088644));
#26590 = CARTESIAN_POINT ('', (-100., 28.4714912047431, 594.537631543386));
#26600 = CARTESIAN_POINT ('', (-100., 26.1715460388507, 594.604869675075));
#26610 = CARTESIAN_POINT ('', (-100., 18.4083033932339, 594.83182549084));
#26620 = CARTESIAN_POINT ('', (-100., 10.6471840165644, 594.957735786975));
#26630 = CARTESIAN_POINT ('', (-100., 2.8806647703015, 594.982718069911));
#26640 = CARTESIAN_POINT ('', (-100., 1.34687502190964, 594.987651756193));
#26650 = CARTESIAN_POINT ('', (-100., -0.1869134422373, 594.988645902786));
#26660 = CARTESIAN_POINT ('', (-100., -1.72070829929376, 594.985701416509));
#26670 = CARTESIAN_POINT ('', (-100., -3.25444685701821, 594.982757038312));
#26680 = CARTESIAN_POINT ('', (-100., -4.78821441743195, 594.975874688681));
#26690 = CARTESIAN_POINT ('', (-100., -6.32191763497565, 594.96505464664));
#26700 = CARTESIAN_POINT ('', (-100., -14.0851928422611, 594.910285925315));
#26710 = CARTESIAN_POINT ('', (-100., -21.8518292613233, 594.754495725469));
#26720 = CARTESIAN_POINT ('', (-100., -29.6110556908557, 594.497889466514));
#26730 = CARTESIAN_POINT ('', (-100., -31.1438947942609, 594.447196770345));
#26740 = CARTESIAN_POINT ('', (-100., -32.6769464405084, 594.392555444559));
#26750 = CARTESIAN_POINT ('', (-100., -34.2095049973265, 594.333991494076));
#26760 = CARTESIAN_POINT ('', (-100., -35.7420164972753, 594.275429341786));
#26770 = CARTESIAN_POINT ('', (-100., -37.2747698052778, 594.212920500969));
#26780 = CARTESIAN_POINT ('', (-100., -38.8069615255088, 594.146516016096));
#26790 = CARTESIAN_POINT ('', (-100., -43.976659578909, 593.922463678745));
#26800 = CARTESIAN_POINT ('', (-100., -49.1499243055937, 593.653516864449));
#26810 = CARTESIAN_POINT ('', (-100., -54.3149854519403, 593.34027451785));
#26820 = CARTESIAN_POINT ('', (-100., -57.7586593265724, 593.131428106386));
#26830 = CARTESIAN_POINT ('', (-100., -61.2043296863707, 592.902553804096));
#26840 = CARTESIAN_POINT ('', (-100., -64.645372560381, 592.65409753505));
#26850 = CARTESIAN_POINT ('', (-100., -66.9395412695317, 592.488449904693));
#26860 = CARTESIAN_POINT ('', (-100., -69.2347136355031, 592.313862424413));
#26870 = CARTESIAN_POINT ('', (-100., -71.5275502651958, 592.130697490463));
#26880 = CARTESIAN_POINT ('', (-100., -76.684340607284, 591.718743515999));
#26890 = CARTESIAN_POINT ('', (-100., -81.8470604575564, 591.261819741965));
#26900 = CARTESIAN_POINT ('', (-100., -86.9960435186473, 590.761653623631));
#26910 = CARTESIAN_POINT ('', (-100., -90.4292935590424, 590.428151779557));
#26920 = CARTESIAN_POINT ('', (-100., -93.8655805681714, 590.074547675761));
#26930 = CARTESIAN_POINT ('', (-100., -97.2948010472645, 589.701886669427));
#26940 = CARTESIAN_POINT ('', (-100., -99.5812239983072, 589.45341600881));
#26950 = CARTESIAN_POINT ('', (-100., -101.869104784086, 589.195950165938));
#26960 = CARTESIAN_POINT ('', (-100., -104.153583205628, 588.930194786408));
#26970 = CARTESIAN_POINT ('', (-100., -107.579434703163, 588.53166247533));
#26980 = CARTESIAN_POINT ('', (-100., -111.008827083083, 588.113114611778));
#26990 = CARTESIAN_POINT ('', (-100., -114.429967816327, 587.675984688905));
#27000 = CARTESIAN_POINT ('', (-100., -117.851033288426, 587.238864382386));
#27010 = CARTESIAN_POINT ('', (-100., -121.275961260805, 586.781610821077));
#27020 = CARTESIAN_POINT ('', (-100., -124.691880500404, 586.305944051899));
#27030 = CARTESIAN_POINT ('', (-100., -126.969584542809, 585.988773753951));
#27040 = CARTESIAN_POINT ('', (-100., -129.24911962387, 585.662610327463));
#27050 = CARTESIAN_POINT ('', (-100., -131.524375565975, 585.328330354081));
#27060 = CARTESIAN_POINT ('', (-100., -133.041398537819, 585.105449758864));
#27070 = CARTESIAN_POINT ('', (-100., -134.559261122567, 584.878546924747));
#27080 = CARTESIAN_POINT ('', (-100., -136.075157621233, 584.648129342609));
#27090 = CARTESIAN_POINT ('', (-100., -139.484419717543, 584.129918548009));
#27100 = CARTESIAN_POINT ('', (-100., -142.898144032715, 583.591627074877));
#27110 = CARTESIAN_POINT ('', (-100., -146.301442567076, 583.035596900337));
#27120 = CARTESIAN_POINT ('', (-100., -149.704667471035, 582.479578755516));
#27130 = CARTESIAN_POINT ('', (-100., -153.112662236493, 581.903336037994));
#27140 = CARTESIAN_POINT ('', (-100., -156.509503282987, 581.30956265601));
#27150 = CARTESIAN_POINT ('', (-100., -159.906271337043, 580.715802033224));
#27160 = CARTESIAN_POINT ('', (-100., -163.308110591384, 580.101655825489));
#27170 = CARTESIAN_POINT ('', (-100., -166.698080578848, 579.470238076038));
#27180 = CARTESIAN_POINT ('', (-100., -170.087666497035, 578.83889186355));
#27190 = CARTESIAN_POINT ('', (-100., -173.482500656744, 578.187509392226));
#27200 = CARTESIAN_POINT ('', (-100., -176.86504145497, 577.519446157847));
#27210 = CARTESIAN_POINT ('', (-100., -180.247510538823, 576.851397087299));
#27220 = CARTESIAN_POINT ('', (-100., -183.635517969562, 576.163142391361));
#27230 = CARTESIAN_POINT ('', (-100., -187.010541345995, 575.458441126702));
#27240 = CARTESIAN_POINT ('', (-100., -190.385493788092, 574.753754673056));
#27250 = CARTESIAN_POINT ('', (-100., -193.766271100773, 574.02869133912));
#27260 = CARTESIAN_POINT ('', (-100., -197.133380475737, 573.287434675478));
#27270 = CARTESIAN_POINT ('', (-100., -199.756016219445, 572.710071125668));
#27280 = CARTESIAN_POINT ('', (-100., -202.38233410564, 572.12025561093));
#27290 = CARTESIAN_POINT ('', (-100., -205., 571.520762342972));
#27300 = B_SPLINE_CURVE_WITH_KNOTS ('', 3, (#26030, #26040, #26050, #26060, #26070, #26080, #26090, #26100, #26110, #26120, #26130, #26140, #26150, #26160, #26170, #26180, #26190, #26200, #26210, #26220, #26230, #26240, #26250, #26260, #26270, #26280, #26290, #26300, #26310, #26320, #26330, #26340, #26350, #26360, #26370, #26380, #26390, #26400, #26410, #26420, #26430, #26440, #26450, #26460, #26470, #26480, #26490, #26500, #26510, #26520, #26530, #26540, #26550, #26560, #26570, #26580, #26590, #26600, #26610, #26620, #26630, #26640, #26650, #26660, #26670, #26680, #26690, #26700, #26710, #26720, #26730, #26740, #26750, #26760, #26770, #26780, #26790, #26800, #26810, #26820, #26830, #26840, #26850, #26860, #26870, #26880, #26890, #26900, #26910, #26920, #26930, #26940, #26950, #26960, #26970, #26980, #26990, #27000, #27010, #27020, #27030, #27040, #27050, #27060, #27070, #27080, #27090, #27100, #27110, #27120, #27130, #27140, #27150, #27160, #27170, #27180, #27190, #27200, #27210, #27220, #27230, #27240, #27250, #27260, #27270, #27280, #27290), .UNSPECIFIED., .F., .U., (4, 3, 3, 3, 3, 3, 3, 3, 3, 3, 3, 3, 3, 3, 3, 3, 3, 3, 3, 3, 3, 3, 3, 3, 3, 3, 3, 3, 3, 3, 3, 3, 3, 3, 3, 3, 3, 3, 3, 3, 3, 3, 4), (0., 10.3634341827816, 17.2697209189217, 27.6321771464322, 37.9944151035311, 44.900393819727, 55.2614035061701, 65.6221910897357, 75.9827546027954, 80.5854370636689, 90.9447514095405, 101.303838975821, 108.208415313651, 115.112750559843, 130.652624124901, 141.009838885065, 147.913412202041, 163.449301051163, 173.804741708452, 180.70752510301, 204.007203380902, 208.608596431033, 213.209820582856, 236.500225774952, 241.101257093836, 245.702147139078, 261.225799954019, 271.575802814194, 278.476226194785, 293.995882582218, 304.344112569943, 311.243765330929, 321.590628545219, 331.937264140467, 338.836307141072, 343.436232152574, 353.781496490464, 364.126537008447, 374.471355228795, 384.815001424946, 395.158428322013, 405.501637826769, 413.557946051719), .UNSPECIFIED.);
#27310 = EDGE_CURVE ('', #25220, #25630, #27300, .T.);
#27320 = ORIENTED_EDGE ('', *, *, #27310, .F.);
#27330 = ORIENTED_EDGE ('', *, *, #25520, .F.);
#27340 = CARTESIAN_POINT ('', (-100., 205., 500.));
#27350 = CARTESIAN_POINT ('', (-100., 68.3333333333333, 500.));
#27360 = CARTESIAN_POINT ('', (-100., -68.3333333333333, 500.));
#27370 = CARTESIAN_POINT ('', (-100., -205., 500.));
#27380 = B_SPLINE_CURVE_WITH_KNOTS ('', 3, (#27340, #27350, #27360, #27370), .UNSPECIFIED., .F., .U., (4, 4), (0., 410.), .UNSPECIFIED.);
#27390 = EDGE_CURVE ('', #25410, #25750, #27380, .T.);
#27400 = ORIENTED_EDGE ('', *, *, #27390, .T.);
#27410 = ORIENTED_EDGE ('', *, *, #25790, .T.);
#27420 = EDGE_LOOP ('', (#27320, #27330, #27400, #27410));
#27430 = FACE_OUTER_BOUND ('', #27420, .T.);
#27440 = CARTESIAN_POINT ('', (-100., -205., 500.));
#27450 = CARTESIAN_POINT ('', (-100., 205., 500.));
#27460 = CARTESIAN_POINT ('', (-100., -205., 594.988645902786));
#27470 = CARTESIAN_POINT ('', (-100., 205., 594.988645902786));
#27480 = B_SPLINE_SURFACE_WITH_KNOTS ('', 1, 1, ((#27440, #27450), (#27460, #27470)), .UNSPECIFIED., .F., .F., .U., (2, 2), (2, 2), (0.899216265714099, 0.994023802360308), (0., 1.), .UNSPECIFIED.);
#27490 = ADVANCED_FACE ('', (#27430), #27480, .T.);
#27500 = CARTESIAN_POINT ('', (100., -205., 571.520762342972));
#27510 = CARTESIAN_POINT ('', (100., -201.632835617527, 572.291904444701));
#27520 = CARTESIAN_POINT ('', (100., -198.271674002335, 573.042517196806));
#27530 = CARTESIAN_POINT ('', (100., -194.896344555877, 573.777096836822));
#27540 = CARTESIAN_POINT ('', (100., -191.521085094365, 574.511661245875));
#27550 = CARTESIAN_POINT ('', (100., -188.151544608841, 575.225861526678));
#27560 = CARTESIAN_POINT ('', (100., -184.76851510139, 575.923767433866));
#27570 = CARTESIAN_POINT ('', (100., -181.385556510953, 576.621658711148));
#27580 = CARTESIAN_POINT ('', (100., -178.008029141441, 577.299349415591));
#27590 = CARTESIAN_POINT ('', (100., -174.617699266157, 577.960503252665));
#27600 = CARTESIAN_POINT ('', (100., -172.358217046942, 578.401128617744));
#27610 = CARTESIAN_POINT ('', (100., -170.101044179926, 578.83283874645));
#27620 = CARTESIAN_POINT ('', (100., -167.838435595743, 579.257118142697));
#27630 = CARTESIAN_POINT ('', (100., -166.330376682031, 579.539906040651));
#27640 = CARTESIAN_POINT ('', (100., -164.823331307976, 579.818739584467));
#27650 = CARTESIAN_POINT ('', (100., -163.313904948077, 580.094135202621));
#27660 = CARTESIAN_POINT ('', (100., -159.916268073565, 580.714035803391));
#27670 = CARTESIAN_POINT ('', (99.9999999999999, -156.523556921469, 581.313599681338));
#27680 = CARTESIAN_POINT ('', (99.9999999999999, -153.119247180918, 581.895740795046));
#27690 = CARTESIAN_POINT ('', (99.9999999999999, -149.715010372934, 582.477869437195));
#27700 = CARTESIAN_POINT ('', (100., -146.315393517245, 583.039798727028));
#27710 = CARTESIAN_POINT ('', (100., -142.90490259175, 583.584090604569));
#27720 = CARTESIAN_POINT ('', (100., -140.631865494654, 583.946852346596));
#27730 = CARTESIAN_POINT ('', (100., -138.360770942357, 584.300688947166));
#27740 = CARTESIAN_POINT ('', (100., -136.085111048472, 584.646616358073));
#27750 = CARTESIAN_POINT ('', (100., -134.568282653644, 584.877192342131));
#27760 = CARTESIAN_POINT ('', (100., -133.052291736473, 585.103832279788));
#27770 = CARTESIAN_POINT ('', (100., -131.534336129686, 585.32686689505));
#27780 = CARTESIAN_POINT ('', (100., -128.117822883458, 585.828858332745));
#27790 = CARTESIAN_POINT ('', (100., -124.705333995707, 586.310626718858));
#27800 = CARTESIAN_POINT ('', (100., -121.28337864166, 586.774070048814));
#27810 = CARTESIAN_POINT ('', (100., -117.861497966585, 587.237503264824));
#27820 = CARTESIAN_POINT ('', (100., -114.44332158209, 587.680824356519));
#27830 = CARTESIAN_POINT ('', (100., -111.016432973023, 588.105644508115));
#27840 = CARTESIAN_POINT ('', (100., -107.589619791636, 588.530455309188));
#27850 = CARTESIAN_POINT ('', (100., -104.166189116846, 588.935270744886));
#27860 = CARTESIAN_POINT ('', (100., -100.734803731373, 589.321414672972));
#27870 = CARTESIAN_POINT ('', (100., -97.3038194672366, 589.707513461689));
#27880 = CARTESIAN_POINT ('', (99.9999999999999, -93.8759283140651, 590.073476277901));
#27890 = CARTESIAN_POINT ('', (99.9999999999999, -90.4407619445781, 590.420401787692));
#27900 = CARTESIAN_POINT ('', (99.9999999999999, -87.0056715903368, 590.767319620524));
#27910 = CARTESIAN_POINT ('', (99.9999999999999, -83.5733429237633, 591.094183073864));
#27920 = CARTESIAN_POINT ('', (99.9999999999999, -80.1345168968726, 591.401873309845));
#27930 = CARTESIAN_POINT ('', (99.9999999999999, -76.6957674019783, 591.709556698097));
#27940 = CARTESIAN_POINT ('', (100., -73.25944609064, 591.997264822055));
#27950 = CARTESIAN_POINT ('', (100., -69.8174093516412, 592.265686586122));
#27960 = CARTESIAN_POINT ('', (100., -68.2880333046808, 592.384952546243));
#27970 = CARTESIAN_POINT ('', (100., -66.7590946362749, 592.500287746802));
#27980 = CARTESIAN_POINT ('', (100., -65.22913057562, 592.61175718371));
#27990 = CARTESIAN_POINT ('', (100., -60.0639682190218, 592.988078271396));
#28000 = CARTESIAN_POINT ('', (100., -54.9029909170194, 593.319354693774));
#28010 = CARTESIAN_POINT ('', (100., -49.7321030890745, 593.606476274064));
#28020 = CARTESIAN_POINT ('', (100., -46.2854992040197, 593.797854309527));
#28030 = CARTESIAN_POINT ('', (100., -42.840343569011, 593.969273089953));
#28040 = CARTESIAN_POINT ('', (100., -39.3917657735485, 594.120980313167));
#28050 = CARTESIAN_POINT ('', (100., -37.0929866513854, 594.22210646374));
#28060 = CARTESIAN_POINT ('', (99.9999999999999, -34.7947298962022, 594.314393324301));
#28070 = CARTESIAN_POINT ('', (99.9999999999999, -32.4952416961212, 594.39785570212));
#28080 = CARTESIAN_POINT ('', (99.9999999999999, -24.7332639754699, 594.679584965667));
#28090 = CARTESIAN_POINT ('', (100., -16.974475835622, 594.860234241408));
#28100 = CARTESIAN_POINT ('', (100., -9.20779704494321, 594.94004699883));
#28110 = CARTESIAN_POINT ('', (100., -6.90714796749419, 594.963689169657));
#28120 = CARTESIAN_POINT ('', (100., -4.60657557261507, 594.978467737846));
#28130 = CARTESIAN_POINT ('', (100., -2.30581263594283, 594.984387116507));
#28140 = CARTESIAN_POINT ('', (100., 5.45824726177808, 595.004362408072));
#28150 = CARTESIAN_POINT ('', (100., 13.2242141246475, 594.92337181598));
#28160 = CARTESIAN_POINT ('', (100., 20.9861677846899, 594.74143642353));
#28170 = CARTESIAN_POINT ('', (100., 23.2860431648859, 594.68752876726));
#28180 = CARTESIAN_POINT ('', (99.9999999999999, 25.5862892231291, 594.624743127876));
#28190 = CARTESIAN_POINT ('', (99.9999999999999, 27.8856809373191, 594.553115308206));
#28200 = CARTESIAN_POINT ('', (99.9999999999999, 29.4186120736569, 594.505363324791));
#28210 = CARTESIAN_POINT ('', (99.9999999999999, 30.9517440304704, 594.453660012628));
#28220 = CARTESIAN_POINT ('', (99.9999999999999, 32.4844102002725, 594.398049468501));
#28230 = CARTESIAN_POINT ('', (99.9999999999999, 37.6557824052598, 594.210413812498));
#28240 = CARTESIAN_POINT ('', (100., 42.8302550961615, 593.977904739276));
#28250 = CARTESIAN_POINT ('', (100., 47.997614352538, 593.700964425384));
#28260 = CARTESIAN_POINT ('', (100., 51.4427705061831, 593.51632415184));
#28270 = CARTESIAN_POINT ('', (100., 54.8897172679637, 593.31167169828));
#28280 = CARTESIAN_POINT ('', (100., 58.3325183318248, 593.087364345993));
#28290 = CARTESIAN_POINT ('', (100., 59.8628487538249, 592.987659379393));
#28300 = CARTESIAN_POINT ('', (100., 61.3935782813452, 592.883993838505));
#28310 = CARTESIAN_POINT ('', (100., 62.92337841749, 592.776458614903));
#28320 = CARTESIAN_POINT ('', (100., 68.0841411992726, 592.413689801784));
#28330 = CARTESIAN_POINT ('', (100., 73.2502157866057, 592.006017837822));
#28340 = CARTESIAN_POINT ('', (100., 78.4040011722197, 591.55483062542));
#28350 = CARTESIAN_POINT ('', (100., 83.5575117727588, 591.103667469028));
#28360 = CARTESIAN_POINT ('', (100., 88.7174612929532, 590.607325400898));
#28370 = CARTESIAN_POINT ('', (100., 93.8624797525596, 590.067876836284));
#28380 = CARTESIAN_POINT ('', (100., 95.3875536686161, 589.90797479873));
#28390 = CARTESIAN_POINT ('', (100., 96.9132461774237, 589.744082319731));
#28400 = CARTESIAN_POINT ('', (100., 98.4374938600706, 589.576487233301));
#28410 = CARTESIAN_POINT ('', (100., 101.865877826871, 589.199527298394));
#28420 = CARTESIAN_POINT ('', (100., 105.297630209099, 588.802567881129));
#28430 = CARTESIAN_POINT ('', (100., 108.721536682613, 588.386899892266));
#28440 = CARTESIAN_POINT ('', (100., 112.145367633872, 587.971241071931));
#28450 = CARTESIAN_POINT ('', (100., 115.572890740869, 587.535469589102));
#28460 = CARTESIAN_POINT ('', (100., 118.99180645602, 587.081150350663));
#28470 = CARTESIAN_POINT ('', (100., 121.271488368395, 586.77821707105));
#28480 = CARTESIAN_POINT ('', (100., 123.552926403174, 586.466301491055));
#28490 = CARTESIAN_POINT ('', (100., 125.830262030685, 586.146206765735));
#28500 = CARTESIAN_POINT ('', (100., 128.10752946465, 585.826121625474));
#28510 = CARTESIAN_POINT ('', (100., 130.386628503132, 585.497004499913));
#28520 = CARTESIAN_POINT ('', (100., 132.661443575861, 585.159932033383));
#28530 = CARTESIAN_POINT ('', (100., 136.07268288282, 584.654469035136));
#28540 = CARTESIAN_POINT ('', (99.9999999999999, 139.488290200379, 584.128926780763));
#28550 = CARTESIAN_POINT ('', (99.9999999999999, 142.893694664155, 583.58554211956));
#28560 = CARTESIAN_POINT ('', (99.9999999999999, 146.299025334376, 583.042169233254));
#28570 = CARTESIAN_POINT ('', (100., 149.709033323227, 582.478576353968));
#28580 = CARTESIAN_POINT ('', (100., 153.108107027136, 581.897345743526));
#28590 = CARTESIAN_POINT ('', (100., 155.374681878285, 581.509768774297));
#28600 = CARTESIAN_POINT ('', (100., 157.643445406141, 581.113151389438));
#28610 = CARTESIAN_POINT ('', (100., 159.907083381148, 580.708774608398));
#28620 = CARTESIAN_POINT ('', (100., 161.416397490273, 580.439150407106));
#28630 = CARTESIAN_POINT ('', (100., 162.926702086007, 580.165493322345));
#28640 = CARTESIAN_POINT ('', (100., 164.434682399414, 579.888506563993));
#28650 = CARTESIAN_POINT ('', (100., 167.825914840558, 579.265602887904));
#28660 = CARTESIAN_POINT ('', (99.9999999999999, 171.222360534303, 578.622577602095));
#28670 = CARTESIAN_POINT ('', (99.9999999999999, 174.606597256223, 577.962722868411));
#28680 = CARTESIAN_POINT ('', (99.9999999999999, 177.990762148688, 577.302882139956));
#28690 = CARTESIAN_POINT ('', (99.9999999999999, 181.380432959027, 576.622754858999));
#28700 = CARTESIAN_POINT ('', (99.9999999999999, 184.757198307624, 575.926035699769));
#28710 = CARTESIAN_POINT ('', (99.9999999999999, 187.009010925645, 575.461425094054));
#28720 = CARTESIAN_POINT ('', (100., 189.263374511505, 574.987735107539));
#28730 = CARTESIAN_POINT ('', (100., 191.511749025576, 574.506762004242));
#28740 = CARTESIAN_POINT ('', (100., 193.760071384627, 574.025800057965));
#28750 = CARTESIAN_POINT ('', (100., 196.010996700296, 573.535696223708));
#28760 = CARTESIAN_POINT ('', (100., 198.255801787464, 573.038576575533));
#28770 = CARTESIAN_POINT ('', (100., 200.504180815099, 572.540665466202));
#28780 = CARTESIAN_POINT ('', (100., 202.755238422047, 572.033712817899));
#28790 = CARTESIAN_POINT ('', (100., 205., 571.51973890528));
#28800 = B_SPLINE_CURVE_WITH_KNOTS ('', 3, (#27500, #27510, #27520, #27530, #27540, #27550, #27560, #27570, #27580, #27590, #27600, #27610, #27620, #27630, #27640, #27650, #27660, #27670, #27680, #27690, #27700, #27710, #27720, #27730, #27740, #27750, #27760, #27770, #27780, #27790, #27800, #27810, #27820, #27830, #27840, #27850, #27860, #27870, #27880, #27890, #27900, #27910, #27920, #27930, #27940, #27950, #27960, #27970, #27980, #27990, #28000, #28010, #28020, #28030, #28040, #28050, #28060, #28070, #28080, #28090, #28100, #28110, #28120, #28130, #28140, #28150, #28160, #28170, #28180, #28190, #28200, #28210, #28220, #28230, #28240, #28250, #28260, #28270, #28280, #28290, #28300, #28310, #28320, #28330, #28340, #28350, #28360, #28370, #28380, #28390, #28400, #28410, #28420, #28430, #28440, #28450, #28460, #28470, #28480, #28490, #28500, #28510, #28520, #28530, #28540, #28550, #28560, #28570, #28580, #28590, #28600, #28610, #28620, #28630, #28640, #28650, #28660, #28670, #28680, #28690, #28700, #28710, #28720, #28730, #28740, #28750, #28760, #28770, #28780, #28790), .UNSPECIFIED., .F., .U., (4, 3, 3, 3, 3, 3, 3, 3, 3, 3, 3, 3, 3, 3, 3, 3, 3, 3, 3, 3, 3, 3, 3, 3, 3, 3, 3, 3, 3, 3, 3, 3, 3, 3, 3, 3, 3, 3, 3, 3, 3, 3, 3, 4), (0., 10.3630162152187, 20.7258175610003, 31.0884016757693, 37.9945363038871, 42.5975674945389, 52.9587410657558, 63.3196926633443, 70.2250994968534, 74.8278598614639, 85.1874459288008, 95.5468059139235, 105.905937883909, 116.263858894352, 126.621550699037, 136.979011990511, 141.581070134466, 157.117629521264, 167.473368753033, 174.376375891767, 197.677642501641, 204.579954155592, 227.872210936957, 234.773732160465, 239.374756294945, 254.899081677945, 265.24938295774, 269.850107957973, 285.370599680674, 300.890263895212, 305.490565189633, 315.83770193112, 326.184610442337, 333.083774430935, 339.982731827912, 350.328185808644, 360.673415608125, 367.571835511731, 372.171459040818, 382.51535570194, 392.859032816823, 399.756764888641, 406.654336955374, 413.562890604464), .UNSPECIFIED.);
#28810 = EDGE_CURVE ('', #25650, #25240, #28800, .T.);
#28820 = ORIENTED_EDGE ('', *, *, #28810, .F.);
#28830 = ORIENTED_EDGE ('', *, *, #25930, .F.);
#28840 = CARTESIAN_POINT ('', (100., -205., 500.));
#28850 = CARTESIAN_POINT ('', (100., -68.3333333333333, 500.));
#28860 = CARTESIAN_POINT ('', (100., 68.3333333333333, 500.));
#28870 = CARTESIAN_POINT ('', (100., 205., 500.));
#28880 = B_SPLINE_CURVE_WITH_KNOTS ('', 3, (#28840, #28850, #28860, #28870), .UNSPECIFIED., .F., .U., (4, 4), (0., 410.), .UNSPECIFIED.);
#28890 = EDGE_CURVE ('', #25820, #25340, #28880, .T.);
#28900 = ORIENTED_EDGE ('', *, *, #28890, .T.);
#28910 = ORIENTED_EDGE ('', *, *, #25380, .T.);
#28920 = EDGE_LOOP ('', (#28820, #28830, #28900, #28910));
#28930 = FACE_OUTER_BOUND ('', #28920, .T.);
#28940 = CARTESIAN_POINT ('', (100., 205., 500.));
#28950 = CARTESIAN_POINT ('', (100., -205., 500.));
#28960 = CARTESIAN_POINT ('', (100., 205., 595.004362408072));
#28970 = CARTESIAN_POINT ('', (100., -205., 595.004362408072));
#28980 = B_SPLINE_SURFACE_WITH_KNOTS ('', 1, 1, ((#28940, #28950), (#28960, #28970)), .UNSPECIFIED., .F., .F., .U., (2, 2), (2, 2), (0.899216265714099, 0.99403948889986), (0., 1.), .UNSPECIFIED.);
#28990 = ADVANCED_FACE ('', (#28930), #28980, .T.);
#29000 = ORIENTED_EDGE ('', *, *, #25880, .T.);
#29010 = ORIENTED_EDGE ('', *, *, #28890, .T.);
#29020 = ORIENTED_EDGE ('', *, *, #25470, .T.);
#29030 = ORIENTED_EDGE ('', *, *, #27390, .T.);
#29040 = EDGE_LOOP ('', (#29000, #29010, #29020, #29030));
#29050 = FACE_OUTER_BOUND ('', #29040, .F.);
#29060 = CARTESIAN_POINT ('', (-100., -205., 500.));
#29070 = CARTESIAN_POINT ('', (-100., 205., 500.));
#29080 = CARTESIAN_POINT ('', (100., -205., 500.));
#29090 = CARTESIAN_POINT ('', (100., 205., 500.));
#29100 = B_SPLINE_SURFACE_WITH_KNOTS ('', 1, 1, ((#29060, #29070), (#29080, #29090)), .UNSPECIFIED., .F., .F., .U., (2, 2), (2, 2), (0.00232420457666897, 0.997675795423331), (0.00113646412899591, 0.998863535871004), .UNSPECIFIED.);
#29110 = ADVANCED_FACE ('', (#29050), #29100, .F.);
#29120 = ORIENTED_EDGE ('', *, *, #25720, .T.);
#29130 = ORIENTED_EDGE ('', *, *, #28810, .T.);
#29140 = ORIENTED_EDGE ('', *, *, #25310, .F.);
#29150 = ORIENTED_EDGE ('', *, *, #27310, .T.);
#29160 = EDGE_LOOP ('', (#29120, #29130, #29140, #29150));
#29170 = FACE_OUTER_BOUND ('', #29160, .T.);
#29180 = CARTESIAN_POINT ('', (-100.000104239588, -205.000000000001, 571.520751613439));
#29190 = CARTESIAN_POINT ('', (-100.44701034191, -185.840908395996, 575.86253261187));
#29200 = CARTESIAN_POINT ('', (-101.123143320253, -150.165668850436, 582.431297957727));
#29210 = CARTESIAN_POINT ('', (-101.622433444577, -117.355379885095, 587.282000069934));
#29220 = CARTESIAN_POINT ('', (-101.999254241644, -84.5448028415387, 590.942888493748));
#29230 = CARTESIAN_POINT ('', (-102.253601304633, -51.7339918591173, 593.413920416008));
#29240 = CARTESIAN_POINT ('', (-102.385474904891, -18.9231194617349, 594.69509847292));
#29250 = CARTESIAN_POINT ('', (-102.394861582171, 13.8881753149115, 594.786291895517));
#29260 = CARTESIAN_POINT ('', (-102.281773134359, 46.6992587314218, 593.687615302607));
#29270 = CARTESIAN_POINT ('', (-102.046208937159, 79.5100369509733, 591.399062629012));
#29280 = CARTESIAN_POINT ('', (-101.688171699046, 112.320618570586, 587.92066018811));
#29290 = CARTESIAN_POINT ('', (-101.207665133042, 145.130906972777, 583.252444052648));
#29300 = CARTESIAN_POINT ('', (-100.604696648545, 177.94081628276, 577.394486206385));
#29310 = CARTESIAN_POINT ('', (-100.124798091747, 199.64861966554, 572.732177000371));
#29320 = CARTESIAN_POINT ('', (-100.000000000001, 205., 571.519738905279));
#29330 = CARTESIAN_POINT ('', (-50.1317915081187, -205.000000000001, 576.653772666378));
#29340 = CARTESIAN_POINT ('', (-50.3558333100317, -185.840908395996, 581.018493425217));
#29350 = CARTESIAN_POINT ('', (-50.6947905317249, -150.165668850436, 587.62196478302));
#29360 = CARTESIAN_POINT ('', (-50.9450933549567, -117.355379885095, 592.498295535708));
#29370 = CARTESIAN_POINT ('', (-51.1340001743863, -84.5448028415387, 596.178526230205));
#29380 = CARTESIAN_POINT ('', (-51.2615087807963, -51.7339918591173, 598.662613827147));
#29390 = CARTESIAN_POINT ('', (-51.3276193102186, -18.9231194617349, 599.950560976668));
#29400 = CARTESIAN_POINT ('', (-51.3323250147967, 13.8881753149115, 600.042236218883));
#29410 = CARTESIAN_POINT ('', (-51.2756318090168, 46.6992587314218, 598.937754778189));
#29420 = CARTESIAN_POINT ('', (-51.1575393799077, 79.5100369509733, 596.637110557364));
#29430 = CARTESIAN_POINT ('', (-50.9780490852752, 112.320618570586, 593.140330008809));
#29440 = CARTESIAN_POINT ('', (-50.7371627865223, 145.130906972777, 588.447449395863));
#29450 = CARTESIAN_POINT ('', (-50.4348841981087, 177.94081628276, 582.558541082611));
#29460 = CARTESIAN_POINT ('', (-50.1943027049454, 199.64861966554, 577.871598608322));
#29470 = CARTESIAN_POINT ('', (-50.131739251001, 205., 576.652754607584));
#29480 = CARTESIAN_POINT ('', (5.38840418930627E-14, -205.000000000001, 576.653772666378));
#29490 = CARTESIAN_POINT ('', (5.36167798277385E-14, -185.840908395996, 581.018493425217));
#29500 = CARTESIAN_POINT ('', (5.32124338246588E-14, -150.165668850436, 587.62196478302));
#29510 = CARTESIAN_POINT ('', (5.29138446822656E-14, -117.355379885095, 592.498295535708));
#29520 = CARTESIAN_POINT ('', (5.26884955452586E-14, -84.5448028415387, 596.178526230205));
#29530 = CARTESIAN_POINT ('', (5.25363890490388E-14, -51.7339918591173, 598.662613827147));
#29540 = CARTESIAN_POINT ('', (5.24575250313322E-14, -18.9231194617349, 599.950560976668));
#29550 = CARTESIAN_POINT ('', (5.24519115417352E-14, 13.8881753149115, 600.042236218883));
#29560 = CARTESIAN_POINT ('', (5.25195415247884E-14, 46.6992587314218, 598.937754778189));
#29570 = CARTESIAN_POINT ('', (5.26604153538389E-14, 79.5100369509733, 596.637110557364));
#29580 = CARTESIAN_POINT ('', (5.28745314091443E-14, 112.320618570586, 593.140330008809));
#29590 = CARTESIAN_POINT ('', (5.31618874702156E-14, 145.130906972777, 588.447449395863));
#29600 = CARTESIAN_POINT ('', (5.35224791060304E-14, 177.94081628276, 582.558541082611));
#29610 = CARTESIAN_POINT ('', (5.38094715609767E-14, 199.64861966554, 577.871598608322));
#29620 = CARTESIAN_POINT ('', (5.38841042311848E-14, 205., 576.652754607584));
#29630 = CARTESIAN_POINT ('', (50.1317915081179, -205.000000000001, 576.653772666378));
#29640 = CARTESIAN_POINT ('', (50.3558333100309, -185.840908395996, 581.018493425217));
#29650 = CARTESIAN_POINT ('', (50.6947905317241, -150.165668850436, 587.62196478302));
#29660 = CARTESIAN_POINT ('', (50.945093354956, -117.355379885095, 592.498295535708));
#29670 = CARTESIAN_POINT ('', (51.1340001743855, -84.5448028415387, 596.178526230205));
#29680 = CARTESIAN_POINT ('', (51.2615087807956, -51.7339918591173, 598.662613827147));
#29690 = CARTESIAN_POINT ('', (51.3276193102178, -18.9231194617349, 599.950560976668));
#29700 = CARTESIAN_POINT ('', (51.3323250147959, 13.8881753149115, 600.042236218883));
#29710 = CARTESIAN_POINT ('', (51.275631809016, 46.6992587314218, 598.937754778189));
#29720 = CARTESIAN_POINT ('', (51.1575393799069, 79.5100369509733, 596.637110557364));
#29730 = CARTESIAN_POINT ('', (50.9780490852744, 112.320618570586, 593.140330008809));
#29740 = CARTESIAN_POINT ('', (50.7371627865215, 145.130906972777, 588.447449395863));
#29750 = CARTESIAN_POINT ('', (50.4348841981079, 177.94081628276, 582.558541082611));
#29760 = CARTESIAN_POINT ('', (50.1943027049447, 199.64861966554, 577.871598608322));
#29770 = CARTESIAN_POINT ('', (50.1317392510002, 205., 576.652754607584));
#29780 = CARTESIAN_POINT ('', (100.000104239586, -205.000000000001, 571.520751613439));
#29790 = CARTESIAN_POINT ('', (100.447010341908, -185.840908395996, 575.862532611871));
#29800 = CARTESIAN_POINT ('', (101.123143320252, -150.165668850436, 582.431297957727));
#29810 = CARTESIAN_POINT ('', (101.622433444575, -117.355379885095, 587.282000069934));
#29820 = CARTESIAN_POINT ('', (101.999254241643, -84.5448028415387, 590.942888493748));
#29830 = CARTESIAN_POINT ('', (102.253601304631, -51.7339918591173, 593.413920416008));
#29840 = CARTESIAN_POINT ('', (102.38547490489, -18.9231194617349, 594.69509847292));
#29850 = CARTESIAN_POINT ('', (102.394861582169, 13.8881753149115, 594.786291895517));
#29860 = CARTESIAN_POINT ('', (102.281773134357, 46.6992587314218, 593.687615302607));
#29870 = CARTESIAN_POINT ('', (102.046208937157, 79.5100369509733, 591.399062629013));
#29880 = CARTESIAN_POINT ('', (101.688171699044, 112.320618570586, 587.920660188111));
#29890 = CARTESIAN_POINT ('', (101.20766513304, 145.130906972777, 583.252444052648));
#29900 = CARTESIAN_POINT ('', (100.604696648544, 177.94081628276, 577.394486206385));
#29910 = CARTESIAN_POINT ('', (100.124798091746, 199.64861966554, 572.732177000371));
#29920 = CARTESIAN_POINT ('', (99.9999999999993, 205., 571.51973890528));
#29930 = (
   BOUNDED_SURFACE ()
   B_SPLINE_SURFACE (2, 2, ((#29180, #29190, #29200, #29210, #29220, #29230, #29240, #29250, #29260, #29270, #29280, #29290, #29300, #29310, #29320), (#29330, #29340, #29350, #29360, #29370, #29380, #29390, #29400, #29410, #29420, #29430, #29440, #29450, #29460, #29470), (#29480, #29490, #29500, #29510, #29520, #29530, #29540, #29550, #29560, #29570, #29580, #29590, #29600, #29610, #29620), (#29630, #29640, #29650, #29660, #29670, #29680, #29690, #29700, #29710, #29720, #29730, #29740, #29750, #29760, #29770), (#29780, #29790, #29800, #29810, #29820, #29830, #29840, #29850, #29860, #29870, #29880, #29890, #29900, #29910, #29920)), .UNSPECIFIED., .F., .F., .U.)
   B_SPLINE_SURFACE_WITH_KNOTS ((3, 2, 3), (3, 1, 1, 1, 1, 1, 1, 1, 1, 1, 1, 1, 1, 3), (0.464459742309952, 0.5, 0.535540257690047), (0.0296005291785698, 0.118307645225104, 0.193374271793111, 0.268044475428496, 0.342414097806243, 0.416580145382837, 0.490640424205954, 0.564693159220515, 0.638836605339842, 0.713168657924697, 0.787786470340086, 0.862786085937601, 0.938262091165944, 0.963040689993521), .UNSPECIFIED.)
   SURFACE ()
   GEOMETRIC_REPRESENTATION_ITEM ()
   RATIONAL_B_SPLINE_SURFACE (((0.96132164874449, 0.96132164874449, 0.96132164874449, 0.96132164874449, 0.96132164874449, 0.96132164874449, 0.96132164874449, 0.96132164874449, 0.96132164874449, 0.96132164874449, 0.96132164874449, 0.96132164874449, 0.96132164874449, 0.96132164874449, 0.96132164874449), (0.979180999055405, 0.979180999055405, 0.979180999055405, 0.979180999055405, 0.979180999055405, 0.979180999055405, 0.979180999055405, 0.979180999055405, 0.979180999055405, 0.979180999055405, 0.979180999055405, 0.979180999055405, 0.979180999055405, 0.979180999055405, 0.979180999055405), (1., 1., 1., 1., 1., 1., 1., 1., 1., 1., 1., 1., 1., 1., 1.), (0.979180999055405, 0.979180999055405, 0.979180999055405, 0.979180999055405, 0.979180999055405, 0.979180999055405, 0.979180999055405, 0.979180999055405, 0.979180999055405, 0.979180999055405, 0.979180999055405, 0.979180999055405, 0.979180999055405, 0.979180999055405, 0.979180999055405), (0.961321648744491, 0.961321648744491, 0.961321648744491, 0.961321648744491, 0.961321648744491, 0.961321648744491, 0.961321648744491, 0.961321648744491, 0.961321648744491, 0.961321648744491, 0.961321648744491, 0.961321648744491, 0.961321648744491, 0.961321648744491, 0.961321648744491)))
   REPRESENTATION_ITEM ('')
);
#29940 = ADVANCED_FACE ('', (#29170), #29930, .T.);
#29950 = CLOSED_SHELL ('', (#25610, #26020, #27490, #28990, #29110, #29940));
#29960 = MANIFOLD_SOLID_BREP ('', #29950);
#29970 = (
   LENGTH_UNIT ()
   NAMED_UNIT (*)
   SI_UNIT (.MILLI., .METRE.)
);
#29980 = (
   NAMED_UNIT (*)
   SI_UNIT ($, .STERADIAN.)
   SOLID_ANGLE_UNIT ()
);
#29990 = (
   NAMED_UNIT (*)
   SI_UNIT ($, .RADIAN.)
   PLANE_ANGLE_UNIT ()
);
#30000 = UNCERTAINTY_MEASURE_WITH_UNIT (LENGTH_MEASURE(1.E-5), #29970, 'DISTANCE_ACCURACY_VALUE', '');
#30010 = (
   GEOMETRIC_REPRESENTATION_CONTEXT (3)
   GLOBAL_UNCERTAINTY_ASSIGNED_CONTEXT ((#30000))
   GLOBAL_UNIT_ASSIGNED_CONTEXT ((#29970, #29980, #29990))
   REPRESENTATION_CONTEXT ('', '3D')
);
#30020 = ADVANCED_BREP_SHAPE_REPRESENTATION ('', (#29960), #30010);
#30030 = APPLICATION_CONTEXT ('configuration controlled 3D designs of mechanical parts and assemblies');
#30040 = APPLICATION_PROTOCOL_DEFINITION ('International Standard', 'config_control_design', 1997, #30030);
#30050 = MECHANICAL_CONTEXT ('', #30030, 'mechanical');
#30060 = PRODUCT ('product-name', '', '', (#30050));
#30070 = PERSON_AND_ORGANIZATION_ROLE ('design_owner');
#30080 = PERSON ('', '', $, $, $, $);
#30090 = ORGANIZATION ($, '', '');
#30100 = PERSON_AND_ORGANIZATION (#30080, #30090);
#30110 = CC_DESIGN_PERSON_AND_ORGANIZATION_ASSIGNMENT (#30100, #30070, (#30060));
#30120 = PRODUCT_RELATED_PRODUCT_CATEGORY ('detail', $, (#30060));
#30130 = PRODUCT_DEFINITION_FORMATION_WITH_SPECIFIED_SOURCE ('', '', #30060, .NOT_KNOWN.);
#30140 = APPROVAL_STATUS ('approved');
#30150 = APPROVAL (#30140, '');
#30160 = CALENDAR_DATE (2020, 8, 9);
#30170 = COORDINATED_UNIVERSAL_TIME_OFFSET (0, $, .AHEAD.);
#30180 = LOCAL_TIME (3, 30, 58., #30170);
#30190 = DATE_AND_TIME (#30160, #30180);
#30200 = APPROVAL_DATE_TIME (#30190, #30150);
#30210 = APPROVAL_ROLE ('');
#30220 = PERSON ('', '', $, $, $, $);
#30230 = ORGANIZATION ($, '', '');
#30240 = PERSON_AND_ORGANIZATION (#30220, #30230);
#30250 = APPROVAL_PERSON_ORGANIZATION (#30240, #30150, #30210);
#30260 = CC_DESIGN_APPROVAL (#30150, (#30130));
#30270 = PERSON_AND_ORGANIZATION_ROLE ('creator');
#30280 = PERSON ('', '', $, $, $, $);
#30290 = ORGANIZATION ($, '', '');
#30300 = PERSON_AND_ORGANIZATION (#30280, #30290);
#30310 = CC_DESIGN_PERSON_AND_ORGANIZATION_ASSIGNMENT (#30300, #30270, (#30130));
#30320 = PERSON_AND_ORGANIZATION_ROLE ('part_supplier');
#30330 = PERSON ('', '', $, $, $, $);
#30340 = ORGANIZATION ($, '', '');
#30350 = PERSON_AND_ORGANIZATION (#30330, #30340);
#30360 = CC_DESIGN_PERSON_AND_ORGANIZATION_ASSIGNMENT (#30350, #30320, (#30130));
#30370 = SECURITY_CLASSIFICATION_LEVEL ('unclassified');
#30380 = SECURITY_CLASSIFICATION ('', '', #30370);
#30390 = APPROVAL_STATUS ('approved');
#30400 = APPROVAL (#30390, '');
#30410 = CALENDAR_DATE (2020, 8, 9);
#30420 = COORDINATED_UNIVERSAL_TIME_OFFSET (0, $, .AHEAD.);
#30430 = LOCAL_TIME (3, 30, 58., #30420);
#30440 = DATE_AND_TIME (#30410, #30430);
#30450 = APPROVAL_DATE_TIME (#30440, #30400);
#30460 = APPROVAL_ROLE ('');
#30470 = PERSON ('', '', $, $, $, $);
#30480 = ORGANIZATION ($, '', '');
#30490 = PERSON_AND_ORGANIZATION (#30470, #30480);
#30500 = APPROVAL_PERSON_ORGANIZATION (#30490, #30400, #30460);
#30510 = CC_DESIGN_APPROVAL (#30400, (#30380));
#30520 = DATE_TIME_ROLE ('classification_date');
#30530 = CALENDAR_DATE (2020, 8, 9);
#30540 = COORDINATED_UNIVERSAL_TIME_OFFSET (0, $, .AHEAD.);
#30550 = LOCAL_TIME (3, 30, 58., #30540);
#30560 = DATE_AND_TIME (#30530, #30550);
#30570 = CC_DESIGN_DATE_AND_TIME_ASSIGNMENT (#30560, #30520, (#30380));
#30580 = PERSON_AND_ORGANIZATION_ROLE ('classification_officer');
#30590 = PERSON ('', '', $, $, $, $);
#30600 = ORGANIZATION ($, '', '');
#30610 = PERSON_AND_ORGANIZATION (#30590, #30600);
#30620 = CC_DESIGN_PERSON_AND_ORGANIZATION_ASSIGNMENT (#30610, #30580, (#30380));
#30630 = CC_DESIGN_SECURITY_CLASSIFICATION (#30380, (#30130));
#30640 = DESIGN_CONTEXT ('', #30030, 'design');
#30650 = PRODUCT_DEFINITION ('', '', #30130, #30640);
#30660 = APPROVAL_STATUS ('approved');
#30670 = APPROVAL (#30660, '');
#30680 = CALENDAR_DATE (2020, 8, 9);
#30690 = COORDINATED_UNIVERSAL_TIME_OFFSET (0, $, .AHEAD.);
#30700 = LOCAL_TIME (3, 30, 58., #30690);
#30710 = DATE_AND_TIME (#30680, #30700);
#30720 = APPROVAL_DATE_TIME (#30710, #30670);
#30730 = APPROVAL_ROLE ('');
#30740 = PERSON ('', '', $, $, $, $);
#30750 = ORGANIZATION ($, '', '');
#30760 = PERSON_AND_ORGANIZATION (#30740, #30750);
#30770 = APPROVAL_PERSON_ORGANIZATION (#30760, #30670, #30730);
#30780 = CC_DESIGN_APPROVAL (#30670, (#30650));
#30790 = DATE_TIME_ROLE ('creation_date');
#30800 = CALENDAR_DATE (2020, 8, 9);
#30810 = COORDINATED_UNIVERSAL_TIME_OFFSET (0, $, .AHEAD.);
#30820 = LOCAL_TIME (3, 30, 58., #30810);
#30830 = DATE_AND_TIME (#30800, #30820);
#30840 = CC_DESIGN_DATE_AND_TIME_ASSIGNMENT (#30830, #30790, (#30650));
#30850 = PERSON_AND_ORGANIZATION_ROLE ('creator');
#30860 = PERSON ('', '', $, $, $, $);
#30870 = ORGANIZATION ($, '', '');
#30880 = PERSON_AND_ORGANIZATION (#30860, #30870);
#30890 = CC_DESIGN_PERSON_AND_ORGANIZATION_ASSIGNMENT (#30880, #30850, (#30650));
#30900 = PRODUCT_DEFINITION_SHAPE ('', '', #30650);
#30910 = SHAPE_DEFINITION_REPRESENTATION (#30900, #30020);
#30920 = CARTESIAN_POINT ('', (-100., -200., 1100.));
#30930 = VERTEX_POINT ('', #30920);
#30940 = CARTESIAN_POINT ('', (100., -200., 1100.));
#30950 = VERTEX_POINT ('', #30940);
#30960 = CARTESIAN_POINT ('', (-100., -200., 1100.));
#30970 = CARTESIAN_POINT ('', (-33.3333333333333, -200., 1100.));
#30980 = CARTESIAN_POINT ('', (33.3333333333333, -200., 1100.));
#30990 = CARTESIAN_POINT ('', (100., -200., 1100.));
#31000 = B_SPLINE_CURVE_WITH_KNOTS ('', 3, (#30960, #30970, #30980, #30990), .UNSPECIFIED., .F., .U., (4, 4), (0., 200.), .UNSPECIFIED.);
#31010 = EDGE_CURVE ('', #30930, #30950, #31000, .T.);
#31020 = ORIENTED_EDGE ('', *, *, #31010, .T.);
#31030 = CARTESIAN_POINT ('', (100., -200., 1178.98261168673));
#31040 = VERTEX_POINT ('', #31030);
#31050 = CARTESIAN_POINT ('', (100., -200., 1100.));
#31060 = CARTESIAN_POINT ('', (100., -200., 1178.98261168673));
#31070 = B_SPLINE_CURVE_WITH_KNOTS ('', 1, (#31050, #31060), .UNSPECIFIED., .F., .U., (2, 2), (0., 1.), .UNSPECIFIED.);
#31080 = EDGE_CURVE ('', #30950, #31040, #31070, .T.);
#31090 = ORIENTED_EDGE ('', *, *, #31080, .T.);
#31100 = CARTESIAN_POINT ('', (-100., -200., 1178.98261168673));
#31110 = VERTEX_POINT ('', #31100);
#31120 = CARTESIAN_POINT ('', (-100., -200., 1178.98261168673));
#31130 = CARTESIAN_POINT ('', (-97.7602577485156, -200., 1179.17258393057));
#31140 = CARTESIAN_POINT ('', (-95.5155166371098, -200., 1179.35653478989));
#31150 = CARTESIAN_POINT ('', (-93.2747274226442, -200., 1179.53373101685));
#31160 = CARTESIAN_POINT ('', (-91.0340458168035, -200., 1179.71091873438));
#31170 = CARTESIAN_POINT ('', (-88.7886924549917, -200., 1179.88203542771));
#31180 = CARTESIAN_POINT ('', (-86.547036896622, -200., 1180.04644316362));
#31190 = CARTESIAN_POINT ('', (-84.3054652676394, -200., 1180.21084474397));
#31200 = CARTESIAN_POINT ('', (-82.0595517978573, -200., 1180.36912862175));
#31210 = CARTESIAN_POINT ('', (-79.8170792018949, -200., 1180.52074624552));
#31220 = CARTESIAN_POINT ('', (-77.5746681789582, -200., 1180.67235970623));
#31230 = CARTESIAN_POINT ('', (-75.3282480112656, -200., 1180.81781211261));
#31240 = CARTESIAN_POINT ('', (-73.0850090039554, -200., 1180.95663787873));
#31250 = CARTESIAN_POINT ('', (-70.8418059549224, -200., 1181.09546141952));
#31260 = CARTESIAN_POINT ('', (-68.5949290229194, -200., 1181.22808390472));
#31270 = CARTESIAN_POINT ('', (-66.3509709667963, -200., 1181.35411619038));
#31280 = CARTESIAN_POINT ('', (-64.1070200812536, -200., 1181.48014807331));
#31290 = CARTESIAN_POINT ('', (-61.8597329288946, -200., 1181.59994227159));
#31300 = CARTESIAN_POINT ('', (-59.6151000076827, -200., 1181.71317946183));
#31310 = CARTESIAN_POINT ('', (-57.370442481089, -200., 1181.82641789336));
#31320 = CARTESIAN_POINT ('', (-55.1227884505383, -200., 1181.9333854036));
#31330 = CARTESIAN_POINT ('', (-52.8775218550154, -200., 1182.03382577944));
#31340 = CARTESIAN_POINT ('', (-50.6321961808612, -200., 1182.13426879812));
#31350 = CARTESIAN_POINT ('', (-48.3842157080891, -200., 1182.22841107071));
#31360 = CARTESIAN_POINT ('', (-46.1383539298062, -200., 1182.31605270388));
#31370 = CARTESIAN_POINT ('', (-43.8923963020024, -200., 1182.40369807745));
#31380 = CARTESIAN_POINT ('', (-41.6441273221099, -200., 1182.48501631119));
#31390 = CARTESIAN_POINT ('', (-39.3977065571369, -200., 1182.55985696923));
#31400 = CARTESIAN_POINT ('', (-37.1511513791163, -200., 1182.63470210532));
#31410 = CARTESIAN_POINT ('', (-34.9026298376705, -200., 1182.70319715839));
#31420 = CARTESIAN_POINT ('', (-32.655684496818, -200., 1182.76523422399));
#31430 = CARTESIAN_POINT ('', (-30.4085649874448, -200., 1182.82727609829));
#31440 = CARTESIAN_POINT ('', (-28.1598254477479, -200., 1182.88294841717));
#31450 = CARTESIAN_POINT ('', (-25.9123887633301, -200., 1182.93217882551));
#31460 = CARTESIAN_POINT ('', (-23.6647376431209, -200., 1182.9814139311));
#31470 = CARTESIAN_POINT ('', (-21.4158139727988, -200., 1183.02426350063));
#31480 = CARTESIAN_POINT ('', (-19.1679186854208, -200., 1183.0606836981));
#31490 = CARTESIAN_POINT ('', (-16.9197689203873, -200., 1183.09710801859));
#31500 = CARTESIAN_POINT ('', (-14.6706950345385, -200., 1183.1271343361));
#31510 = CARTESIAN_POINT ('', (-12.4223741372098, -200., 1183.15074026286));
#31520 = CARTESIAN_POINT ('', (-9.05628908212347, -200., 1183.18608199605));
#31530 = CARTESIAN_POINT ('', (-5.68899259429246, -200., 1183.20706394028));
#31540 = CARTESIAN_POINT ('', (-2.32272849767447, -200., 1183.21367211713));
#31550 = CARTESIAN_POINT ('', (-1.65454792067166, -200., 1183.21498379538));
#31560 = CARTESIAN_POINT ('', (-0.986358523651437, -200., 1183.21572948313));
#31570 = CARTESIAN_POINT ('', (-0.318176683357102, -200., 1183.21590916208));
#31580 = CARTESIAN_POINT ('', (-0.120020876076113, -200., 1183.21596244762));
#31590 = CARTESIAN_POINT ('', (0.0781350119895082, -200., 1183.21596595497));
#31600 = CARTESIAN_POINT ('', (0.276290821032639, -200., 1183.21591968412));
#31610 = CARTESIAN_POINT ('', (3.67959652699103, -200., 1183.21512498704));
#31620 = CARTESIAN_POINT ('', (7.0826296020453, -200., 1183.1996483853));
#31630 = CARTESIAN_POINT ('', (10.4858017562521, -200., 1183.16948800427));
#31640 = CARTESIAN_POINT ('', (13.8901320633527, -200., 1183.13931735919));
#31650 = CARTESIAN_POINT ('', (17.2929769274709, -200., 1183.09447358651));
#31660 = CARTESIAN_POINT ('', (20.6969200514229, -200., 1183.03492262876));
#31670 = CARTESIAN_POINT ('', (24.1018444387986, -200., 1182.97535450411));
#31680 = CARTESIAN_POINT ('', (27.5040718401287, -200., 1182.90114336493));
#31690 = CARTESIAN_POINT ('', (30.908355163645, -200., 1182.81218551845));
#31700 = CARTESIAN_POINT ('', (34.3134301673257, -200., 1182.72320698445));
#31710 = CARTESIAN_POINT ('', (37.7146003291642, -200., 1182.61963689562));
#31720 = CARTESIAN_POINT ('', (41.1187802559037, -200., 1182.50126465822));
#31730 = CARTESIAN_POINT ('', (44.5235580967521, -200., 1182.38287162978));
#31740 = CARTESIAN_POINT ('', (47.9232293373668, -200., 1182.24995971241));
#31750 = CARTESIAN_POINT ('', (51.3268580750299, -200., 1182.10217449371));
#31760 = CARTESIAN_POINT ('', (53.5916867892179, -200., 1182.0038358579));
#31770 = CARTESIAN_POINT ('', (55.8537604520195, -200., 1181.89910513459));
#31780 = CARTESIAN_POINT ('', (58.1179867569083, -200., 1181.78775509125));
#31790 = CARTESIAN_POINT ('', (60.3822873694787, -200., 1181.67640139361));
#31800 = CARTESIAN_POINT ('', (62.6434836025977, -200., 1181.55868767781));
#31810 = CARTESIAN_POINT ('', (64.9071070421104, -200., 1181.43432597087));
#31820 = CARTESIAN_POINT ('', (67.170771205058, -200., 1181.30996202661));
#31830 = CARTESIAN_POINT ('', (69.4309839731333, -200., 1181.1792740149));
#31840 = CARTESIAN_POINT ('', (71.6938962428064, -200., 1181.04190628577));
#31850 = CARTESIAN_POINT ('', (73.9568182021783, -200., 1180.90453796843));
#31860 = CARTESIAN_POINT ('', (76.2159443293532, -200., 1180.76088535434));
#31870 = CARTESIAN_POINT ('', (78.4780397282338, -200., 1180.61051828621));
#31880 = CARTESIAN_POINT ('', (80.7401166273302, -200., 1180.4601524478));
#31890 = CARTESIAN_POINT ('', (82.9980560932198, -200., 1180.30354583702));
#31900 = CARTESIAN_POINT ('', (85.2592318267428, -200., 1180.14018707567));
#31910 = CARTESIAN_POINT ('', (87.5203639036904, -200., 1179.97683146828));
#31920 = CARTESIAN_POINT ('', (89.7770200338478, -200., 1179.8072822962));
#31930 = CARTESIAN_POINT ('', (92.0371764112178, -200., 1179.63094037351));
#31940 = CARTESIAN_POINT ('', (94.6938561229829, -200., 1179.4236609069));
#31950 = CARTESIAN_POINT ('', (97.3447803889649, -200., 1179.20782422048));
#31960 = CARTESIAN_POINT ('', (99.9999999999999, -200., 1178.98261168673));
#31970 = B_SPLINE_CURVE_WITH_KNOTS ('', 3, (#31120, #31130, #31140, #31150, #31160, #31170, #31180, #31190, #31200, #31210, #31220, #31230, #31240, #31250, #31260, #31270, #31280, #31290, #31300, #31310, #31320, #31330, #31340, #31350, #31360, #31370, #31380, #31390, #31400, #31410, #31420, #31430, #31440, #31450, #31460, #31470, #31480, #31490, #31500, #31510, #31520, #31530, #31540, #31550, #31560, #31570, #31580, #31590, #31600, #31610, #31620, #31630, #31640, #31650, #31660, #31670, #31680, #31690, #31700, #31710, #31720, #31730, #31740, #31750, #31760, #31770, #31780, #31790, #31800, #31810, #31820, #31830, #31840, #31850, #31860, #31870, #31880, #31890, #31900, #31910, #31920, #31930, #31940, #31950, #31960), .UNSPECIFIED., .F., .U., (4, 3, 3, 3, 3, 3, 3, 3, 3, 3, 3, 3, 3, 3, 3, 3, 3, 3, 3, 3, 3, 3, 3, 3, 3, 3, 3, 3, 4), (0., 6.74335326515103, 13.4863826966425, 20.2291596636883, 26.9717514899302, 33.7142352349625, 40.4566974343505, 47.1992335437552, 53.9419470663034, 60.684948356277, 67.4283531091136, 74.1722805666233, 80.9168514858289, 87.6621859381958, 97.760997686398, 99.7655432797564, 100.360010723093, 110.569928119319, 120.783320110672, 130.999656342755, 141.218368426077, 151.438875335836, 158.239763243097, 165.040874342807, 171.842107797056, 178.643370373912, 185.444577328936, 192.24565297289, 200.239913840139), .UNSPECIFIED.);
#31980 = EDGE_CURVE ('', #31110, #31040, #31970, .T.);
#31990 = ORIENTED_EDGE ('', *, *, #31980, .F.);
#32000 = CARTESIAN_POINT ('', (-100., -200., 1100.));
#32010 = CARTESIAN_POINT ('', (-100., -200., 1178.98261168673));
#32020 = B_SPLINE_CURVE_WITH_KNOTS ('', 1, (#32000, #32010), .UNSPECIFIED., .F., .U., (2, 2), (0., 1.), .UNSPECIFIED.);
#32030 = EDGE_CURVE ('', #30930, #31110, #32020, .T.);
#32040 = ORIENTED_EDGE ('', *, *, #32030, .F.);
#32050 = EDGE_LOOP ('', (#31020, #31090, #31990, #32040));
#32060 = FACE_OUTER_BOUND ('', #32050, .T.);
#32070 = CARTESIAN_POINT ('', (100., -200., 1100.));
#32080 = CARTESIAN_POINT ('', (-100., -200., 1100.));
#32090 = CARTESIAN_POINT ('', (100., -200., 1183.21596595497));
#32100 = CARTESIAN_POINT ('', (-100., -200., 1183.21596595497));
#32110 = B_SPLINE_SURFACE_WITH_KNOTS ('', 1, 1, ((#32070, #32080), (#32090, #32100)), .UNSPECIFIED., .F., .F., .U., (2, 2), (2, 2), (0.00900017544886254, 0.826180669123712), (0., 1.), .UNSPECIFIED.);
#32120 = ADVANCED_FACE ('', (#32060), #32110, .T.);
#32130 = CARTESIAN_POINT ('', (100., 200., 1100.));
#32140 = VERTEX_POINT ('', #32130);
#32150 = CARTESIAN_POINT ('', (100., -200., 1100.));
#32160 = CARTESIAN_POINT ('', (100., -66.6666666666667, 1100.));
#32170 = CARTESIAN_POINT ('', (100., 66.6666666666667, 1100.));
#32180 = CARTESIAN_POINT ('', (100., 200., 1100.));
#32190 = B_SPLINE_CURVE_WITH_KNOTS ('', 3, (#32150, #32160, #32170, #32180), .UNSPECIFIED., .F., .U., (4, 4), (0., 400.), .UNSPECIFIED.);
#32200 = EDGE_CURVE ('', #30950, #32140, #32190, .T.);
#32210 = ORIENTED_EDGE ('', *, *, #32200, .T.);
#32220 = CARTESIAN_POINT ('', (100., 200., 1178.98261168673));
#32230 = VERTEX_POINT ('', #32220);
#32240 = CARTESIAN_POINT ('', (100., 200., 1100.));
#32250 = CARTESIAN_POINT ('', (100., 200., 1178.98261168673));
#32260 = B_SPLINE_CURVE_WITH_KNOTS ('', 1, (#32240, #32250), .UNSPECIFIED., .F., .U., (2, 2), (0., 1.), .UNSPECIFIED.);
#32270 = EDGE_CURVE ('', #32140, #32230, #32260, .T.);
#32280 = ORIENTED_EDGE ('', *, *, #32270, .T.);
#32290 = CARTESIAN_POINT ('', (99.9999999999999, -200., 1178.98261168673));
#32300 = CARTESIAN_POINT ('', (99.9999999999999, -199.013423707167, 1179.14997211577));
#32310 = CARTESIAN_POINT ('', (100., -198.020326637834, 1179.31715378732));
#32320 = CARTESIAN_POINT ('', (100., -197.03333244565, 1179.48203180096));
#32330 = CARTESIAN_POINT ('', (100., -196.046350892126, 1179.64690770329));
#32340 = CARTESIAN_POINT ('', (100., -195.052888069233, 1179.81158220035));
#32350 = CARTESIAN_POINT ('', (100., -194.065494889004, 1179.97397480427));
#32360 = CARTESIAN_POINT ('', (100., -193.078106937181, 1180.13636654829));
#32370 = CARTESIAN_POINT ('', (100., -192.084278029602, 1180.2985340491));
#32380 = CARTESIAN_POINT ('', (100., -191.096484688425, 1180.45844140058));
#32390 = CARTESIAN_POINT ('', (100., -190.108696863796, 1180.61834785903));
#32400 = CARTESIAN_POINT ('', (100., -189.114510192132, 1180.77800717897));
#32410 = CARTESIAN_POINT ('', (100., -188.126323224094, 1180.93542820087));
#32420 = CARTESIAN_POINT ('', (100., -187.13814209482, 1181.09284829264));
#32430 = CARTESIAN_POINT ('', (100., -186.143606044052, 1181.24999830312));
#32440 = CARTESIAN_POINT ('', (100., -185.155032025418, 1181.40493196385));
#32450 = CARTESIAN_POINT ('', (100., -184.166464203986, 1181.55986465333));
#32460 = CARTESIAN_POINT ('', (100., -183.171587224297, 1181.71450428137));
#32470 = CARTESIAN_POINT ('', (100., -182.182632775167, 1181.86694959415));
#32480 = CARTESIAN_POINT ('', (100., -181.193684920113, 1182.01939389046));
#32490 = CARTESIAN_POINT ('', (100., -180.19847552773, 1182.1715221183));
#32500 = CARTESIAN_POINT ('', (100., -179.209147313764, 1182.32147814034));
#32510 = CARTESIAN_POINT ('', (100., -178.219826131454, 1182.47143309657));
#32520 = CARTESIAN_POINT ('', (100., -177.224292909484, 1182.62104896118));
#32530 = CARTESIAN_POINT ('', (100., -176.234597643687, 1182.7685147929));
#32540 = CARTESIAN_POINT ('', (100., -175.244909890164, 1182.91597950527));
#32550 = CARTESIAN_POINT ('', (100., -174.249061489424, 1183.06308209781));
#32560 = CARTESIAN_POINT ('', (100., -173.25900593399, 1183.20805688191));
#32570 = CARTESIAN_POINT ('', (100., -172.268958416847, 1183.35303048896));
#32580 = CARTESIAN_POINT ('', (100., -171.272803556684, 1183.49761895421));
#32590 = CARTESIAN_POINT ('', (100., -170.282394524879, 1183.6401018748));
#32600 = CARTESIAN_POINT ('', (100., -169.291994105177, 1183.78258355643));
#32610 = CARTESIAN_POINT ('', (100., -168.29554157425, 1183.92465709217));
#32620 = CARTESIAN_POINT ('', (100., -167.304785932327, 1184.06464737377));
#32630 = CARTESIAN_POINT ('', (100., -166.314039526522, 1184.20463635034));
#32640 = CARTESIAN_POINT ('', (100., -165.317298183542, 1184.34419420668));
#32650 = CARTESIAN_POINT ('', (100., -164.326202852673, 1184.48169111321));
#32660 = CARTESIAN_POINT ('', (100., -163.335117487984, 1184.61918663711));
#32670 = CARTESIAN_POINT ('', (100., -162.338096315412, 1184.75622813363));
#32680 = CARTESIAN_POINT ('', (100., -161.346668323353, 1184.89123093269));
#32690 = CARTESIAN_POINT ('', (100., -160.355260893974, 1185.02623093173));
#32700 = CARTESIAN_POINT ('', (100., -159.357977709099, 1185.16075395923));
#32710 = CARTESIAN_POINT ('', (100., -158.366233895329, 1185.29326018029));
#32720 = CARTESIAN_POINT ('', (100., -157.374501561764, 1185.42576486748));
#32730 = CARTESIAN_POINT ('', (100., -156.376955927728, 1185.55776970489));
#32740 = CARTESIAN_POINT ('', (100., -155.384893484697, 1185.68777979179));
#32750 = CARTESIAN_POINT ('', (100., -154.392843350377, 1185.81778826563));
#32760 = CARTESIAN_POINT ('', (100., -153.395044404281, 1185.9472740857));
#32770 = CARTESIAN_POINT ('', (100., -152.402670441662, 1186.07478718539));
#32780 = CARTESIAN_POINT ('', (100., -151.41030967722, 1186.20229858921));
#32790 = CARTESIAN_POINT ('', (100., -150.412266632777, 1186.32926462313));
#32800 = CARTESIAN_POINT ('', (100., -149.41958832697, 1186.45427992654));
#32810 = CARTESIAN_POINT ('', (100., -148.426924171693, 1186.57929344788));
#32820 = CARTESIAN_POINT ('', (100., -147.428646319065, 1186.7037389849));
#32830 = CARTESIAN_POINT ('', (100., -146.43567091465, 1186.82625572627));
#32840 = CARTESIAN_POINT ('', (100., -145.4427106777, 1186.94877059623));
#32850 = CARTESIAN_POINT ('', (100., -144.444207383046, 1187.07069498327));
#32860 = CARTESIAN_POINT ('', (100., -143.45094219401, 1187.19071243939));
#32870 = CARTESIAN_POINT ('', (100., -142.457693255358, 1187.31072793195));
#32880 = CARTESIAN_POINT ('', (100., -141.458973960037, 1187.43013057309));
#32890 = CARTESIAN_POINT ('', (100., -140.465426370712, 1187.54764806257));
#32900 = CARTESIAN_POINT ('', (100., -139.471896181712, 1187.66516349393));
#32910 = CARTESIAN_POINT ('', (100., -138.472970401062, 1187.78204384993));
#32920 = CARTESIAN_POINT ('', (100., -137.479147866702, 1187.89706073244));
#32930 = CARTESIAN_POINT ('', (100., -136.485343950217, 1188.01207546026));
#32940 = CARTESIAN_POINT ('', (100., -135.486221271843, 1188.12643304802));
#32950 = CARTESIAN_POINT ('', (100., -134.492131318761, 1188.23894872345));
#32960 = CARTESIAN_POINT ('', (100., -133.498061268758, 1188.35146214617));
#32970 = CARTESIAN_POINT ('', (100., -132.498751350228, 1188.46329653815));
#32980 = CARTESIAN_POINT ('', (100., -131.504401575392, 1188.57331044585));
#32990 = CARTESIAN_POINT ('', (100., -130.510073055891, 1188.68332200189));
#33000 = CARTESIAN_POINT ('', (100., -129.510585621737, 1188.79263282548));
#33010 = CARTESIAN_POINT ('', (100., -128.51598369173, 1188.90014444338));
#33020 = CARTESIAN_POINT ('', (100., -127.521404434984, 1189.0076536104));
#33030 = CARTESIAN_POINT ('', (100., -126.521749272901, 1189.1144405473));
#33040 = CARTESIAN_POINT ('', (100., -125.526902922107, 1189.21944939101));
#33050 = CARTESIAN_POINT ('', (100., -124.532080725881, 1189.32445568514));
#33060 = CARTESIAN_POINT ('', (100., -123.532267681982, 1189.42871847061));
#33070 = CARTESIAN_POINT ('', (100., -122.537184709877, 1189.53122409259));
#33080 = CARTESIAN_POINT ('', (100., -121.542137649058, 1189.63372601527));
#33090 = CARTESIAN_POINT ('', (100., -120.542187758343, 1189.73546355261));
#33100 = CARTESIAN_POINT ('', (100., -119.546886286117, 1189.83546493651));
#33110 = CARTESIAN_POINT ('', (100., -118.551613574443, 1189.93546343073));
#33120 = CARTESIAN_POINT ('', (100., -117.551526594386, 1190.03467670069));
#33130 = CARTESIAN_POINT ('', (100., -116.556005758573, 1190.13217405917));
#33140 = CARTESIAN_POINT ('', (100., -115.560513701735, 1190.22966859916));
#33150 = CARTESIAN_POINT ('', (100., -114.560297848153, 1190.32635727022));
#33160 = CARTESIAN_POINT ('', (100., -113.564563954541, 1190.42135007872));
#33170 = CARTESIAN_POINT ('', (100., -112.568860492658, 1190.51633998405));
#33180 = CARTESIAN_POINT ('', (99.9999999999999, -111.568525785978, 1190.61050365484));
#33190 = CARTESIAN_POINT ('', (99.9999999999999, -110.572586779589, 1190.70299128468));
#33200 = CARTESIAN_POINT ('', (99.9999999999999, -109.576679890223, 1190.79547593198));
#33210 = CARTESIAN_POINT ('', (100., -108.576236370862, 1190.88711427474));
#33220 = CARTESIAN_POINT ('', (100., -107.58010023367, 1190.9770961532));
#33230 = CARTESIAN_POINT ('', (100., -106.583997919954, 1191.06707497636));
#33240 = CARTESIAN_POINT ('', (100., -105.583455633902, 1191.15618773706));
#33250 = CARTESIAN_POINT ('', (100., -104.587130372961, 1191.24366334748));
#33260 = CARTESIAN_POINT ('', (100., -103.590840649396, 1191.33113583779));
#33270 = CARTESIAN_POINT ('', (99.9999999999999, -102.590209631464, 1191.41772283624));
#33280 = CARTESIAN_POINT ('', (99.9999999999999, -101.593703264715, 1191.50269171802));
#33290 = CARTESIAN_POINT ('', (99.9999999999999, -100.597234140376, 1191.58765742426));
#33300 = CARTESIAN_POINT ('', (100., -99.5965243948408, 1191.67171855411));
#33310 = CARTESIAN_POINT ('', (100., -98.5998449343208, 1191.75418030266));
#33320 = CARTESIAN_POINT ('', (100., -97.6032043932197, 1191.83663883116));
#33330 = CARTESIAN_POINT ('', (99.9999999999999, -96.6024258716021, 1191.91817405977));
#33340 = CARTESIAN_POINT ('', (99.9999999999999, -95.6055813038102, 1191.9981283264));
#33350 = CARTESIAN_POINT ('', (99.9999999999999, -94.6087772821208, 1192.07807934094));
#33360 = CARTESIAN_POINT ('', (99.9999999999999, -93.6079398578557, 1192.15708870916));
#33370 = CARTESIAN_POINT ('', (99.9999999999999, -92.6109381209911, 1192.23453520082));
#33380 = CARTESIAN_POINT ('', (99.9999999999999, -91.6139784809046, 1192.31197842242));
#33390 = CARTESIAN_POINT ('', (99.9999999999999, -90.6130919206399, 1192.38846204416));
#33400 = CARTESIAN_POINT ('', (99.9999999999999, -89.615940878464, 1192.46340052307));
#33410 = CARTESIAN_POINT ('', (99.9999999999999, -88.6188333784232, 1192.53833572967));
#33420 = CARTESIAN_POINT ('', (99.9999999999999, -87.6179073097343, 1192.61229379125));
#33430 = CARTESIAN_POINT ('', (99.9999999999999, -86.6206147218161, 1192.68472407436));
#33440 = CARTESIAN_POINT ('', (99.9999999999999, -85.623366982934, 1192.75715110021));
#33450 = CARTESIAN_POINT ('', (99.9999999999999, -84.6224108582586, 1192.82858385954));
#33460 = CARTESIAN_POINT ('', (99.9999999999999, -83.6249843464067, 1192.89850581771));
#33470 = CARTESIAN_POINT ('', (99.9999999999999, -82.6276038149186, 1192.96842455255));
#33480 = CARTESIAN_POINT ('', (99.9999999999999, -81.6266268715793, 1193.03733233794));
#33490 = CARTESIAN_POINT ('', (99.9999999999999, -80.6290738823087, 1193.10474589497));
#33500 = CARTESIAN_POINT ('', (99.9999999999999, -79.6315677879827, 1193.17215628288));
#33510 = CARTESIAN_POINT ('', (99.9999999999999, -78.6305790042326, 1193.23853949153));
#33520 = CARTESIAN_POINT ('', (99.9999999999999, -77.6329067671926, 1193.30344462272));
#33530 = CARTESIAN_POINT ('', (99.9999999999999, -76.6352820777195, 1193.36834666063));
#33540 = CARTESIAN_POINT ('', (99.9999999999999, -75.6342901248462, 1193.43220575673));
#33550 = CARTESIAN_POINT ('', (99.9999999999999, -74.6365056072303, 1193.49460248723));
#33560 = CARTESIAN_POINT ('', (99.9999999999999, -73.6387689787359, 1193.55699622297));
#33570 = CARTESIAN_POINT ('', (99.9999999999999, -72.6377821693802, 1193.61833173528));
#33580 = CARTESIAN_POINT ('', (99.9999999999999, -71.6398920264611, 1193.67822013786));
#33590 = CARTESIAN_POINT ('', (99.9999999999999, -70.6420497504372, 1193.73810566771));
#33600 = CARTESIAN_POINT ('', (99.9999999999999, -69.641075983436, 1193.79691818667));
#33610 = CARTESIAN_POINT ('', (99.9999999999999, -68.6430865055226, 1193.85429837907));
#33620 = CARTESIAN_POINT ('', (99.9999999999999, -67.6451444526557, 1193.91167584474));
#33630 = CARTESIAN_POINT ('', (99.9999999999998, -66.6441911549007, 1193.96796601891));
#33640 = CARTESIAN_POINT ('', (99.9999999999998, -65.6461082111958, 1194.02283816058));
#33650 = CARTESIAN_POINT ('', (99.9999999999998, -64.6480717727853, 1194.07770774551));
#33660 = CARTESIAN_POINT ('', (99.9999999999998, -63.647145838802, 1194.13147627739));
#33670 = CARTESIAN_POINT ('', (99.9999999999998, -62.6489748188528, 1194.18384056559));
#33680 = CARTESIAN_POINT ('', (99.9999999999998, -61.6508488467546, 1194.23620249056));
#33690 = CARTESIAN_POINT ('', (99.9999999999998, -60.6499565769472, 1194.28745013162));
#33700 = CARTESIAN_POINT ('', (99.9999999999998, -59.651702330625, 1194.33730679681));
#33710 = CARTESIAN_POINT ('', (99.9999999999998, -58.6534910769207, 1194.38716131478));
#33720 = CARTESIAN_POINT ('', (99.9999999999998, -57.652638115694, 1194.43588885968));
#33730 = CARTESIAN_POINT ('', (99.9999999999998, -56.6543048929034, 1194.48323816017));
#33740 = CARTESIAN_POINT ('', (99.9999999999998, -55.6560119507833, 1194.53058555021));
#33750 = CARTESIAN_POINT ('', (99.9999999999998, -54.6552032260337, 1194.57679383022));
#33760 = CARTESIAN_POINT ('', (99.9999999999998, -53.6567946176383, 1194.62163604597));
#33770 = CARTESIAN_POINT ('', (99.9999999999998, -52.6584228652703, 1194.66647660637));
#33780 = CARTESIAN_POINT ('', (99.9999999999998, -51.6576625310252, 1194.71016648187));
#33790 = CARTESIAN_POINT ('', (99.9999999999998, -50.6591814127635, 1194.75250190744));
#33800 = CARTESIAN_POINT ('', (99.9999999999998, -49.6607329622026, 1194.79483594791));
#33810 = CARTESIAN_POINT ('', (99.9999999999998, -48.6600243464615, 1194.83600830001));
#33820 = CARTESIAN_POINT ('', (99.9999999999998, -47.661472827906, 1194.87583723673));
#33830 = CARTESIAN_POINT ('', (99.9999999999998, -46.6629489813449, 1194.9156650697));
#33840 = CARTESIAN_POINT ('', (99.9999999999998, -45.66229454142, 1194.954320791));
#33850 = CARTESIAN_POINT ('', (99.9999999999998, -44.6636739222808, 1194.99164353823));
#33860 = CARTESIAN_POINT ('', (99.9999999999998, -43.6650751381374, 1195.02896546939));
#33870 = CARTESIAN_POINT ('', (99.9999999999997, -42.6644764259825, 1195.06510545387));
#33880 = CARTESIAN_POINT ('', (99.9999999999997, -41.6657871622493, 1195.09992229954));
#33890 = CARTESIAN_POINT ('', (99.9999999999997, -40.6671130337004, 1195.13473861756));
#33900 = CARTESIAN_POINT ('', (99.9999999999998, -39.6665706738243, 1195.1683637499));
#33910 = CARTESIAN_POINT ('', (99.9999999999998, -38.6678123563567, 1195.20067496038));
#33920 = CARTESIAN_POINT ('', (99.9999999999998, -37.6690616049313, 1195.23298592609));
#33930 = CARTESIAN_POINT ('', (99.9999999999997, -36.6685752874935, 1195.26409707025));
#33940 = CARTESIAN_POINT ('', (99.9999999999997, -35.6697466356712, 1195.2939028797));
#33950 = CARTESIAN_POINT ('', (99.9999999999997, -34.6709171223876, 1195.32370871485));
#33960 = CARTESIAN_POINT ('', (99.9999999999998, -33.6704856139371, 1195.35230670243));
#33970 = CARTESIAN_POINT ('', (99.9999999999998, -32.6715844868533, 1195.37960730181));
#33980 = CARTESIAN_POINT ('', (99.9999999999998, -31.6726732430926, 1195.40690817768));
#33990 = CARTESIAN_POINT ('', (99.9999999999998, -30.6722944171193, 1195.43299379605));
#34000 = CARTESIAN_POINT ('', (99.9999999999998, -29.6733178445091, 1195.45778932207));
#34010 = CARTESIAN_POINT ('', (99.9999999999998, -28.6743211243572, 1195.48258534818));
#34020 = CARTESIAN_POINT ('', (99.9999999999998, -27.6739920133561, 1195.50615932885));
#34030 = CARTESIAN_POINT ('', (99.9999999999998, -26.6749362479899, 1195.52844985316));
#34040 = CARTESIAN_POINT ('', (99.9999999999998, -25.6758496031332, 1195.55074106643));
#34050 = CARTESIAN_POINT ('', (99.9999999999998, -24.6755664732384, 1195.57180407389));
#34060 = CARTESIAN_POINT ('', (99.9999999999998, -23.6764270658656, 1195.59158959271));
#34070 = CARTESIAN_POINT ('', (99.9999999999998, -22.1807178406334, 1195.62120846552));
#34080 = CARTESIAN_POINT ('', (100., -20.6826693352172, 1195.64806022373));
#34090 = CARTESIAN_POINT ('', (100., -19.1868594405941, 1195.67206279064));
#34100 = CARTESIAN_POINT ('', (100., -17.690857912875, 1195.69606843261));
#34110 = CARTESIAN_POINT ('', (100., -16.1929779199931, 1195.71729135578));
#34120 = CARTESIAN_POINT ('', (100., -14.6968967990991, 1195.73567943585));
#34130 = CARTESIAN_POINT ('', (100., -13.2005615172171, 1195.75407063977));
#34140 = CARTESIAN_POINT ('', (100., -11.7028109881116, 1195.76966668345));
#34150 = CARTESIAN_POINT ('', (100., -10.2064171936149, 1195.78243868323));
#34160 = CARTESIAN_POINT ('', (100., -8.70970628720293, 1195.79521338961));
#34170 = CARTESIAN_POINT ('', (100., -7.21204530342807, 1195.80518368823));
#34180 = CARTESIAN_POINT ('', (100., -5.71529697512714, 1195.8123371646));
#34190 = CARTESIAN_POINT ('', (100., -4.21817020478475, 1195.81949244968));
#34200 = CARTESIAN_POINT ('', (100., -2.72056002062132, 1195.82383730528));
#34210 = CARTESIAN_POINT ('', (100., -1.2234169350775, 1195.82536896736));
#34220 = CARTESIAN_POINT ('', (100., -0.926412495204605, 1195.8256728197));
#34230 = CARTESIAN_POINT ('', (100., -0.629403913630608, 1195.82586602649));
#34240 = CARTESIAN_POINT ('', (100., -0.332399329802377, 1195.82594858242));
#34250 = CARTESIAN_POINT ('', (100., -0.134284552867435, 1195.82600365076));
#34260 = CARTESIAN_POINT ('', (100., 0.0638305714471394, 1195.82600948679));
#34270 = CARTESIAN_POINT ('', (100., 0.261945351282633, 1195.82596609051));
#34280 = CARTESIAN_POINT ('', (100., 2.53437388774613, 1195.82546832375));
#34290 = CARTESIAN_POINT ('', (100., 4.80634931644178, 1195.81849501147));
#34300 = CARTESIAN_POINT ('', (100., 7.07873809445166, 1195.80504351786));
#34310 = CARTESIAN_POINT ('', (100., 9.35255978475302, 1195.79158354208));
#34320 = CARTESIAN_POINT ('', (100., 11.6242930172715, 1195.77165810224));
#34330 = CARTESIAN_POINT ('', (100., 13.8980009781259, 1195.74523161968));
#34340 = CARTESIAN_POINT ('', (100., 16.1728631513884, 1195.71879172213));
#34350 = CARTESIAN_POINT ('', (100., 18.4440051742295, 1195.68591645554));
#34360 = CARTESIAN_POINT ('', (100., 20.7186795224824, 1195.64650091389));
#34370 = CARTESIAN_POINT ('', (100., 22.2317765238314, 1195.62028197934));
#34380 = CARTESIAN_POINT ('', (100., 23.7425676342112, 1195.59123571355));
#34390 = CARTESIAN_POINT ('', (100., 25.2555542563297, 1195.55927559292));
#34400 = CARTESIAN_POINT ('', (100., 26.7687197312413, 1195.52731169423));
#34410 = CARTESIAN_POINT ('', (100., 28.2791056662283, 1195.49253952594));
#34420 = CARTESIAN_POINT ('', (100., 29.792138960941, 1195.45483416326));
#34430 = CARTESIAN_POINT ('', (100., 31.3052951652174, 1195.41712573762));
#34440 = CARTESIAN_POINT ('', (100., 32.8152019439304, 1195.37663176368));
#34450 = CARTESIAN_POINT ('', (100., 34.3282041743165, 1195.333182083));
#34460 = CARTESIAN_POINT ('', (100., 35.8412776045237, 1195.28973035765));
#34470 = CARTESIAN_POINT ('', (100., 37.3506361580755, 1195.2435193826));
#34480 = CARTESIAN_POINT ('', (100., 38.8635338323883, 1195.19432705907));
#34490 = CARTESIAN_POINT ('', (100., 39.8702544227312, 1195.16159323587));
#34500 = CARTESIAN_POINT ('', (99.9999999999997, 40.8751416010185, 1195.12764881482));
#34510 = CARTESIAN_POINT ('', (99.9999999999997, 41.8817763187556, 1195.09237282797));
#34520 = CARTESIAN_POINT ('', (99.9999999999997, 42.8884070606262, 1195.05709698046));
#34530 = CARTESIAN_POINT ('', (99.9999999999997, 43.8930698147761, 1195.02062000387));
#34540 = CARTESIAN_POINT ('', (99.9999999999997, 44.8996082689665, 1194.98280233428));
#34550 = CARTESIAN_POINT ('', (99.9999999999997, 45.9061354967223, 1194.9449850865));
#34560 = CARTESIAN_POINT ('', (99.9999999999997, 46.9105613105858, 1194.90597682201));
#34570 = CARTESIAN_POINT ('', (99.9999999999997, 47.9169898382221, 1194.86561814012));
#34580 = CARTESIAN_POINT ('', (99.9999999999997, 48.9234007253384, 1194.82526016564));
#34590 = CARTESIAN_POINT ('', (99.9999999999998, 49.9275779904453, 1194.78372191696));
#34600 = CARTESIAN_POINT ('', (99.9999999999998, 50.9338837677665, 1194.74082293864));
#34610 = CARTESIAN_POINT ('', (99.9999999999998, 51.9401663179016, 1194.6979249505));
#34620 = CARTESIAN_POINT ('', (99.9999999999997, 52.9440843216489, 1194.65385804693));
#34630 = CARTESIAN_POINT ('', (99.9999999999997, 53.9502553551714, 1194.6084195237));
#34640 = CARTESIAN_POINT ('', (99.9999999999997, 54.9563983790541, 1194.56298226538));
#34650 = CARTESIAN_POINT ('', (99.9999999999998, 55.9600472787885, 1194.51638805242));
#34660 = CARTESIAN_POINT ('', (99.9999999999998, 56.9660723821665, 1194.46841076275));
#34670 = CARTESIAN_POINT ('', (99.9999999999998, 57.9720654629181, 1194.42043500023));
#34680 = CARTESIAN_POINT ('', (99.9999999999998, 58.975436248535, 1194.37131483135));
#34690 = CARTESIAN_POINT ('', (99.9999999999998, 59.9813050078626, 1194.32079957308));
#34700 = CARTESIAN_POINT ('', (99.9999999999998, 60.9871384573234, 1194.27028608808));
#34710 = CARTESIAN_POINT ('', (99.9999999999998, 61.9902229049559, 1194.21864131771));
#34720 = CARTESIAN_POINT ('', (99.9999999999998, 62.9959256350803, 1194.16558890174));
#34730 = CARTESIAN_POINT ('', (99.9999999999998, 64.0015904435673, 1194.1125384862));
#34740 = CARTESIAN_POINT ('', (99.9999999999998, 65.0043810627867, 1194.05837046395));
#34750 = CARTESIAN_POINT ('', (99.9999999999998, 66.0099087570597, 1194.00278170907));
#34760 = CARTESIAN_POINT ('', (99.9999999999998, 67.0153965387644, 1193.94719516069));
#34770 = CARTESIAN_POINT ('', (99.9999999999998, 68.0178865154978, 1193.89050522679));
#34780 = CARTESIAN_POINT ('', (99.9999999999998, 69.023230791173, 1193.83238095574));
#34790 = CARTESIAN_POINT ('', (99.9999999999998, 70.0285337271483, 1193.77425907476));
#34800 = CARTESIAN_POINT ('', (99.9999999999999, 71.03071686425, 1193.71504855659));
#34810 = CARTESIAN_POINT ('', (99.9999999999999, 72.0358699054746, 1193.65438959314));
#34820 = CARTESIAN_POINT ('', (99.9999999999999, 73.0409806858739, 1193.59373318005));
#34830 = CARTESIAN_POINT ('', (99.9999999999999, 74.0428513430045, 1193.53200338975));
#34840 = CARTESIAN_POINT ('', (99.9999999999999, 75.0478058430681, 1193.46881055688));
#34850 = CARTESIAN_POINT ('', (99.9999999999999, 76.0527176100121, 1193.40562041112));
#34860 = CARTESIAN_POINT ('', (99.9999999999999, 77.0542706441904, 1193.3413726441));
#34870 = CARTESIAN_POINT ('', (99.9999999999999, 78.059019748405, 1193.27564676303));
#34880 = CARTESIAN_POINT ('', (99.9999999999999, 79.063726040573, 1193.20992368251));
#34890 = CARTESIAN_POINT ('', (99.9999999999999, 80.0649567484849, 1193.14315921687));
#34900 = CARTESIAN_POINT ('', (99.9999999999999, 81.0694939987933, 1193.0749011069));
#34910 = CARTESIAN_POINT ('', (99.9999999999999, 82.0739886985785, 1193.00664588823));
#34920 = CARTESIAN_POINT ('', (99.9999999999999, 83.0748927614749, 1192.93736598485));
#34930 = CARTESIAN_POINT ('', (99.9999999999999, 84.0792120436248, 1192.86657646391));
#34940 = CARTESIAN_POINT ('', (99.9999999999999, 85.0834893274631, 1192.79578990323));
#34950 = CARTESIAN_POINT ('', (99.9999999999999, 86.0840627592445, 1192.72399580654));
#34960 = CARTESIAN_POINT ('', (99.9999999999999, 87.088158253138, 1192.65067569232));
#34970 = CARTESIAN_POINT ('', (99.9999999999999, 88.0922125454157, 1192.57735858668));
#34980 = CARTESIAN_POINT ('', (99.9999999999999, 89.0924516443053, 1192.50305152589));
#34990 = CARTESIAN_POINT ('', (99.9999999999999, 90.0963177779293, 1192.4272016374));
#35000 = CARTESIAN_POINT ('', (99.9999999999999, 91.1001437087097, 1192.35135478655));
#35010 = CARTESIAN_POINT ('', (99.9999999999999, 92.1000450127481, 1192.27453597734));
#35020 = CARTESIAN_POINT ('', (99.9999999999999, 93.1036764199235, 1192.19615713694));
#35030 = CARTESIAN_POINT ('', (99.9999999999999, 94.1072687865898, 1192.11778134543));
#35040 = CARTESIAN_POINT ('', (99.9999999999999, 95.1068290330439, 1192.03845199198));
#35050 = CARTESIAN_POINT ('', (99.9999999999999, 96.1102205150918, 1191.95754502763));
#35060 = CARTESIAN_POINT ('', (99.9999999999999, 97.1135742478932, 1191.87664110713));
#35070 = CARTESIAN_POINT ('', (99.9999999999999, 98.1127903365664, 1191.79480240443));
#35080 = CARTESIAN_POINT ('', (99.9999999999999, 99.1159368278773, 1191.71136815217));
#35090 = CARTESIAN_POINT ('', (99.9999999999999, 100.11904695928, 1191.62793692407));
#35100 = CARTESIAN_POINT ('', (100., 101.117915919623, 1191.54359006034));
#35110 = CARTESIAN_POINT ('', (100., 102.12081245703, 1191.45762936698));
#35120 = CARTESIAN_POINT ('', (100., 103.123674094708, 1191.37167166497));
#35130 = CARTESIAN_POINT ('', (100., 104.122193056567, 1191.2848178243));
#35140 = CARTESIAN_POINT ('', (100., 105.12483475236, 1191.19633155013));
#35150 = CARTESIAN_POINT ('', (100., 106.127443055623, 1191.10784822295));
#35160 = CARTESIAN_POINT ('', (100., 107.125609223423, 1191.018488588));
#35170 = CARTESIAN_POINT ('', (100., 108.127991241797, 1190.92747760954));
#35180 = CARTESIAN_POINT ('', (100., 109.130341401211, 1190.8364695237));
#35190 = CARTESIAN_POINT ('', (100., 110.128152031335, 1190.74460527837));
#35200 = CARTESIAN_POINT ('', (100., 111.13026956803, 1190.6510704912));
#35210 = CARTESIAN_POINT ('', (100., 112.132356787986, 1190.55753853371));
#35220 = CARTESIAN_POINT ('', (100., 113.129809169103, 1190.46317086591));
#35230 = CARTESIAN_POINT ('', (100., 114.131657433994, 1190.36711318737));
#35240 = CARTESIAN_POINT ('', (100., 115.133476917957, 1190.27105826836));
#35250 = CARTESIAN_POINT ('', (100., 116.130568354046, 1190.17418837268));
#35260 = CARTESIAN_POINT ('', (100., 117.132142556408, 1190.07560874458));
#35270 = CARTESIAN_POINT ('', (100., 118.133689494595, 1189.97703179995));
#35280 = CARTESIAN_POINT ('', (100., 119.130417290406, 1189.87766088029));
#35290 = CARTESIAN_POINT ('', (100., 120.13171262661, 1189.77656027148));
#35300 = CARTESIAN_POINT ('', (100., 121.132981365931, 1189.67546234816));
#35310 = CARTESIAN_POINT ('', (100., 122.129341926373, 1189.57359182105));
#35320 = CARTESIAN_POINT ('', (100., 123.130352731972, 1189.46997114013));
#35330 = CARTESIAN_POINT ('', (100., 124.131328068457, 1189.36635413084));
#35340 = CARTESIAN_POINT ('', (100., 125.127306905208, 1189.26198572657));
#35350 = CARTESIAN_POINT ('', (100., 126.128017928059, 1189.15584639545));
#35360 = CARTESIAN_POINT ('', (100., 127.128705965879, 1189.04970950221));
#35370 = CARTESIAN_POINT ('', (100., 128.124311928931, 1188.94284282181));
#35380 = CARTESIAN_POINT ('', (100., 129.12472930404, 1188.83418434435));
#35390 = CARTESIAN_POINT ('', (100., 130.125125082747, 1188.72552821255));
#35400 = CARTESIAN_POINT ('', (100., 131.120355282298, 1188.61616410995));
#35410 = CARTESIAN_POINT ('', (100., 132.120474051629, 1188.50498715072));
#35420 = CARTESIAN_POINT ('', (100., 133.120572558212, 1188.39381244397));
#35430 = CARTESIAN_POINT ('', (100., 134.115424056889, 1188.2819517766));
#35440 = CARTESIAN_POINT ('', (100., 135.115239210179, 1188.16825702061));
#35450 = CARTESIAN_POINT ('', (100., 136.115035376322, 1188.05456442375));
#35460 = CARTESIAN_POINT ('', (100., 137.109505184647, 1187.94020805554));
#35470 = CARTESIAN_POINT ('', (100., 138.109011656682, 1187.82399621117));
#35480 = CARTESIAN_POINT ('', (100., 139.108500357021, 1187.7077864331));
#35490 = CARTESIAN_POINT ('', (100., 140.102585429891, 1187.59093523749));
#35500 = CARTESIAN_POINT ('', (100., 141.101778098777, 1187.47220703921));
#35510 = CARTESIAN_POINT ('', (100., 142.100954150008, 1187.35348081551));
#35520 = CARTESIAN_POINT ('', (100., 143.094651384058, 1187.23413567818));
#35530 = CARTESIAN_POINT ('', (100., 144.093525070349, 1187.11289188914));
#35540 = CARTESIAN_POINT ('', (100., 145.092383231067, 1186.99164998461));
#35550 = CARTESIAN_POINT ('', (100., 146.085689462786, 1186.8698118062));
#35560 = CARTESIAN_POINT ('', (100., 147.084238929336, 1186.74605322063));
#35570 = CARTESIAN_POINT ('', (100., 148.082773900482, 1186.62229643161));
#35580 = CARTESIAN_POINT ('', (100., 149.075685904982, 1186.49796613017));
#35590 = CARTESIAN_POINT ('', (100., 150.073905857403, 1186.37169357567));
#35600 = CARTESIAN_POINT ('', (100., 151.072112283228, 1186.24542273224));
#35610 = CARTESIAN_POINT ('', (100., 152.064626773557, 1186.11860124566));
#35620 = CARTESIAN_POINT ('', (100., 153.062511861195, 1185.98981558525));
#35630 = CARTESIAN_POINT ('', (100., 154.060384330641, 1185.86103155332));
#35640 = CARTESIAN_POINT ('', (100., 155.052497957565, 1185.73171984154));
#35650 = CARTESIAN_POINT ('', (100., 156.050042774894, 1185.60042197567));
#35660 = CARTESIAN_POINT ('', (100., 157.047575823323, 1185.46912565884));
#35670 = CARTESIAN_POINT ('', (100., 158.039285175505, 1185.33732470601));
#35680 = CARTESIAN_POINT ('', (100., 159.036484263862, 1185.20351557439));
#35690 = CARTESIAN_POINT ('', (100., 160.033672140524, 1185.06970794721));
#35700 = CARTESIAN_POINT ('', (100., 161.024973527883, 1184.93541874945));
#35710 = CARTESIAN_POINT ('', (100., 162.021821150846, 1184.79909942197));
#35720 = CARTESIAN_POINT ('', (100., 163.018648780611, 1184.66278282856));
#35730 = CARTESIAN_POINT ('', (100., 164.009529826706, 1184.52600797649));
#35740 = CARTESIAN_POINT ('', (100., 165.006010934256, 1184.387180964));
#35750 = CARTESIAN_POINT ('', (100., 166.002482564944, 1184.24835527179));
#35760 = CARTESIAN_POINT ('', (100., 166.992948153588, 1184.1090944739));
#35770 = CARTESIAN_POINT ('', (100., 167.989066933649, 1183.9677592002));
#35780 = CARTESIAN_POINT ('', (100., 168.985176885337, 1183.82642517911));
#35790 = CARTESIAN_POINT ('', (100., 169.975223299783, 1183.68467924096));
#35800 = CARTESIAN_POINT ('', (100., 170.970974076776, 1183.54083650918));
#35810 = CARTESIAN_POINT ('', (100., 171.966716623568, 1183.39699496631));
#35820 = CARTESIAN_POINT ('', (100., 172.956340087383, 1183.25276471876));
#35830 = CARTESIAN_POINT ('', (100., 173.951717140222, 1183.10641537087));
#35840 = CARTESIAN_POINT ('', (100., 174.947086512893, 1182.96006715219));
#35850 = CARTESIAN_POINT ('', (100., 175.936283191415, 1182.81335345339));
#35860 = CARTESIAN_POINT ('', (100., 176.931280756153, 1182.66449837176));
#35870 = CARTESIAN_POINT ('', (100., 177.926271144828, 1182.51564436369));
#35880 = CARTESIAN_POINT ('', (100., 178.915037146707, 1182.3664481009));
#35890 = CARTESIAN_POINT ('', (100., 179.909649419226, 1182.21508820982));
#35900 = CARTESIAN_POINT ('', (100., 180.904254976076, 1182.06372934073));
#35910 = CARTESIAN_POINT ('', (100., 181.892586354885, 1181.91205143204));
#35920 = CARTESIAN_POINT ('', (100., 182.886807493594, 1181.7581876991));
#35930 = CARTESIAN_POINT ('', (100., 183.881022335523, 1181.60432494064));
#35940 = CARTESIAN_POINT ('', (100., 184.86891509142, 1181.45016633661));
#35950 = CARTESIAN_POINT ('', (100., 185.862739219948, 1181.29379977398));
#35960 = CARTESIAN_POINT ('', (100., 186.856557431263, 1181.13743414235));
#35970 = CARTESIAN_POINT ('', (100., 187.844007512684, 1180.98079582754));
#35980 = CARTESIAN_POINT ('', (100., 188.837428722554, 1180.82192749314));
#35990 = CARTESIAN_POINT ('', (100., 189.830844357603, 1180.66306005026));
#36000 = CARTESIAN_POINT ('', (100., 190.817847662977, 1180.50394304468));
#36010 = CARTESIAN_POINT ('', (100., 191.810860016247, 1180.34257404326));
#36020 = CARTESIAN_POINT ('', (100., 192.803867102006, 1180.18120589783));
#36030 = CARTESIAN_POINT ('', (100., 193.790419481484, 1180.0196112583));
#36040 = CARTESIAN_POINT ('', (100., 194.783017013337, 1179.85574274246));
#36050 = CARTESIAN_POINT ('', (100., 195.775609551955, 1179.69187505095));
#36060 = CARTESIAN_POINT ('', (100., 196.761706809136, 1179.52780387236));
#36070 = CARTESIAN_POINT ('', (100., 197.753883530428, 1179.36143704344));
#36080 = CARTESIAN_POINT ('', (100., 198.503914705704, 1179.23567284685));
#36090 = CARTESIAN_POINT ('', (100., 199.250209739051, 1179.10980430293));
#36100 = CARTESIAN_POINT ('', (100., 200., 1178.98261168673));
#36110 = B_SPLINE_CURVE_WITH_KNOTS ('', 3, (#32290, #32300, #32310, #32320, #32330, #32340, #32350, #32360, #32370, #32380, #32390, #32400, #32410, #32420, #32430, #32440, #32450, #32460, #32470, #32480, #32490, #32500, #32510, #32520, #32530, #32540, #32550, #32560, #32570, #32580, #32590, #32600, #32610, #32620, #32630, #32640, #32650, #32660, #32670, #32680, #32690, #32700, #32710, #32720, #32730, #32740, #32750, #32760, #32770, #32780, #32790, #32800, #32810, #32820, #32830, #32840, #32850, #32860, #32870, #32880, #32890, #32900, #32910, #32920, #32930, #32940, #32950, #32960, #32970, #32980, #32990, #33000, #33010, #33020, #33030, #33040, #33050, #33060, #33070, #33080, #33090, #33100, #33110, #33120, #33130, #33140, #33150, #33160, #33170, #33180, #33190, #33200, #33210, #33220, #33230, #33240, #33250, #33260, #33270, #33280, #33290, #33300, #33310, #33320, #33330, #33340, #33350, #33360, #33370, #33380, #33390, #33400, #33410, #33420, #33430, #33440, #33450, #33460, #33470, #33480, #33490, #33500, #33510, #33520, #33530, #33540, #33550, #33560, #33570, #33580, #33590, #33600, #33610, #33620, #33630, #33640, #33650, #33660, #33670, #33680, #33690, #33700, #33710, #33720, #33730, #33740, #33750, #33760, #33770, #33780, #33790, #33800, #33810, #33820, #33830, #33840, #33850, #33860, #33870, #33880, #33890, #33900, #33910, #33920, #33930, #33940, #33950, #33960, #33970, #33980, #33990, #34000, #34010, #34020, #34030, #34040, #34050, #34060, #34070, #34080, #34090, #34100, #34110, #34120, #34130, #34140, #34150, #34160, #34170, #34180, #34190, #34200, #34210, #34220, #34230, #34240, #34250, #34260, #34270, #34280, #34290, #34300, #34310, #34320, #34330, #34340, #34350, #34360, #34370, #34380, #34390, #34400, #34410, #34420, #34430, #34440, #34450, #34460, #34470, #34480, #34490, #34500, #34510, #34520, #34530, #34540, #34550, #34560, #34570, #34580, #34590, #34600, #34610, #34620, #34630, #34640, #34650, #34660, #34670, #34680, #34690, #34700, #34710, #34720, #34730, #34740, #34750, #34760, #34770, #34780, #34790, #34800, #34810, #34820, #34830, #34840, #34850, #34860, #34870, #34880, #34890, #34900, #34910, #34920, #34930, #34940, #34950, #34960, #34970, #34980, #34990, #35000, #35010, #35020, #35030, #35040, #35050, #35060, #35070, #35080, #35090, #35100, #35110, #35120, #35130, #35140, #35150, #35160, #35170, #35180, #35190, #35200, #35210, #35220, #35230, #35240, #35250, #35260, #35270, #35280, #35290, #35300, #35310, #35320, #35330, #35340, #35350, #35360, #35370, #35380, #35390, #35400, #35410, #35420, #35430, #35440, #35450, #35460, #35470, #35480, #35490, #35500, #35510, #35520, #35530, #35540, #35550, #35560, #35570, #35580, #35590, #35600, #35610, #35620, #35630, #35640, #35650, #35660, #35670, #35680, #35690, #35700, #35710, #35720, #35730, #35740, #35750, #35760, #35770, #35780, #35790, #35800, #35810, #35820, #35830, #35840, #35850, #35860, #35870, #35880, #35890, #35900, #35910, #35920, #35930, #35940, #35950, #35960, #35970, #35980, #35990, #36000, #36010, #36020, #36030, #36040, #36050, #36060, #36070, #36080, #36090, #36100), .UNSPECIFIED., .F., .U., (4, 3, 3, 3, 3, 3, 3, 3, 3, 3, 3, 3, 3, 3, 3, 3, 3, 3, 3, 3, 3, 3, 3, 3, 3, 3, 3, 3, 3, 3, 3, 3, 3, 3, 3, 3, 3, 3, 3, 3, 3, 3, 3, 3, 3, 3, 3, 3, 3, 3, 3, 3, 3, 3, 3, 3, 3, 3, 3, 3, 3, 3, 3, 3, 3, 3, 3, 3, 3, 3, 3, 3, 3, 3, 3, 3, 3, 3, 3, 3, 3, 3, 3, 3, 3, 3, 3, 3, 3, 3, 3, 3, 3, 3, 3, 3, 3, 3, 3, 3, 3, 3, 3, 3, 3, 3, 3, 3, 3, 3, 3, 3, 3, 3, 3, 3, 3, 3, 3, 3, 3, 3, 3, 3, 3, 3, 3, 4), (0., 3.00201276697422, 6.0039870925684, 9.00594552222466, 12.0078871867875, 15.0098111141912, 18.0117162230455, 21.0136013160266, 24.0154650730903, 27.0173060445337, 30.0191226439397, 33.0209131410425, 36.0226756545641, 39.0244079831913, 42.0260780544872, 45.0277133791222, 48.0293114618907, 51.0308696246073, 54.0323850004132, 57.0338545287794, 60.0352749513938, 63.0366428091482, 66.0379544404758, 69.0392059813219, 72.0403933670728, 75.0415123368073, 78.0425584402854, 81.0434962398034, 84.0443473232554, 87.0451116567192, 90.0457842804966, 93.0463601386369, 96.0468341132051, 99.0472010655271, 102.0474558852, 105.047593547675, 108.047609181205, 111.047498143951, 114.047256111928, 117.046879178418, 120.046363965286, 123.04570774644, 126.044908583353, 129.043965472259, 132.042878502101, 135.041649021833, 138.040279814996, 141.038775278771, 144.037141603932, 147.035386951244, 150.033521619008, 153.031558195617, 156.029511690232, 159.027399634126, 162.025242144883, 165.023061945638, 168.020884331928, 171.018737079582, 174.016650288476, 177.014656158898, 181.502663542653, 185.991245899707, 190.480590797315, 194.97088706532, 199.462318672416, 200.353332458322, 200.947676812087, 207.764962585029, 214.58654717016, 221.411594626384, 225.951567061562, 230.492076174818, 235.032954131242, 239.574045775188, 242.59580364964, 245.617549589171, 248.639261825635, 251.660921098005, 254.682510625528, 257.704016038491, 260.725425274391, 263.746728447193, 266.767917696903, 269.788987026075, 272.809932129047, 275.830750218889, 278.851439856168, 281.872000782802, 284.89243376351, 287.912740436691, 290.932923175928, 293.952984962848, 296.97292927163, 299.992759965113, 303.012481202232, 306.032097356273, 309.051612943356, 312.071032560413, 315.090360831939, 318.109602364711, 321.128761709732, 324.147840858408, 327.166813031151, 330.185715862029, 333.204553522668, 336.223330020623, 339.242049190025, 342.260714685174, 345.279329976647, 348.29789834954, 351.316422903506, 354.334906554304, 357.353352036575, 360.371761907636, 363.390137842154, 366.408453238847, 369.426739930374, 372.444999871516, 375.463234865766, 378.481446571805, 381.499636510075, 384.517806069382, 387.535956513474, 390.554088987548, 393.572204524649, 396.590304051924, 399.608388396728, 401.889894603876), .UNSPECIFIED.);
#36120 = EDGE_CURVE ('', #31040, #32230, #36110, .T.);
#36130 = ORIENTED_EDGE ('', *, *, #36120, .F.);
#36140 = ORIENTED_EDGE ('', *, *, #31080, .F.);
#36150 = EDGE_LOOP ('', (#32210, #32280, #36130, #36140));
#36160 = FACE_OUTER_BOUND ('', #36150, .T.);
#36170 = CARTESIAN_POINT ('', (100., 200., 1100.));
#36180 = CARTESIAN_POINT ('', (100., -200., 1100.));
#36190 = CARTESIAN_POINT ('', (100., 200., 1195.82600948679));
#36200 = CARTESIAN_POINT ('', (100., -200., 1195.82600948679));
#36210 = B_SPLINE_SURFACE_WITH_KNOTS ('', 1, 1, ((#36170, #36180), (#36190, #36200)), .UNSPECIFIED., .F., .F., .U., (2, 2), (2, 2), (0.00900017544886255, 0.950011252357891), (0., 1.), .UNSPECIFIED.);
#36220 = ADVANCED_FACE ('', (#36160), #36210, .T.);
#36230 = CARTESIAN_POINT ('', (0., 200., 1183.21595194209));
#36240 = VERTEX_POINT ('', #36230);
#36250 = CARTESIAN_POINT ('', (-100., 200., 1178.98261168673));
#36260 = VERTEX_POINT ('', #36250);
#36270 = CARTESIAN_POINT ('', (0., 200., 1183.21595194209));
#36280 = CARTESIAN_POINT ('', (-3.40327217157767, 200., 1183.21595194209));
#36290 = CARTESIAN_POINT ('', (-6.80630453266546, 200., 1183.20127009525));
#36300 = CARTESIAN_POINT ('', (-10.2094500126267, 200., 1183.1719048768));
#36310 = CARTESIAN_POINT ('', (-13.6137581791576, 200., 1183.14252962571));
#36320 = CARTESIAN_POINT ('', (-17.016613722145, 200., 1183.09848072894));
#36330 = CARTESIAN_POINT ('', (-20.4205415739675, 200., 1183.03972549366));
#36340 = CARTESIAN_POINT ('', (-23.825455681901, 200., 1182.98095323461));
#36350 = CARTESIAN_POINT ('', (-27.2277055571055, 200., 1182.90753686465));
#36360 = CARTESIAN_POINT ('', (-30.6319854748528, 200., 1182.81937506759));
#36370 = CARTESIAN_POINT ('', (-34.037062297372, 200., 1182.73119263281));
#36380 = CARTESIAN_POINT ('', (-37.4382668997028, 200., 1182.62841697024));
#36390 = CARTESIAN_POINT ('', (-40.8424555209636, 200., 1182.51084086748));
#36400 = CARTESIAN_POINT ('', (-44.2472472830678, 200., 1182.39324393305));
#36410 = CARTESIAN_POINT ('', (-47.6469648701701, 200., 1182.26112586587));
#36420 = CARTESIAN_POINT ('', (-51.0506144035776, 200., 1182.11413662812));
#36430 = CARTESIAN_POINT ('', (-53.3154622704672, 200., 1182.01632742118));
#36440 = CARTESIAN_POINT ('', (-55.5775693387346, 200., 1181.91212490538));
#36450 = CARTESIAN_POINT ('', (-57.8418178378655, 200., 1181.80130417041));
#36460 = CARTESIAN_POINT ('', (-60.1061420591692, 200., 1181.6904797293));
#36470 = CARTESIAN_POINT ('', (-62.3673760654482, 200., 1181.57329388962));
#36480 = CARTESIAN_POINT ('', (-64.6310261536699, 200., 1181.44946128478));
#36490 = CARTESIAN_POINT ('', (-66.8947182838533, 200., 1181.32562638004));
#36500 = CARTESIAN_POINT ('', (-69.1549730843049, 200., 1181.19546587073));
#36510 = CARTESIAN_POINT ('', (-71.4179163592315, 200., 1181.05862699339));
#36520 = CARTESIAN_POINT ('', (-73.6808705321922, 200., 1180.92178745706));
#36530 = CARTESIAN_POINT ('', (-75.9400428281548, 200., 1180.77866193274));
#36540 = CARTESIAN_POINT ('', (-78.2021734763063, 200., 1180.62882342528));
#36550 = CARTESIAN_POINT ('', (-80.4642867129577, 200., 1180.47898607111));
#36560 = CARTESIAN_POINT ('', (-82.7222763512976, 200., 1180.32290610202));
#36570 = CARTESIAN_POINT ('', (-84.9834914553552, 200., 1180.16007557258));
#36580 = CARTESIAN_POINT ('', (-87.2446638653838, 200., 1179.99724811755));
#36590 = CARTESIAN_POINT ('', (-89.5013740331363, 200., 1179.82822510688));
#36600 = CARTESIAN_POINT ('', (-91.7615737735027, 200., 1179.65241105274));
#36610 = CARTESIAN_POINT ('', (-94.5102232551697, 200., 1179.43860198084));
#36620 = CARTESIAN_POINT ('', (-97.252911164695, 200., 1179.21561645758));
#36630 = CARTESIAN_POINT ('', (-100., 200., 1178.98261168673));
#36640 = B_SPLINE_CURVE_WITH_KNOTS ('', 3, (#36270, #36280, #36290, #36300, #36310, #36320, #36330, #36340, #36350, #36360, #36370, #36380, #36390, #36400, #36410, #36420, #36430, #36440, #36450, #36460, #36470, #36480, #36490, #36500, #36510, #36520, #36530, #36540, #36550, #36560, #36570, #36580, #36590, #36600, #36610, #36620, #36630), .UNSPECIFIED., .F., .U., (4, 3, 3, 3, 3, 3, 3, 3, 3, 3, 3, 3, 4), (0., 10.209816514733, 20.4231212190277, 30.6393851323941, 40.8580405616347, 51.0785064923312, 57.8793830909806, 64.6804871280726, 71.4817174796323, 78.2829805850137, 85.0841913414324, 91.8852736841107, 100.156131839747), .UNSPECIFIED.);
#36650 = EDGE_CURVE ('', #36240, #36260, #36640, .T.);
#36660 = ORIENTED_EDGE ('', *, *, #36650, .F.);
#36670 = CARTESIAN_POINT ('', (0., 200., 1183.21595194209));
#36680 = CARTESIAN_POINT ('', (3.40327217157768, 200., 1183.21595194209));
#36690 = CARTESIAN_POINT ('', (6.80630453266545, 200., 1183.20127009525));
#36700 = CARTESIAN_POINT ('', (10.2094500126267, 200., 1183.1719048768));
#36710 = CARTESIAN_POINT ('', (13.6137581791576, 200., 1183.14252962571));
#36720 = CARTESIAN_POINT ('', (17.016613722145, 200., 1183.09848072894));
#36730 = CARTESIAN_POINT ('', (20.4205415739675, 200., 1183.03972549366));
#36740 = CARTESIAN_POINT ('', (23.8254556819009, 200., 1182.98095323461));
#36750 = CARTESIAN_POINT ('', (27.2277055571055, 200., 1182.90753686465));
#36760 = CARTESIAN_POINT ('', (30.6319854748528, 200., 1182.81937506759));
#36770 = CARTESIAN_POINT ('', (34.0370622973721, 200., 1182.73119263281));
#36780 = CARTESIAN_POINT ('', (37.4382668997029, 200., 1182.62841697024));
#36790 = CARTESIAN_POINT ('', (40.8424555209636, 200., 1182.51084086748));
#36800 = CARTESIAN_POINT ('', (44.2472472830678, 200., 1182.39324393305));
#36810 = CARTESIAN_POINT ('', (47.6469648701701, 200., 1182.26112586587));
#36820 = CARTESIAN_POINT ('', (51.0506144035777, 200., 1182.11413662812));
#36830 = CARTESIAN_POINT ('', (53.3154622704672, 200., 1182.01632742118));
#36840 = CARTESIAN_POINT ('', (55.5775693387346, 200., 1181.91212490538));
#36850 = CARTESIAN_POINT ('', (57.8418178378656, 200., 1181.80130417041));
#36860 = CARTESIAN_POINT ('', (60.1061420591692, 200., 1181.6904797293));
#36870 = CARTESIAN_POINT ('', (62.3673760654483, 200., 1181.57329388962));
#36880 = CARTESIAN_POINT ('', (64.6310261536699, 200., 1181.44946128478));
#36890 = CARTESIAN_POINT ('', (66.8947182838533, 200., 1181.32562638004));
#36900 = CARTESIAN_POINT ('', (69.154973084305, 200., 1181.19546587073));
#36910 = CARTESIAN_POINT ('', (71.4179163592315, 200., 1181.05862699339));
#36920 = CARTESIAN_POINT ('', (73.6808705321923, 200., 1180.92178745706));
#36930 = CARTESIAN_POINT ('', (75.9400428281548, 200., 1180.77866193274));
#36940 = CARTESIAN_POINT ('', (78.2021734763063, 200., 1180.62882342528));
#36950 = CARTESIAN_POINT ('', (80.4642867129577, 200., 1180.47898607111));
#36960 = CARTESIAN_POINT ('', (82.7222763512976, 200., 1180.32290610202));
#36970 = CARTESIAN_POINT ('', (84.9834914553552, 200., 1180.16007557258));
#36980 = CARTESIAN_POINT ('', (87.2446638653838, 200., 1179.99724811755));
#36990 = CARTESIAN_POINT ('', (89.5013740331363, 200., 1179.82822510688));
#37000 = CARTESIAN_POINT ('', (91.7615737735027, 200., 1179.65241105274));
#37010 = CARTESIAN_POINT ('', (94.5102232551697, 200., 1179.43860198084));
#37020 = CARTESIAN_POINT ('', (97.252911164695, 200., 1179.21561645758));
#37030 = CARTESIAN_POINT ('', (100., 200., 1178.98261168673));
#37040 = B_SPLINE_CURVE_WITH_KNOTS ('', 3, (#36670, #36680, #36690, #36700, #36710, #36720, #36730, #36740, #36750, #36760, #36770, #36780, #36790, #36800, #36810, #36820, #36830, #36840, #36850, #36860, #36870, #36880, #36890, #36900, #36910, #36920, #36930, #36940, #36950, #36960, #36970, #36980, #36990, #37000, #37010, #37020, #37030), .UNSPECIFIED., .F., .U., (4, 3, 3, 3, 3, 3, 3, 3, 3, 3, 3, 3, 4), (0., 10.209816514733, 20.4231212190278, 30.6393851323941, 40.8580405616348, 51.0785064923312, 57.8793830909806, 64.6804871280726, 71.4817174796323, 78.2829805850138, 85.0841913414324, 91.8852736841108, 100.156131839747), .UNSPECIFIED.);
#37050 = EDGE_CURVE ('', #36240, #32230, #37040, .T.);
#37060 = ORIENTED_EDGE ('', *, *, #37050, .T.);
#37070 = ORIENTED_EDGE ('', *, *, #32270, .F.);
#37080 = CARTESIAN_POINT ('', (-100., 200., 1100.));
#37090 = VERTEX_POINT ('', #37080);
#37100 = CARTESIAN_POINT ('', (100., 200., 1100.));
#37110 = CARTESIAN_POINT ('', (33.3333333333333, 200., 1100.));
#37120 = CARTESIAN_POINT ('', (-33.3333333333333, 200., 1100.));
#37130 = CARTESIAN_POINT ('', (-100., 200., 1100.));
#37140 = B_SPLINE_CURVE_WITH_KNOTS ('', 3, (#37100, #37110, #37120, #37130), .UNSPECIFIED., .F., .U., (4, 4), (0., 200.), .UNSPECIFIED.);
#37150 = EDGE_CURVE ('', #32140, #37090, #37140, .T.);
#37160 = ORIENTED_EDGE ('', *, *, #37150, .T.);
#37170 = CARTESIAN_POINT ('', (-100., 200., 1100.));
#37180 = CARTESIAN_POINT ('', (-100., 200., 1178.98261168673));
#37190 = B_SPLINE_CURVE_WITH_KNOTS ('', 1, (#37170, #37180), .UNSPECIFIED., .F., .U., (2, 2), (0., 1.), .UNSPECIFIED.);
#37200 = EDGE_CURVE ('', #37090, #36260, #37190, .T.);
#37210 = ORIENTED_EDGE ('', *, *, #37200, .T.);
#37220 = EDGE_LOOP ('', (#36660, #37060, #37070, #37160, #37210));
#37230 = FACE_OUTER_BOUND ('', #37220, .T.);
#37240 = CARTESIAN_POINT ('', (-100., 200., 1100.));
#37250 = CARTESIAN_POINT ('', (100., 200., 1100.));
#37260 = CARTESIAN_POINT ('', (-100., 200., 1183.21595194209));
#37270 = CARTESIAN_POINT ('', (100., 200., 1183.21595194209));
#37280 = B_SPLINE_SURFACE_WITH_KNOTS ('', 1, 1, ((#37240, #37250), (#37260, #37270)), .UNSPECIFIED., .F., .F., .U., (2, 2), (2, 2), (0.00900017544886266, 0.82618053151735), (0., 1.), .UNSPECIFIED.);
#37290 = ADVANCED_FACE ('', (#37230), #37280, .T.);
#37300 = CARTESIAN_POINT ('', (-100., 200., 1100.));
#37310 = CARTESIAN_POINT ('', (-100., 66.6666666666667, 1100.));
#37320 = CARTESIAN_POINT ('', (-100., -66.6666666666667, 1100.));
#37330 = CARTESIAN_POINT ('', (-100., -200., 1100.));
#37340 = B_SPLINE_CURVE_WITH_KNOTS ('', 3, (#37300, #37310, #37320, #37330), .UNSPECIFIED., .F., .U., (4, 4), (0., 400.), .UNSPECIFIED.);
#37350 = EDGE_CURVE ('', #37090, #30930, #37340, .T.);
#37360 = ORIENTED_EDGE ('', *, *, #37350, .T.);
#37370 = ORIENTED_EDGE ('', *, *, #32030, .T.);
#37380 = CARTESIAN_POINT ('', (-100., 200., 1178.98261168673));
#37390 = CARTESIAN_POINT ('', (-100., 199.013423707167, 1179.14997211577));
#37400 = CARTESIAN_POINT ('', (-100., 198.020326637834, 1179.31715378732));
#37410 = CARTESIAN_POINT ('', (-100., 197.03333244565, 1179.48203180096));
#37420 = CARTESIAN_POINT ('', (-100., 196.046350892126, 1179.64690770329));
#37430 = CARTESIAN_POINT ('', (-100., 195.052888069233, 1179.81158220035));
#37440 = CARTESIAN_POINT ('', (-100., 194.065494889004, 1179.97397480427));
#37450 = CARTESIAN_POINT ('', (-100., 193.078106937181, 1180.13636654829));
#37460 = CARTESIAN_POINT ('', (-100., 192.084278029602, 1180.2985340491));
#37470 = CARTESIAN_POINT ('', (-100., 191.096484688425, 1180.45844140058));
#37480 = CARTESIAN_POINT ('', (-100., 190.108696863796, 1180.61834785903));
#37490 = CARTESIAN_POINT ('', (-100., 189.114510192132, 1180.77800717897));
#37500 = CARTESIAN_POINT ('', (-100., 188.126323224094, 1180.93542820087));
#37510 = CARTESIAN_POINT ('', (-100., 187.13814209482, 1181.09284829264));
#37520 = CARTESIAN_POINT ('', (-100., 186.143606044052, 1181.24999830312));
#37530 = CARTESIAN_POINT ('', (-100., 185.155032025418, 1181.40493196385));
#37540 = CARTESIAN_POINT ('', (-100., 184.166464203986, 1181.55986465333));
#37550 = CARTESIAN_POINT ('', (-100., 183.171587224297, 1181.71450428137));
#37560 = CARTESIAN_POINT ('', (-100., 182.182632775168, 1181.86694959415));
#37570 = CARTESIAN_POINT ('', (-100., 181.193684920113, 1182.01939389046));
#37580 = CARTESIAN_POINT ('', (-100., 180.19847552773, 1182.1715221183));
#37590 = CARTESIAN_POINT ('', (-100., 179.209147313764, 1182.32147814034));
#37600 = CARTESIAN_POINT ('', (-100., 178.219826131455, 1182.47143309657));
#37610 = CARTESIAN_POINT ('', (-100., 177.224292909484, 1182.62104896118));
#37620 = CARTESIAN_POINT ('', (-100., 176.234597643687, 1182.7685147929));
#37630 = CARTESIAN_POINT ('', (-100., 175.244909890164, 1182.91597950527));
#37640 = CARTESIAN_POINT ('', (-100., 174.249061489424, 1183.06308209781));
#37650 = CARTESIAN_POINT ('', (-100., 173.25900593399, 1183.20805688191));
#37660 = CARTESIAN_POINT ('', (-100., 172.268958416847, 1183.35303048896));
#37670 = CARTESIAN_POINT ('', (-100., 171.272803556684, 1183.49761895421));
#37680 = CARTESIAN_POINT ('', (-100., 170.282394524879, 1183.6401018748));
#37690 = CARTESIAN_POINT ('', (-100., 169.291994105178, 1183.78258355643));
#37700 = CARTESIAN_POINT ('', (-100., 168.29554157425, 1183.92465709217));
#37710 = CARTESIAN_POINT ('', (-100., 167.304785932327, 1184.06464737377));
#37720 = CARTESIAN_POINT ('', (-100., 166.314039526522, 1184.20463635034));
#37730 = CARTESIAN_POINT ('', (-100., 165.317298183542, 1184.34419420668));
#37740 = CARTESIAN_POINT ('', (-100., 164.326202852673, 1184.48169111321));
#37750 = CARTESIAN_POINT ('', (-100., 163.335117487984, 1184.61918663711));
#37760 = CARTESIAN_POINT ('', (-100., 162.338096315412, 1184.75622813363));
#37770 = CARTESIAN_POINT ('', (-100., 161.346668323353, 1184.89123093269));
#37780 = CARTESIAN_POINT ('', (-100., 160.355260893974, 1185.02623093173));
#37790 = CARTESIAN_POINT ('', (-100., 159.357977709099, 1185.16075395923));
#37800 = CARTESIAN_POINT ('', (-100., 158.366233895329, 1185.29326018029));
#37810 = CARTESIAN_POINT ('', (-100., 157.374501561764, 1185.42576486748));
#37820 = CARTESIAN_POINT ('', (-100., 156.376955927728, 1185.55776970489));
#37830 = CARTESIAN_POINT ('', (-100., 155.384893484697, 1185.68777979179));
#37840 = CARTESIAN_POINT ('', (-100., 154.392843350377, 1185.81778826563));
#37850 = CARTESIAN_POINT ('', (-100., 153.395044404281, 1185.9472740857));
#37860 = CARTESIAN_POINT ('', (-100., 152.402670441662, 1186.07478718539));
#37870 = CARTESIAN_POINT ('', (-100., 151.41030967722, 1186.20229858921));
#37880 = CARTESIAN_POINT ('', (-100., 150.412266632777, 1186.32926462313));
#37890 = CARTESIAN_POINT ('', (-100., 149.41958832697, 1186.45427992654));
#37900 = CARTESIAN_POINT ('', (-100., 148.426924171693, 1186.57929344788));
#37910 = CARTESIAN_POINT ('', (-100., 147.428646319065, 1186.7037389849));
#37920 = CARTESIAN_POINT ('', (-100., 146.43567091465, 1186.82625572627));
#37930 = CARTESIAN_POINT ('', (-100., 145.4427106777, 1186.94877059623));
#37940 = CARTESIAN_POINT ('', (-100., 144.444207383046, 1187.07069498327));
#37950 = CARTESIAN_POINT ('', (-100., 143.45094219401, 1187.19071243939));
#37960 = CARTESIAN_POINT ('', (-100., 142.457693255358, 1187.31072793195));
#37970 = CARTESIAN_POINT ('', (-100., 141.458973960037, 1187.43013057309));
#37980 = CARTESIAN_POINT ('', (-100., 140.465426370712, 1187.54764806257));
#37990 = CARTESIAN_POINT ('', (-100., 139.471896181712, 1187.66516349393));
#38000 = CARTESIAN_POINT ('', (-100., 138.472970401062, 1187.78204384993));
#38010 = CARTESIAN_POINT ('', (-100., 137.479147866702, 1187.89706073244));
#38020 = CARTESIAN_POINT ('', (-100., 136.485343950217, 1188.01207546026));
#38030 = CARTESIAN_POINT ('', (-100., 135.486221271843, 1188.12643304802));
#38040 = CARTESIAN_POINT ('', (-100., 134.492131318761, 1188.23894872345));
#38050 = CARTESIAN_POINT ('', (-100., 133.498061268758, 1188.35146214617));
#38060 = CARTESIAN_POINT ('', (-100., 132.498751350228, 1188.46329653815));
#38070 = CARTESIAN_POINT ('', (-100., 131.504401575392, 1188.57331044585));
#38080 = CARTESIAN_POINT ('', (-100., 130.510073055892, 1188.68332200189));
#38090 = CARTESIAN_POINT ('', (-100., 129.510585621737, 1188.79263282548));
#38100 = CARTESIAN_POINT ('', (-100., 128.51598369173, 1188.90014444338));
#38110 = CARTESIAN_POINT ('', (-100., 127.521404434984, 1189.0076536104));
#38120 = CARTESIAN_POINT ('', (-100., 126.521749272901, 1189.1144405473));
#38130 = CARTESIAN_POINT ('', (-100., 125.526902922107, 1189.21944939101));
#38140 = CARTESIAN_POINT ('', (-100., 124.532080725881, 1189.32445568514));
#38150 = CARTESIAN_POINT ('', (-100., 123.532267681982, 1189.42871847061));
#38160 = CARTESIAN_POINT ('', (-100., 122.537184709877, 1189.53122409259));
#38170 = CARTESIAN_POINT ('', (-100., 121.542137649058, 1189.63372601527));
#38180 = CARTESIAN_POINT ('', (-100., 120.542187758343, 1189.73546355261));
#38190 = CARTESIAN_POINT ('', (-100., 119.546886286117, 1189.83546493651));
#38200 = CARTESIAN_POINT ('', (-100., 118.551613574443, 1189.93546343073));
#38210 = CARTESIAN_POINT ('', (-100., 117.551526594386, 1190.03467670069));
#38220 = CARTESIAN_POINT ('', (-100., 116.556005758573, 1190.13217405917));
#38230 = CARTESIAN_POINT ('', (-100., 115.560513701735, 1190.22966859916));
#38240 = CARTESIAN_POINT ('', (-100., 114.560297848153, 1190.32635727022));
#38250 = CARTESIAN_POINT ('', (-100., 113.564563954541, 1190.42135007872));
#38260 = CARTESIAN_POINT ('', (-100., 112.568860492658, 1190.51633998405));
#38270 = CARTESIAN_POINT ('', (-100., 111.568525785978, 1190.61050365484));
#38280 = CARTESIAN_POINT ('', (-100., 110.572586779589, 1190.70299128468));
#38290 = CARTESIAN_POINT ('', (-100., 109.576679890223, 1190.79547593198));
#38300 = CARTESIAN_POINT ('', (-100., 108.576236370862, 1190.88711427474));
#38310 = CARTESIAN_POINT ('', (-100., 107.58010023367, 1190.9770961532));
#38320 = CARTESIAN_POINT ('', (-100., 106.583997919954, 1191.06707497636));
#38330 = CARTESIAN_POINT ('', (-100., 105.583455633902, 1191.15618773706));
#38340 = CARTESIAN_POINT ('', (-100., 104.587130372961, 1191.24366334748));
#38350 = CARTESIAN_POINT ('', (-100., 103.590840649396, 1191.33113583779));
#38360 = CARTESIAN_POINT ('', (-100., 102.590209631464, 1191.41772283624));
#38370 = CARTESIAN_POINT ('', (-100., 101.593703264715, 1191.50269171802));
#38380 = CARTESIAN_POINT ('', (-100., 100.597234140377, 1191.58765742426));
#38390 = CARTESIAN_POINT ('', (-99.9999999999999, 99.5965243948409, 1191.67171855411));
#38400 = CARTESIAN_POINT ('', (-99.9999999999999, 98.5998449343209, 1191.75418030266));
#38410 = CARTESIAN_POINT ('', (-99.9999999999999, 97.6032043932198, 1191.83663883116));
#38420 = CARTESIAN_POINT ('', (-99.9999999999999, 96.6024258716023, 1191.91817405977));
#38430 = CARTESIAN_POINT ('', (-99.9999999999999, 95.6055813038104, 1191.9981283264));
#38440 = CARTESIAN_POINT ('', (-99.9999999999999, 94.608777282121, 1192.07807934094));
#38450 = CARTESIAN_POINT ('', (-100., 93.6079398578559, 1192.15708870916));
#38460 = CARTESIAN_POINT ('', (-100., 92.6109381209914, 1192.23453520082));
#38470 = CARTESIAN_POINT ('', (-100., 91.6139784809048, 1192.31197842242));
#38480 = CARTESIAN_POINT ('', (-99.9999999999999, 90.6130919206402, 1192.38846204416));
#38490 = CARTESIAN_POINT ('', (-99.9999999999999, 89.6159408784642, 1192.46340052307));
#38500 = CARTESIAN_POINT ('', (-99.9999999999999, 88.6188333784234, 1192.53833572967));
#38510 = CARTESIAN_POINT ('', (-99.9999999999999, 87.6179073097345, 1192.61229379125));
#38520 = CARTESIAN_POINT ('', (-99.9999999999999, 86.6206147218164, 1192.68472407436));
#38530 = CARTESIAN_POINT ('', (-99.9999999999999, 85.6233669829343, 1192.75715110021));
#38540 = CARTESIAN_POINT ('', (-99.9999999999999, 84.6224108582589, 1192.82858385954));
#38550 = CARTESIAN_POINT ('', (-99.9999999999999, 83.624984346407, 1192.89850581771));
#38560 = CARTESIAN_POINT ('', (-99.9999999999999, 82.6276038149189, 1192.96842455255));
#38570 = CARTESIAN_POINT ('', (-99.9999999999999, 81.6266268715796, 1193.03733233794));
#38580 = CARTESIAN_POINT ('', (-99.9999999999999, 80.6290738823089, 1193.10474589497));
#38590 = CARTESIAN_POINT ('', (-99.9999999999999, 79.6315677879829, 1193.17215628288));
#38600 = CARTESIAN_POINT ('', (-99.9999999999999, 78.6305790042328, 1193.23853949153));
#38610 = CARTESIAN_POINT ('', (-99.9999999999999, 77.6329067671928, 1193.30344462272));
#38620 = CARTESIAN_POINT ('', (-99.9999999999999, 76.6352820777197, 1193.36834666063));
#38630 = CARTESIAN_POINT ('', (-99.9999999999999, 75.6342901248464, 1193.43220575673));
#38640 = CARTESIAN_POINT ('', (-99.9999999999999, 74.6365056072305, 1193.49460248723));
#38650 = CARTESIAN_POINT ('', (-99.9999999999999, 73.6387689787361, 1193.55699622297));
#38660 = CARTESIAN_POINT ('', (-99.9999999999999, 72.6377821693804, 1193.61833173528));
#38670 = CARTESIAN_POINT ('', (-99.9999999999999, 71.6398920264613, 1193.67822013786));
#38680 = CARTESIAN_POINT ('', (-99.9999999999999, 70.6420497504374, 1193.73810566771));
#38690 = CARTESIAN_POINT ('', (-99.9999999999999, 69.6410759834361, 1193.79691818667));
#38700 = CARTESIAN_POINT ('', (-99.9999999999999, 68.6430865055228, 1193.85429837907));
#38710 = CARTESIAN_POINT ('', (-99.9999999999999, 67.6451444526559, 1193.91167584474));
#38720 = CARTESIAN_POINT ('', (-99.9999999999999, 66.6441911549008, 1193.96796601891));
#38730 = CARTESIAN_POINT ('', (-99.9999999999999, 65.6461082111959, 1194.02283816058));
#38740 = CARTESIAN_POINT ('', (-99.9999999999999, 64.6480717727855, 1194.07770774551));
#38750 = CARTESIAN_POINT ('', (-99.9999999999998, 63.6471458388022, 1194.13147627739));
#38760 = CARTESIAN_POINT ('', (-99.9999999999998, 62.648974818853, 1194.18384056559));
#38770 = CARTESIAN_POINT ('', (-99.9999999999998, 61.6508488467548, 1194.23620249056));
#38780 = CARTESIAN_POINT ('', (-99.9999999999998, 60.6499565769474, 1194.28745013162));
#38790 = CARTESIAN_POINT ('', (-99.9999999999998, 59.6517023306252, 1194.33730679681));
#38800 = CARTESIAN_POINT ('', (-99.9999999999998, 58.6534910769209, 1194.38716131478));
#38810 = CARTESIAN_POINT ('', (-99.9999999999998, 57.6526381156942, 1194.43588885968));
#38820 = CARTESIAN_POINT ('', (-99.9999999999998, 56.6543048929036, 1194.48323816017));
#38830 = CARTESIAN_POINT ('', (-99.9999999999998, 55.6560119507835, 1194.53058555021));
#38840 = CARTESIAN_POINT ('', (-99.9999999999998, 54.6552032260339, 1194.57679383022));
#38850 = CARTESIAN_POINT ('', (-99.9999999999998, 53.6567946176384, 1194.62163604597));
#38860 = CARTESIAN_POINT ('', (-99.9999999999998, 52.6584228652705, 1194.66647660637));
#38870 = CARTESIAN_POINT ('', (-99.9999999999998, 51.6576625310254, 1194.71016648187));
#38880 = CARTESIAN_POINT ('', (-99.9999999999998, 50.6591814127637, 1194.75250190744));
#38890 = CARTESIAN_POINT ('', (-99.9999999999998, 49.6607329622028, 1194.79483594791));
#38900 = CARTESIAN_POINT ('', (-99.9999999999998, 48.6600243464616, 1194.83600830001));
#38910 = CARTESIAN_POINT ('', (-99.9999999999998, 47.6614728279062, 1194.87583723673));
#38920 = CARTESIAN_POINT ('', (-99.9999999999998, 46.6629489813451, 1194.9156650697));
#38930 = CARTESIAN_POINT ('', (-99.9999999999998, 45.6622945414201, 1194.954320791));
#38940 = CARTESIAN_POINT ('', (-99.9999999999998, 44.6636739222809, 1194.99164353823));
#38950 = CARTESIAN_POINT ('', (-99.9999999999998, 43.6650751381375, 1195.02896546939));
#38960 = CARTESIAN_POINT ('', (-99.9999999999997, 42.6644764259826, 1195.06510545387));
#38970 = CARTESIAN_POINT ('', (-99.9999999999997, 41.6657871622495, 1195.09992229954));
#38980 = CARTESIAN_POINT ('', (-99.9999999999997, 40.6671130337005, 1195.13473861756));
#38990 = CARTESIAN_POINT ('', (-99.9999999999997, 39.6665706738244, 1195.1683637499));
#39000 = CARTESIAN_POINT ('', (-99.9999999999997, 38.6678123563569, 1195.20067496038));
#39010 = CARTESIAN_POINT ('', (-99.9999999999997, 37.6690616049315, 1195.23298592609));
#39020 = CARTESIAN_POINT ('', (-99.9999999999998, 36.6685752874937, 1195.26409707025));
#39030 = CARTESIAN_POINT ('', (-99.9999999999998, 35.6697466356714, 1195.2939028797));
#39040 = CARTESIAN_POINT ('', (-99.9999999999998, 34.6709171223877, 1195.32370871485));
#39050 = CARTESIAN_POINT ('', (-99.9999999999997, 33.6704856139372, 1195.35230670243));
#39060 = CARTESIAN_POINT ('', (-99.9999999999997, 32.6715844868534, 1195.37960730181));
#39070 = CARTESIAN_POINT ('', (-99.9999999999997, 31.6726732430928, 1195.40690817768));
#39080 = CARTESIAN_POINT ('', (-99.9999999999997, 30.6722944171194, 1195.43299379605));
#39090 = CARTESIAN_POINT ('', (-99.9999999999997, 29.6733178445093, 1195.45778932207));
#39100 = CARTESIAN_POINT ('', (-99.9999999999997, 28.6743211243573, 1195.48258534818));
#39110 = CARTESIAN_POINT ('', (-99.9999999999998, 27.6739920133562, 1195.50615932885));
#39120 = CARTESIAN_POINT ('', (-99.9999999999998, 26.67493624799, 1195.52844985316));
#39130 = CARTESIAN_POINT ('', (-99.9999999999998, 25.6758496031333, 1195.55074106643));
#39140 = CARTESIAN_POINT ('', (-99.9999999999998, 24.6755664732385, 1195.57180407389));
#39150 = CARTESIAN_POINT ('', (-99.9999999999998, 23.6764270658657, 1195.59158959271));
#39160 = CARTESIAN_POINT ('', (-99.9999999999998, 22.1807178406335, 1195.62120846552));
#39170 = CARTESIAN_POINT ('', (-100., 20.6826693352173, 1195.64806022373));
#39180 = CARTESIAN_POINT ('', (-100., 19.1868594405942, 1195.67206279064));
#39190 = CARTESIAN_POINT ('', (-100., 17.6908579128752, 1195.69606843261));
#39200 = CARTESIAN_POINT ('', (-100., 16.1929779199932, 1195.71729135578));
#39210 = CARTESIAN_POINT ('', (-100., 14.6968967990992, 1195.73567943585));
#39220 = CARTESIAN_POINT ('', (-100., 13.2005615172172, 1195.75407063977));
#39230 = CARTESIAN_POINT ('', (-100., 11.7028109881117, 1195.76966668345));
#39240 = CARTESIAN_POINT ('', (-100., 10.2064171936151, 1195.78243868323));
#39250 = CARTESIAN_POINT ('', (-100., 8.70970628720305, 1195.79521338961));
#39260 = CARTESIAN_POINT ('', (-100., 7.2120453034282, 1195.80518368823));
#39270 = CARTESIAN_POINT ('', (-100., 5.71529697512725, 1195.8123371646));
#39280 = CARTESIAN_POINT ('', (-100., 4.21817020478488, 1195.81949244968));
#39290 = CARTESIAN_POINT ('', (-100., 2.72056002062142, 1195.82383730528));
#39300 = CARTESIAN_POINT ('', (-100., 1.22341693507762, 1195.82536896736));
#39310 = CARTESIAN_POINT ('', (-100., 0.926412495204725, 1195.8256728197));
#39320 = CARTESIAN_POINT ('', (-100., 0.629403913630736, 1195.82586602649));
#39330 = CARTESIAN_POINT ('', (-100., 0.332399329802505, 1195.82594858242));
#39340 = CARTESIAN_POINT ('', (-100., 0.134284552867563, 1195.82600365076));
#39350 = CARTESIAN_POINT ('', (-100., -0.0638305714469959, 1195.82600948679));
#39360 = CARTESIAN_POINT ('', (-100., -0.26194535128249, 1195.82596609051));
#39370 = CARTESIAN_POINT ('', (-100., -2.53437388774599, 1195.82546832375));
#39380 = CARTESIAN_POINT ('', (-100., -4.80634931644162, 1195.81849501147));
#39390 = CARTESIAN_POINT ('', (-100., -7.07873809445149, 1195.80504351786));
#39400 = CARTESIAN_POINT ('', (-100., -9.35255978475286, 1195.79158354208));
#39410 = CARTESIAN_POINT ('', (-100., -11.6242930172714, 1195.77165810224));
#39420 = CARTESIAN_POINT ('', (-100., -13.8980009781258, 1195.74523161968));
#39430 = CARTESIAN_POINT ('', (-100., -16.1728631513883, 1195.71879172213));
#39440 = CARTESIAN_POINT ('', (-100., -18.4440051742294, 1195.68591645554));
#39450 = CARTESIAN_POINT ('', (-100., -20.7186795224823, 1195.64650091389));
#39460 = CARTESIAN_POINT ('', (-100., -22.2317765238313, 1195.62028197934));
#39470 = CARTESIAN_POINT ('', (-100., -23.7425676342111, 1195.59123571355));
#39480 = CARTESIAN_POINT ('', (-100., -25.2555542563296, 1195.55927559292));
#39490 = CARTESIAN_POINT ('', (-100., -26.7687197312412, 1195.52731169423));
#39500 = CARTESIAN_POINT ('', (-100., -28.2791056662282, 1195.49253952594));
#39510 = CARTESIAN_POINT ('', (-100., -29.7921389609409, 1195.45483416326));
#39520 = CARTESIAN_POINT ('', (-100., -31.3052951652172, 1195.41712573762));
#39530 = CARTESIAN_POINT ('', (-100., -32.8152019439303, 1195.37663176368));
#39540 = CARTESIAN_POINT ('', (-100., -34.3282041743164, 1195.333182083));
#39550 = CARTESIAN_POINT ('', (-100., -35.8412776045236, 1195.28973035765));
#39560 = CARTESIAN_POINT ('', (-100., -37.3506361580754, 1195.2435193826));
#39570 = CARTESIAN_POINT ('', (-100., -38.8635338323881, 1195.19432705907));
#39580 = CARTESIAN_POINT ('', (-100., -39.870254422731, 1195.16159323587));
#39590 = CARTESIAN_POINT ('', (-99.9999999999997, -40.8751416010183, 1195.12764881482));
#39600 = CARTESIAN_POINT ('', (-99.9999999999997, -41.8817763187554, 1195.09237282797));
#39610 = CARTESIAN_POINT ('', (-99.9999999999997, -42.8884070606261, 1195.05709698046));
#39620 = CARTESIAN_POINT ('', (-99.9999999999997, -43.8930698147758, 1195.02062000387));
#39630 = CARTESIAN_POINT ('', (-99.9999999999997, -44.8996082689662, 1194.98280233428));
#39640 = CARTESIAN_POINT ('', (-99.9999999999997, -45.9061354967221, 1194.9449850865));
#39650 = CARTESIAN_POINT ('', (-99.9999999999997, -46.9105613105855, 1194.90597682201));
#39660 = CARTESIAN_POINT ('', (-99.9999999999997, -47.9169898382219, 1194.86561814012));
#39670 = CARTESIAN_POINT ('', (-99.9999999999997, -48.9234007253382, 1194.82526016564));
#39680 = CARTESIAN_POINT ('', (-99.9999999999997, -49.9275779904451, 1194.78372191696));
#39690 = CARTESIAN_POINT ('', (-99.9999999999997, -50.9338837677662, 1194.74082293864));
#39700 = CARTESIAN_POINT ('', (-99.9999999999997, -51.9401663179013, 1194.6979249505));
#39710 = CARTESIAN_POINT ('', (-99.9999999999998, -52.9440843216487, 1194.65385804693));
#39720 = CARTESIAN_POINT ('', (-99.9999999999998, -53.9502553551711, 1194.6084195237));
#39730 = CARTESIAN_POINT ('', (-99.9999999999998, -54.9563983790538, 1194.56298226538));
#39740 = CARTESIAN_POINT ('', (-99.9999999999998, -55.9600472787882, 1194.51638805242));
#39750 = CARTESIAN_POINT ('', (-99.9999999999998, -56.9660723821663, 1194.46841076275));
#39760 = CARTESIAN_POINT ('', (-99.9999999999998, -57.9720654629178, 1194.42043500023));
#39770 = CARTESIAN_POINT ('', (-99.9999999999998, -58.9754362485348, 1194.37131483135));
#39780 = CARTESIAN_POINT ('', (-99.9999999999998, -59.9813050078624, 1194.32079957308));
#39790 = CARTESIAN_POINT ('', (-99.9999999999998, -60.9871384573232, 1194.27028608808));
#39800 = CARTESIAN_POINT ('', (-99.9999999999998, -61.9902229049556, 1194.21864131771));
#39810 = CARTESIAN_POINT ('', (-99.9999999999998, -62.9959256350801, 1194.16558890174));
#39820 = CARTESIAN_POINT ('', (-99.9999999999998, -64.0015904435671, 1194.1125384862));
#39830 = CARTESIAN_POINT ('', (-99.9999999999998, -65.0043810627865, 1194.05837046395));
#39840 = CARTESIAN_POINT ('', (-99.9999999999998, -66.0099087570595, 1194.00278170907));
#39850 = CARTESIAN_POINT ('', (-99.9999999999998, -67.0153965387642, 1193.94719516069));
#39860 = CARTESIAN_POINT ('', (-99.9999999999998, -68.0178865154977, 1193.89050522679));
#39870 = CARTESIAN_POINT ('', (-99.9999999999998, -69.0232307911729, 1193.83238095574));
#39880 = CARTESIAN_POINT ('', (-99.9999999999998, -70.0285337271481, 1193.77425907476));
#39890 = CARTESIAN_POINT ('', (-99.9999999999998, -71.0307168642497, 1193.71504855659));
#39900 = CARTESIAN_POINT ('', (-99.9999999999998, -72.0358699054744, 1193.65438959314));
#39910 = CARTESIAN_POINT ('', (-99.9999999999998, -73.0409806858737, 1193.59373318005));
#39920 = CARTESIAN_POINT ('', (-99.9999999999999, -74.0428513430043, 1193.53200338975));
#39930 = CARTESIAN_POINT ('', (-99.9999999999999, -75.0478058430679, 1193.46881055688));
#39940 = CARTESIAN_POINT ('', (-99.9999999999999, -76.0527176100119, 1193.40562041112));
#39950 = CARTESIAN_POINT ('', (-99.9999999999999, -77.0542706441901, 1193.3413726441));
#39960 = CARTESIAN_POINT ('', (-99.9999999999999, -78.0590197484048, 1193.27564676303));
#39970 = CARTESIAN_POINT ('', (-99.9999999999999, -79.0637260405727, 1193.20992368251));
#39980 = CARTESIAN_POINT ('', (-99.9999999999999, -80.0649567484847, 1193.14315921687));
#39990 = CARTESIAN_POINT ('', (-99.9999999999999, -81.069493998793, 1193.0749011069));
#40000 = CARTESIAN_POINT ('', (-99.9999999999999, -82.0739886985783, 1193.00664588823));
#40010 = CARTESIAN_POINT ('', (-99.9999999999999, -83.0748927614747, 1192.93736598485));
#40020 = CARTESIAN_POINT ('', (-99.9999999999999, -84.0792120436246, 1192.86657646391));
#40030 = CARTESIAN_POINT ('', (-99.9999999999999, -85.0834893274629, 1192.79578990323));
#40040 = CARTESIAN_POINT ('', (-99.9999999999999, -86.0840627592442, 1192.72399580654));
#40050 = CARTESIAN_POINT ('', (-99.9999999999999, -87.0881582531377, 1192.65067569232));
#40060 = CARTESIAN_POINT ('', (-99.9999999999999, -88.0922125454154, 1192.57735858668));
#40070 = CARTESIAN_POINT ('', (-99.9999999999999, -89.0924516443051, 1192.50305152589));
#40080 = CARTESIAN_POINT ('', (-99.9999999999999, -90.0963177779291, 1192.4272016374));
#40090 = CARTESIAN_POINT ('', (-99.9999999999999, -91.1001437087095, 1192.35135478655));
#40100 = CARTESIAN_POINT ('', (-99.9999999999999, -92.1000450127478, 1192.27453597734));
#40110 = CARTESIAN_POINT ('', (-99.9999999999999, -93.1036764199233, 1192.19615713694));
#40120 = CARTESIAN_POINT ('', (-99.9999999999999, -94.1072687865896, 1192.11778134543));
#40130 = CARTESIAN_POINT ('', (-99.9999999999999, -95.1068290330436, 1192.03845199198));
#40140 = CARTESIAN_POINT ('', (-99.9999999999999, -96.1102205150916, 1191.95754502763));
#40150 = CARTESIAN_POINT ('', (-99.9999999999999, -97.1135742478929, 1191.87664110713));
#40160 = CARTESIAN_POINT ('', (-99.9999999999999, -98.1127903365661, 1191.79480240443));
#40170 = CARTESIAN_POINT ('', (-99.9999999999999, -99.1159368278771, 1191.71136815218));
#40180 = CARTESIAN_POINT ('', (-99.9999999999999, -100.119046959279, 1191.62793692407));
#40190 = CARTESIAN_POINT ('', (-100., -101.117915919622, 1191.54359006034));
#40200 = CARTESIAN_POINT ('', (-100., -102.12081245703, 1191.45762936698));
#40210 = CARTESIAN_POINT ('', (-100., -103.123674094707, 1191.37167166497));
#40220 = CARTESIAN_POINT ('', (-99.9999999999999, -104.122193056567, 1191.2848178243));
#40230 = CARTESIAN_POINT ('', (-99.9999999999999, -105.12483475236, 1191.19633155013));
#40240 = CARTESIAN_POINT ('', (-99.9999999999999, -106.127443055623, 1191.10784822295));
#40250 = CARTESIAN_POINT ('', (-100., -107.125609223423, 1191.018488588));
#40260 = CARTESIAN_POINT ('', (-100., -108.127991241797, 1190.92747760954));
#40270 = CARTESIAN_POINT ('', (-100., -109.13034140121, 1190.8364695237));
#40280 = CARTESIAN_POINT ('', (-100., -110.128152031335, 1190.74460527837));
#40290 = CARTESIAN_POINT ('', (-100., -111.13026956803, 1190.6510704912));
#40300 = CARTESIAN_POINT ('', (-100., -112.132356787985, 1190.55753853371));
#40310 = CARTESIAN_POINT ('', (-100., -113.129809169103, 1190.46317086591));
#40320 = CARTESIAN_POINT ('', (-100., -114.131657433994, 1190.36711318737));
#40330 = CARTESIAN_POINT ('', (-100., -115.133476917956, 1190.27105826836));
#40340 = CARTESIAN_POINT ('', (-100., -116.130568354046, 1190.17418837268));
#40350 = CARTESIAN_POINT ('', (-100., -117.132142556408, 1190.07560874458));
#40360 = CARTESIAN_POINT ('', (-100., -118.133689494595, 1189.97703179995));
#40370 = CARTESIAN_POINT ('', (-100., -119.130417290406, 1189.87766088029));
#40380 = CARTESIAN_POINT ('', (-100., -120.13171262661, 1189.77656027148));
#40390 = CARTESIAN_POINT ('', (-100., -121.13298136593, 1189.67546234816));
#40400 = CARTESIAN_POINT ('', (-100., -122.129341926373, 1189.57359182105));
#40410 = CARTESIAN_POINT ('', (-100., -123.130352731972, 1189.46997114013));
#40420 = CARTESIAN_POINT ('', (-100., -124.131328068457, 1189.36635413084));
#40430 = CARTESIAN_POINT ('', (-100., -125.127306905208, 1189.26198572657));
#40440 = CARTESIAN_POINT ('', (-100., -126.128017928059, 1189.15584639545));
#40450 = CARTESIAN_POINT ('', (-100., -127.128705965879, 1189.04970950221));
#40460 = CARTESIAN_POINT ('', (-100., -128.124311928931, 1188.94284282181));
#40470 = CARTESIAN_POINT ('', (-100., -129.12472930404, 1188.83418434435));
#40480 = CARTESIAN_POINT ('', (-100., -130.125125082747, 1188.72552821255));
#40490 = CARTESIAN_POINT ('', (-100., -131.120355282298, 1188.61616410995));
#40500 = CARTESIAN_POINT ('', (-100., -132.120474051629, 1188.50498715072));
#40510 = CARTESIAN_POINT ('', (-100., -133.120572558212, 1188.39381244397));
#40520 = CARTESIAN_POINT ('', (-100., -134.115424056888, 1188.2819517766));
#40530 = CARTESIAN_POINT ('', (-100., -135.115239210179, 1188.16825702061));
#40540 = CARTESIAN_POINT ('', (-100., -136.115035376322, 1188.05456442375));
#40550 = CARTESIAN_POINT ('', (-100., -137.109505184647, 1187.94020805554));
#40560 = CARTESIAN_POINT ('', (-100., -138.109011656682, 1187.82399621117));
#40570 = CARTESIAN_POINT ('', (-100., -139.10850035702, 1187.7077864331));
#40580 = CARTESIAN_POINT ('', (-100., -140.102585429891, 1187.59093523749));
#40590 = CARTESIAN_POINT ('', (-100., -141.101778098777, 1187.47220703921));
#40600 = CARTESIAN_POINT ('', (-100., -142.100954150007, 1187.35348081551));
#40610 = CARTESIAN_POINT ('', (-100., -143.094651384058, 1187.23413567818));
#40620 = CARTESIAN_POINT ('', (-100., -144.093525070349, 1187.11289188914));
#40630 = CARTESIAN_POINT ('', (-100., -145.092383231066, 1186.99164998461));
#40640 = CARTESIAN_POINT ('', (-100., -146.085689462786, 1186.8698118062));
#40650 = CARTESIAN_POINT ('', (-100., -147.084238929336, 1186.74605322063));
#40660 = CARTESIAN_POINT ('', (-100., -148.082773900482, 1186.62229643161));
#40670 = CARTESIAN_POINT ('', (-100., -149.075685904982, 1186.49796613017));
#40680 = CARTESIAN_POINT ('', (-100., -150.073905857403, 1186.37169357567));
#40690 = CARTESIAN_POINT ('', (-100., -151.072112283228, 1186.24542273224));
#40700 = CARTESIAN_POINT ('', (-100., -152.064626773557, 1186.11860124566));
#40710 = CARTESIAN_POINT ('', (-100., -153.062511861195, 1185.98981558525));
#40720 = CARTESIAN_POINT ('', (-100., -154.060384330641, 1185.86103155332));
#40730 = CARTESIAN_POINT ('', (-100., -155.052497957565, 1185.73171984154));
#40740 = CARTESIAN_POINT ('', (-100., -156.050042774894, 1185.60042197567));
#40750 = CARTESIAN_POINT ('', (-100., -157.047575823323, 1185.46912565884));
#40760 = CARTESIAN_POINT ('', (-100., -158.039285175505, 1185.33732470601));
#40770 = CARTESIAN_POINT ('', (-100., -159.036484263862, 1185.20351557439));
#40780 = CARTESIAN_POINT ('', (-100., -160.033672140524, 1185.06970794721));
#40790 = CARTESIAN_POINT ('', (-100., -161.024973527883, 1184.93541874945));
#40800 = CARTESIAN_POINT ('', (-100., -162.021821150846, 1184.79909942197));
#40810 = CARTESIAN_POINT ('', (-100., -163.018648780611, 1184.66278282856));
#40820 = CARTESIAN_POINT ('', (-100., -164.009529826706, 1184.52600797649));
#40830 = CARTESIAN_POINT ('', (-100., -165.006010934256, 1184.387180964));
#40840 = CARTESIAN_POINT ('', (-100., -166.002482564944, 1184.24835527179));
#40850 = CARTESIAN_POINT ('', (-100., -166.992948153588, 1184.1090944739));
#40860 = CARTESIAN_POINT ('', (-100., -167.989066933649, 1183.9677592002));
#40870 = CARTESIAN_POINT ('', (-100., -168.985176885337, 1183.82642517911));
#40880 = CARTESIAN_POINT ('', (-100., -169.975223299783, 1183.68467924096));
#40890 = CARTESIAN_POINT ('', (-100., -170.970974076776, 1183.54083650918));
#40900 = CARTESIAN_POINT ('', (-100., -171.966716623568, 1183.39699496631));
#40910 = CARTESIAN_POINT ('', (-100., -172.956340087383, 1183.25276471876));
#40920 = CARTESIAN_POINT ('', (-100., -173.951717140222, 1183.10641537087));
#40930 = CARTESIAN_POINT ('', (-100., -174.947086512893, 1182.96006715219));
#40940 = CARTESIAN_POINT ('', (-100., -175.936283191415, 1182.81335345339));
#40950 = CARTESIAN_POINT ('', (-100., -176.931280756153, 1182.66449837176));
#40960 = CARTESIAN_POINT ('', (-100., -177.926271144828, 1182.51564436369));
#40970 = CARTESIAN_POINT ('', (-100., -178.915037146707, 1182.3664481009));
#40980 = CARTESIAN_POINT ('', (-100., -179.909649419226, 1182.21508820982));
#40990 = CARTESIAN_POINT ('', (-100., -180.904254976076, 1182.06372934073));
#41000 = CARTESIAN_POINT ('', (-100., -181.892586354885, 1181.91205143204));
#41010 = CARTESIAN_POINT ('', (-100., -182.886807493594, 1181.7581876991));
#41020 = CARTESIAN_POINT ('', (-100., -183.881022335523, 1181.60432494064));
#41030 = CARTESIAN_POINT ('', (-100., -184.86891509142, 1181.45016633661));
#41040 = CARTESIAN_POINT ('', (-100., -185.862739219948, 1181.29379977398));
#41050 = CARTESIAN_POINT ('', (-100., -186.856557431263, 1181.13743414235));
#41060 = CARTESIAN_POINT ('', (-100., -187.844007512684, 1180.98079582754));
#41070 = CARTESIAN_POINT ('', (-100., -188.837428722554, 1180.82192749314));
#41080 = CARTESIAN_POINT ('', (-100., -189.830844357603, 1180.66306005026));
#41090 = CARTESIAN_POINT ('', (-100., -190.817847662977, 1180.50394304468));
#41100 = CARTESIAN_POINT ('', (-100., -191.810860016247, 1180.34257404326));
#41110 = CARTESIAN_POINT ('', (-100., -192.803867102006, 1180.18120589783));
#41120 = CARTESIAN_POINT ('', (-100., -193.790419481484, 1180.0196112583));
#41130 = CARTESIAN_POINT ('', (-100., -194.783017013337, 1179.85574274246));
#41140 = CARTESIAN_POINT ('', (-100., -195.775609551955, 1179.69187505095));
#41150 = CARTESIAN_POINT ('', (-100., -196.761706809136, 1179.52780387236));
#41160 = CARTESIAN_POINT ('', (-100., -197.753883530428, 1179.36143704344));
#41170 = CARTESIAN_POINT ('', (-100., -198.503914705704, 1179.23567284685));
#41180 = CARTESIAN_POINT ('', (-100., -199.25020973905, 1179.10980430293));
#41190 = CARTESIAN_POINT ('', (-100., -200., 1178.98261168673));
#41200 = B_SPLINE_CURVE_WITH_KNOTS ('', 3, (#37380, #37390, #37400, #37410, #37420, #37430, #37440, #37450, #37460, #37470, #37480, #37490, #37500, #37510, #37520, #37530, #37540, #37550, #37560, #37570, #37580, #37590, #37600, #37610, #37620, #37630, #37640, #37650, #37660, #37670, #37680, #37690, #37700, #37710, #37720, #37730, #37740, #37750, #37760, #37770, #37780, #37790, #37800, #37810, #37820, #37830, #37840, #37850, #37860, #37870, #37880, #37890, #37900, #37910, #37920, #37930, #37940, #37950, #37960, #37970, #37980, #37990, #38000, #38010, #38020, #38030, #38040, #38050, #38060, #38070, #38080, #38090, #38100, #38110, #38120, #38130, #38140, #38150, #38160, #38170, #38180, #38190, #38200, #38210, #38220, #38230, #38240, #38250, #38260, #38270, #38280, #38290, #38300, #38310, #38320, #38330, #38340, #38350, #38360, #38370, #38380, #38390, #38400, #38410, #38420, #38430, #38440, #38450, #38460, #38470, #38480, #38490, #38500, #38510, #38520, #38530, #38540, #38550, #38560, #38570, #38580, #38590, #38600, #38610, #38620, #38630, #38640, #38650, #38660, #38670, #38680, #38690, #38700, #38710, #38720, #38730, #38740, #38750, #38760, #38770, #38780, #38790, #38800, #38810, #38820, #38830, #38840, #38850, #38860, #38870, #38880, #38890, #38900, #38910, #38920, #38930, #38940, #38950, #38960, #38970, #38980, #38990, #39000, #39010, #39020, #39030, #39040, #39050, #39060, #39070, #39080, #39090, #39100, #39110, #39120, #39130, #39140, #39150, #39160, #39170, #39180, #39190, #39200, #39210, #39220, #39230, #39240, #39250, #39260, #39270, #39280, #39290, #39300, #39310, #39320, #39330, #39340, #39350, #39360, #39370, #39380, #39390, #39400, #39410, #39420, #39430, #39440, #39450, #39460, #39470, #39480, #39490, #39500, #39510, #39520, #39530, #39540, #39550, #39560, #39570, #39580, #39590, #39600, #39610, #39620, #39630, #39640, #39650, #39660, #39670, #39680, #39690, #39700, #39710, #39720, #39730, #39740, #39750, #39760, #39770, #39780, #39790, #39800, #39810, #39820, #39830, #39840, #39850, #39860, #39870, #39880, #39890, #39900, #39910, #39920, #39930, #39940, #39950, #39960, #39970, #39980, #39990, #40000, #40010, #40020, #40030, #40040, #40050, #40060, #40070, #40080, #40090, #40100, #40110, #40120, #40130, #40140, #40150, #40160, #40170, #40180, #40190, #40200, #40210, #40220, #40230, #40240, #40250, #40260, #40270, #40280, #40290, #40300, #40310, #40320, #40330, #40340, #40350, #40360, #40370, #40380, #40390, #40400, #40410, #40420, #40430, #40440, #40450, #40460, #40470, #40480, #40490, #40500, #40510, #40520, #40530, #40540, #40550, #40560, #40570, #40580, #40590, #40600, #40610, #40620, #40630, #40640, #40650, #40660, #40670, #40680, #40690, #40700, #40710, #40720, #40730, #40740, #40750, #40760, #40770, #40780, #40790, #40800, #40810, #40820, #40830, #40840, #40850, #40860, #40870, #40880, #40890, #40900, #40910, #40920, #40930, #40940, #40950, #40960, #40970, #40980, #40990, #41000, #41010, #41020, #41030, #41040, #41050, #41060, #41070, #41080, #41090, #41100, #41110, #41120, #41130, #41140, #41150, #41160, #41170, #41180, #41190), .UNSPECIFIED., .F., .U., (4, 3, 3, 3, 3, 3, 3, 3, 3, 3, 3, 3, 3, 3, 3, 3, 3, 3, 3, 3, 3, 3, 3, 3, 3, 3, 3, 3, 3, 3, 3, 3, 3, 3, 3, 3, 3, 3, 3, 3, 3, 3, 3, 3, 3, 3, 3, 3, 3, 3, 3, 3, 3, 3, 3, 3, 3, 3, 3, 3, 3, 3, 3, 3, 3, 3, 3, 3, 3, 3, 3, 3, 3, 3, 3, 3, 3, 3, 3, 3, 3, 3, 3, 3, 3, 3, 3, 3, 3, 3, 3, 3, 3, 3, 3, 3, 3, 3, 3, 3, 3, 3, 3, 3, 3, 3, 3, 3, 3, 3, 3, 3, 3, 3, 3, 3, 3, 3, 3, 3, 3, 3, 3, 3, 3, 3, 3, 4), (0., 3.00201276697427, 6.00398709256845, 9.00594552222463, 12.0078871867875, 15.0098111141911, 18.0117162230453, 21.0136013160265, 24.0154650730902, 27.0173060445336, 30.0191226439397, 33.0209131410424, 36.0226756545641, 39.0244079831913, 42.0260780544872, 45.0277133791221, 48.0293114618906, 51.0308696246072, 54.0323850004131, 57.0338545287794, 60.0352749513938, 63.0366428091481, 66.0379544404757, 69.0392059813219, 72.0403933670727, 75.0415123368073, 78.0425584402853, 81.0434962398034, 84.0443473232553, 87.0451116567192, 90.0457842804966, 93.0463601386368, 96.046834113205, 99.0472010655271, 102.0474558852, 105.047593547674, 108.047609181205, 111.047498143951, 114.047256111928, 117.046879178417, 120.046363965286, 123.045707746439, 126.044908583353, 129.043965472259, 132.042878502101, 135.041649021833, 138.040279814996, 141.038775278771, 144.037141603932, 147.035386951244, 150.033521619008, 153.031558195617, 156.029511690232, 159.027399634126, 162.025242144883, 165.023061945638, 168.020884331928, 171.018737079581, 174.016650288476, 177.014656158898, 181.502663542653, 185.991245899707, 190.480590797315, 194.97088706532, 199.462318672416, 200.353332458322, 200.947676812087, 207.764962585029, 214.58654717016, 221.411594626383, 225.951567061562, 230.492076174818, 235.032954131241, 239.574045775188, 242.595803649639, 245.61754958917, 248.639261825634, 251.660921098004, 254.682510625528, 257.704016038491, 260.725425274391, 263.746728447193, 266.767917696903, 269.788987026075, 272.809932129047, 275.830750218889, 278.851439856168, 281.872000782802, 284.89243376351, 287.912740436691, 290.932923175928, 293.952984962848, 296.97292927163, 299.992759965113, 303.012481202231, 306.032097356273, 309.051612943356, 312.071032560413, 315.090360831939, 318.109602364711, 321.128761709732, 324.147840858408, 327.166813031151, 330.185715862029, 333.204553522668, 336.223330020622, 339.242049190024, 342.260714685174, 345.279329976647, 348.29789834954, 351.316422903506, 354.334906554304, 357.353352036575, 360.371761907636, 363.390137842154, 366.408453238847, 369.426739930373, 372.444999871516, 375.463234865766, 378.481446571805, 381.499636510075, 384.517806069381, 387.535956513474, 390.554088987548, 393.572204524649, 396.590304051924, 399.608388396728, 401.889894603876), .UNSPECIFIED.);
#41210 = EDGE_CURVE ('', #36260, #31110, #41200, .T.);
#41220 = ORIENTED_EDGE ('', *, *, #41210, .F.);
#41230 = ORIENTED_EDGE ('', *, *, #37200, .F.);
#41240 = EDGE_LOOP ('', (#37360, #37370, #41220, #41230));
#41250 = FACE_OUTER_BOUND ('', #41240, .T.);
#41260 = CARTESIAN_POINT ('', (-100., -200., 1100.));
#41270 = CARTESIAN_POINT ('', (-100., 200., 1100.));
#41280 = CARTESIAN_POINT ('', (-100., -200., 1195.82600948679));
#41290 = CARTESIAN_POINT ('', (-100., 200., 1195.82600948679));
#41300 = B_SPLINE_SURFACE_WITH_KNOTS ('', 1, 1, ((#41260, #41270), (#41280, #41290)), .UNSPECIFIED., .F., .F., .U., (2, 2), (2, 2), (0.00900017544886253, 0.950011252357891), (0., 1.), .UNSPECIFIED.);
#41310 = ADVANCED_FACE ('', (#41250), #41300, .T.);
#41320 = ORIENTED_EDGE ('', *, *, #31010, .T.);
#41330 = ORIENTED_EDGE ('', *, *, #32200, .T.);
#41340 = ORIENTED_EDGE ('', *, *, #37150, .T.);
#41350 = ORIENTED_EDGE ('', *, *, #37350, .T.);
#41360 = EDGE_LOOP ('', (#41320, #41330, #41340, #41350));
#41370 = FACE_OUTER_BOUND ('', #41360, .F.);
#41380 = CARTESIAN_POINT ('', (-100., -200., 1100.));
#41390 = CARTESIAN_POINT ('', (-100., 200., 1100.));
#41400 = CARTESIAN_POINT ('', (100., -200., 1100.));
#41410 = CARTESIAN_POINT ('', (100., 200., 1100.));
#41420 = B_SPLINE_SURFACE_WITH_KNOTS ('', 1, 1, ((#41380, #41390), (#41400, #41410)), .UNSPECIFIED., .F., .F., .U., (2, 2), (2, 2), (0.00228083574502858, 0.997719164254971), (0.00114302492461978, 0.99885697507538), .UNSPECIFIED.);
#41430 = ADVANCED_FACE ('', (#41370), #41420, .F.);
#41440 = ORIENTED_EDGE ('', *, *, #31980, .F.);
#41450 = ORIENTED_EDGE ('', *, *, #41210, .F.);
#41460 = ORIENTED_EDGE ('', *, *, #36650, .F.);
#41470 = CARTESIAN_POINT ('', (0., 0., 1200.));
#41480 = VERTEX_POINT ('', #41470);
#41490 = CARTESIAN_POINT ('', (0., 0., 1200.));
#41500 = CARTESIAN_POINT ('', (0., 3.00002533737177, 1199.99999998323));
#41510 = CARTESIAN_POINT ('', (0., 34.0194926735771, 1199.84478482628));
#41520 = CARTESIAN_POINT ('', (0., 78.0143990713197, 1197.56873076413));
#41530 = CARTESIAN_POINT ('', (0., 126.093100497382, 1193.79073006928));
#41540 = CARTESIAN_POINT ('', (0., 174.032214616814, 1187.42339242268));
#41550 = CARTESIAN_POINT ('', (0., 195.004007436063, 1184.06042532386));
#41560 = CARTESIAN_POINT ('', (0., 200., 1183.21595194209));
#41570 = (
   BOUNDED_CURVE ()
   B_SPLINE_CURVE (2, (#41490, #41500, #41510, #41520, #41530, #41540, #41550, #41560), .UNSPECIFIED., .F., .U.)
   B_SPLINE_CURVE_WITH_KNOTS ((3, 1, 1, 1, 1, 1, 3), (0., 0.0261559513617624, 0.270397432056765, 0.410195100293128, 0.69077632444769, 0.831768716758149, 0.87594584131198), .UNSPECIFIED.)
   CURVE ()
   GEOMETRIC_REPRESENTATION_ITEM ()
   RATIONAL_B_SPLINE_CURVE ((1., 1., 1., 1., 1., 1., 1., 1.))
   REPRESENTATION_ITEM ('')
);
#41580 = EDGE_CURVE ('', #41480, #36240, #41570, .T.);
#41590 = ORIENTED_EDGE ('', *, *, #41580, .F.);
#41600 = ORIENTED_EDGE ('', *, *, #41580, .T.);
#41610 = ORIENTED_EDGE ('', *, *, #37050, .T.);
#41620 = ORIENTED_EDGE ('', *, *, #36120, .F.);
#41630 = EDGE_LOOP ('', (#41440, #41450, #41460, #41590, #41600, #41610, #41620));
#41640 = FACE_OUTER_BOUND ('', #41630, .F.);
#41650 = CARTESIAN_POINT ('', (0., 0., 1200.));
#41660 = CARTESIAN_POINT ('', (0., 3.00002533737177, 1199.99999998323));
#41670 = CARTESIAN_POINT ('', (0., 34.0194926735771, 1199.84478482628));
#41680 = CARTESIAN_POINT ('', (0., 78.0143990713197, 1197.56873076413));
#41690 = CARTESIAN_POINT ('', (0., 126.093100497382, 1193.79073006928));
#41700 = CARTESIAN_POINT ('', (0., 174.032214616814, 1187.42339242268));
#41710 = CARTESIAN_POINT ('', (0., 206.0383770224, 1182.29099043601));
#41720 = CARTESIAN_POINT ('', (0., 222.803617704359, 1179.13494329315));
#41730 = CARTESIAN_POINT ('', (0., 223.606797749983, 1178.98261168673));
#41740 = CARTESIAN_POINT ('', (0., 0., 1200.));
#41750 = CARTESIAN_POINT ('', (-3.00002533737177, 3.00002533737177, 1199.99999998323));
#41760 = CARTESIAN_POINT ('', (-34.0194926735771, 34.0194926735771, 1199.84478482628));
#41770 = CARTESIAN_POINT ('', (-78.0143990713197, 78.0143990713197, 1197.56873076413));
#41780 = CARTESIAN_POINT ('', (-126.093100497382, 126.093100497382, 1193.79073006928));
#41790 = CARTESIAN_POINT ('', (-174.032214616814, 174.032214616814, 1187.42339242268));
#41800 = CARTESIAN_POINT ('', (-206.0383770224, 206.0383770224, 1182.29099043601));
#41810 = CARTESIAN_POINT ('', (-222.803617704359, 222.803617704359, 1179.13494329315));
#41820 = CARTESIAN_POINT ('', (-223.606797749983, 223.606797749983, 1178.98261168673));
#41830 = CARTESIAN_POINT ('', (0., 0., 1200.));
#41840 = CARTESIAN_POINT ('', (-3.00002533737177, 1.83698571338665E-16, 1199.99999998323));
#41850 = CARTESIAN_POINT ('', (-34.0194926735771, 2.08309314056565E-15, 1199.84478482628));
#41860 = CARTESIAN_POINT ('', (-78.0143990713197, 4.7770042055048E-15, 1197.56873076413));
#41870 = CARTESIAN_POINT ('', (-126.093100497382, 7.72097559593421E-15, 1193.79073006928));
#41880 = CARTESIAN_POINT ('', (-174.032214616814, 1.06563997289503E-14, 1187.42339242268));
#41890 = CARTESIAN_POINT ('', (-206.0383770224, 1.26162119460999E-14, 1182.29099043601));
#41900 = CARTESIAN_POINT ('', (-222.803617704359, 1.36427868630047E-14, 1179.13494329315));
#41910 = CARTESIAN_POINT ('', (-223.606797749983, 1.36919674566053E-14, 1178.98261168673));
#41920 = CARTESIAN_POINT ('', (0., 0., 1200.));
#41930 = CARTESIAN_POINT ('', (-3.00002533737177, -3.00002533737177, 1199.99999998323));
#41940 = CARTESIAN_POINT ('', (-34.0194926735771, -34.0194926735771, 1199.84478482628));
#41950 = CARTESIAN_POINT ('', (-78.0143990713197, -78.0143990713197, 1197.56873076413));
#41960 = CARTESIAN_POINT ('', (-126.093100497382, -126.093100497382, 1193.79073006928));
#41970 = CARTESIAN_POINT ('', (-174.032214616814, -174.032214616814, 1187.42339242268));
#41980 = CARTESIAN_POINT ('', (-206.0383770224, -206.0383770224, 1182.29099043601));
#41990 = CARTESIAN_POINT ('', (-222.803617704359, -222.803617704359, 1179.13494329315));
#42000 = CARTESIAN_POINT ('', (-223.606797749983, -223.606797749983, 1178.98261168673));
#42010 = CARTESIAN_POINT ('', (0., 0., 1200.));
#42020 = CARTESIAN_POINT ('', (-3.67397142677329E-16, -3.00002533737177, 1199.99999998323));
#42030 = CARTESIAN_POINT ('', (-4.16618628113131E-15, -34.0194926735771, 1199.84478482628));
#42040 = CARTESIAN_POINT ('', (-9.55400841100959E-15, -78.0143990713197, 1197.56873076413));
#42050 = CARTESIAN_POINT ('', (-1.54419511918684E-14, -126.093100497382, 1193.79073006928));
#42060 = CARTESIAN_POINT ('', (-2.13127994579006E-14, -174.032214616814, 1187.42339242268));
#42070 = CARTESIAN_POINT ('', (-2.52324238921998E-14, -206.0383770224, 1182.29099043601));
#42080 = CARTESIAN_POINT ('', (-2.72855737260094E-14, -222.803617704359, 1179.13494329315));
#42090 = CARTESIAN_POINT ('', (-2.73839349132106E-14, -223.606797749983, 1178.98261168673));
#42100 = CARTESIAN_POINT ('', (0., 0., 1200.));
#42110 = CARTESIAN_POINT ('', (3.00002533737177, -3.00002533737177, 1199.99999998323));
#42120 = CARTESIAN_POINT ('', (34.0194926735771, -34.0194926735772, 1199.84478482628));
#42130 = CARTESIAN_POINT ('', (78.0143990713197, -78.0143990713197, 1197.56873076413));
#42140 = CARTESIAN_POINT ('', (126.093100497382, -126.093100497382, 1193.79073006928));
#42150 = CARTESIAN_POINT ('', (174.032214616814, -174.032214616814, 1187.42339242268));
#42160 = CARTESIAN_POINT ('', (206.0383770224, -206.0383770224, 1182.29099043601));
#42170 = CARTESIAN_POINT ('', (222.803617704359, -222.803617704359, 1179.13494329315));
#42180 = CARTESIAN_POINT ('', (223.606797749983, -223.606797749983, 1178.98261168673));
#42190 = CARTESIAN_POINT ('', (0., 0., 1200.));
#42200 = CARTESIAN_POINT ('', (3.00002533737177, -5.51095714015994E-16, 1199.99999998323));
#42210 = CARTESIAN_POINT ('', (34.0194926735771, -6.24927942169696E-15, 1199.84478482628));
#42220 = CARTESIAN_POINT ('', (78.0143990713197, -1.43310126165144E-14, 1197.56873076413));
#42230 = CARTESIAN_POINT ('', (126.093100497382, -2.31629267878026E-14, 1193.79073006928));
#42240 = CARTESIAN_POINT ('', (174.032214616814, -3.1969199186851E-14, 1187.42339242268));
#42250 = CARTESIAN_POINT ('', (206.0383770224, -3.78486358382997E-14, 1182.29099043601));
#42260 = CARTESIAN_POINT ('', (222.803617704359, -4.09283605890141E-14, 1179.13494329315));
#42270 = CARTESIAN_POINT ('', (223.606797749983, -4.10759023698159E-14, 1178.98261168673));
#42280 = CARTESIAN_POINT ('', (0., 0., 1200.));
#42290 = CARTESIAN_POINT ('', (3.00002533737177, 3.00002533737177, 1199.99999998323));
#42300 = CARTESIAN_POINT ('', (34.0194926735772, 34.0194926735771, 1199.84478482628));
#42310 = CARTESIAN_POINT ('', (78.0143990713197, 78.0143990713197, 1197.56873076413));
#42320 = CARTESIAN_POINT ('', (126.093100497382, 126.093100497382, 1193.79073006928));
#42330 = CARTESIAN_POINT ('', (174.032214616814, 174.032214616814, 1187.42339242268));
#42340 = CARTESIAN_POINT ('', (206.0383770224, 206.0383770224, 1182.29099043601));
#42350 = CARTESIAN_POINT ('', (222.803617704359, 222.803617704359, 1179.13494329315));
#42360 = CARTESIAN_POINT ('', (223.606797749983, 223.606797749983, 1178.98261168673));
#42370 = CARTESIAN_POINT ('', (0., 0., 1200.));
#42380 = CARTESIAN_POINT ('', (0., 3.00002533737177, 1199.99999998323));
#42390 = CARTESIAN_POINT ('', (0., 34.0194926735771, 1199.84478482628));
#42400 = CARTESIAN_POINT ('', (0., 78.0143990713197, 1197.56873076413));
#42410 = CARTESIAN_POINT ('', (0., 126.093100497382, 1193.79073006928));
#42420 = CARTESIAN_POINT ('', (0., 174.032214616814, 1187.42339242268));
#42430 = CARTESIAN_POINT ('', (0., 206.0383770224, 1182.29099043601));
#42440 = CARTESIAN_POINT ('', (0., 222.803617704359, 1179.13494329315));
#42450 = CARTESIAN_POINT ('', (0., 223.606797749983, 1178.98261168673));
#42460 = (
   BOUNDED_SURFACE ()
   B_SPLINE_SURFACE (2, 2, ((#41650, #41660, #41670, #41680, #41690, #41700, #41710, #41720, #41730), (#41740, #41750, #41760, #41770, #41780, #41790, #41800, #41810, #41820), (#41830, #41840, #41850, #41860, #41870, #41880, #41890, #41900, #41910), (#41920, #41930, #41940, #41950, #41960, #41970, #41980, #41990, #42000), (#42010, #42020, #42030, #42040, #42050, #42060, #42070, #42080, #42090), (#42100, #42110, #42120, #42130, #42140, #42150, #42160, #42170, #42180), (#42190, #42200, #42210, #42220, #42230, #42240, #42250, #42260, #42270), (#42280, #42290, #42300, #42310, #42320, #42330, #42340, #42350, #42360), (#42370, #42380, #42390, #42400, #42410, #42420, #42430, #42440, #42450)), .UNSPECIFIED., .T., .F., .U.)
   B_SPLINE_SURFACE_WITH_KNOTS ((3, 2, 2, 2, 3), (3, 1, 1, 1, 1, 1, 1, 3), (0., 0.25, 0.5, 0.75, 1.), (0., 0.0261559513617624, 0.270397432056765, 0.410195100293128, 0.69077632444769, 0.831768716758149, 0.973373319392376, 0.980500596679735), .UNSPECIFIED.)
   SURFACE ()
   GEOMETRIC_REPRESENTATION_ITEM ()
   RATIONAL_B_SPLINE_SURFACE (((1., 1., 1., 1., 1., 1., 1., 1., 1.), (0.707106781186548, 0.707106781186548, 0.707106781186548, 0.707106781186548, 0.707106781186548, 0.707106781186548, 0.707106781186548, 0.707106781186548, 0.707106781186548), (1., 1., 1., 1., 1., 1., 1., 1., 1.), (0.707106781186548, 0.707106781186548, 0.707106781186548, 0.707106781186548, 0.707106781186548, 0.707106781186548, 0.707106781186548, 0.707106781186548, 0.707106781186548), (1., 1., 1., 1., 1., 1., 1., 1., 1.), (0.707106781186548, 0.707106781186548, 0.707106781186548, 0.707106781186548, 0.707106781186548, 0.707106781186548, 0.707106781186548, 0.707106781186548, 0.707106781186548), (1., 1., 1., 1., 1., 1., 1., 1., 1.), (0.707106781186548, 0.707106781186548, 0.707106781186548, 0.707106781186548, 0.707106781186548, 0.707106781186548, 0.707106781186548, 0.707106781186548, 0.707106781186548), (1., 1., 1., 1., 1., 1., 1., 1., 1.)))
   REPRESENTATION_ITEM ('')
);
#42470 = ADVANCED_FACE ('', (#41640), #42460, .F.);
#42480 = CLOSED_SHELL ('', (#32120, #36220, #37290, #41310, #41430, #42470));
#42490 = MANIFOLD_SOLID_BREP ('', #42480);
#42500 = (
   LENGTH_UNIT ()
   NAMED_UNIT (*)
   SI_UNIT (.MILLI., .METRE.)
);
#42510 = (
   NAMED_UNIT (*)
   SI_UNIT ($, .STERADIAN.)
   SOLID_ANGLE_UNIT ()
);
#42520 = (
   NAMED_UNIT (*)
   SI_UNIT ($, .RADIAN.)
   PLANE_ANGLE_UNIT ()
);
#42530 = UNCERTAINTY_MEASURE_WITH_UNIT (LENGTH_MEASURE(1.E-5), #42500, 'DISTANCE_ACCURACY_VALUE', '');
#42540 = (
   GEOMETRIC_REPRESENTATION_CONTEXT (3)
   GLOBAL_UNCERTAINTY_ASSIGNED_CONTEXT ((#42530))
   GLOBAL_UNIT_ASSIGNED_CONTEXT ((#42500, #42510, #42520))
   REPRESENTATION_CONTEXT ('', '3D')
);
#42550 = ADVANCED_BREP_SHAPE_REPRESENTATION ('', (#42490), #42540);
#42560 = APPLICATION_CONTEXT ('configuration controlled 3D designs of mechanical parts and assemblies');
#42570 = APPLICATION_PROTOCOL_DEFINITION ('International Standard', 'config_control_design', 1997, #42560);
#42580 = MECHANICAL_CONTEXT ('', #42560, 'mechanical');
#42590 = PRODUCT ('product-name', '', '', (#42580));
#42600 = PERSON_AND_ORGANIZATION_ROLE ('design_owner');
#42610 = PERSON ('', '', $, $, $, $);
#42620 = ORGANIZATION ($, '', '');
#42630 = PERSON_AND_ORGANIZATION (#42610, #42620);
#42640 = CC_DESIGN_PERSON_AND_ORGANIZATION_ASSIGNMENT (#42630, #42600, (#42590));
#42650 = PRODUCT_RELATED_PRODUCT_CATEGORY ('detail', $, (#42590));
#42660 = PRODUCT_DEFINITION_FORMATION_WITH_SPECIFIED_SOURCE ('', '', #42590, .NOT_KNOWN.);
#42670 = APPROVAL_STATUS ('approved');
#42680 = APPROVAL (#42670, '');
#42690 = CALENDAR_DATE (2020, 8, 9);
#42700 = COORDINATED_UNIVERSAL_TIME_OFFSET (0, $, .AHEAD.);
#42710 = LOCAL_TIME (3, 30, 58., #42700);
#42720 = DATE_AND_TIME (#42690, #42710);
#42730 = APPROVAL_DATE_TIME (#42720, #42680);
#42740 = APPROVAL_ROLE ('');
#42750 = PERSON ('', '', $, $, $, $);
#42760 = ORGANIZATION ($, '', '');
#42770 = PERSON_AND_ORGANIZATION (#42750, #42760);
#42780 = APPROVAL_PERSON_ORGANIZATION (#42770, #42680, #42740);
#42790 = CC_DESIGN_APPROVAL (#42680, (#42660));
#42800 = PERSON_AND_ORGANIZATION_ROLE ('creator');
#42810 = PERSON ('', '', $, $, $, $);
#42820 = ORGANIZATION ($, '', '');
#42830 = PERSON_AND_ORGANIZATION (#42810, #42820);
#42840 = CC_DESIGN_PERSON_AND_ORGANIZATION_ASSIGNMENT (#42830, #42800, (#42660));
#42850 = PERSON_AND_ORGANIZATION_ROLE ('part_supplier');
#42860 = PERSON ('', '', $, $, $, $);
#42870 = ORGANIZATION ($, '', '');
#42880 = PERSON_AND_ORGANIZATION (#42860, #42870);
#42890 = CC_DESIGN_PERSON_AND_ORGANIZATION_ASSIGNMENT (#42880, #42850, (#42660));
#42900 = SECURITY_CLASSIFICATION_LEVEL ('unclassified');
#42910 = SECURITY_CLASSIFICATION ('', '', #42900);
#42920 = APPROVAL_STATUS ('approved');
#42930 = APPROVAL (#42920, '');
#42940 = CALENDAR_DATE (2020, 8, 9);
#42950 = COORDINATED_UNIVERSAL_TIME_OFFSET (0, $, .AHEAD.);
#42960 = LOCAL_TIME (3, 30, 58., #42950);
#42970 = DATE_AND_TIME (#42940, #42960);
#42980 = APPROVAL_DATE_TIME (#42970, #42930);
#42990 = APPROVAL_ROLE ('');
#43000 = PERSON ('', '', $, $, $, $);
#43010 = ORGANIZATION ($, '', '');
#43020 = PERSON_AND_ORGANIZATION (#43000, #43010);
#43030 = APPROVAL_PERSON_ORGANIZATION (#43020, #42930, #42990);
#43040 = CC_DESIGN_APPROVAL (#42930, (#42910));
#43050 = DATE_TIME_ROLE ('classification_date');
#43060 = CALENDAR_DATE (2020, 8, 9);
#43070 = COORDINATED_UNIVERSAL_TIME_OFFSET (0, $, .AHEAD.);
#43080 = LOCAL_TIME (3, 30, 58., #43070);
#43090 = DATE_AND_TIME (#43060, #43080);
#43100 = CC_DESIGN_DATE_AND_TIME_ASSIGNMENT (#43090, #43050, (#42910));
#43110 = PERSON_AND_ORGANIZATION_ROLE ('classification_officer');
#43120 = PERSON ('', '', $, $, $, $);
#43130 = ORGANIZATION ($, '', '');
#43140 = PERSON_AND_ORGANIZATION (#43120, #43130);
#43150 = CC_DESIGN_PERSON_AND_ORGANIZATION_ASSIGNMENT (#43140, #43110, (#42910));
#43160 = CC_DESIGN_SECURITY_CLASSIFICATION (#42910, (#42660));
#43170 = DESIGN_CONTEXT ('', #42560, 'design');
#43180 = PRODUCT_DEFINITION ('', '', #42660, #43170);
#43190 = APPROVAL_STATUS ('approved');
#43200 = APPROVAL (#43190, '');
#43210 = CALENDAR_DATE (2020, 8, 9);
#43220 = COORDINATED_UNIVERSAL_TIME_OFFSET (0, $, .AHEAD.);
#43230 = LOCAL_TIME (3, 30, 58., #43220);
#43240 = DATE_AND_TIME (#43210, #43230);
#43250 = APPROVAL_DATE_TIME (#43240, #43200);
#43260 = APPROVAL_ROLE ('');
#43270 = PERSON ('', '', $, $, $, $);
#43280 = ORGANIZATION ($, '', '');
#43290 = PERSON_AND_ORGANIZATION (#43270, #43280);
#43300 = APPROVAL_PERSON_ORGANIZATION (#43290, #43200, #43260);
#43310 = CC_DESIGN_APPROVAL (#43200, (#43180));
#43320 = DATE_TIME_ROLE ('creation_date');
#43330 = CALENDAR_DATE (2020, 8, 9);
#43340 = COORDINATED_UNIVERSAL_TIME_OFFSET (0, $, .AHEAD.);
#43350 = LOCAL_TIME (3, 30, 58., #43340);
#43360 = DATE_AND_TIME (#43330, #43350);
#43370 = CC_DESIGN_DATE_AND_TIME_ASSIGNMENT (#43360, #43320, (#43180));
#43380 = PERSON_AND_ORGANIZATION_ROLE ('creator');
#43390 = PERSON ('', '', $, $, $, $);
#43400 = ORGANIZATION ($, '', '');
#43410 = PERSON_AND_ORGANIZATION (#43390, #43400);
#43420 = CC_DESIGN_PERSON_AND_ORGANIZATION_ASSIGNMENT (#43410, #43380, (#43180));
#43430 = PRODUCT_DEFINITION_SHAPE ('', '', #43180);
#43440 = SHAPE_DEFINITION_REPRESENTATION (#43430, #42550);
#43450 = CARTESIAN_POINT ('', (100., -200., 1600.));
#43460 = VERTEX_POINT ('', #43450);
#43470 = CARTESIAN_POINT ('', (-100., -200., 1600.));
#43480 = VERTEX_POINT ('', #43470);
#43490 = CARTESIAN_POINT ('', (100., -200., 1600.));
#43500 = CARTESIAN_POINT ('', (-100., -200., 1600.));
#43510 = B_SPLINE_CURVE_WITH_KNOTS ('', 1, (#43490, #43500), .UNSPECIFIED., .F., .U., (2, 2), (0.00230774228759533, 0.997692257712405), .UNSPECIFIED.);
#43520 = EDGE_CURVE ('', #43460, #43480, #43510, .T.);
#43530 = ORIENTED_EDGE ('', *, *, #43520, .T.);
#43540 = CARTESIAN_POINT ('', (-100., -200., 1477.49643312217));
#43550 = VERTEX_POINT ('', #43540);
#43560 = CARTESIAN_POINT ('', (-100., -200., 1477.49643312217));
#43570 = CARTESIAN_POINT ('', (-100., -200., 1600.));
#43580 = B_SPLINE_CURVE_WITH_KNOTS ('', 1, (#43560, #43570), .UNSPECIFIED., .F., .U., (2, 2), (0., 1.), .UNSPECIFIED.);
#43590 = EDGE_CURVE ('', #43550, #43480, #43580, .T.);
#43600 = ORIENTED_EDGE ('', *, *, #43590, .F.);
#43610 = CARTESIAN_POINT ('', (100., -200., 1477.49643312217));
#43620 = VERTEX_POINT ('', #43610);
#43630 = CARTESIAN_POINT ('', (-100., -200., 1477.49643312217));
#43640 = CARTESIAN_POINT ('', (-33.3333333333333, -200., 1477.49643312217));
#43650 = CARTESIAN_POINT ('', (33.3333333333333, -200., 1477.49643312217));
#43660 = CARTESIAN_POINT ('', (100., -200., 1477.49643312217));
#43670 = B_SPLINE_CURVE_WITH_KNOTS ('', 3, (#43630, #43640, #43650, #43660), .UNSPECIFIED., .F., .U., (4, 4), (0., 200.), .UNSPECIFIED.);
#43680 = EDGE_CURVE ('', #43550, #43620, #43670, .T.);
#43690 = ORIENTED_EDGE ('', *, *, #43680, .T.);
#43700 = CARTESIAN_POINT ('', (100., -200., 1477.49643312217));
#43710 = CARTESIAN_POINT ('', (100., -200., 1600.));
#43720 = B_SPLINE_CURVE_WITH_KNOTS ('', 1, (#43700, #43710), .UNSPECIFIED., .F., .U., (2, 2), (0., 1.), .UNSPECIFIED.);
#43730 = EDGE_CURVE ('', #43620, #43460, #43720, .T.);
#43740 = ORIENTED_EDGE ('', *, *, #43730, .T.);
#43750 = EDGE_LOOP ('', (#43530, #43600, #43690, #43740));
#43760 = FACE_OUTER_BOUND ('', #43750, .T.);
#43770 = CARTESIAN_POINT ('', (100., -200., 1477.49643312217));
#43780 = CARTESIAN_POINT ('', (-100., -200., 1477.49643312217));
#43790 = CARTESIAN_POINT ('', (100., -200., 1600.));
#43800 = CARTESIAN_POINT ('', (-100., -200., 1600.));
#43810 = B_SPLINE_SURFACE_WITH_KNOTS ('', 1, 1, ((#43770, #43780), (#43790, #43800)), .UNSPECIFIED., .F., .F., .U., (2, 2), (2, 2), (0.0360320089632144, 0.99275739197411), (0., 1.), .UNSPECIFIED.);
#43820 = ADVANCED_FACE ('', (#43760), #43810, .T.);
#43830 = CARTESIAN_POINT ('', (-100., 200., 1600.));
#43840 = VERTEX_POINT ('', #43830);
#43850 = CARTESIAN_POINT ('', (-100., -200., 1600.));
#43860 = CARTESIAN_POINT ('', (-100., 2.56683563293336E-13, 1600.));
#43870 = CARTESIAN_POINT ('', (-100., 199.999999999999, 1600.));
#43880 = B_SPLINE_CURVE_WITH_KNOTS ('', 2, (#43850, #43860, #43870), .UNSPECIFIED., .F., .U., (3, 3), (0.0291207677689804, 0.963700207021314), .UNSPECIFIED.);
#43890 = EDGE_CURVE ('', #43480, #43840, #43880, .T.);
#43900 = ORIENTED_EDGE ('', *, *, #43890, .T.);
#43910 = CARTESIAN_POINT ('', (-100., 200., 1477.49643633114));
#43920 = VERTEX_POINT ('', #43910);
#43930 = CARTESIAN_POINT ('', (-100., 200., 1477.49643633114));
#43940 = CARTESIAN_POINT ('', (-100., 200., 1600.));
#43950 = B_SPLINE_CURVE_WITH_KNOTS ('', 1, (#43930, #43940), .UNSPECIFIED., .F., .U., (2, 2), (0., 1.), .UNSPECIFIED.);
#43960 = EDGE_CURVE ('', #43920, #43840, #43950, .T.);
#43970 = ORIENTED_EDGE ('', *, *, #43960, .F.);
#43980 = CARTESIAN_POINT ('', (-100., 200., 1477.49643633114));
#43990 = CARTESIAN_POINT ('', (-100., 198.520205550836, 1477.83371252721));
#44000 = CARTESIAN_POINT ('', (-100., 197.024617552754, 1478.17059720839));
#44010 = CARTESIAN_POINT ('', (-100., 195.543129935489, 1478.50035664208));
#44020 = CARTESIAN_POINT ('', (-100., 194.061592310937, 1478.83012720673));
#44030 = CARTESIAN_POINT ('', (-100., 192.564384641015, 1479.15939918956));
#44040 = CARTESIAN_POINT ('', (-100., 191.081192004035, 1479.48164437552));
#44050 = CARTESIAN_POINT ('', (-100., 189.597945865533, 1479.80390118548));
#44060 = CARTESIAN_POINT ('', (-100., 188.099164249937, 1480.12555166194));
#44070 = CARTESIAN_POINT ('', (-100., 186.614301417604, 1480.44027523605));
#44080 = CARTESIAN_POINT ('', (-100., 185.129381519923, 1480.75501090542));
#44090 = CARTESIAN_POINT ('', (-100., 183.629071995015, 1481.06903193156));
#44100 = CARTESIAN_POINT ('', (-100., 182.142573872341, 1481.37622726907));
#44110 = CARTESIAN_POINT ('', (-100., 180.656065429829, 1481.68342473925));
#44120 = CARTESIAN_POINT ('', (-100., 179.15432353236, 1481.98979944332));
#44130 = CARTESIAN_POINT ('', (-100., 177.666275203791, 1482.28944891718));
#44140 = CARTESIAN_POINT ('', (-100., 176.178181806383, 1482.58910746659));
#44150 = CARTESIAN_POINT ('', (-100., 174.675016224435, 1482.88783368652));
#44160 = CARTESIAN_POINT ('', (-100., 173.185420923466, 1483.17993477344));
#44170 = CARTESIAN_POINT ('', (-100., 171.695759909839, 1483.47204874623));
#44180 = CARTESIAN_POINT ('', (-100., 170.191199820918, 1483.7631205049));
#44190 = CARTESIAN_POINT ('', (-100., 168.700075027881, 1484.04766814627));
#44200 = CARTESIAN_POINT ('', (-100., 167.208880607333, 1484.33222907449));
#44210 = CARTESIAN_POINT ('', (-100., 165.702972545821, 1484.61563774067));
#44220 = CARTESIAN_POINT ('', (-100., 164.210352631485, 1484.89262422602));
#44230 = CARTESIAN_POINT ('', (-100., 162.717659120407, 1485.16962436877));
#44240 = CARTESIAN_POINT ('', (-100., 161.210449896308, 1485.4453621975));
#44250 = CARTESIAN_POINT ('', (-100., 159.716369325985, 1485.71478054595));
#44260 = CARTESIAN_POINT ('', (-100., 158.222211142412, 1485.98421288993));
#44270 = CARTESIAN_POINT ('', (-100., 156.713747813645, 1486.25227302964));
#44280 = CARTESIAN_POINT ('', (-100., 155.218241141672, 1486.51411699004));
#44290 = CARTESIAN_POINT ('', (-100., 153.722652800392, 1486.7759752497));
#44300 = CARTESIAN_POINT ('', (-100., 152.212982643714, 1487.03635174871));
#44310 = CARTESIAN_POINT ('', (-100., 150.716084508494, 1487.29061579945));
#44320 = CARTESIAN_POINT ('', (-100., 149.219138590553, 1487.54488796659));
#44330 = CARTESIAN_POINT ('', (-100., 147.708346749863, 1487.79756987777));
#44340 = CARTESIAN_POINT ('', (-100., 146.21012970989, 1488.04424196245));
#44350 = CARTESIAN_POINT ('', (-100., 144.711856473931, 1488.29092329944));
#44360 = CARTESIAN_POINT ('', (-100., 143.199979962294, 1488.53590528504));
#44370 = CARTESIAN_POINT ('', (-100., 141.700473917238, 1488.7749784798));
#44380 = CARTESIAN_POINT ('', (-100., 140.200876096654, 1489.01406630675));
#44390 = CARTESIAN_POINT ('', (-100., 138.687930018401, 1489.25134617177));
#44400 = CARTESIAN_POINT ('', (-100., 137.187137775937, 1489.48281810842));
#44410 = CARTESIAN_POINT ('', (-100., 135.686249461822, 1489.71430486251));
#44420 = CARTESIAN_POINT ('', (-100., 134.172281362492, 1489.94387594644));
#44430 = CARTESIAN_POINT ('', (-100., 132.670237150881, 1490.16773982278));
#44440 = CARTESIAN_POINT ('', (-100., 131.168092565513, 1490.39161865877));
#44450 = CARTESIAN_POINT ('', (-100., 129.653150139426, 1490.61347522086));
#44460 = CARTESIAN_POINT ('', (-100., 128.149888305559, 1490.82972495472));
#44470 = CARTESIAN_POINT ('', (-100., 126.646521801207, 1491.04598974582));
#44480 = CARTESIAN_POINT ('', (-100., 125.130652855023, 1491.26012697043));
#44490 = CARTESIAN_POINT ('', (-100., 123.626207863164, 1491.46875720013));
#44500 = CARTESIAN_POINT ('', (-100., 122.12165392142, 1491.67740253855));
#44510 = CARTESIAN_POINT ('', (-100., 120.604906336432, 1491.8838165396));
#44520 = CARTESIAN_POINT ('', (-100., 119.099312767495, 1492.08482262417));
#44530 = CARTESIAN_POINT ('', (-100., 117.593635440018, 1492.28583989103));
#44540 = CARTESIAN_POINT ('', (-100., 116.076086521126, 1492.4845242558));
#44550 = CARTESIAN_POINT ('', (-100., 114.569408440424, 1492.67789777308));
#44560 = CARTESIAN_POINT ('', (-100., 113.062653665761, 1492.8712811336));
#44570 = CARTESIAN_POINT ('', (-100., 111.544357680253, 1493.0622306294));
#44580 = CARTESIAN_POINT ('', (-100., 110.036640748765, 1493.24796358178));
#44590 = CARTESIAN_POINT ('', (-100., 108.528804047966, 1493.43371128832));
#44600 = CARTESIAN_POINT ('', (-100., 107.009768718458, 1493.61692571925));
#44610 = CARTESIAN_POINT ('', (-100., 105.501008494827, 1493.79501646676));
#44620 = CARTESIAN_POINT ('', (-100., 103.99212420811, 1493.9731218584));
#44630 = CARTESIAN_POINT ('', (-100., 102.472397267791, 1494.14859679759));
#44640 = CARTESIAN_POINT ('', (-100., 100.96262820421, 1494.31903944451));
#44650 = CARTESIAN_POINT ('', (-100., 99.452730854658, 1494.48949657403));
#44660 = CARTESIAN_POINT ('', (-100., 97.9323599995008, 1494.65722853461));
#44670 = CARTESIAN_POINT ('', (-100., 96.421616718439, 1494.82001790132));
#44680 = CARTESIAN_POINT ('', (-100., 94.9107410143125, 1494.98282153722));
#44690 = CARTESIAN_POINT ('', (-100., 93.3897738594089, 1495.14280797392));
#44700 = CARTESIAN_POINT ('', (-100., 91.8780911558659, 1495.29793959864));
#44710 = CARTESIAN_POINT ('', (-100., 90.3662719931122, 1495.45308522706));
#44720 = CARTESIAN_POINT ('', (-100., 88.8447560284544, 1495.60532453666));
#44730 = CARTESIAN_POINT ('', (-100., 87.3321688724178, 1495.75279467696));
#44740 = CARTESIAN_POINT ('', (-100., 85.8194665305985, 1495.90027604733));
#44750 = CARTESIAN_POINT ('', (-100., 84.2974742440088, 1496.04476554795));
#44760 = CARTESIAN_POINT ('', (-100., 82.7840429288381, 1496.1845682082));
#44770 = CARTESIAN_POINT ('', (-100., 80.5158461633087, 1496.3940920489));
#44780 = CARTESIAN_POINT ('', (-100., 78.2277974436381, 1496.59666905314));
#44790 = CARTESIAN_POINT ('', (-100., 75.9580711484494, 1496.78891720504));
#44800 = CARTESIAN_POINT ('', (-100., 73.687846018949, 1496.98120760872));
#44810 = CARTESIAN_POINT ('', (-100., 71.3992200229174, 1497.16628297169));
#44820 = CARTESIAN_POINT ('', (-100., 69.1275963971345, 1497.34127965951));
#44830 = CARTESIAN_POINT ('', (-100., 66.855455538434, 1497.51631619286));
#44840 = CARTESIAN_POINT ('', (-100., 64.5664221314522, 1497.68388863447));
#44850 = CARTESIAN_POINT ('', (-100., 62.2930142179538, 1497.84161728953));
#44860 = CARTESIAN_POINT ('', (-100., 60.0190720322107, 1497.9993830123));
#44870 = CARTESIAN_POINT ('', (-100., 57.7297986495949, 1498.14945630766));
#44880 = CARTESIAN_POINT ('', (-100., 55.4547211633956, 1498.289903875));
#44890 = CARTESIAN_POINT ('', (-100., 53.9367252875693, 1498.38361445378));
#44900 = CARTESIAN_POINT ('', (-100., 52.4125735922763, 1498.47382353766));
#44910 = CARTESIAN_POINT ('', (-100., 50.8941216915386, 1498.55982921624));
#44920 = CARTESIAN_POINT ('', (-100., 48.6175927916823, 1498.68877265708));
#44930 = CARTESIAN_POINT ('', (-100., 46.3284344616532, 1498.80969176157));
#44940 = CARTESIAN_POINT ('', (-100., 44.0509898007374, 1498.92129847858));
#44950 = CARTESIAN_POINT ('', (-100., 41.7729753766621, 1499.03293311697));
#44960 = CARTESIAN_POINT ('', (-100., 39.4840031400517, 1499.13637022795));
#44970 = CARTESIAN_POINT ('', (-100., 37.2052046540804, 1499.23065420919));
#44980 = CARTESIAN_POINT ('', (-100., 34.9258242716645, 1499.32496226606));
#44990 = CARTESIAN_POINT ('', (-100., 32.6371953620555, 1499.41092471264));
#45000 = CARTESIAN_POINT ('', (-100., 30.3571628982729, 1499.48787210656));
#45010 = CARTESIAN_POINT ('', (-100., 28.0765384133739, 1499.56483948023));
#45020 = CARTESIAN_POINT ('', (-100., 25.7884061637996, 1499.63333930435));
#45030 = CARTESIAN_POINT ('', (-100., 23.5072617624822, 1499.69293995929));
#45040 = CARTESIAN_POINT ('', (-100., 21.9857561656958, 1499.73269313318));
#45050 = CARTESIAN_POINT ('', (-100., 20.4616373512766, 1499.7686448865));
#45060 = CARTESIAN_POINT ('', (-100., 18.9399496036529, 1499.80067603726));
#45070 = CARTESIAN_POINT ('', (-100., 15.5174955793702, 1499.87271784805));
#45080 = CARTESIAN_POINT ('', (-100., 12.0852570622017, 1499.92536184764));
#45090 = CARTESIAN_POINT ('', (-100., 8.6622034651948, 1499.95831094247));
#45100 = CARTESIAN_POINT ('', (-100., 5.23709168147019, 1499.99127984867));
#45110 = CARTESIAN_POINT ('', (-100., 1.80825693834137, 1500.00469904991));
#45120 = CARTESIAN_POINT ('', (-100., -1.61700798052934, 1499.99854150668));
#45130 = CARTESIAN_POINT ('', (-100., -3.90160942085437, 1499.99443451569));
#45140 = CARTESIAN_POINT ('', (-100., -6.18536605605608, 1499.98163348679));
#45150 = CARTESIAN_POINT ('', (-100., -8.46987000382808, 1499.9601318328));
#45160 = CARTESIAN_POINT ('', (-100., -9.99302488003016, 1499.9457959639));
#45170 = CARTESIAN_POINT ('', (-100., -11.5150649581553, 1499.92760810641));
#45180 = CARTESIAN_POINT ('', (-100., -13.0381274666837, 1499.9055425416));
#45190 = CARTESIAN_POINT ('', (-100., -16.4670501096645, 1499.85586558192));
#45200 = CARTESIAN_POINT ('', (-100., -19.8868532834604, 1499.78678862543));
#45210 = CARTESIAN_POINT ('', (-100., -23.314984922, 1499.69795304296));
#45220 = CARTESIAN_POINT ('', (-100., -26.7451585405773, 1499.60906454523));
#45230 = CARTESIAN_POINT ('', (-100., -30.1602014071499, 1499.50104612802));
#45240 = CARTESIAN_POINT ('', (-100., -33.5891358797157, 1499.37298129498));
#45250 = CARTESIAN_POINT ('', (-100., -35.8748130406851, 1499.28761516555));
#45260 = CARTESIAN_POINT ('', (-100., -38.1513461614713, 1499.19390924775));
#45270 = CARTESIAN_POINT ('', (-100., -40.4363070966355, 1499.09114259457));
#45280 = CARTESIAN_POINT ('', (-100., -41.9591634017478, 1499.02265177561));
#45290 = CARTESIAN_POINT ('', (-100., -43.4772540147014, 1498.95051502533));
#45300 = CARTESIAN_POINT ('', (-100., -44.9997431242629, 1498.87429672327));
#45310 = CARTESIAN_POINT ('', (-100., -47.2849644619018, 1498.75989479481));
#45320 = CARTESIAN_POINT ('', (-100., -49.5582047986924, 1498.63741635705));
#45330 = CARTESIAN_POINT ('', (-100., -51.8424888715055, 1498.50561864111));
#45340 = CARTESIAN_POINT ('', (-100., -54.127338276844, 1498.37378830684));
#45350 = CARTESIAN_POINT ('', (-100., -56.3985487971215, 1498.23406664207));
#45360 = CARTESIAN_POINT ('', (-100., -58.6823280452046, 1498.08484067873));
#45370 = CARTESIAN_POINT ('', (-100., -60.9666585878546, 1497.93557869288));
#45380 = CARTESIAN_POINT ('', (-100., -63.2357360129216, 1497.77863404543));
#45390 = CARTESIAN_POINT ('', (-100., -65.5188636576613, 1497.61198073364));
#45400 = CARTESIAN_POINT ('', (-100., -67.8025268585429, 1497.44528832978));
#45410 = CARTESIAN_POINT ('', (-100., -70.0693716076396, 1497.27114405952));
#45420 = CARTESIAN_POINT ('', (-100., -72.351699425155, 1497.08706878698));
#45430 = CARTESIAN_POINT ('', (-100., -73.8722297816684, 1496.96443432683));
#45440 = CARTESIAN_POINT ('', (-100., -75.3846667228772, 1496.83858915371));
#45450 = CARTESIAN_POINT ('', (-100., -76.9045551402128, 1496.70823972047));
#45460 = CARTESIAN_POINT ('', (-100., -79.1866209425912, 1496.51252404783));
#45470 = CARTESIAN_POINT ('', (-100., -81.4493724570453, 1496.30978565229));
#45480 = CARTESIAN_POINT ('', (-100., -83.7298819903144, 1496.09670064679));
#45490 = CARTESIAN_POINT ('', (-100., -86.0108841628957, 1495.88356961032));
#45500 = CARTESIAN_POINT ('', (-100., -88.2711402135379, 1495.66369297934));
#45510 = CARTESIAN_POINT ('', (-100., -90.5504532254842, 1495.43319798244));
#45520 = CARTESIAN_POINT ('', (-100., -92.8302394718981, 1495.2026551298));
#45530 = CARTESIAN_POINT ('', (-100., -95.0879082246528, 1494.96566080267));
#45540 = CARTESIAN_POINT ('', (-100., -97.3658727293491, 1494.71776354254));
#45550 = CARTESIAN_POINT ('', (-100., -99.6442900811418, 1494.46981700176));
#45560 = CARTESIAN_POINT ('', (-100., -101.899282070847, 1494.21572840839));
#45570 = CARTESIAN_POINT ('', (-100., -104.17574551437, 1493.95044119359));
#45580 = CARTESIAN_POINT ('', (-100., -105.691867077296, 1493.77376026868));
#45590 = CARTESIAN_POINT ('', (-100., -107.197071206535, 1493.59447917572));
#45600 = CARTESIAN_POINT ('', (-100., -108.712276606759, 1493.41010635254));
#45610 = CARTESIAN_POINT ('', (-100., -110.22755446613, 1493.22572471241));
#45620 = CARTESIAN_POINT ('', (-100., -111.731558322807, 1493.03884069567));
#45630 = CARTESIAN_POINT ('', (-100., -113.245880816106, 1492.84677048296));
#45640 = CARTESIAN_POINT ('', (-100., -114.760324026828, 1492.65468495897));
#45650 = CARTESIAN_POINT ('', (-100., -116.263147685467, 1492.46019631071));
#45660 = CARTESIAN_POINT ('', (-100., -117.776596273041, 1492.26042529229));
#45670 = CARTESIAN_POINT ('', (-100., -119.290161339886, 1492.06063889894));
#45680 = CARTESIAN_POINT ('', (-100., -120.791774554148, 1491.85855071081));
#45690 = CARTESIAN_POINT ('', (-100., -122.30430582523, 1491.65108271678));
#45700 = CARTESIAN_POINT ('', (-100., -123.816949286495, 1491.44359933407));
#45710 = CARTESIAN_POINT ('', (-100., -125.317322002272, 1491.2339173426));
#45720 = CARTESIAN_POINT ('', (-100., -126.828892593125, 1491.01875706774));
#45730 = CARTESIAN_POINT ('', (-100., -128.340571047695, 1490.80358143931));
#45740 = CARTESIAN_POINT ('', (-100., -129.839673388252, 1490.58631202594));
#45750 = CARTESIAN_POINT ('', (-100., -131.350240009175, 1490.36346502723));
#45760 = CARTESIAN_POINT ('', (-100., -132.860910143062, 1490.14060275772));
#45770 = CARTESIAN_POINT ('', (-100., -134.35871239508, 1489.91575294891));
#45780 = CARTESIAN_POINT ('', (-100., -135.868231856878, 1489.68522564241));
#45790 = CARTESIAN_POINT ('', (-100., -137.37783815355, 1489.45468507487));
#45800 = CARTESIAN_POINT ('', (-100., -138.874298471979, 1489.22226472736));
#45810 = CARTESIAN_POINT ('', (-100., -140.382715346404, 1488.98406595074));
#45820 = CARTESIAN_POINT ('', (-100., -141.891172693774, 1488.74586078291));
#45830 = CARTESIAN_POINT ('', (-100., -143.386215035484, 1488.5058840943));
#45840 = CARTESIAN_POINT ('', (-100., -144.89344391873, 1488.26002567097));
#45850 = CARTESIAN_POINT ('', (-100., -146.400765704713, 1488.01415209339));
#45860 = CARTESIAN_POINT ('', (-100., -147.894413934244, 1487.76661545431));
#45870 = CARTESIAN_POINT ('', (-100., -149.400468135421, 1487.51309321511));
#45880 = CARTESIAN_POINT ('', (-100., -150.906611045468, 1487.25955604307));
#45890 = CARTESIAN_POINT ('', (-100., -152.398835014352, 1487.00446504979));
#45900 = CARTESIAN_POINT ('', (-100., -153.903671333469, 1486.7432846222));
#45910 = CARTESIAN_POINT ('', (-100., -155.408592185953, 1486.48208952294));
#45920 = CARTESIAN_POINT ('', (-100., -156.89936182267, 1486.21945043355));
#45930 = CARTESIAN_POINT ('', (-100., -158.402937206064, 1485.95061829527));
#45940 = CARTESIAN_POINT ('', (-100., -159.906592975231, 1485.6817717844));
#45950 = CARTESIAN_POINT ('', (-100., -161.395878278438, 1485.4115915208));
#45960 = CARTESIAN_POINT ('', (-100., -162.898149841644, 1485.13511499569));
#45970 = CARTESIAN_POINT ('', (-100., -164.400497679852, 1484.858624433));
#45980 = CARTESIAN_POINT ('', (-100., -165.88826871282, 1484.58091058281));
#45990 = CARTESIAN_POINT ('', (-100., -167.389193762719, 1484.29679783615));
#46000 = CARTESIAN_POINT ('', (-100., -168.890183751351, 1484.01267279713));
#46010 = CARTESIAN_POINT ('', (-100., -170.37640354733, 1483.72743504446));
#46020 = CARTESIAN_POINT ('', (-100., -171.875932342328, 1483.43569650271));
#46030 = CARTESIAN_POINT ('', (-100., -173.375464812156, 1483.143957246));
#46040 = CARTESIAN_POINT ('', (-100., -174.860043098884, 1482.85121618263));
#46050 = CARTESIAN_POINT ('', (-100., -176.358075678567, 1482.55187054264));
#46060 = CARTESIAN_POINT ('', (-100., -177.856175359744, 1482.25251149404));
#46070 = CARTESIAN_POINT ('', (-100., -179.339143370133, 1481.95226034136));
#46080 = CARTESIAN_POINT ('', (-100., -180.835704183657, 1481.64530069231));
#46090 = CARTESIAN_POINT ('', (-100., -182.332328313294, 1481.33832805649));
#46100 = CARTESIAN_POINT ('', (-100., -183.813655238079, 1481.03057279161));
#46110 = CARTESIAN_POINT ('', (-100., -185.308701661806, 1480.71600614452));
#46120 = CARTESIAN_POINT ('', (-100., -186.803807674772, 1480.40142695951));
#46130 = CARTESIAN_POINT ('', (-100., -188.2834627208, 1480.08617424707));
#46140 = CARTESIAN_POINT ('', (-100., -189.776952342148, 1479.76400844415));
#46150 = CARTESIAN_POINT ('', (-100., -191.270497889902, 1479.44183057714));
#46160 = CARTESIAN_POINT ('', (-100., -192.748450281498, 1479.11908777182));
#46170 = CARTESIAN_POINT ('', (-100., -194.240340917679, 1478.7893314817));
#46180 = CARTESIAN_POINT ('', (-100., -195.732283886451, 1478.45956362437));
#46190 = CARTESIAN_POINT ('', (-100., -197.208502867842, 1478.12933877298));
#46200 = CARTESIAN_POINT ('', (-100., -198.698752583944, 1477.79200148561));
#46210 = CARTESIAN_POINT ('', (-100., -199.133000141149, 1477.69370393761));
#46220 = CARTESIAN_POINT ('', (-100., -199.565898651336, 1477.5953743571));
#46230 = CARTESIAN_POINT ('', (-100., -200., 1477.49643312217));
#46240 = B_SPLINE_CURVE_WITH_KNOTS ('', 3, (#43980, #43990, #44000, #44010, #44020, #44030, #44040, #44050, #44060, #44070, #44080, #44090, #44100, #44110, #44120, #44130, #44140, #44150, #44160, #44170, #44180, #44190, #44200, #44210, #44220, #44230, #44240, #44250, #44260, #44270, #44280, #44290, #44300, #44310, #44320, #44330, #44340, #44350, #44360, #44370, #44380, #44390, #44400, #44410, #44420, #44430, #44440, #44450, #44460, #44470, #44480, #44490, #44500, #44510, #44520, #44530, #44540, #44550, #44560, #44570, #44580, #44590, #44600, #44610, #44620, #44630, #44640, #44650, #44660, #44670, #44680, #44690, #44700, #44710, #44720, #44730, #44740, #44750, #44760, #44770, #44780, #44790, #44800, #44810, #44820, #44830, #44840, #44850, #44860, #44870, #44880, #44890, #44900, #44910, #44920, #44930, #44940, #44950, #44960, #44970, #44980, #44990, #45000, #45010, #45020, #45030, #45040, #45050, #45060, #45070, #45080, #45090, #45100, #45110, #45120, #45130, #45140, #45150, #45160, #45170, #45180, #45190, #45200, #45210, #45220, #45230, #45240, #45250, #45260, #45270, #45280, #45290, #45300, #45310, #45320, #45330, #45340, #45350, #45360, #45370, #45380, #45390, #45400, #45410, #45420, #45430, #45440, #45450, #45460, #45470, #45480, #45490, #45500, #45510, #45520, #45530, #45540, #45550, #45560, #45570, #45580, #45590, #45600, #45610, #45620, #45630, #45640, #45650, #45660, #45670, #45680, #45690, #45700, #45710, #45720, #45730, #45740, #45750, #45760, #45770, #45780, #45790, #45800, #45810, #45820, #45830, #45840, #45850, #45860, #45870, #45880, #45890, #45900, #45910, #45920, #45930, #45940, #45950, #45960, #45970, #45980, #45990, #46000, #46010, #46020, #46030, #46040, #46050, #46060, #46070, #46080, #46090, #46100, #46110, #46120, #46130, #46140, #46150, #46160, #46170, #46180, #46190, #46200, #46210, #46220, #46230), .UNSPECIFIED., .F., .U., (4, 3, 3, 3, 3, 3, 3, 3, 3, 3, 3, 3, 3, 3, 3, 3, 3, 3, 3, 3, 3, 3, 3, 3, 3, 3, 3, 3, 3, 3, 3, 3, 3, 3, 3, 3, 3, 3, 3, 3, 3, 3, 3, 3, 3, 3, 3, 3, 3, 3, 3, 3, 3, 3, 3, 3, 3, 3, 3, 3, 3, 3, 3, 3, 3, 3, 3, 3, 3, 3, 3, 3, 3, 3, 3, 4), (0., 4.55323199474364, 9.10661768282578, 13.6601676200142, 18.2138925564711, 22.7676491066277, 27.3215435773878, 31.875638940639, 36.4299469556581, 40.9844795303465, 45.539248700092, 50.0942666048305, 54.6494299110165, 59.204764074886, 63.7603770426965, 68.3162816333217, 72.8724906712173, 77.4290169529894, 81.9858732122698, 86.5429829766364, 91.1003247101307, 95.6580284676012, 100.2161069982, 104.774572831428, 109.333438233546, 113.892715163278, 118.452339288792, 125.285899946518, 132.12096246574, 138.95758128121, 145.795806766411, 150.358463707757, 157.198996741472, 164.041241115875, 170.885232673146, 177.731001304905, 182.297075807471, 192.566712321851, 202.842523682423, 209.696339077996, 214.266006095002, 224.553853519358, 234.847828940327, 241.709641174867, 246.2828283419, 253.147077701379, 260.013025879088, 266.880631467394, 273.749847998637, 278.326251169585, 285.197580048202, 292.07039328226, 298.944633460355, 305.82024020044, 310.399384955213, 314.978748690806, 319.558477480075, 324.138558738188, 328.718979718305, 333.299727551326, 337.880789284297, 342.462114542137, 347.043562723371, 351.625293296404, 356.207293740293, 360.789551575581, 365.372054392493, 369.954789877335, 374.537723637925, 379.120668629708, 383.703818905718, 388.287163084479, 392.870689945189, 397.454388444309, 402.038247730559, 403.373949845527), .UNSPECIFIED.);
#46250 = EDGE_CURVE ('', #43920, #43550, #46240, .T.);
#46260 = ORIENTED_EDGE ('', *, *, #46250, .T.);
#46270 = ORIENTED_EDGE ('', *, *, #43590, .T.);
#46280 = EDGE_LOOP ('', (#43900, #43970, #46260, #46270));
#46290 = FACE_OUTER_BOUND ('', #46280, .T.);
#46300 = CARTESIAN_POINT ('', (-100., -200., 1477.49643312217));
#46310 = CARTESIAN_POINT ('', (-100., 200., 1477.49643312217));
#46320 = CARTESIAN_POINT ('', (-100., -200., 1600.));
#46330 = CARTESIAN_POINT ('', (-100., 200., 1600.));
#46340 = B_SPLINE_SURFACE_WITH_KNOTS ('', 1, 1, ((#46300, #46310), (#46320, #46330)), .UNSPECIFIED., .F., .F., .U., (2, 2), (2, 2), (0.0360320089632144, 0.99275739197411), (0., 1.), .UNSPECIFIED.);
#46350 = ADVANCED_FACE ('', (#46290), #46340, .T.);
#46360 = CARTESIAN_POINT ('', (100., 200., 1600.));
#46370 = VERTEX_POINT ('', #46360);
#46380 = CARTESIAN_POINT ('', (100., 200., 1600.));
#46390 = CARTESIAN_POINT ('', (-100., 200., 1600.));
#46400 = B_SPLINE_CURVE_WITH_KNOTS ('', 1, (#46380, #46390), .UNSPECIFIED., .F., .U., (2, 2), (0.00230774228759533, 0.997692257712405), .UNSPECIFIED.);
#46410 = EDGE_CURVE ('', #46370, #43840, #46400, .T.);
#46420 = ORIENTED_EDGE ('', *, *, #46410, .F.);
#46430 = CARTESIAN_POINT ('', (100., 200., 1477.49643633114));
#46440 = VERTEX_POINT ('', #46430);
#46450 = CARTESIAN_POINT ('', (100., 200., 1477.49643633114));
#46460 = CARTESIAN_POINT ('', (100., 200., 1600.));
#46470 = B_SPLINE_CURVE_WITH_KNOTS ('', 1, (#46450, #46460), .UNSPECIFIED., .F., .U., (2, 2), (0., 1.), .UNSPECIFIED.);
#46480 = EDGE_CURVE ('', #46440, #46370, #46470, .T.);
#46490 = ORIENTED_EDGE ('', *, *, #46480, .F.);
#46500 = CARTESIAN_POINT ('', (100., 200., 1477.49643633114));
#46510 = CARTESIAN_POINT ('', (33.3333333333333, 200., 1477.49643633114));
#46520 = CARTESIAN_POINT ('', (-33.3333333333333, 200., 1477.49643633114));
#46530 = CARTESIAN_POINT ('', (-100., 200., 1477.49643633114));
#46540 = B_SPLINE_CURVE_WITH_KNOTS ('', 3, (#46500, #46510, #46520, #46530), .UNSPECIFIED., .F., .U., (4, 4), (0., 200.), .UNSPECIFIED.);
#46550 = EDGE_CURVE ('', #46440, #43920, #46540, .T.);
#46560 = ORIENTED_EDGE ('', *, *, #46550, .T.);
#46570 = ORIENTED_EDGE ('', *, *, #43960, .T.);
#46580 = EDGE_LOOP ('', (#46420, #46490, #46560, #46570));
#46590 = FACE_OUTER_BOUND ('', #46580, .T.);
#46600 = CARTESIAN_POINT ('', (-100., 200., 1477.49643633114));
#46610 = CARTESIAN_POINT ('', (100., 200., 1477.49643633114));
#46620 = CARTESIAN_POINT ('', (-100., 200., 1600.));
#46630 = CARTESIAN_POINT ('', (100., 200., 1600.));
#46640 = B_SPLINE_SURFACE_WITH_KNOTS ('', 1, 1, ((#46600, #46610), (#46620, #46630)), .UNSPECIFIED., .F., .F., .U., (2, 2), (2, 2), (0.0360320340245432, 0.99275739197411), (0., 1.), .UNSPECIFIED.);
#46650 = ADVANCED_FACE ('', (#46590), #46640, .T.);
#46660 = CARTESIAN_POINT ('', (100., -200., 1600.));
#46670 = CARTESIAN_POINT ('', (100., 1.00630614952024E-12, 1600.));
#46680 = CARTESIAN_POINT ('', (100., 200., 1600.));
#46690 = B_SPLINE_CURVE_WITH_KNOTS ('', 2, (#46660, #46670, #46680), .UNSPECIFIED., .F., .U., (3, 3), (0.0291207677689804, 0.963700207021317), .UNSPECIFIED.);
#46700 = EDGE_CURVE ('', #43460, #46370, #46690, .T.);
#46710 = ORIENTED_EDGE ('', *, *, #46700, .F.);
#46720 = ORIENTED_EDGE ('', *, *, #43730, .F.);
#46730 = CARTESIAN_POINT ('', (100., -200., 1477.49643312217));
#46740 = CARTESIAN_POINT ('', (100., -198.520224104651, 1477.83370656063));
#46750 = CARTESIAN_POINT ('', (100., -197.024657274637, 1478.17058876694));
#46760 = CARTESIAN_POINT ('', (100., -195.543188436139, 1478.50034648604));
#46770 = CARTESIAN_POINT ('', (100., -194.061670363553, 1478.83011516408));
#46780 = CARTESIAN_POINT ('', (100., -192.564482415457, 1479.15938549227));
#46790 = CARTESIAN_POINT ('', (100., -191.081309294339, 1479.48162868181));
#46800 = CARTESIAN_POINT ('', (100., -189.598083421729, 1479.80388333246));
#46810 = CARTESIAN_POINT ('', (100., -188.099319855904, 1480.12553178121));
#46820 = CARTESIAN_POINT ('', (100., -186.61447700985, 1480.44025192922));
#46830 = CARTESIAN_POINT ('', (100., -185.129577821975, 1480.75498401917));
#46840 = CARTESIAN_POINT ('', (100., -183.629284473642, 1481.06900144694));
#46850 = CARTESIAN_POINT ('', (100., -182.142806555356, 1481.37619077788));
#46860 = CARTESIAN_POINT ('', (100., -180.656268636439, 1481.68339250831));
#46870 = CARTESIAN_POINT ('', (100., -179.154491653485, 1481.98977064093));
#46880 = CARTESIAN_POINT ('', (100., -177.66641340252, 1482.28942211609));
#46890 = CARTESIAN_POINT ('', (100., -176.178271428619, 1482.58908642301));
#46900 = CARTESIAN_POINT ('', (100., -174.675057248182, 1482.88781786084));
#46910 = CARTESIAN_POINT ('', (100., -173.185413483243, 1483.17992517829));
#46920 = CARTESIAN_POINT ('', (100., -171.695713501645, 1483.47204351938));
#46930 = CARTESIAN_POINT ('', (100., -170.191120049397, 1483.7631199194));
#46940 = CARTESIAN_POINT ('', (100., -168.699956858169, 1484.04767483063));
#46950 = CARTESIAN_POINT ('', (100., -167.208785704233, 1484.33223126137));
#46960 = CARTESIAN_POINT ('', (100., -165.702906213822, 1484.61563610733));
#46970 = CARTESIAN_POINT ('', (100., -164.210310022609, 1484.89262055198));
#46980 = CARTESIAN_POINT ('', (100., -162.717641201263, 1485.16961847476));
#46990 = CARTESIAN_POINT ('', (100., -161.210458944039, 1485.44535457483));
#47000 = CARTESIAN_POINT ('', (100., -159.71640322285, 1485.71477165192));
#47010 = CARTESIAN_POINT ('', (100., -158.222270812171, 1485.98420255812));
#47020 = CARTESIAN_POINT ('', (100., -156.713832621402, 1486.25226149922));
#47030 = CARTESIAN_POINT ('', (100., -155.218351607512, 1486.51410345719));
#47040 = CARTESIAN_POINT ('', (100., -153.722789800301, 1486.77595956117));
#47050 = CARTESIAN_POINT ('', (100., -152.213142761433, 1487.03633382558));
#47060 = CARTESIAN_POINT ('', (100., -150.716270794336, 1487.29059363856));
#47070 = CARTESIAN_POINT ('', (100., -149.219313893883, 1487.54486787838));
#47080 = CARTESIAN_POINT ('', (100., -147.708505314473, 1487.79755085077));
#47090 = CARTESIAN_POINT ('', (100., -146.210276831565, 1488.0442222189));
#47100 = CARTESIAN_POINT ('', (100., -144.71195924798, 1488.29090825675));
#47110 = CARTESIAN_POINT ('', (100., -143.200036626224, 1488.53589423051));
#47120 = CARTESIAN_POINT ('', (100., -141.700486159073, 1488.77497157996));
#47130 = CARTESIAN_POINT ('', (100., -140.200847831941, 1489.01406293715));
#47140 = CARTESIAN_POINT ('', (100., -138.687864328449, 1489.2513463676));
#47150 = CARTESIAN_POINT ('', (100., -137.187031914945, 1489.48282391698));
#47160 = CARTESIAN_POINT ('', (100., -135.686165652114, 1489.71430668703));
#47170 = CARTESIAN_POINT ('', (100., -134.172224271893, 1489.94387470858));
#47180 = CARTESIAN_POINT ('', (100., -132.670202480981, 1490.16773705771));
#47190 = CARTESIAN_POINT ('', (100., -131.168081145985, 1490.39161424295));
#47200 = CARTESIAN_POINT ('', (100., -129.653164054206, 1490.61346975971));
#47210 = CARTESIAN_POINT ('', (100., -128.149925609698, 1490.82971887087));
#47220 = CARTESIAN_POINT ('', (100., -126.646583268928, 1491.04598292807));
#47230 = CARTESIAN_POINT ('', (100., -125.130738141619, 1491.26011964735));
#47240 = CARTESIAN_POINT ('', (100., -123.626317243585, 1491.46874873819));
#47250 = CARTESIAN_POINT ('', (100., -122.121788109503, 1491.67739283891));
#47260 = CARTESIAN_POINT ('', (100., -120.605062729413, 1491.88380539486));
#47270 = CARTESIAN_POINT ('', (100., -119.099493711459, 1492.08480840043));
#47280 = CARTESIAN_POINT ('', (100., -117.593812142599, 1492.28582643225));
#47290 = CARTESIAN_POINT ('', (100., -116.076254360379, 1492.48451039058));
#47300 = CARTESIAN_POINT ('', (100., -114.569571689587, 1492.67788196412));
#47310 = CARTESIAN_POINT ('', (100., -113.062772191038, 1492.87126853164));
#47320 = CARTESIAN_POINT ('', (100., -111.54442988526, 1493.06222039329));
#47330 = CARTESIAN_POINT ('', (100., -110.036668162608, 1493.24795590693));
#47340 = CARTESIAN_POINT ('', (100., -108.528788471524, 1493.43370595266));
#47350 = CARTESIAN_POINT ('', (100., -107.009712628138, 1493.61692286335));
#47360 = CARTESIAN_POINT ('', (100., -105.500909666587, 1493.79501796572));
#47370 = CARTESIAN_POINT ('', (100., -103.992047814811, 1493.97312001934));
#47380 = CARTESIAN_POINT ('', (100., -102.472347268973, 1494.14859281678));
#47390 = CARTESIAN_POINT ('', (100., -100.96260093002, 1494.31903465808));
#47400 = CARTESIAN_POINT ('', (100., -99.4527270183513, 1494.48949090163));
#47410 = CARTESIAN_POINT ('', (100., -97.9323813502646, 1494.65722271737));
#47420 = CARTESIAN_POINT ('', (100., -96.4216616161856, 1494.82001229064));
#47430 = CARTESIAN_POINT ('', (100., -94.9108101007403, 1494.98281606419));
#47440 = CARTESIAN_POINT ('', (100., -93.3898668782072, 1495.14280287012));
#47450 = CARTESIAN_POINT ('', (100., -91.8782083137138, 1495.2979342815));
#47460 = CARTESIAN_POINT ('', (100., -90.3664138554001, 1495.45307963876));
#47470 = CARTESIAN_POINT ('', (100., -88.8449205529498, 1495.6053183479));
#47480 = CARTESIAN_POINT ('', (100., -87.3323579149609, 1495.75278641979));
#47490 = CARTESIAN_POINT ('', (100., -85.0654774299115, 1495.97379709792));
#47500 = CARTESIAN_POINT ('', (100., -82.777801044021, 1496.18804474847));
#47510 = CARTESIAN_POINT ('', (100., -80.5093033217622, 1496.3917870795));
#47520 = CARTESIAN_POINT ('', (100., -78.9953045106614, 1496.5277650194));
#47530 = CARTESIAN_POINT ('', (100., -77.4726426882457, 1496.66062608826));
#47540 = CARTESIAN_POINT ('', (100., -75.9579732081726, 1496.78891781165));
#47550 = CARTESIAN_POINT ('', (100., -74.4431854584338, 1496.91721955242));
#47560 = CARTESIAN_POINT ('', (100., -72.9201692993177, 1497.04232697261));
#47570 = CARTESIAN_POINT ('', (100., -71.4047499365719, 1497.16293965212));
#47580 = CARTESIAN_POINT ('', (100., -69.1332871415357, 1497.34372605412));
#47590 = CARTESIAN_POINT ('', (100., -66.844427338095, 1497.51713190714));
#47600 = CARTESIAN_POINT ('', (100., -64.5716538949442, 1497.68061838514));
#47610 = CARTESIAN_POINT ('', (100., -62.2983533233262, 1497.84414278086));
#47620 = CARTESIAN_POINT ('', (100., -60.0091948494639, 1498.00004915711));
#47630 = CARTESIAN_POINT ('', (100., -57.7347149248583, 1498.14625719205));
#47640 = CARTESIAN_POINT ('', (100., -55.4596913782752, 1498.29250017207));
#47650 = CARTESIAN_POINT ('', (100., -53.1704003026233, 1498.43090917313));
#47660 = CARTESIAN_POINT ('', (100., -50.8943290581732, 1498.55982324103));
#47670 = CARTESIAN_POINT ('', (100., -48.6176993118977, 1498.68876894183));
#47680 = CARTESIAN_POINT ('', (100., -46.3284386980551, 1498.80968763077));
#47690 = CARTESIAN_POINT ('', (100., -44.0508931732495, 1498.92129577483));
#47700 = CARTESIAN_POINT ('', (100., -42.5314412755823, 1498.99575453073));
#47710 = CARTESIAN_POINT ('', (100., -41.007062111575, 1499.06657807246));
#47720 = CARTESIAN_POINT ('', (100., -39.4872519087474, 1499.13332478052));
#47730 = CARTESIAN_POINT ('', (100., -37.2083661315292, 1499.2334084116));
#47740 = CARTESIAN_POINT ('', (100., -34.9196606843547, 1499.3251959237));
#47750 = CARTESIAN_POINT ('', (100., -32.6400789381115, 1499.40792548923));
#47760 = CARTESIAN_POINT ('', (100., -30.3599092636357, 1499.49067639159));
#47770 = CARTESIAN_POINT ('', (100., -28.0716479504376, 1499.56499809309));
#47780 = CARTESIAN_POINT ('', (100., -25.7909142282261, 1499.63038268309));
#47790 = CARTESIAN_POINT ('', (100., -23.5095833540922, 1499.69578439236));
#47800 = CARTESIAN_POINT ('', (100., -21.2219174939956, 1499.75265045222));
#47810 = CARTESIAN_POINT ('', (100., -18.9401547240994, 1499.80067755674));
#47820 = CARTESIAN_POINT ('', (100., -16.6577877541354, 1499.84871737861));
#47830 = CARTESIAN_POINT ('', (100., -14.3708643700207, 1499.88814250025));
#47840 = CARTESIAN_POINT ('', (100., -12.0881977892022, 1499.91880340178));
#47850 = CARTESIAN_POINT ('', (100., -10.5658908139085, 1499.93925111178));
#47860 = CARTESIAN_POINT ('', (100., -9.04229410157137, 1499.95584969226));
#47870 = CARTESIAN_POINT ('', (100., -7.51990295934765, 1499.96857156126));
#47880 = CARTESIAN_POINT ('', (100., 0.187489069108403, 1500.03297842028));
#47890 = CARTESIAN_POINT ('', (100., 7.90136983154731, 1499.99831948443));
#47900 = CARTESIAN_POINT ('', (100., 15.6078717027203, 1499.86464438052));
#47910 = CARTESIAN_POINT ('', (100., 17.1311452960266, 1499.83822204789));
#47920 = CARTESIAN_POINT ('', (100., 18.6524726468208, 1499.8079709018));
#47930 = CARTESIAN_POINT ('', (100., 20.175592510302, 1499.77381740717));
#47940 = CARTESIAN_POINT ('', (100., 21.6988578309963, 1499.73966065091));
#47950 = CARTESIAN_POINT ('', (100., 23.2196490103287, 1499.70169850878));
#47960 = CARTESIAN_POINT ('', (100., 24.7427213722842, 1499.65981173908));
#47970 = CARTESIAN_POINT ('', (100., 28.1729091846229, 1499.5654764399));
#47980 = CARTESIAN_POINT ('', (100., 31.5871431087975, 1499.45206685018));
#47990 = CARTESIAN_POINT ('', (100., 35.0160297580223, 1499.31856058308));
#48000 = CARTESIAN_POINT ('', (100., 37.3016380214191, 1499.2295687153));
#48010 = CARTESIAN_POINT ('', (100., 39.5777414793983, 1499.13226562462));
#48020 = CARTESIAN_POINT ('', (100., 41.8626057636618, 1499.02587065888));
#48030 = CARTESIAN_POINT ('', (100., 44.1480515104298, 1498.91944861727));
#48040 = CARTESIAN_POINT ('', (100., 46.4222844904897, 1498.80486870341));
#48050 = CARTESIAN_POINT ('', (100., 48.7068536162034, 1498.68104696786));
#48060 = CARTESIAN_POINT ('', (100., 50.2293201322075, 1498.59853055625));
#48070 = CARTESIAN_POINT ('', (100., 51.7461187332848, 1498.5124599167));
#48080 = CARTESIAN_POINT ('', (100., 53.2681468433264, 1498.42221756088));
#48090 = CARTESIAN_POINT ('', (100., 54.7902797502148, 1498.33196899158));
#48100 = CARTESIAN_POINT ('', (100., 56.3062593429487, 1498.23822476391));
#48110 = CARTESIAN_POINT ('', (100., 57.8279146344718, 1498.14025250113));
#48120 = CARTESIAN_POINT ('', (100., 60.1122636252026, 1497.99317396052));
#48130 = CARTESIAN_POINT ('', (100., 62.3815620294794, 1497.83838781996));
#48140 = CARTESIAN_POINT ('', (100., 64.6647249089918, 1497.67391996845));
#48150 = CARTESIAN_POINT ('', (100., 66.9484267660525, 1497.50941329165));
#48160 = CARTESIAN_POINT ('', (100., 69.2155020694785, 1497.33742495317));
#48170 = CARTESIAN_POINT ('', (100., 71.4978849405411, 1497.15553199417));
#48180 = CARTESIAN_POINT ('', (100., 73.7807901434407, 1496.97359740828));
#48190 = CARTESIAN_POINT ('', (100., 76.0455446057915, 1496.78442813451));
#48200 = CARTESIAN_POINT ('', (100., 78.3269981813139, 1496.58511445785));
#48210 = CARTESIAN_POINT ('', (100., 80.6089560262592, 1496.38575672691));
#48220 = CARTESIAN_POINT ('', (100., 82.8712950994528, 1496.1794307706));
#48230 = CARTESIAN_POINT ('', (100., 85.1516690127976, 1495.96270530756));
#48240 = CARTESIAN_POINT ('', (100., 87.4323909369702, 1495.74594676977));
#48250 = CARTESIAN_POINT ('', (100., 89.6920840037126, 1495.52250596597));
#48260 = CARTESIAN_POINT ('', (100., 91.9710896991294, 1495.28839103829));
#48270 = CARTESIAN_POINT ('', (100., 94.2505491035249, 1495.05422950254));
#48280 = CARTESIAN_POINT ('', (100., 96.507616217402, 1494.81368129047));
#48290 = CARTESIAN_POINT ('', (100., 98.7852264653437, 1494.56216914448));
#48300 = CARTESIAN_POINT ('', (100., 101.0632873231, 1494.3106072385));
#48310 = CARTESIAN_POINT ('', (100., 103.317655005799, 1494.05296930024));
#48320 = CARTESIAN_POINT ('', (100., 105.593734075039, 1493.7840664651));
#48330 = CARTESIAN_POINT ('', (100., 107.870242780946, 1493.51511287139));
#48340 = CARTESIAN_POINT ('', (100., 110.121822831008, 1493.24040738007));
#48350 = CARTESIAN_POINT ('', (100., 112.396217543679, 1492.954126723));
#48360 = CARTESIAN_POINT ('', (100., 113.910864739377, 1492.76347635259));
#48370 = CARTESIAN_POINT ('', (100., 115.413957025738, 1492.57040389077));
#48380 = CARTESIAN_POINT ('', (100., 116.927617088204, 1492.37206855234));
#48390 = CARTESIAN_POINT ('', (100., 118.441341874931, 1492.17372473307));
#48400 = CARTESIAN_POINT ('', (100., 119.943180767505, 1491.97306111521));
#48410 = CARTESIAN_POINT ('', (100., 121.455879470951, 1491.76703773502));
#48420 = CARTESIAN_POINT ('', (100., 122.968674513704, 1491.5610012338));
#48430 = CARTESIAN_POINT ('', (100., 124.469260560781, 1491.35274739731));
#48440 = CARTESIAN_POINT ('', (100., 125.980990279299, 1491.13903464767));
#48450 = CARTESIAN_POINT ('', (100., 127.492829387279, 1490.92530643367));
#48460 = CARTESIAN_POINT ('', (100., 128.992149346189, 1490.70946498047));
#48470 = CARTESIAN_POINT ('', (100., 130.502883948117, 1490.48806443752));
#48480 = CARTESIAN_POINT ('', (100., 132.013723653528, 1490.26664849149));
#48490 = CARTESIAN_POINT ('', (100., 133.511747472722, 1490.04322492362));
#48500 = CARTESIAN_POINT ('', (100., 135.02144359043, 1489.81414138256));
#48510 = CARTESIAN_POINT ('', (100., 136.531240506643, 1489.58504254619));
#48520 = CARTESIAN_POINT ('', (100., 138.027938275696, 1489.35404301508));
#48530 = CARTESIAN_POINT ('', (100., 139.536552636172, 1489.11728213064));
#48540 = CARTESIAN_POINT ('', (100., 141.045263483239, 1488.88050610366));
#48550 = CARTESIAN_POINT ('', (100., 142.540605420976, 1488.64193741113));
#48560 = CARTESIAN_POINT ('', (100., 144.048094871275, 1488.39750569419));
#48570 = CARTESIAN_POINT ('', (100., 145.555676500797, 1488.15305903086));
#48580 = CARTESIAN_POINT ('', (100., 147.04963294454, 1487.90692863003));
#48590 = CARTESIAN_POINT ('', (100., 148.555954476567, 1487.65483344357));
#48600 = CARTESIAN_POINT ('', (100., 150.062321500517, 1487.40273064367));
#48610 = CARTESIAN_POINT ('', (100., 151.55482023193, 1487.14905430452));
#48620 = CARTESIAN_POINT ('', (100., 153.059888469979, 1486.88931013928));
#48630 = CARTESIAN_POINT ('', (100., 154.565015631464, 1486.62955580505));
#48640 = CARTESIAN_POINT ('', (100., 156.056038043337, 1486.36833748128));
#48650 = CARTESIAN_POINT ('', (100., 157.55982734255, 1486.10094669991));
#48660 = CARTESIAN_POINT ('', (100., 159.063698679731, 1485.83354133126));
#48670 = CARTESIAN_POINT ('', (100., 160.553240809952, 1485.56478182964));
#48680 = CARTESIAN_POINT ('', (100., 162.055735258063, 1485.2897453532));
#48690 = CARTESIAN_POINT ('', (100., 163.558307674355, 1485.01469460443));
#48700 = CARTESIAN_POINT ('', (100., 165.046339227467, 1484.73839990621));
#48710 = CARTESIAN_POINT ('', (100., 166.547495856534, 1484.45572419871));
#48720 = CARTESIAN_POINT ('', (100., 168.048726422629, 1484.17303456848));
#48730 = CARTESIAN_POINT ('', (100., 169.535217151267, 1483.88921132622));
#48740 = CARTESIAN_POINT ('', (100., 171.034993173961, 1483.59890369392));
#48750 = CARTESIAN_POINT ('', (100., 172.534839149002, 1483.30858252113));
#48760 = CARTESIAN_POINT ('', (100., 174.019758850553, 1483.01723806088));
#48770 = CARTESIAN_POINT ('', (100., 175.518111681246, 1482.71930664768));
#48780 = CARTESIAN_POINT ('', (100., 177.016530533297, 1482.42136210684));
#48790 = CARTESIAN_POINT ('', (100., 178.499849047738, 1482.12250443018));
#48800 = CARTESIAN_POINT ('', (100., 179.996736322866, 1481.81695821246));
#48810 = CARTESIAN_POINT ('', (100., 181.493656940203, 1481.5114051889));
#48820 = CARTESIAN_POINT ('', (100., 182.975315566348, 1481.2050492722));
#48830 = CARTESIAN_POINT ('', (100., 184.470666284051, 1480.89190359383));
#48840 = CARTESIAN_POINT ('', (100., 185.966039266575, 1480.57875325293));
#48850 = CARTESIAN_POINT ('', (100., 187.44599418837, 1480.26490938439));
#48860 = CARTESIAN_POINT ('', (100., 188.939758494852, 1479.94417321625));
#48870 = CARTESIAN_POINT ('', (100., 190.433580135273, 1479.62342473756));
#48880 = CARTESIAN_POINT ('', (100., 191.911837056314, 1479.30209127684));
#48890 = CARTESIAN_POINT ('', (100., 193.404011233549, 1478.97376384156));
#48900 = CARTESIAN_POINT ('', (100., 194.896239164596, 1478.64542457866));
#48910 = CARTESIAN_POINT ('', (100., 196.372767046611, 1478.31660830911));
#48920 = CARTESIAN_POINT ('', (100., 197.863308885786, 1477.98069776235));
#48930 = CARTESIAN_POINT ('', (100., 198.576881776144, 1477.81988600018));
#48940 = CARTESIAN_POINT ('', (100., 199.286820728946, 1477.65898484711));
#48950 = CARTESIAN_POINT ('', (100., 200., 1477.49643633114));
#48960 = B_SPLINE_CURVE_WITH_KNOTS ('', 3, (#46730, #46740, #46750, #46760, #46770, #46780, #46790, #46800, #46810, #46820, #46830, #46840, #46850, #46860, #46870, #46880, #46890, #46900, #46910, #46920, #46930, #46940, #46950, #46960, #46970, #46980, #46990, #47000, #47010, #47020, #47030, #47040, #47050, #47060, #47070, #47080, #47090, #47100, #47110, #47120, #47130, #47140, #47150, #47160, #47170, #47180, #47190, #47200, #47210, #47220, #47230, #47240, #47250, #47260, #47270, #47280, #47290, #47300, #47310, #47320, #47330, #47340, #47350, #47360, #47370, #47380, #47390, #47400, #47410, #47420, #47430, #47440, #47450, #47460, #47470, #47480, #47490, #47500, #47510, #47520, #47530, #47540, #47550, #47560, #47570, #47580, #47590, #47600, #47610, #47620, #47630, #47640, #47650, #47660, #47670, #47680, #47690, #47700, #47710, #47720, #47730, #47740, #47750, #47760, #47770, #47780, #47790, #47800, #47810, #47820, #47830, #47840, #47850, #47860, #47870, #47880, #47890, #47900, #47910, #47920, #47930, #47940, #47950, #47960, #47970, #47980, #47990, #48000, #48010, #48020, #48030, #48040, #48050, #48060, #48070, #48080, #48090, #48100, #48110, #48120, #48130, #48140, #48150, #48160, #48170, #48180, #48190, #48200, #48210, #48220, #48230, #48240, #48250, #48260, #48270, #48280, #48290, #48300, #48310, #48320, #48330, #48340, #48350, #48360, #48370, #48380, #48390, #48400, #48410, #48420, #48430, #48440, #48450, #48460, #48470, #48480, #48490, #48500, #48510, #48520, #48530, #48540, #48550, #48560, #48570, #48580, #48590, #48600, #48610, #48620, #48630, #48640, #48650, #48660, #48670, #48680, #48690, #48700, #48710, #48720, #48730, #48740, #48750, #48760, #48770, #48780, #48790, #48800, #48810, #48820, #48830, #48840, #48850, #48860, #48870, #48880, #48890, #48900, #48910, #48920, #48930, #48940, #48950), .UNSPECIFIED., .F., .U., (4, 3, 3, 3, 3, 3, 3, 3, 3, 3, 3, 3, 3, 3, 3, 3, 3, 3, 3, 3, 3, 3, 3, 3, 3, 3, 3, 3, 3, 3, 3, 3, 3, 3, 3, 3, 3, 3, 3, 3, 3, 3, 3, 3, 3, 3, 3, 3, 3, 3, 3, 3, 3, 3, 3, 3, 3, 3, 3, 3, 3, 3, 3, 3, 3, 3, 3, 3, 3, 3, 3, 3, 3, 3, 4), (0., 4.55317588664435, 9.10650309031711, 13.6599922405597, 18.2136541712894, 22.7674999073692, 27.3215406496074, 31.875753253712, 36.4299901769964, 40.9844487106767, 45.5391410235262, 50.0940794035059, 54.6492762332467, 59.2047439636724, 63.7604786029603, 68.3163159909274, 72.872455309704, 77.4289095258561, 81.9856915575791, 86.5428142378768, 91.1002902762019, 95.6581228949428, 100.216133410863, 104.774529076108, 109.33332237408, 113.892525494649, 120.725411830607, 125.285690506455, 129.846325261726, 136.682262839808, 143.519785889293, 150.358943170744, 157.199778642998, 161.763604185335, 168.606851518975, 175.45186379845, 182.298668269711, 189.147285742648, 193.714618632075, 216.837602027697, 221.408110228929, 225.979054911493, 236.273509155856, 243.135529425146, 249.999295972112, 254.573399081449, 259.147817133448, 266.015053963285, 272.883911915514, 279.754341831517, 286.626290317859, 293.499287541194, 300.373653054462, 307.249378614547, 314.126402048619, 318.706198247202, 323.286190278345, 327.866473995639, 332.447089144383, 337.02802297161, 341.609262655944, 346.190795343057, 350.772608179473, 355.354559389716, 359.93668998339, 364.51907055137, 369.101688910497, 373.684532979037, 378.267590799962, 382.850850562446, 387.434212414114, 392.017642509123, 396.601248526193, 401.185019662252, 403.379426241345), .UNSPECIFIED.);
#48970 = EDGE_CURVE ('', #43620, #46440, #48960, .T.);
#48980 = ORIENTED_EDGE ('', *, *, #48970, .T.);
#48990 = ORIENTED_EDGE ('', *, *, #46480, .T.);
#49000 = EDGE_LOOP ('', (#46710, #46720, #48980, #48990));
#49010 = FACE_OUTER_BOUND ('', #49000, .T.);
#49020 = CARTESIAN_POINT ('', (100., 200., 1477.49643312217));
#49030 = CARTESIAN_POINT ('', (100., -200., 1477.49643312217));
#49040 = CARTESIAN_POINT ('', (100., 200., 1600.));
#49050 = CARTESIAN_POINT ('', (100., -200., 1600.));
#49060 = B_SPLINE_SURFACE_WITH_KNOTS ('', 1, 1, ((#49020, #49030), (#49040, #49050)), .UNSPECIFIED., .F., .F., .U., (2, 2), (2, 2), (0.0360320089632144, 0.99275739197411), (0., 1.), .UNSPECIFIED.);
#49070 = ADVANCED_FACE ('', (#49010), #49060, .T.);
#49080 = ORIENTED_EDGE ('', *, *, #43680, .F.);
#49090 = ORIENTED_EDGE ('', *, *, #46250, .F.);
#49100 = ORIENTED_EDGE ('', *, *, #46550, .F.);
#49110 = ORIENTED_EDGE ('', *, *, #48970, .F.);
#49120 = EDGE_LOOP ('', (#49080, #49090, #49100, #49110));
#49130 = FACE_OUTER_BOUND ('', #49120, .T.);
#49140 = CARTESIAN_POINT ('', (100., -200., 1477.49643312217));
#49150 = CARTESIAN_POINT ('', (100., -185.284912114637, 1480.850324954));
#49160 = CARTESIAN_POINT ('', (100., -154.514137943466, 1486.7858904688));
#49170 = CARTESIAN_POINT ('', (100., -122.503188369465, 1491.77007161468));
#49180 = CARTESIAN_POINT ('', (100., -90.4925540389761, 1495.58348088696));
#49190 = CARTESIAN_POINT ('', (100., -58.4821453149382, 1498.24104950149));
#49200 = CARTESIAN_POINT ('', (100., -26.471881619768, 1499.75303278071));
#49210 = CARTESIAN_POINT ('', (100., 5.53832613257733, 1500.12521094613));
#49220 = CARTESIAN_POINT ('', (100., 37.548542480116, 1499.35900067869));
#49230 = CARTESIAN_POINT ('', (100., 69.5588494969158, 1497.45148280684));
#49240 = CARTESIAN_POINT ('', (100., 101.569333276262, 1494.39534435613));
#49250 = CARTESIAN_POINT ('', (100., 133.580056789667, 1490.17874357131));
#49260 = CARTESIAN_POINT ('', (100., 165.591202235214, 1484.7850492826));
#49270 = CARTESIAN_POINT ('', (100., 190.790161750534, 1479.59555165964));
#49280 = CARTESIAN_POINT ('', (100., 200., 1477.49643633114));
#49290 = CARTESIAN_POINT ('', (-100., -200., 1477.49643312217));
#49300 = CARTESIAN_POINT ('', (-100., -185.284912114637, 1480.850324954));
#49310 = CARTESIAN_POINT ('', (-100., -154.514137943466, 1486.7858904688));
#49320 = CARTESIAN_POINT ('', (-100., -122.503188369465, 1491.77007161468));
#49330 = CARTESIAN_POINT ('', (-100., -90.4925540389761, 1495.58348088696));
#49340 = CARTESIAN_POINT ('', (-100., -58.4821453149382, 1498.24104950149));
#49350 = CARTESIAN_POINT ('', (-100., -26.471881619768, 1499.75303278071));
#49360 = CARTESIAN_POINT ('', (-100., 5.53832613257733, 1500.12521094613));
#49370 = CARTESIAN_POINT ('', (-100., 37.548542480116, 1499.35900067869));
#49380 = CARTESIAN_POINT ('', (-100., 69.5588494969158, 1497.45148280684));
#49390 = CARTESIAN_POINT ('', (-100., 101.569333276262, 1494.39534435613));
#49400 = CARTESIAN_POINT ('', (-100., 133.580056789667, 1490.17874357131));
#49410 = CARTESIAN_POINT ('', (-100., 165.591202235214, 1484.7850492826));
#49420 = CARTESIAN_POINT ('', (-100., 190.790161750534, 1479.59555165964));
#49430 = CARTESIAN_POINT ('', (-100., 200., 1477.49643633114));
#49440 = B_SPLINE_SURFACE_WITH_KNOTS ('', 1, 2, ((#49140, #49150, #49160, #49170, #49180, #49190, #49200, #49210, #49220, #49230, #49240, #49250, #49260, #49270, #49280), (#49290, #49300, #49310, #49320, #49330, #49340, #49350, #49360, #49370, #49380, #49390, #49400, #49410, #49420, #49430)), .UNSPECIFIED., .F., .F., .U., (2, 2), (3, 1, 1, 1, 1, 1, 1, 1, 1, 1, 1, 1, 1, 3), (0.00230774228759513, 0.997692257712405), (0.0296283925745284, 0.099477380900335, 0.174647421121057, 0.249397141678525, 0.323828435690137, 0.398039417477343, 0.472125636917241, 0.546181209600571, 0.620299900772671, 0.694576198080631, 0.769106407442758, 0.843989807820692, 0.919329904465322, 0.963049440452065), .UNSPECIFIED.);
#49450 = ADVANCED_FACE ('', (#49130), #49440, .T.);
#49460 = ORIENTED_EDGE ('', *, *, #43520, .T.);
#49470 = ORIENTED_EDGE ('', *, *, #43890, .T.);
#49480 = ORIENTED_EDGE ('', *, *, #46410, .F.);
#49490 = ORIENTED_EDGE ('', *, *, #46700, .F.);
#49500 = EDGE_LOOP ('', (#49460, #49470, #49480, #49490));
#49510 = FACE_OUTER_BOUND ('', #49500, .F.);
#49520 = CARTESIAN_POINT ('', (100., -200.000000000002, 1600.));
#49530 = CARTESIAN_POINT ('', (100., -5.92415005939984E-13, 1600.));
#49540 = CARTESIAN_POINT ('', (100., 199.999999999998, 1600.));
#49550 = CARTESIAN_POINT ('', (-99.9999999999999, -200.000000000002, 1600.));
#49560 = CARTESIAN_POINT ('', (-99.9999999999999, -5.91526827520283E-13, 1600.));
#49570 = CARTESIAN_POINT ('', (-99.9999999999999, 199.999999999998, 1600.));
#49580 = B_SPLINE_SURFACE_WITH_KNOTS ('', 1, 2, ((#49520, #49530, #49540), (#49550, #49560, #49570)), .UNSPECIFIED., .F., .F., .U., (2, 2), (3, 3), (0.00230774228759533, 0.997692257712404), (0.0291207677689768, 0.963700207021314), .UNSPECIFIED.);
#49590 = ADVANCED_FACE ('', (#49510), #49580, .F.);
#49600 = CLOSED_SHELL ('', (#43820, #46350, #46650, #49070, #49450, #49590));
#49610 = MANIFOLD_SOLID_BREP ('', #49600);
#49620 = (
   LENGTH_UNIT ()
   NAMED_UNIT (*)
   SI_UNIT (.MILLI., .METRE.)
);
#49630 = (
   NAMED_UNIT (*)
   SI_UNIT ($, .STERADIAN.)
   SOLID_ANGLE_UNIT ()
);
#49640 = (
   NAMED_UNIT (*)
   SI_UNIT ($, .RADIAN.)
   PLANE_ANGLE_UNIT ()
);
#49650 = UNCERTAINTY_MEASURE_WITH_UNIT (LENGTH_MEASURE(1.E-5), #49620, 'DISTANCE_ACCURACY_VALUE', '');
#49660 = (
   GEOMETRIC_REPRESENTATION_CONTEXT (3)
   GLOBAL_UNCERTAINTY_ASSIGNED_CONTEXT ((#49650))
   GLOBAL_UNIT_ASSIGNED_CONTEXT ((#49620, #49630, #49640))
   REPRESENTATION_CONTEXT ('', '3D')
);
#49670 = ADVANCED_BREP_SHAPE_REPRESENTATION ('', (#49610), #49660);
#49680 = APPLICATION_CONTEXT ('configuration controlled 3D designs of mechanical parts and assemblies');
#49690 = APPLICATION_PROTOCOL_DEFINITION ('International Standard', 'config_control_design', 1997, #49680);
#49700 = MECHANICAL_CONTEXT ('', #49680, 'mechanical');
#49710 = PRODUCT ('product-name', '', '', (#49700));
#49720 = PERSON_AND_ORGANIZATION_ROLE ('design_owner');
#49730 = PERSON ('', '', $, $, $, $);
#49740 = ORGANIZATION ($, '', '');
#49750 = PERSON_AND_ORGANIZATION (#49730, #49740);
#49760 = CC_DESIGN_PERSON_AND_ORGANIZATION_ASSIGNMENT (#49750, #49720, (#49710));
#49770 = PRODUCT_RELATED_PRODUCT_CATEGORY ('detail', $, (#49710));
#49780 = PRODUCT_DEFINITION_FORMATION_WITH_SPECIFIED_SOURCE ('', '', #49710, .NOT_KNOWN.);
#49790 = APPROVAL_STATUS ('approved');
#49800 = APPROVAL (#49790, '');
#49810 = CALENDAR_DATE (2020, 8, 9);
#49820 = COORDINATED_UNIVERSAL_TIME_OFFSET (0, $, .AHEAD.);
#49830 = LOCAL_TIME (3, 30, 58., #49820);
#49840 = DATE_AND_TIME (#49810, #49830);
#49850 = APPROVAL_DATE_TIME (#49840, #49800);
#49860 = APPROVAL_ROLE ('');
#49870 = PERSON ('', '', $, $, $, $);
#49880 = ORGANIZATION ($, '', '');
#49890 = PERSON_AND_ORGANIZATION (#49870, #49880);
#49900 = APPROVAL_PERSON_ORGANIZATION (#49890, #49800, #49860);
#49910 = CC_DESIGN_APPROVAL (#49800, (#49780));
#49920 = PERSON_AND_ORGANIZATION_ROLE ('creator');
#49930 = PERSON ('', '', $, $, $, $);
#49940 = ORGANIZATION ($, '', '');
#49950 = PERSON_AND_ORGANIZATION (#49930, #49940);
#49960 = CC_DESIGN_PERSON_AND_ORGANIZATION_ASSIGNMENT (#49950, #49920, (#49780));
#49970 = PERSON_AND_ORGANIZATION_ROLE ('part_supplier');
#49980 = PERSON ('', '', $, $, $, $);
#49990 = ORGANIZATION ($, '', '');
#50000 = PERSON_AND_ORGANIZATION (#49980, #49990);
#50010 = CC_DESIGN_PERSON_AND_ORGANIZATION_ASSIGNMENT (#50000, #49970, (#49780));
#50020 = SECURITY_CLASSIFICATION_LEVEL ('unclassified');
#50030 = SECURITY_CLASSIFICATION ('', '', #50020);
#50040 = APPROVAL_STATUS ('approved');
#50050 = APPROVAL (#50040, '');
#50060 = CALENDAR_DATE (2020, 8, 9);
#50070 = COORDINATED_UNIVERSAL_TIME_OFFSET (0, $, .AHEAD.);
#50080 = LOCAL_TIME (3, 30, 58., #50070);
#50090 = DATE_AND_TIME (#50060, #50080);
#50100 = APPROVAL_DATE_TIME (#50090, #50050);
#50110 = APPROVAL_ROLE ('');
#50120 = PERSON ('', '', $, $, $, $);
#50130 = ORGANIZATION ($, '', '');
#50140 = PERSON_AND_ORGANIZATION (#50120, #50130);
#50150 = APPROVAL_PERSON_ORGANIZATION (#50140, #50050, #50110);
#50160 = CC_DESIGN_APPROVAL (#50050, (#50030));
#50170 = DATE_TIME_ROLE ('classification_date');
#50180 = CALENDAR_DATE (2020, 8, 9);
#50190 = COORDINATED_UNIVERSAL_TIME_OFFSET (0, $, .AHEAD.);
#50200 = LOCAL_TIME (3, 30, 58., #50190);
#50210 = DATE_AND_TIME (#50180, #50200);
#50220 = CC_DESIGN_DATE_AND_TIME_ASSIGNMENT (#50210, #50170, (#50030));
#50230 = PERSON_AND_ORGANIZATION_ROLE ('classification_officer');
#50240 = PERSON ('', '', $, $, $, $);
#50250 = ORGANIZATION ($, '', '');
#50260 = PERSON_AND_ORGANIZATION (#50240, #50250);
#50270 = CC_DESIGN_PERSON_AND_ORGANIZATION_ASSIGNMENT (#50260, #50230, (#50030));
#50280 = CC_DESIGN_SECURITY_CLASSIFICATION (#50030, (#49780));
#50290 = DESIGN_CONTEXT ('', #49680, 'design');
#50300 = PRODUCT_DEFINITION ('', '', #49780, #50290);
#50310 = APPROVAL_STATUS ('approved');
#50320 = APPROVAL (#50310, '');
#50330 = CALENDAR_DATE (2020, 8, 9);
#50340 = COORDINATED_UNIVERSAL_TIME_OFFSET (0, $, .AHEAD.);
#50350 = LOCAL_TIME (3, 30, 58., #50340);
#50360 = DATE_AND_TIME (#50330, #50350);
#50370 = APPROVAL_DATE_TIME (#50360, #50320);
#50380 = APPROVAL_ROLE ('');
#50390 = PERSON ('', '', $, $, $, $);
#50400 = ORGANIZATION ($, '', '');
#50410 = PERSON_AND_ORGANIZATION (#50390, #50400);
#50420 = APPROVAL_PERSON_ORGANIZATION (#50410, #50320, #50380);
#50430 = CC_DESIGN_APPROVAL (#50320, (#50300));
#50440 = DATE_TIME_ROLE ('creation_date');
#50450 = CALENDAR_DATE (2020, 8, 9);
#50460 = COORDINATED_UNIVERSAL_TIME_OFFSET (0, $, .AHEAD.);
#50470 = LOCAL_TIME (3, 30, 58., #50460);
#50480 = DATE_AND_TIME (#50450, #50470);
#50490 = CC_DESIGN_DATE_AND_TIME_ASSIGNMENT (#50480, #50440, (#50300));
#50500 = PERSON_AND_ORGANIZATION_ROLE ('creator');
#50510 = PERSON ('', '', $, $, $, $);
#50520 = ORGANIZATION ($, '', '');
#50530 = PERSON_AND_ORGANIZATION (#50510, #50520);
#50540 = CC_DESIGN_PERSON_AND_ORGANIZATION_ASSIGNMENT (#50530, #50500, (#50300));
#50550 = PRODUCT_DEFINITION_SHAPE ('', '', #50300);
#50560 = SHAPE_DEFINITION_REPRESENTATION (#50550, #49670);
#50570 = CARTESIAN_POINT ('', (100., -200., 1900.));
#50580 = VERTEX_POINT ('', #50570);
#50590 = CARTESIAN_POINT ('', (-100., -200., 1900.));
#50600 = VERTEX_POINT ('', #50590);
#50610 = CARTESIAN_POINT ('', (100., -200., 1900.));
#50620 = CARTESIAN_POINT ('', (-100., -200., 1900.));
#50630 = B_SPLINE_CURVE_WITH_KNOTS ('', 1, (#50610, #50620), .UNSPECIFIED., .F., .U., (2, 2), (0., 1.), .UNSPECIFIED.);
#50640 = EDGE_CURVE ('', #50580, #50600, #50630, .T.);
#50650 = ORIENTED_EDGE ('', *, *, #50640, .T.);
#50660 = CARTESIAN_POINT ('', (-100., -200., 1812.16606748261));
#50670 = VERTEX_POINT ('', #50660);
#50680 = CARTESIAN_POINT ('', (-100., -200., 1812.16606748261));
#50690 = CARTESIAN_POINT ('', (-100., -200., 1900.));
#50700 = B_SPLINE_CURVE_WITH_KNOTS ('', 1, (#50680, #50690), .UNSPECIFIED., .F., .U., (2, 2), (0., 1.), .UNSPECIFIED.);
#50710 = EDGE_CURVE ('', #50670, #50600, #50700, .T.);
#50720 = ORIENTED_EDGE ('', *, *, #50710, .F.);
#50730 = CARTESIAN_POINT ('', (100., -200., 1812.16606748261));
#50740 = VERTEX_POINT ('', #50730);
#50750 = CARTESIAN_POINT ('', (-100., -200., 1812.16606748261));
#50760 = CARTESIAN_POINT ('', (-33.3333333333333, -200., 1812.16606748261));
#50770 = CARTESIAN_POINT ('', (33.3333333333333, -200., 1812.16606748261));
#50780 = CARTESIAN_POINT ('', (100., -200., 1812.16606748261));
#50790 = B_SPLINE_CURVE_WITH_KNOTS ('', 3, (#50750, #50760, #50770, #50780), .UNSPECIFIED., .F., .U., (4, 4), (0., 200.), .UNSPECIFIED.);
#50800 = EDGE_CURVE ('', #50670, #50740, #50790, .T.);
#50810 = ORIENTED_EDGE ('', *, *, #50800, .T.);
#50820 = CARTESIAN_POINT ('', (100., -200., 1812.16606748261));
#50830 = CARTESIAN_POINT ('', (100., -200., 1900.));
#50840 = B_SPLINE_CURVE_WITH_KNOTS ('', 1, (#50820, #50830), .UNSPECIFIED., .F., .U., (2, 2), (0., 1.), .UNSPECIFIED.);
#50850 = EDGE_CURVE ('', #50740, #50580, #50840, .T.);
#50860 = ORIENTED_EDGE ('', *, *, #50850, .T.);
#50870 = EDGE_LOOP ('', (#50650, #50720, #50810, #50860));
#50880 = FACE_OUTER_BOUND ('', #50870, .T.);
#50890 = CARTESIAN_POINT ('', (100., -200., 1812.16606748261));
#50900 = CARTESIAN_POINT ('', (-100., -200., 1812.16606748261));
#50910 = CARTESIAN_POINT ('', (100., -200., 1900.));
#50920 = CARTESIAN_POINT ('', (-100., -200., 1900.));
#50930 = B_SPLINE_SURFACE_WITH_KNOTS ('', 1, 1, ((#50890, #50900), (#50910, #50920)), .UNSPECIFIED., .F., .F., .U., (2, 2), (2, 2), (0.131011475219436, 0.991026060604735), (0., 1.), .UNSPECIFIED.);
#50940 = ADVANCED_FACE ('', (#50880), #50930, .T.);
#50950 = CARTESIAN_POINT ('', (-100., 200., 1900.));
#50960 = VERTEX_POINT ('', #50950);
#50970 = CARTESIAN_POINT ('', (-100., -200., 1900.));
#50980 = CARTESIAN_POINT ('', (-100., 200., 1900.));
#50990 = B_SPLINE_CURVE_WITH_KNOTS ('', 1, (#50970, #50980), .UNSPECIFIED., .F., .U., (2, 2), (0., 1.), .UNSPECIFIED.);
#51000 = EDGE_CURVE ('', #50600, #50960, #50990, .T.);
#51010 = ORIENTED_EDGE ('', *, *, #51000, .T.);
#51020 = CARTESIAN_POINT ('', (-100., 200., 1812.1660698317));
#51030 = VERTEX_POINT ('', #51020);
#51040 = CARTESIAN_POINT ('', (-100., 200., 1812.1660698317));
#51050 = CARTESIAN_POINT ('', (-100., 200., 1900.));
#51060 = B_SPLINE_CURVE_WITH_KNOTS ('', 1, (#51040, #51050), .UNSPECIFIED., .F., .U., (2, 2), (0., 1.), .UNSPECIFIED.);
#51070 = EDGE_CURVE ('', #51030, #50960, #51060, .T.);
#51080 = ORIENTED_EDGE ('', *, *, #51070, .F.);
#51090 = CARTESIAN_POINT ('', (-100., 200., 1812.1660698317));
#51100 = CARTESIAN_POINT ('', (-100., 197.765655130345, 1811.89322837167));
#51110 = CARTESIAN_POINT ('', (-100., 195.511214207832, 1811.62262737142));
#51120 = CARTESIAN_POINT ('', (-100., 193.275768246204, 1811.35895937658));
#51130 = CARTESIAN_POINT ('', (-100., 191.040168689237, 1811.09527326537));
#51140 = CARTESIAN_POINT ('', (-100., 188.784914913356, 1810.83396097957));
#51150 = CARTESIAN_POINT ('', (-100., 186.548251776214, 1810.57945409302));
#51160 = CARTESIAN_POINT ('', (-100., 184.311428309548, 1810.32492896278));
#51170 = CARTESIAN_POINT ('', (-100., 182.055413215793, 1810.07290945117));
#51180 = CARTESIAN_POINT ('', (-100., 179.817563760142, 1809.82756871507));
#51190 = CARTESIAN_POINT ('', (-100., 177.579547243665, 1809.58220966369));
#51200 = CARTESIAN_POINT ('', (-100., 175.322822437166, 1809.33948619559));
#51210 = CARTESIAN_POINT ('', (-100., 173.083817594394, 1809.1033161167));
#51220 = CARTESIAN_POINT ('', (-100., 170.844638981107, 1808.86712770851));
#51230 = CARTESIAN_POINT ('', (-100., 168.587256090148, 1808.63370275834));
#51240 = CARTESIAN_POINT ('', (-100., 166.347126876849, 1808.40670730885));
#51250 = CARTESIAN_POINT ('', (-100., 164.106817224606, 1808.17969357522));
#51260 = CARTESIAN_POINT ('', (-100., 161.848827852249, 1807.95556881899));
#51270 = CARTESIAN_POINT ('', (-100., 159.607605381945, 1807.73775143724));
#51280 = CARTESIAN_POINT ('', (-100., 157.366196736811, 1807.51991596175));
#51290 = CARTESIAN_POINT ('', (-100., 155.107653289454, 1807.3050922983));
#51300 = CARTESIAN_POINT ('', (-100., 152.86536965045, 1807.09645603319));
#51310 = CARTESIAN_POINT ('', (-100., 150.622979010044, 1806.88780981198));
#51320 = CARTESIAN_POINT ('', (-100., 148.364015814685, 1806.68229530221));
#51330 = CARTESIAN_POINT ('', (-100., 146.120787853101, 1806.48285272357));
#51340 = CARTESIAN_POINT ('', (-100., 143.877362175086, 1806.28339256622));
#51350 = CARTESIAN_POINT ('', (-100., 141.617941670215, 1806.08718252469));
#51360 = CARTESIAN_POINT ('', (-100., 139.373716232809, 1805.89693186571));
#51370 = CARTESIAN_POINT ('', (-100., 137.129286495421, 1805.70666388752));
#51380 = CARTESIAN_POINT ('', (-100., 134.869459891105, 1805.5197611456));
#51390 = CARTESIAN_POINT ('', (-100., 132.624268032283, 1805.33870793056));
#51400 = CARTESIAN_POINT ('', (-100., 130.378865423081, 1805.15763772052));
#51410 = CARTESIAN_POINT ('', (-100., 128.118683728147, 1804.98004430288));
#51420 = CARTESIAN_POINT ('', (-100., 125.8725567038, 1804.80819352786));
#51430 = CARTESIAN_POINT ('', (-100., 123.626212635856, 1804.63632614686));
#51440 = CARTESIAN_POINT ('', (-100., 121.365726600764, 1804.46804327149));
#51450 = CARTESIAN_POINT ('', (-100., 119.118695884425, 1804.30539940268));
#51460 = CARTESIAN_POINT ('', (-100., 116.871442012768, 1804.1427393815));
#51470 = CARTESIAN_POINT ('', (-100., 114.610702071902, 1803.98376746087));
#51480 = CARTESIAN_POINT ('', (-100., 112.362799371155, 1803.83033443267));
#51490 = CARTESIAN_POINT ('', (-100., 110.114667609304, 1803.67688576967));
#51500 = CARTESIAN_POINT ('', (-100., 107.853723823003, 1803.52722441316));
#51510 = CARTESIAN_POINT ('', (-100., 105.604981095998, 1803.38300562604));
#51520 = CARTESIAN_POINT ('', (-100., 103.356003632419, 1803.23877178454));
#51530 = CARTESIAN_POINT ('', (-100., 101.094905629121, 1803.09841980217));
#51540 = CARTESIAN_POINT ('', (-100., 98.8453551010014, 1802.96341812013));
#51550 = CARTESIAN_POINT ('', (-100., 96.5955644152913, 1802.82840202557));
#51560 = CARTESIAN_POINT ('', (-100., 94.3343613341784, 1802.69735743293));
#51570 = CARTESIAN_POINT ('', (-100., 92.0840355132484, 1802.57157518079));
#51580 = CARTESIAN_POINT ('', (-100., 89.833499892929, 1802.44578120188));
#51590 = CARTESIAN_POINT ('', (-100., 87.5722757153442, 1802.32404272526));
#51600 = CARTESIAN_POINT ('', (-100., 85.321242875555, 1802.20748433798));
#51610 = CARTESIAN_POINT ('', (-100., 81.9467803498653, 1802.03275480806));
#51620 = CARTESIAN_POINT ('', (-100., 78.5501290098018, 1801.86735648684));
#51630 = CARTESIAN_POINT ('', (-100., 75.1746547781001, 1801.71340371153));
#51640 = CARTESIAN_POINT ('', (-100., 71.7983197531033, 1801.55941167609));
#51650 = CARTESIAN_POINT ('', (-100., 68.402340102894, 1801.41499843243));
#51660 = CARTESIAN_POINT ('', (-100., 65.025120897848, 1801.28179862362));
#51670 = CARTESIAN_POINT ('', (-100., 61.6470188821201, 1801.14856399617));
#51680 = CARTESIAN_POINT ('', (-100., 58.2518839335529, 1801.02512604319));
#51690 = CARTESIAN_POINT ('', (-100., 54.8730255163863, 1800.9126961034));
#51700 = CARTESIAN_POINT ('', (-100., 51.4932650867497, 1800.80023614956));
#51710 = CARTESIAN_POINT ('', (-100., 48.0991423057935, 1800.6977595487));
#51720 = CARTESIAN_POINT ('', (-100., 44.7187534460689, 1800.60611370862));
#51730 = CARTESIAN_POINT ('', (-100., 41.3374464017484, 1800.51444297561));
#51740 = CARTESIAN_POINT ('', (-100., 37.9444972112588, 1800.43290976597));
#51750 = CARTESIAN_POINT ('', (-100., 34.5626898404562, 1800.36205951509));
#51760 = CARTESIAN_POINT ('', (-100., 32.3069459389252, 1800.31480075556));
#51770 = CARTESIAN_POINT ('', (-100., 30.0471557822433, 1800.27209645646));
#51780 = CARTESIAN_POINT ('', (-100., 27.7912369330045, 1800.23409533416));
#51790 = CARTESIAN_POINT ('', (-100., 25.5350798414858, 1800.19609019865));
#51800 = CARTESIAN_POINT ('', (-100., 23.2757013953343, 1800.16266720786));
#51810 = CARTESIAN_POINT ('', (-100., 21.0194073507963, 1800.13392009466));
#51820 = CARTESIAN_POINT ('', (-100., 15.9440473418589, 1800.06925567334));
#51830 = CARTESIAN_POINT ('', (-100., 10.8578328398912, 1800.02793648307));
#51840 = CARTESIAN_POINT ('', (-100., 5.78209209391808, 1800.01014358073));
#51850 = CARTESIAN_POINT ('', (-100., 0.703144695704811, 1799.99233943755));
#51860 = CARTESIAN_POINT ('', (-100., -4.3771461437211, 1799.99799254699));
#51870 = CARTESIAN_POINT ('', (-100., -9.45604133071078, 1800.02710166764));
#51880 = CARTESIAN_POINT ('', (-100., -14.5381497741165, 1800.0562292047));
#51890 = CARTESIAN_POINT ('', (-100., -19.6120704491623, 1800.10874614611));
#51900 = CARTESIAN_POINT ('', (-100., -24.6936930753894, 1800.18481275225));
#51910 = CARTESIAN_POINT ('', (-100., -28.082121088676, 1800.23553399585));
#51920 = CARTESIAN_POINT ('', (-100., -31.463035791515, 1800.29655390776));
#51930 = CARTESIAN_POINT ('', (-100., -34.8510873425021, 1800.36813416783));
#51940 = CARTESIAN_POINT ('', (-100., -37.1095862907842, 1800.4158500717));
#51950 = CARTESIAN_POINT ('', (-100., -39.3636108648696, 1800.46809824332));
#51960 = CARTESIAN_POINT ('', (-100., -41.6218950072895, 1800.52508103869));
#51970 = CARTESIAN_POINT ('', (-100., -45.0109764885535, 1800.61059699875));
#51980 = CARTESIAN_POINT ('', (-100., -48.3879362915601, 1800.70620734937));
#51990 = CARTESIAN_POINT ('', (-100., -51.7764271292693, 1800.81258455009));
#52000 = CARTESIAN_POINT ('', (-100., -55.1658357382822, 1800.91899056303));
#52010 = CARTESIAN_POINT ('', (-100., -58.5404037258721, 1801.0353302562));
#52020 = CARTESIAN_POINT ('', (-100., -61.9290929160799, 1801.16260370437));
#52030 = CARTESIAN_POINT ('', (-100., -65.3186839496927, 1801.28991102426));
#52040 = CARTESIAN_POINT ('', (-100., -68.6907643188911, 1801.42695889078));
#52050 = CARTESIAN_POINT ('', (-100., -72.0795071391653, 1801.57513657765));
#52060 = CARTESIAN_POINT ('', (-100., -75.4691328321546, 1801.72335286941));
#52070 = CARTESIAN_POINT ('', (-100., -78.838636024592, 1801.88108545527));
#52080 = CARTESIAN_POINT ('', (-100., -82.2272847565441, 1802.05017176209));
#52090 = CARTESIAN_POINT ('', (-100., -85.616794557808, 1802.21930103443));
#52100 = CARTESIAN_POINT ('', (-100., -88.9836368967751, 1802.39769273428));
#52110 = CARTESIAN_POINT ('', (-100., -92.3720411026366, 1802.5876883693));
#52120 = CARTESIAN_POINT ('', (-100., -95.7612819709251, 1802.77773091791));
#52130 = CARTESIAN_POINT ('', (-100., -99.1253852403532, 1802.97675409802));
#52140 = CARTESIAN_POINT ('', (-100., -102.513392059157, 1803.18765604039));
#52150 = CARTESIAN_POINT ('', (-100., -105.902005066686, 1803.39859571774));
#52160 = CARTESIAN_POINT ('', (-100., -109.263089843311, 1803.61820639575));
#52170 = CARTESIAN_POINT ('', (-100., -112.650340283106, 1803.84999966654));
#52180 = CARTESIAN_POINT ('', (-100., -116.03837936908, 1804.08184690525));
#52190 = CARTESIAN_POINT ('', (-100., -119.396567513642, 1804.32203896196));
#52200 = CARTESIAN_POINT ('', (-100., -122.783114942287, 1804.57474136345));
#52210 = CARTESIAN_POINT ('', (-100., -125.038973081625, 1804.74307232034));
#52220 = CARTESIAN_POINT ('', (-100., -127.280654463066, 1804.91497279807));
#52230 = CARTESIAN_POINT ('', (-100., -129.535802574313, 1805.09256292224));
#52240 = CARTESIAN_POINT ('', (-100., -131.791168794574, 1805.27017022223));
#52250 = CARTESIAN_POINT ('', (-100., -134.031717882492, 1805.45123902598));
#52260 = CARTESIAN_POINT ('', (-100., -136.286335961894, 1805.63810383416));
#52270 = CARTESIAN_POINT ('', (-100., -138.541165927191, 1805.82498620364));
#52280 = CARTESIAN_POINT ('', (-100., -140.780557515253, 1806.01521818245));
#52290 = CARTESIAN_POINT ('', (-100., -143.034601269629, 1806.21135575098));
#52300 = CARTESIAN_POINT ('', (-100., -145.28885052254, 1806.40751120114));
#52310 = CARTESIAN_POINT ('', (-100., -147.527059788446, 1806.60690076626));
#52320 = CARTESIAN_POINT ('', (-100., -149.780484811787, 1806.81230845613));
#52330 = CARTESIAN_POINT ('', (-100., -152.034108806046, 1807.0177342829));
#52340 = CARTESIAN_POINT ('', (-100., -154.271111271058, 1807.22627540987));
#52350 = CARTESIAN_POINT ('', (-100., -156.523873077209, 1807.44094986702));
#52360 = CARTESIAN_POINT ('', (-100., -158.776827209997, 1807.65564265173));
#52370 = CARTESIAN_POINT ('', (-100., -161.012598699212, 1807.87332888177));
#52380 = CARTESIAN_POINT ('', (-100., -163.26465275413, 1808.09726603809));
#52390 = CARTESIAN_POINT ('', (-100., -165.516871286676, 1808.32121954954));
#52400 = CARTESIAN_POINT ('', (-100., -167.751366297153, 1808.54804139186));
#52410 = CARTESIAN_POINT ('', (-100., -170.002646849673, 1808.78123523286));
#52420 = CARTESIAN_POINT ('', (-100., -172.254052816433, 1809.01444206461));
#52430 = CARTESIAN_POINT ('', (-100., -174.48720912043, 1809.25039103692));
#52440 = CARTESIAN_POINT ('', (-100., -176.737639008685, 1809.49283602365));
#52450 = CARTESIAN_POINT ('', (-100., -178.988243500372, 1809.73529982088));
#52460 = CARTESIAN_POINT ('', (-100., -181.220091780691, 1809.98037739473));
#52470 = CARTESIAN_POINT ('', (-100., -183.469682100949, 1810.23207694175));
#52480 = CARTESIAN_POINT ('', (-100., -185.719440330688, 1810.48379527564));
#52490 = CARTESIAN_POINT ('', (-100., -187.949956430257, 1810.73799692019));
#52500 = CARTESIAN_POINT ('', (-100., -190.198662452196, 1810.99894794775));
#52510 = CARTESIAN_POINT ('', (-100., -192.447529663829, 1811.25991768055));
#52520 = CARTESIAN_POINT ('', (-100., -194.676689539272, 1811.52323841799));
#52530 = CARTESIAN_POINT ('', (-100., -196.924466571979, 1811.79343713789));
#52540 = CARTESIAN_POINT ('', (-100., -197.951123007298, 1811.91684851302));
#52550 = CARTESIAN_POINT ('', (-100., -198.973577096725, 1812.04072863258));
#52560 = CARTESIAN_POINT ('', (-100., -200., 1812.16606748261));
#52570 = B_SPLINE_CURVE_WITH_KNOTS ('', 3, (#51090, #51100, #51110, #51120, #51130, #51140, #51150, #51160, #51170, #51180, #51190, #51200, #51210, #51220, #51230, #51240, #51250, #51260, #51270, #51280, #51290, #51300, #51310, #51320, #51330, #51340, #51350, #51360, #51370, #51380, #51390, #51400, #51410, #51420, #51430, #51440, #51450, #51460, #51470, #51480, #51490, #51500, #51510, #51520, #51530, #51540, #51550, #51560, #51570, #51580, #51590, #51600, #51610, #51620, #51630, #51640, #51650, #51660, #51670, #51680, #51690, #51700, #51710, #51720, #51730, #51740, #51750, #51760, #51770, #51780, #51790, #51800, #51810, #51820, #51830, #51840, #51850, #51860, #51870, #51880, #51890, #51900, #51910, #51920, #51930, #51940, #51950, #51960, #51970, #51980, #51990, #52000, #52010, #52020, #52030, #52040, #52050, #52060, #52070, #52080, #52090, #52100, #52110, #52120, #52130, #52140, #52150, #52160, #52170, #52180, #52190, #52200, #52210, #52220, #52230, #52240, #52250, #52260, #52270, #52280, #52290, #52300, #52310, #52320, #52330, #52340, #52350, #52360, #52370, #52380, #52390, #52400, #52410, #52420, #52430, #52440, #52450, #52460, #52470, #52480, #52490, #52500, #52510, #52520, #52530, #52540, #52550, #52560), .UNSPECIFIED., .F., .U., (4, 3, 3, 3, 3, 3, 3, 3, 3, 3, 3, 3, 3, 3, 3, 3, 3, 3, 3, 3, 3, 3, 3, 3, 3, 3, 3, 3, 3, 3, 3, 3, 3, 3, 3, 3, 3, 3, 3, 3, 3, 3, 3, 3, 3, 3, 3, 3, 3, 4), (0., 6.75282571445264, 13.5061154090532, 20.2598891960975, 27.0141671685407, 33.7689693445703, 40.5243156094707, 47.280223030374, 54.0364528420526, 60.7932781427632, 67.5507185417875, 74.3087932443475, 81.0675209806984, 87.8269199344147, 94.5870076703375, 101.347801062718, 108.109316224106, 114.871461766099, 125.008411490409, 135.147946279144, 145.290131559032, 155.435024373971, 165.582672754821, 172.351389432066, 179.120820937549, 194.348136734147, 209.585072546573, 224.831648286574, 234.998071129049, 241.775079964949, 251.945560602295, 262.118795910002, 272.294738655498, 282.473332550012, 292.654512866293, 302.838207112589, 313.023723445131, 323.211611249364, 329.998000665156, 336.785046433716, 343.572730039472, 350.361032470413, 357.14993428884, 363.939415701017, 370.729392979527, 377.519748513801, 384.310630889364, 391.102020136565, 397.893896197932, 400.996038076257), .UNSPECIFIED.);
#52580 = EDGE_CURVE ('', #51030, #50670, #52570, .T.);
#52590 = ORIENTED_EDGE ('', *, *, #52580, .T.);
#52600 = ORIENTED_EDGE ('', *, *, #50710, .T.);
#52610 = EDGE_LOOP ('', (#51010, #51080, #52590, #52600));
#52620 = FACE_OUTER_BOUND ('', #52610, .T.);
#52630 = CARTESIAN_POINT ('', (-100., -200., 1799.99233943755));
#52640 = CARTESIAN_POINT ('', (-100., 200., 1799.99233943755));
#52650 = CARTESIAN_POINT ('', (-100., -200., 1900.));
#52660 = CARTESIAN_POINT ('', (-100., 200., 1900.));
#52670 = B_SPLINE_SURFACE_WITH_KNOTS ('', 1, 1, ((#52630, #52640), (#52650, #52660)), .UNSPECIFIED., .F., .F., .U., (2, 2), (2, 2), (0.0118139922284801, 0.991026060604735), (0., 1.), .UNSPECIFIED.);
#52680 = ADVANCED_FACE ('', (#52620), #52670, .T.);
#52690 = CARTESIAN_POINT ('', (100., 200., 1900.));
#52700 = VERTEX_POINT ('', #52690);
#52710 = CARTESIAN_POINT ('', (-100., 200., 1900.));
#52720 = CARTESIAN_POINT ('', (100., 200., 1900.));
#52730 = B_SPLINE_CURVE_WITH_KNOTS ('', 1, (#52710, #52720), .UNSPECIFIED., .F., .U., (2, 2), (0., 1.), .UNSPECIFIED.);
#52740 = EDGE_CURVE ('', #50960, #52700, #52730, .T.);
#52750 = ORIENTED_EDGE ('', *, *, #52740, .T.);
#52760 = CARTESIAN_POINT ('', (100., 200., 1812.1660698317));
#52770 = VERTEX_POINT ('', #52760);
#52780 = CARTESIAN_POINT ('', (100., 200., 1812.1660698317));
#52790 = CARTESIAN_POINT ('', (100., 200., 1900.));
#52800 = B_SPLINE_CURVE_WITH_KNOTS ('', 1, (#52780, #52790), .UNSPECIFIED., .F., .U., (2, 2), (0., 1.), .UNSPECIFIED.);
#52810 = EDGE_CURVE ('', #52770, #52700, #52800, .T.);
#52820 = ORIENTED_EDGE ('', *, *, #52810, .F.);
#52830 = CARTESIAN_POINT ('', (100., 200., 1812.1660698317));
#52840 = CARTESIAN_POINT ('', (33.3333333333333, 200., 1812.1660698317));
#52850 = CARTESIAN_POINT ('', (-33.3333333333333, 200., 1812.1660698317));
#52860 = CARTESIAN_POINT ('', (-100., 200., 1812.1660698317));
#52870 = B_SPLINE_CURVE_WITH_KNOTS ('', 3, (#52830, #52840, #52850, #52860), .UNSPECIFIED., .F., .U., (4, 4), (0., 200.), .UNSPECIFIED.);
#52880 = EDGE_CURVE ('', #52770, #51030, #52870, .T.);
#52890 = ORIENTED_EDGE ('', *, *, #52880, .T.);
#52900 = ORIENTED_EDGE ('', *, *, #51070, .T.);
#52910 = EDGE_LOOP ('', (#52750, #52820, #52890, #52900));
#52920 = FACE_OUTER_BOUND ('', #52910, .T.);
#52930 = CARTESIAN_POINT ('', (-100., 200., 1812.1660698317));
#52940 = CARTESIAN_POINT ('', (100., 200., 1812.1660698317));
#52950 = CARTESIAN_POINT ('', (-100., 200., 1900.));
#52960 = CARTESIAN_POINT ('', (100., 200., 1900.));
#52970 = B_SPLINE_SURFACE_WITH_KNOTS ('', 1, 1, ((#52930, #52940), (#52950, #52960)), .UNSPECIFIED., .F., .F., .U., (2, 2), (2, 2), (0.131011498220184, 0.991026060604735), (0., 1.), .UNSPECIFIED.);
#52980 = ADVANCED_FACE ('', (#52920), #52970, .T.);
#52990 = CARTESIAN_POINT ('', (100., 200., 1900.));
#53000 = CARTESIAN_POINT ('', (100., -200., 1900.));
#53010 = B_SPLINE_CURVE_WITH_KNOTS ('', 1, (#52990, #53000), .UNSPECIFIED., .F., .U., (2, 2), (0., 1.), .UNSPECIFIED.);
#53020 = EDGE_CURVE ('', #52700, #50580, #53010, .T.);
#53030 = ORIENTED_EDGE ('', *, *, #53020, .T.);
#53040 = ORIENTED_EDGE ('', *, *, #50850, .F.);
#53050 = CARTESIAN_POINT ('', (100., -200., 1812.16606748261));
#53060 = CARTESIAN_POINT ('', (100., -197.765646616958, 1811.89322547695));
#53070 = CARTESIAN_POINT ('', (100., -195.511196549402, 1811.62262408272));
#53080 = CARTESIAN_POINT ('', (100., -193.275742049759, 1811.35895576762));
#53090 = CARTESIAN_POINT ('', (100., -191.040133652874, 1811.09526930058));
#53100 = CARTESIAN_POINT ('', (100., -188.784871335559, 1810.83395670565));
#53110 = CARTESIAN_POINT ('', (100., -186.548199383861, 1810.57944926449));
#53120 = CARTESIAN_POINT ('', (100., -184.311366822824, 1810.32492354785));
#53130 = CARTESIAN_POINT ('', (100., -182.055343799645, 1810.07290337321));
#53140 = CARTESIAN_POINT ('', (100., -179.817485319761, 1809.82756142702));
#53150 = CARTESIAN_POINT ('', (100., -177.579459523207, 1809.5822011375));
#53160 = CARTESIAN_POINT ('', (100., -175.322727398587, 1809.33947621346));
#53170 = CARTESIAN_POINT ('', (100., -173.08371338542, 1809.10330384726));
#53180 = CARTESIAN_POINT ('', (100., -170.844525391986, 1808.86711312953));
#53190 = CARTESIAN_POINT ('', (100., -168.58713580395, 1808.63368550867));
#53200 = CARTESIAN_POINT ('', (100., -166.346997356054, 1808.40668625901));
#53210 = CARTESIAN_POINT ('', (100., -164.106754915516, 1808.17967647151));
#53220 = CARTESIAN_POINT ('', (100., -161.848836681913, 1807.9555543926));
#53230 = CARTESIAN_POINT ('', (100., -159.607681563132, 1807.73773940328));
#53240 = CARTESIAN_POINT ('', (100., -157.366341474319, 1807.51990643695));
#53250 = CARTESIAN_POINT ('', (100., -155.107864104113, 1807.30508514067));
#53260 = CARTESIAN_POINT ('', (100., -152.865648844041, 1807.09645311427));
#53270 = CARTESIAN_POINT ('', (100., -150.623241880722, 1806.8878032504));
#53280 = CARTESIAN_POINT ('', (100., -148.364256852715, 1806.68228625534));
#53290 = CARTESIAN_POINT ('', (100., -146.12101230602, 1806.48284288355));
#53300 = CARTESIAN_POINT ('', (100., -143.877569413505, 1806.28338187714));
#53310 = CARTESIAN_POINT ('', (100., -141.618128097203, 1806.08717189708));
#53320 = CARTESIAN_POINT ('', (100., -139.373885282263, 1805.89692234348));
#53330 = CARTESIAN_POINT ('', (100., -137.129437592523, 1805.70665542218));
#53340 = CARTESIAN_POINT ('', (100., -134.869591193186, 1805.51975436437));
#53350 = CARTESIAN_POINT ('', (100., -132.624381307182, 1805.33870326353));
#53360 = CARTESIAN_POINT ('', (100., -130.378960154479, 1805.1576351264));
#53370 = CARTESIAN_POINT ('', (100., -128.118759657052, 1804.98004409092));
#53380 = CARTESIAN_POINT ('', (100., -125.872614091569, 1804.80819554729));
#53390 = CARTESIAN_POINT ('', (100., -123.626251028479, 1804.63633036331));
#53400 = CARTESIAN_POINT ('', (100., -121.365747140687, 1804.46804964367));
#53410 = CARTESIAN_POINT ('', (100., -119.118697497708, 1804.30540723017));
#53420 = CARTESIAN_POINT ('', (100., -116.871424311354, 1804.14274863651));
#53430 = CARTESIAN_POINT ('', (100., -114.610667406286, 1803.98377772136));
#53440 = CARTESIAN_POINT ('', (100., -112.362745514411, 1803.83034447779));
#53450 = CARTESIAN_POINT ('', (100., -110.114594242766, 1803.67689557778));
#53460 = CARTESIAN_POINT ('', (100., -107.853634301296, 1803.52723315394));
#53470 = CARTESIAN_POINT ('', (100., -105.604872232024, 1803.38301158509));
#53480 = CARTESIAN_POINT ('', (100., -103.355901189366, 1803.238776614));
#53490 = CARTESIAN_POINT ('', (100., -101.094813656656, 1803.09842179713));
#53500 = CARTESIAN_POINT ('', (100., -98.8452697151944, 1802.96341611933));
#53510 = CARTESIAN_POINT ('', (100., -95.4734269202925, 1802.761056026));
#53520 = CARTESIAN_POINT ('', (100., -92.0761080523078, 1802.56765839291));
#53530 = CARTESIAN_POINT ('', (100., -88.7030834208195, 1802.38605917408));
#53540 = CARTESIAN_POINT ('', (100., -85.3292294838503, 1802.20441530653));
#53550 = CARTESIAN_POINT ('', (100., -81.9323470393905, 1802.03201734439));
#53560 = CARTESIAN_POINT ('', (100., -78.557438621548, 1801.87115077298));
#53570 = CARTESIAN_POINT ('', (100., -75.1816758474282, 1801.71024347828));
#53580 = CARTESIAN_POINT ('', (100., -71.7854089641574, 1801.55883796173));
#53590 = CARTESIAN_POINT ('', (100., -68.4087193407943, 1801.41872139565));
#53600 = CARTESIAN_POINT ('', (100., -65.0311528266896, 1801.27856844277));
#53610 = CARTESIAN_POINT ('', (100., -61.6356757311618, 1801.14814385923));
#53620 = CARTESIAN_POINT ('', (100., -58.2573102159487, 1801.02879205564));
#53630 = CARTESIAN_POINT ('', (100., -54.8780480342631, 1800.90940857437));
#53640 = CARTESIAN_POINT ('', (100., -51.483529487033, 1800.79994923267));
#53650 = CARTESIAN_POINT ('', (100., -48.10359630893, 1800.70137428794));
#53660 = CARTESIAN_POINT ('', (100., -44.7227501752052, 1800.60277271708));
#53670 = CARTESIAN_POINT ('', (100., -41.3293534768416, 1800.51425886956));
#53680 = CARTESIAN_POINT ('', (100., -37.9479644472321, 1800.43647018057));
#53690 = CARTESIAN_POINT ('', (100., -34.5658506645573, 1800.35866481867));
#53700 = CARTESIAN_POINT ('', (100., -31.1739326732987, 1800.29107661172));
#53710 = CARTESIAN_POINT ('', (100., -27.7914040386926, 1800.23409109279));
#53720 = CARTESIAN_POINT ('', (100., -22.7176790706522, 1800.14861395971));
#53730 = CARTESIAN_POINT ('', (100., -17.6288937721566, 1800.08638494752));
#53740 = CARTESIAN_POINT ('', (100., -12.5545957578407, 1800.04777078555));
#53750 = CARTESIAN_POINT ('', (100., -7.47710042624817, 1800.00913229277));
#53760 = CARTESIAN_POINT ('', (100., -2.39402714614772, 1799.99392843122));
#53770 = CARTESIAN_POINT ('', (100., 2.68360847450335, 1800.00219156395));
#53780 = CARTESIAN_POINT ('', (100., 7.76445805612458, 1800.01045992694));
#53790 = CARTESIAN_POINT ('', (100., 12.8413521596955, 1800.04217001175));
#53800 = CARTESIAN_POINT ('', (100., 17.9219086835846, 1800.09736280525));
#53810 = CARTESIAN_POINT ('', (100., 20.1801196764778, 1800.12189495491));
#53820 = CARTESIAN_POINT ('', (100., 22.43592075918, 1800.15103059002));
#53830 = CARTESIAN_POINT ('', (100., 24.6940120663161, 1800.18482945727));
#53840 = CARTESIAN_POINT ('', (100., 26.9523144027014, 1800.21863148318));
#53850 = CARTESIAN_POINT ('', (100., 29.2073777444999, 1800.25701243669));
#53860 = CARTESIAN_POINT ('', (100., 31.465522366296, 1800.30008083034));
#53870 = CARTESIAN_POINT ('', (100., 34.8541778989821, 1800.36471085848));
#53880 = CARTESIAN_POINT ('', (100., 38.2334667725299, 1800.43956761522));
#53890 = CARTESIAN_POINT ('', (100., 41.6216602005965, 1800.5250582799));
#53900 = CARTESIAN_POINT ('', (100., 45.0107843030597, 1800.61057242729));
#53910 = CARTESIAN_POINT ('', (100., 48.3877832543713, 1800.70618452007));
#53920 = CARTESIAN_POINT ('', (100., 51.7763165507212, 1800.81256567831));
#53930 = CARTESIAN_POINT ('', (100., 55.165767396102, 1800.91897564251));
#53940 = CARTESIAN_POINT ('', (100., 58.5403748865362, 1801.03532129663));
#53950 = CARTESIAN_POINT ('', (100., 61.929106196172, 1801.16260140044));
#53960 = CARTESIAN_POINT ('', (100., 65.3187387165529, 1801.28991535356));
#53970 = CARTESIAN_POINT ('', (100., 68.6908597903832, 1801.42697038141));
#53980 = CARTESIAN_POINT ('', (100., 72.0796440829536, 1801.5751543357));
#53990 = CARTESIAN_POINT ('', (100., 75.4693102197749, 1801.72337685107));
#54000 = CARTESIAN_POINT ('', (100., 78.8388561927526, 1801.88111479909));
#54010 = CARTESIAN_POINT ('', (100., 82.2275455133852, 1802.05020389219));
#54020 = CARTESIAN_POINT ('', (100., 84.4855486171783, 1802.16287391323));
#54030 = CARTESIAN_POINT ('', (100., 86.7335716555122, 1802.27967091986));
#54040 = CARTESIAN_POINT ('', (100., 88.991093393347, 1802.40160595823));
#54050 = CARTESIAN_POINT ('', (100., 91.2487876296886, 1802.52355031373));
#54060 = CARTESIAN_POINT ('', (100., 93.4957656992415, 1802.64953937366));
#54070 = CARTESIAN_POINT ('', (100., 95.7529405545305, 1802.78074670309));
#54080 = CARTESIAN_POINT ('', (100., 98.0103469437233, 1802.91196749137));
#54090 = CARTESIAN_POINT ('', (100., 100.256311813497, 1803.04714776446));
#54100 = CARTESIAN_POINT ('', (100., 102.513160648717, 1803.18763205614));
#54110 = CARTESIAN_POINT ('', (100., 104.770250192569, 1803.32813133144));
#54120 = CARTESIAN_POINT ('', (100., 107.015188404901, 1803.47249980852));
#54130 = CARTESIAN_POINT ('', (100., 109.271682224364, 1803.62226261449));
#54140 = CARTESIAN_POINT ('', (100., 111.528411352058, 1803.7720410378));
#54150 = CARTESIAN_POINT ('', (100., 113.772295930567, 1803.92559346545));
#54160 = CARTESIAN_POINT ('', (100., 116.028391182528, 1804.08463479956));
#54170 = CARTESIAN_POINT ('', (100., 118.28471608452, 1804.24369232262));
#54180 = CARTESIAN_POINT ('', (100., 120.527520604803, 1804.4064239953));
#54190 = CARTESIAN_POINT ('', (100., 122.783173507496, 1804.57474316107));
#54200 = CARTESIAN_POINT ('', (100., 125.039050168329, 1804.74307902389));
#54210 = CARTESIAN_POINT ('', (100., 127.280748717317, 1804.91498478929));
#54220 = CARTESIAN_POINT ('', (100., 129.535915291778, 1805.09258037775));
#54230 = CARTESIAN_POINT ('', (100., 131.791299523187, 1805.27019310682));
#54240 = CARTESIAN_POINT ('', (100., 134.031866657919, 1805.45126737049));
#54250 = CARTESIAN_POINT ('', (100., 136.286502761081, 1805.63813725874));
#54260 = CARTESIAN_POINT ('', (100., 138.541350235172, 1805.82502466594));
#54270 = CARTESIAN_POINT ('', (100., 140.780760941364, 1806.01526139513));
#54280 = CARTESIAN_POINT ('', (100., 143.034822299226, 1806.21140274563));
#54290 = CARTESIAN_POINT ('', (100., 145.28908858155, 1806.40756192802));
#54300 = CARTESIAN_POINT ('', (100., 147.527318232323, 1806.60695465461));
#54310 = CARTESIAN_POINT ('', (100., 149.780760473009, 1806.81236391524));
#54320 = CARTESIAN_POINT ('', (100., 152.034384065522, 1807.01778970674));
#54330 = CARTESIAN_POINT ('', (100., 154.27139159553, 1807.22632976229));
#54340 = CARTESIAN_POINT ('', (100., 156.524153284461, 1807.44100119827));
#54350 = CARTESIAN_POINT ('', (100., 158.777038411932, 1807.65568439702));
#54360 = CARTESIAN_POINT ('', (100., 161.012744235962, 1807.87335998807));
#54370 = CARTESIAN_POINT ('', (100., 163.264729406726, 1808.09728645829));
#54380 = CARTESIAN_POINT ('', (100., 165.516902239502, 1808.32123158871));
#54390 = CARTESIAN_POINT ('', (100., 167.751349002984, 1808.54804556175));
#54400 = CARTESIAN_POINT ('', (100., 170.002583725114, 1808.78123243104));
#54410 = CARTESIAN_POINT ('', (100., 172.253999497389, 1809.01443805383));
#54420 = CARTESIAN_POINT ('', (100., 174.487162801532, 1809.2503863483));
#54430 = CARTESIAN_POINT ('', (100., 176.737602353683, 1809.49283152615));
#54440 = CARTESIAN_POINT ('', (100., 178.988216279674, 1809.7352954897));
#54450 = CARTESIAN_POINT ('', (100., 181.220071906724, 1809.98037360261));
#54460 = CARTESIAN_POINT ('', (100., 183.469671556293, 1810.23207428625));
#54470 = CARTESIAN_POINT ('', (100., 185.719438859625, 1810.48379372814));
#54480 = CARTESIAN_POINT ('', (100., 187.949962739074, 1810.73799671236));
#54490 = CARTESIAN_POINT ('', (100., 190.198677771566, 1810.99894938855));
#54500 = CARTESIAN_POINT ('', (100., 192.447553713779, 1811.25992073754));
#54510 = CARTESIAN_POINT ('', (100., 194.676721890273, 1811.52324319967));
#54520 = CARTESIAN_POINT ('', (100., 196.924507637782, 1811.79344364703));
#54530 = CARTESIAN_POINT ('', (100., 197.951150308987, 1811.91685367815));
#54540 = CARTESIAN_POINT ('', (100., 198.973590848222, 1812.04073243398));
#54550 = CARTESIAN_POINT ('', (100., 200., 1812.1660698317));
#54560 = B_SPLINE_CURVE_WITH_KNOTS ('', 3, (#53050, #53060, #53070, #53080, #53090, #53100, #53110, #53120, #53130, #53140, #53150, #53160, #53170, #53180, #53190, #53200, #53210, #53220, #53230, #53240, #53250, #53260, #53270, #53280, #53290, #53300, #53310, #53320, #53330, #53340, #53350, #53360, #53370, #53380, #53390, #53400, #53410, #53420, #53430, #53440, #53450, #53460, #53470, #53480, #53490, #53500, #53510, #53520, #53530, #53540, #53550, #53560, #53570, #53580, #53590, #53600, #53610, #53620, #53630, #53640, #53650, #53660, #53670, #53680, #53690, #53700, #53710, #53720, #53730, #53740, #53750, #53760, #53770, #53780, #53790, #53800, #53810, #53820, #53830, #53840, #53850, #53860, #53870, #53880, #53890, #53900, #53910, #53920, #53930, #53940, #53950, #53960, #53970, #53980, #53990, #54000, #54010, #54020, #54030, #54040, #54050, #54060, #54070, #54080, #54090, #54100, #54110, #54120, #54130, #54140, #54150, #54160, #54170, #54180, #54190, #54200, #54210, #54220, #54230, #54240, #54250, #54260, #54270, #54280, #54290, #54300, #54310, #54320, #54330, #54340, #54350, #54360, #54370, #54380, #54390, #54400, #54410, #54420, #54430, #54440, #54450, #54460, #54470, #54480, #54490, #54500, #54510, #54520, #54530, #54540, #54550), .UNSPECIFIED., .F., .U., (4, 3, 3, 3, 3, 3, 3, 3, 3, 3, 3, 3, 3, 3, 3, 3, 3, 3, 3, 3, 3, 3, 3, 3, 3, 3, 3, 3, 3, 3, 3, 3, 3, 3, 3, 3, 3, 3, 3, 3, 3, 3, 3, 3, 3, 3, 3, 3, 3, 3, 4), (0., 6.75285126470881, 13.5061674215355, 20.2599685156576, 27.0142745673129, 33.7691054553332, 40.5242499189344, 47.2799519072164, 54.0362314894627, 60.793108456337, 67.5506022521109, 74.3087319053203, 81.067515958248, 87.8269723956993, 94.5871185735595, 101.347892959563, 111.481621837333, 121.61784223468, 131.756628610848, 141.898047923086, 152.042158912893, 162.189009934135, 172.338035789836, 187.561370592841, 202.794297625398, 218.036866553632, 224.811899279244, 231.587565163518, 241.755380574788, 251.925988897878, 262.099351224248, 272.275419089241, 282.454135015062, 289.236572110488, 296.019527455751, 302.803178575258, 309.587553218358, 316.372635339222, 323.158408119896, 329.944854041322, 336.731954955211, 343.519692156184, 350.308046453664, 357.096947062223, 363.886219663956, 370.6760580281, 377.466442448684, 384.257353017774, 391.048769686561, 397.840672323976, 400.942772723878), .UNSPECIFIED.);
#54570 = EDGE_CURVE ('', #50740, #52770, #54560, .T.);
#54580 = ORIENTED_EDGE ('', *, *, #54570, .T.);
#54590 = ORIENTED_EDGE ('', *, *, #52810, .T.);
#54600 = EDGE_LOOP ('', (#53030, #53040, #54580, #54590));
#54610 = FACE_OUTER_BOUND ('', #54600, .T.);
#54620 = CARTESIAN_POINT ('', (100., 200., 1799.99392843122));
#54630 = CARTESIAN_POINT ('', (100., -200., 1799.99392843122));
#54640 = CARTESIAN_POINT ('', (100., 200., 1900.));
#54650 = CARTESIAN_POINT ('', (100., -200., 1900.));
#54660 = B_SPLINE_SURFACE_WITH_KNOTS ('', 1, 1, ((#54620, #54630), (#54640, #54650)), .UNSPECIFIED., .F., .F., .U., (2, 2), (2, 2), (0.0118295506544495, 0.991026060604735), (0., 1.), .UNSPECIFIED.);
#54670 = ADVANCED_FACE ('', (#54610), #54660, .T.);
#54680 = ORIENTED_EDGE ('', *, *, #50800, .F.);
#54690 = ORIENTED_EDGE ('', *, *, #52580, .F.);
#54700 = ORIENTED_EDGE ('', *, *, #52880, .F.);
#54710 = ORIENTED_EDGE ('', *, *, #54570, .F.);
#54720 = EDGE_LOOP ('', (#54680, #54690, #54700, #54710));
#54730 = FACE_OUTER_BOUND ('', #54720, .T.);
#54740 = CARTESIAN_POINT ('', (100., -200., 1812.16606748261));
#54750 = CARTESIAN_POINT ('', (100., -183.248409393201, 1810.12049241204));
#54760 = CARTESIAN_POINT ('', (100., -134.508622866804, 1805.17825874165));
#54770 = CARTESIAN_POINT ('', (100., -70.4842779748595, 1801.1949433806));
#54780 = CARTESIAN_POINT ('', (100., -6.46008803777433, 1799.70228271858));
#54790 = CARTESIAN_POINT ('', (100., 57.5640272674735, 1800.69350588217));
#54800 = CARTESIAN_POINT ('', (100., 121.5885450894, 1804.17312950567));
#54810 = CARTESIAN_POINT ('', (100., 176.807947109776, 1809.33403004342));
#54820 = CARTESIAN_POINT ('', (100., 200., 1812.1660698317));
#54830 = CARTESIAN_POINT ('', (-100., -200., 1812.16606748261));
#54840 = CARTESIAN_POINT ('', (-100., -183.248409393201, 1810.12049241204));
#54850 = CARTESIAN_POINT ('', (-100., -134.508622866804, 1805.17825874165));
#54860 = CARTESIAN_POINT ('', (-100., -70.4842779748595, 1801.1949433806));
#54870 = CARTESIAN_POINT ('', (-100., -6.46008803777433, 1799.70228271858));
#54880 = CARTESIAN_POINT ('', (-100., 57.5640272674735, 1800.69350588217));
#54890 = CARTESIAN_POINT ('', (-100., 121.5885450894, 1804.17312950567));
#54900 = CARTESIAN_POINT ('', (-100., 176.807947109776, 1809.33403004342));
#54910 = CARTESIAN_POINT ('', (-100., 200., 1812.1660698317));
#54920 = B_SPLINE_SURFACE_WITH_KNOTS ('', 1, 2, ((#54740, #54750, #54760, #54770, #54780, #54790, #54800, #54810, #54820), (#54830, #54840, #54850, #54860, #54870, #54880, #54890, #54900, #54910)), .UNSPECIFIED., .F., .F., .U., (2, 2), (3, 1, 1, 1, 1, 1, 1, 3), (0.00228083574502843, 0.997719164254972), (0.0292546588114573, 0.107890789301147, 0.257509514061763, 0.406766591856135, 0.555888599208551, 0.705100271561899, 0.854627565542642, 0.963500139642167), .UNSPECIFIED.);
#54930 = ADVANCED_FACE ('', (#54730), #54920, .T.);
#54940 = ORIENTED_EDGE ('', *, *, #50640, .F.);
#54950 = ORIENTED_EDGE ('', *, *, #53020, .F.);
#54960 = ORIENTED_EDGE ('', *, *, #52740, .F.);
#54970 = ORIENTED_EDGE ('', *, *, #51000, .F.);
#54980 = EDGE_LOOP ('', (#54940, #54950, #54960, #54970));
#54990 = FACE_OUTER_BOUND ('', #54980, .T.);
#55000 = CARTESIAN_POINT ('', (-100., -200., 1900.));
#55010 = CARTESIAN_POINT ('', (-100., 200., 1900.));
#55020 = CARTESIAN_POINT ('', (100., -200., 1900.));
#55030 = CARTESIAN_POINT ('', (100., 200., 1900.));
#55040 = B_SPLINE_SURFACE_WITH_KNOTS ('', 1, 1, ((#55000, #55010), (#55020, #55030)), .UNSPECIFIED., .F., .F., .U., (2, 2), (2, 2), (0.00228083574502858, 0.997719164254971), (0.00114302492461978, 0.99885697507538), .UNSPECIFIED.);
#55050 = ADVANCED_FACE ('', (#54990), #55040, .T.);
#55060 = CLOSED_SHELL ('', (#50940, #52680, #52980, #54670, #54930, #55050));
#55070 = MANIFOLD_SOLID_BREP ('', #55060);
#55080 = (
   LENGTH_UNIT ()
   NAMED_UNIT (*)
   SI_UNIT (.MILLI., .METRE.)
);
#55090 = (
   NAMED_UNIT (*)
   SI_UNIT ($, .STERADIAN.)
   SOLID_ANGLE_UNIT ()
);
#55100 = (
   NAMED_UNIT (*)
   SI_UNIT ($, .RADIAN.)
   PLANE_ANGLE_UNIT ()
);
#55110 = UNCERTAINTY_MEASURE_WITH_UNIT (LENGTH_MEASURE(1.E-5), #55080, 'DISTANCE_ACCURACY_VALUE', '');
#55120 = (
   GEOMETRIC_REPRESENTATION_CONTEXT (3)
   GLOBAL_UNCERTAINTY_ASSIGNED_CONTEXT ((#55110))
   GLOBAL_UNIT_ASSIGNED_CONTEXT ((#55080, #55090, #55100))
   REPRESENTATION_CONTEXT ('', '3D')
);
#55130 = ADVANCED_BREP_SHAPE_REPRESENTATION ('', (#55070), #55120);
#55140 = APPLICATION_CONTEXT ('configuration controlled 3D designs of mechanical parts and assemblies');
#55150 = APPLICATION_PROTOCOL_DEFINITION ('International Standard', 'config_control_design', 1997, #55140);
#55160 = MECHANICAL_CONTEXT ('', #55140, 'mechanical');
#55170 = PRODUCT ('product-name', '', '', (#55160));
#55180 = PERSON_AND_ORGANIZATION_ROLE ('design_owner');
#55190 = PERSON ('', '', $, $, $, $);
#55200 = ORGANIZATION ($, '', '');
#55210 = PERSON_AND_ORGANIZATION (#55190, #55200);
#55220 = CC_DESIGN_PERSON_AND_ORGANIZATION_ASSIGNMENT (#55210, #55180, (#55170));
#55230 = PRODUCT_RELATED_PRODUCT_CATEGORY ('detail', $, (#55170));
#55240 = PRODUCT_DEFINITION_FORMATION_WITH_SPECIFIED_SOURCE ('', '', #55170, .NOT_KNOWN.);
#55250 = APPROVAL_STATUS ('approved');
#55260 = APPROVAL (#55250, '');
#55270 = CALENDAR_DATE (2020, 8, 9);
#55280 = COORDINATED_UNIVERSAL_TIME_OFFSET (0, $, .AHEAD.);
#55290 = LOCAL_TIME (3, 30, 58., #55280);
#55300 = DATE_AND_TIME (#55270, #55290);
#55310 = APPROVAL_DATE_TIME (#55300, #55260);
#55320 = APPROVAL_ROLE ('');
#55330 = PERSON ('', '', $, $, $, $);
#55340 = ORGANIZATION ($, '', '');
#55350 = PERSON_AND_ORGANIZATION (#55330, #55340);
#55360 = APPROVAL_PERSON_ORGANIZATION (#55350, #55260, #55320);
#55370 = CC_DESIGN_APPROVAL (#55260, (#55240));
#55380 = PERSON_AND_ORGANIZATION_ROLE ('creator');
#55390 = PERSON ('', '', $, $, $, $);
#55400 = ORGANIZATION ($, '', '');
#55410 = PERSON_AND_ORGANIZATION (#55390, #55400);
#55420 = CC_DESIGN_PERSON_AND_ORGANIZATION_ASSIGNMENT (#55410, #55380, (#55240));
#55430 = PERSON_AND_ORGANIZATION_ROLE ('part_supplier');
#55440 = PERSON ('', '', $, $, $, $);
#55450 = ORGANIZATION ($, '', '');
#55460 = PERSON_AND_ORGANIZATION (#55440, #55450);
#55470 = CC_DESIGN_PERSON_AND_ORGANIZATION_ASSIGNMENT (#55460, #55430, (#55240));
#55480 = SECURITY_CLASSIFICATION_LEVEL ('unclassified');
#55490 = SECURITY_CLASSIFICATION ('', '', #55480);
#55500 = APPROVAL_STATUS ('approved');
#55510 = APPROVAL (#55500, '');
#55520 = CALENDAR_DATE (2020, 8, 9);
#55530 = COORDINATED_UNIVERSAL_TIME_OFFSET (0, $, .AHEAD.);
#55540 = LOCAL_TIME (3, 30, 58., #55530);
#55550 = DATE_AND_TIME (#55520, #55540);
#55560 = APPROVAL_DATE_TIME (#55550, #55510);
#55570 = APPROVAL_ROLE ('');
#55580 = PERSON ('', '', $, $, $, $);
#55590 = ORGANIZATION ($, '', '');
#55600 = PERSON_AND_ORGANIZATION (#55580, #55590);
#55610 = APPROVAL_PERSON_ORGANIZATION (#55600, #55510, #55570);
#55620 = CC_DESIGN_APPROVAL (#55510, (#55490));
#55630 = DATE_TIME_ROLE ('classification_date');
#55640 = CALENDAR_DATE (2020, 8, 9);
#55650 = COORDINATED_UNIVERSAL_TIME_OFFSET (0, $, .AHEAD.);
#55660 = LOCAL_TIME (3, 30, 58., #55650);
#55670 = DATE_AND_TIME (#55640, #55660);
#55680 = CC_DESIGN_DATE_AND_TIME_ASSIGNMENT (#55670, #55630, (#55490));
#55690 = PERSON_AND_ORGANIZATION_ROLE ('classification_officer');
#55700 = PERSON ('', '', $, $, $, $);
#55710 = ORGANIZATION ($, '', '');
#55720 = PERSON_AND_ORGANIZATION (#55700, #55710);
#55730 = CC_DESIGN_PERSON_AND_ORGANIZATION_ASSIGNMENT (#55720, #55690, (#55490));
#55740 = CC_DESIGN_SECURITY_CLASSIFICATION (#55490, (#55240));
#55750 = DESIGN_CONTEXT ('', #55140, 'design');
#55760 = PRODUCT_DEFINITION ('', '', #55240, #55750);
#55770 = APPROVAL_STATUS ('approved');
#55780 = APPROVAL (#55770, '');
#55790 = CALENDAR_DATE (2020, 8, 9);
#55800 = COORDINATED_UNIVERSAL_TIME_OFFSET (0, $, .AHEAD.);
#55810 = LOCAL_TIME (3, 30, 58., #55800);
#55820 = DATE_AND_TIME (#55790, #55810);
#55830 = APPROVAL_DATE_TIME (#55820, #55780);
#55840 = APPROVAL_ROLE ('');
#55850 = PERSON ('', '', $, $, $, $);
#55860 = ORGANIZATION ($, '', '');
#55870 = PERSON_AND_ORGANIZATION (#55850, #55860);
#55880 = APPROVAL_PERSON_ORGANIZATION (#55870, #55780, #55840);
#55890 = CC_DESIGN_APPROVAL (#55780, (#55760));
#55900 = DATE_TIME_ROLE ('creation_date');
#55910 = CALENDAR_DATE (2020, 8, 9);
#55920 = COORDINATED_UNIVERSAL_TIME_OFFSET (0, $, .AHEAD.);
#55930 = LOCAL_TIME (3, 30, 58., #55920);
#55940 = DATE_AND_TIME (#55910, #55930);
#55950 = CC_DESIGN_DATE_AND_TIME_ASSIGNMENT (#55940, #55900, (#55760));
#55960 = PERSON_AND_ORGANIZATION_ROLE ('creator');
#55970 = PERSON ('', '', $, $, $, $);
#55980 = ORGANIZATION ($, '', '');
#55990 = PERSON_AND_ORGANIZATION (#55970, #55980);
#56000 = CC_DESIGN_PERSON_AND_ORGANIZATION_ASSIGNMENT (#55990, #55960, (#55760));
#56010 = PRODUCT_DEFINITION_SHAPE ('', '', #55760);
#56020 = SHAPE_DEFINITION_REPRESENTATION (#56010, #55130);
#56030 = CARTESIAN_POINT ('', (-106.066017177982, -550., 3593.93398282202));
#56040 = VERTEX_POINT ('', #56030);
#56050 = CARTESIAN_POINT ('', (106.066017177982, -550., 3806.06601717798));
#56060 = VERTEX_POINT ('', #56050);
#56070 = CARTESIAN_POINT ('', (-106.066017177982, -550., 3593.93398282202));
#56080 = CARTESIAN_POINT ('', (-35.3553390593274, -550., 3664.64466094067));
#56090 = CARTESIAN_POINT ('', (35.3553390593274, -550., 3735.35533905933));
#56100 = CARTESIAN_POINT ('', (106.066017177982, -550., 3806.06601717798));
#56110 = B_SPLINE_CURVE_WITH_KNOTS ('', 3, (#56070, #56080, #56090, #56100), .UNSPECIFIED., .F., .U., (4, 4), (0., 300.), .UNSPECIFIED.);
#56120 = EDGE_CURVE ('', #56040, #56060, #56110, .T.);
#56130 = ORIENTED_EDGE ('', *, *, #56120, .T.);
#56140 = CARTESIAN_POINT ('', (106.066017177982, 550., 3806.06601717798));
#56150 = VERTEX_POINT ('', #56140);
#56160 = CARTESIAN_POINT ('', (106.066017177982, -550., 3806.06601717798));
#56170 = CARTESIAN_POINT ('', (106.066017177982, -183.333333333333, 3806.06601717798));
#56180 = CARTESIAN_POINT ('', (106.066017177982, 183.333333333333, 3806.06601717798));
#56190 = CARTESIAN_POINT ('', (106.066017177982, 550., 3806.06601717798));
#56200 = B_SPLINE_CURVE_WITH_KNOTS ('', 3, (#56160, #56170, #56180, #56190), .UNSPECIFIED., .F., .U., (4, 4), (0., 1100.), .UNSPECIFIED.);
#56210 = EDGE_CURVE ('', #56060, #56150, #56200, .T.);
#56220 = ORIENTED_EDGE ('', *, *, #56210, .T.);
#56230 = CARTESIAN_POINT ('', (-106.066017177982, 550., 3593.93398282202));
#56240 = VERTEX_POINT ('', #56230);
#56250 = CARTESIAN_POINT ('', (106.066017177982, 550., 3806.06601717798));
#56260 = CARTESIAN_POINT ('', (35.3553390593274, 550., 3735.35533905933));
#56270 = CARTESIAN_POINT ('', (-35.3553390593274, 550., 3664.64466094067));
#56280 = CARTESIAN_POINT ('', (-106.066017177982, 550., 3593.93398282202));
#56290 = B_SPLINE_CURVE_WITH_KNOTS ('', 3, (#56250, #56260, #56270, #56280), .UNSPECIFIED., .F., .U., (4, 4), (0., 300.), .UNSPECIFIED.);
#56300 = EDGE_CURVE ('', #56150, #56240, #56290, .T.);
#56310 = ORIENTED_EDGE ('', *, *, #56300, .T.);
#56320 = CARTESIAN_POINT ('', (-106.066017177982, 550., 3593.93398282202));
#56330 = CARTESIAN_POINT ('', (-106.066017177982, 183.333333333333, 3593.93398282202));
#56340 = CARTESIAN_POINT ('', (-106.066017177982, -183.333333333333, 3593.93398282202));
#56350 = CARTESIAN_POINT ('', (-106.066017177982, -550., 3593.93398282202));
#56360 = B_SPLINE_CURVE_WITH_KNOTS ('', 3, (#56320, #56330, #56340, #56350), .UNSPECIFIED., .F., .U., (4, 4), (0., 1100.), .UNSPECIFIED.);
#56370 = EDGE_CURVE ('', #56240, #56040, #56360, .T.);
#56380 = ORIENTED_EDGE ('', *, *, #56370, .T.);
#56390 = EDGE_LOOP ('', (#56130, #56220, #56310, #56380));
#56400 = FACE_OUTER_BOUND ('', #56390, .T.);
#56410 = CARTESIAN_POINT ('', (-106.066017177982, -550., 3593.93398282202));
#56420 = CARTESIAN_POINT ('', (-106.066017177982, 550., 3593.93398282202));
#56430 = CARTESIAN_POINT ('', (106.066017177982, -550., 3806.06601717798));
#56440 = CARTESIAN_POINT ('', (106.066017177982, 550., 3806.06601717798));
#56450 = B_SPLINE_SURFACE_WITH_KNOTS ('', 1, 1, ((#56410, #56420), (#56430, #56440)), .UNSPECIFIED., .F., .F., .U., (2, 2), (2, 2), (0.00377191379423855, 0.996228086205761), (0.00103437879866021, 0.99896562120134), .UNSPECIFIED.);
#56460 = ADVANCED_FACE ('', (#56400), #56450, .T.);
#56470 = OPEN_SHELL ('', (#56460));
#56480 = SHELL_BASED_SURFACE_MODEL ('', (#56470));
#56490 = (
   LENGTH_UNIT ()
   NAMED_UNIT (*)
   SI_UNIT (.MILLI., .METRE.)
);
#56500 = (
   NAMED_UNIT (*)
   SI_UNIT ($, .STERADIAN.)
   SOLID_ANGLE_UNIT ()
);
#56510 = (
   NAMED_UNIT (*)
   SI_UNIT ($, .RADIAN.)
   PLANE_ANGLE_UNIT ()
);
#56520 = UNCERTAINTY_MEASURE_WITH_UNIT (LENGTH_MEASURE(1.E-5), #56490, 'DISTANCE_ACCURACY_VALUE', '');
#56530 = (
   GEOMETRIC_REPRESENTATION_CONTEXT (3)
   GLOBAL_UNCERTAINTY_ASSIGNED_CONTEXT ((#56520))
   GLOBAL_UNIT_ASSIGNED_CONTEXT ((#56490, #56500, #56510))
   REPRESENTATION_CONTEXT ('', '3D')
);
#56540 = MANIFOLD_SURFACE_SHAPE_REPRESENTATION ('', (#56480), #56530);
#56550 = APPLICATION_CONTEXT ('configuration controlled 3D designs of mechanical parts and assemblies');
#56560 = APPLICATION_PROTOCOL_DEFINITION ('International Standard', 'config_control_design', 1997, #56550);
#56570 = MECHANICAL_CONTEXT ('', #56550, 'mechanical');
#56580 = PRODUCT ('product-name', '', '', (#56570));
#56590 = PERSON_AND_ORGANIZATION_ROLE ('design_owner');
#56600 = PERSON ('', '', $, $, $, $);
#56610 = ORGANIZATION ($, '', '');
#56620 = PERSON_AND_ORGANIZATION (#56600, #56610);
#56630 = CC_DESIGN_PERSON_AND_ORGANIZATION_ASSIGNMENT (#56620, #56590, (#56580));
#56640 = PRODUCT_RELATED_PRODUCT_CATEGORY ('detail', $, (#56580));
#56650 = PRODUCT_DEFINITION_FORMATION_WITH_SPECIFIED_SOURCE ('', '', #56580, .NOT_KNOWN.);
#56660 = APPROVAL_STATUS ('approved');
#56670 = APPROVAL (#56660, '');
#56680 = CALENDAR_DATE (2020, 8, 9);
#56690 = COORDINATED_UNIVERSAL_TIME_OFFSET (0, $, .AHEAD.);
#56700 = LOCAL_TIME (3, 30, 58., #56690);
#56710 = DATE_AND_TIME (#56680, #56700);
#56720 = APPROVAL_DATE_TIME (#56710, #56670);
#56730 = APPROVAL_ROLE ('');
#56740 = PERSON ('', '', $, $, $, $);
#56750 = ORGANIZATION ($, '', '');
#56760 = PERSON_AND_ORGANIZATION (#56740, #56750);
#56770 = APPROVAL_PERSON_ORGANIZATION (#56760, #56670, #56730);
#56780 = CC_DESIGN_APPROVAL (#56670, (#56650));
#56790 = PERSON_AND_ORGANIZATION_ROLE ('creator');
#56800 = PERSON ('', '', $, $, $, $);
#56810 = ORGANIZATION ($, '', '');
#56820 = PERSON_AND_ORGANIZATION (#56800, #56810);
#56830 = CC_DESIGN_PERSON_AND_ORGANIZATION_ASSIGNMENT (#56820, #56790, (#56650));
#56840 = PERSON_AND_ORGANIZATION_ROLE ('part_supplier');
#56850 = PERSON ('', '', $, $, $, $);
#56860 = ORGANIZATION ($, '', '');
#56870 = PERSON_AND_ORGANIZATION (#56850, #56860);
#56880 = CC_DESIGN_PERSON_AND_ORGANIZATION_ASSIGNMENT (#56870, #56840, (#56650));
#56890 = SECURITY_CLASSIFICATION_LEVEL ('unclassified');
#56900 = SECURITY_CLASSIFICATION ('', '', #56890);
#56910 = APPROVAL_STATUS ('approved');
#56920 = APPROVAL (#56910, '');
#56930 = CALENDAR_DATE (2020, 8, 9);
#56940 = COORDINATED_UNIVERSAL_TIME_OFFSET (0, $, .AHEAD.);
#56950 = LOCAL_TIME (3, 30, 58., #56940);
#56960 = DATE_AND_TIME (#56930, #56950);
#56970 = APPROVAL_DATE_TIME (#56960, #56920);
#56980 = APPROVAL_ROLE ('');
#56990 = PERSON ('', '', $, $, $, $);
#57000 = ORGANIZATION ($, '', '');
#57010 = PERSON_AND_ORGANIZATION (#56990, #57000);
#57020 = APPROVAL_PERSON_ORGANIZATION (#57010, #56920, #56980);
#57030 = CC_DESIGN_APPROVAL (#56920, (#56900));
#57040 = DATE_TIME_ROLE ('classification_date');
#57050 = CALENDAR_DATE (2020, 8, 9);
#57060 = COORDINATED_UNIVERSAL_TIME_OFFSET (0, $, .AHEAD.);
#57070 = LOCAL_TIME (3, 30, 58., #57060);
#57080 = DATE_AND_TIME (#57050, #57070);
#57090 = CC_DESIGN_DATE_AND_TIME_ASSIGNMENT (#57080, #57040, (#56900));
#57100 = PERSON_AND_ORGANIZATION_ROLE ('classification_officer');
#57110 = PERSON ('', '', $, $, $, $);
#57120 = ORGANIZATION ($, '', '');
#57130 = PERSON_AND_ORGANIZATION (#57110, #57120);
#57140 = CC_DESIGN_PERSON_AND_ORGANIZATION_ASSIGNMENT (#57130, #57100, (#56900));
#57150 = CC_DESIGN_SECURITY_CLASSIFICATION (#56900, (#56650));
#57160 = DESIGN_CONTEXT ('', #56550, 'design');
#57170 = PRODUCT_DEFINITION ('', '', #56650, #57160);
#57180 = APPROVAL_STATUS ('approved');
#57190 = APPROVAL (#57180, '');
#57200 = CALENDAR_DATE (2020, 8, 9);
#57210 = COORDINATED_UNIVERSAL_TIME_OFFSET (0, $, .AHEAD.);
#57220 = LOCAL_TIME (3, 30, 58., #57210);
#57230 = DATE_AND_TIME (#57200, #57220);
#57240 = APPROVAL_DATE_TIME (#57230, #57190);
#57250 = APPROVAL_ROLE ('');
#57260 = PERSON ('', '', $, $, $, $);
#57270 = ORGANIZATION ($, '', '');
#57280 = PERSON_AND_ORGANIZATION (#57260, #57270);
#57290 = APPROVAL_PERSON_ORGANIZATION (#57280, #57190, #57250);
#57300 = CC_DESIGN_APPROVAL (#57190, (#57170));
#57310 = DATE_TIME_ROLE ('creation_date');
#57320 = CALENDAR_DATE (2020, 8, 9);
#57330 = COORDINATED_UNIVERSAL_TIME_OFFSET (0, $, .AHEAD.);
#57340 = LOCAL_TIME (3, 30, 58., #57330);
#57350 = DATE_AND_TIME (#57320, #57340);
#57360 = CC_DESIGN_DATE_AND_TIME_ASSIGNMENT (#57350, #57310, (#57170));
#57370 = PERSON_AND_ORGANIZATION_ROLE ('creator');
#57380 = PERSON ('', '', $, $, $, $);
#57390 = ORGANIZATION ($, '', '');
#57400 = PERSON_AND_ORGANIZATION (#57380, #57390);
#57410 = CC_DESIGN_PERSON_AND_ORGANIZATION_ASSIGNMENT (#57400, #57370, (#57170));
#57420 = PRODUCT_DEFINITION_SHAPE ('', '', #57170);
#57430 = SHAPE_DEFINITION_REPRESENTATION (#57420, #56540);
#57440 = CARTESIAN_POINT ('', (293.933982822018, -550., 3593.93398282202));
#57450 = VERTEX_POINT ('', #57440);
#57460 = CARTESIAN_POINT ('', (506.066017177982, -550., 3806.06601717798));
#57470 = VERTEX_POINT ('', #57460);
#57480 = CARTESIAN_POINT ('', (293.933982822018, -550., 3593.93398282202));
#57490 = CARTESIAN_POINT ('', (364.644660940673, -550., 3664.64466094067));
#57500 = CARTESIAN_POINT ('', (435.355339059327, -550., 3735.35533905933));
#57510 = CARTESIAN_POINT ('', (506.066017177982, -550., 3806.06601717798));
#57520 = B_SPLINE_CURVE_WITH_KNOTS ('', 3, (#57480, #57490, #57500, #57510), .UNSPECIFIED., .F., .U., (4, 4), (0., 300.), .UNSPECIFIED.);
#57530 = EDGE_CURVE ('', #57450, #57470, #57520, .T.);
#57540 = ORIENTED_EDGE ('', *, *, #57530, .T.);
#57550 = CARTESIAN_POINT ('', (506.066017177982, 550., 3806.06601717798));
#57560 = VERTEX_POINT ('', #57550);
#57570 = CARTESIAN_POINT ('', (506.066017177982, -550., 3806.06601717798));
#57580 = CARTESIAN_POINT ('', (506.066017177982, -183.333333333333, 3806.06601717798));
#57590 = CARTESIAN_POINT ('', (506.066017177982, 183.333333333333, 3806.06601717798));
#57600 = CARTESIAN_POINT ('', (506.066017177982, 550., 3806.06601717798));
#57610 = B_SPLINE_CURVE_WITH_KNOTS ('', 3, (#57570, #57580, #57590, #57600), .UNSPECIFIED., .F., .U., (4, 4), (0., 1100.), .UNSPECIFIED.);
#57620 = EDGE_CURVE ('', #57470, #57560, #57610, .T.);
#57630 = ORIENTED_EDGE ('', *, *, #57620, .T.);
#57640 = CARTESIAN_POINT ('', (293.933982822018, 550., 3593.93398282202));
#57650 = VERTEX_POINT ('', #57640);
#57660 = CARTESIAN_POINT ('', (506.066017177982, 550., 3806.06601717798));
#57670 = CARTESIAN_POINT ('', (435.355339059327, 550., 3735.35533905933));
#57680 = CARTESIAN_POINT ('', (364.644660940673, 550., 3664.64466094067));
#57690 = CARTESIAN_POINT ('', (293.933982822018, 550., 3593.93398282202));
#57700 = B_SPLINE_CURVE_WITH_KNOTS ('', 3, (#57660, #57670, #57680, #57690), .UNSPECIFIED., .F., .U., (4, 4), (0., 300.), .UNSPECIFIED.);
#57710 = EDGE_CURVE ('', #57560, #57650, #57700, .T.);
#57720 = ORIENTED_EDGE ('', *, *, #57710, .T.);
#57730 = CARTESIAN_POINT ('', (293.933982822018, 550., 3593.93398282202));
#57740 = CARTESIAN_POINT ('', (293.933982822018, 183.333333333333, 3593.93398282202));
#57750 = CARTESIAN_POINT ('', (293.933982822018, -183.333333333333, 3593.93398282202));
#57760 = CARTESIAN_POINT ('', (293.933982822018, -550., 3593.93398282202));
#57770 = B_SPLINE_CURVE_WITH_KNOTS ('', 3, (#57730, #57740, #57750, #57760), .UNSPECIFIED., .F., .U., (4, 4), (0., 1100.), .UNSPECIFIED.);
#57780 = EDGE_CURVE ('', #57650, #57450, #57770, .T.);
#57790 = ORIENTED_EDGE ('', *, *, #57780, .T.);
#57800 = EDGE_LOOP ('', (#57540, #57630, #57720, #57790));
#57810 = FACE_OUTER_BOUND ('', #57800, .T.);
#57820 = CARTESIAN_POINT ('', (293.933982822018, -550., 3593.93398282202));
#57830 = CARTESIAN_POINT ('', (293.933982822018, 550., 3593.93398282202));
#57840 = CARTESIAN_POINT ('', (506.066017177982, -550., 3806.06601717798));
#57850 = CARTESIAN_POINT ('', (506.066017177982, 550., 3806.06601717798));
#57860 = B_SPLINE_SURFACE_WITH_KNOTS ('', 1, 1, ((#57820, #57830), (#57840, #57850)), .UNSPECIFIED., .F., .F., .U., (2, 2), (2, 2), (0.00377191379423855, 0.996228086205761), (0.00103437879866021, 0.99896562120134), .UNSPECIFIED.);
#57870 = ADVANCED_FACE ('', (#57810), #57860, .T.);
#57880 = OPEN_SHELL ('', (#57870));
#57890 = SHELL_BASED_SURFACE_MODEL ('', (#57880));
#57900 = (
   LENGTH_UNIT ()
   NAMED_UNIT (*)
   SI_UNIT (.MILLI., .METRE.)
);
#57910 = (
   NAMED_UNIT (*)
   SI_UNIT ($, .STERADIAN.)
   SOLID_ANGLE_UNIT ()
);
#57920 = (
   NAMED_UNIT (*)
   SI_UNIT ($, .RADIAN.)
   PLANE_ANGLE_UNIT ()
);
#57930 = UNCERTAINTY_MEASURE_WITH_UNIT (LENGTH_MEASURE(1.E-5), #57900, 'DISTANCE_ACCURACY_VALUE', '');
#57940 = (
   GEOMETRIC_REPRESENTATION_CONTEXT (3)
   GLOBAL_UNCERTAINTY_ASSIGNED_CONTEXT ((#57930))
   GLOBAL_UNIT_ASSIGNED_CONTEXT ((#57900, #57910, #57920))
   REPRESENTATION_CONTEXT ('', '3D')
);
#57950 = MANIFOLD_SURFACE_SHAPE_REPRESENTATION ('', (#57890), #57940);
#57960 = APPLICATION_CONTEXT ('configuration controlled 3D designs of mechanical parts and assemblies');
#57970 = APPLICATION_PROTOCOL_DEFINITION ('International Standard', 'config_control_design', 1997, #57960);
#57980 = MECHANICAL_CONTEXT ('', #57960, 'mechanical');
#57990 = PRODUCT ('product-name', '', '', (#57980));
#58000 = PERSON_AND_ORGANIZATION_ROLE ('design_owner');
#58010 = PERSON ('', '', $, $, $, $);
#58020 = ORGANIZATION ($, '', '');
#58030 = PERSON_AND_ORGANIZATION (#58010, #58020);
#58040 = CC_DESIGN_PERSON_AND_ORGANIZATION_ASSIGNMENT (#58030, #58000, (#57990));
#58050 = PRODUCT_RELATED_PRODUCT_CATEGORY ('detail', $, (#57990));
#58060 = PRODUCT_DEFINITION_FORMATION_WITH_SPECIFIED_SOURCE ('', '', #57990, .NOT_KNOWN.);
#58070 = APPROVAL_STATUS ('approved');
#58080 = APPROVAL (#58070, '');
#58090 = CALENDAR_DATE (2020, 8, 9);
#58100 = COORDINATED_UNIVERSAL_TIME_OFFSET (0, $, .AHEAD.);
#58110 = LOCAL_TIME (3, 30, 58., #58100);
#58120 = DATE_AND_TIME (#58090, #58110);
#58130 = APPROVAL_DATE_TIME (#58120, #58080);
#58140 = APPROVAL_ROLE ('');
#58150 = PERSON ('', '', $, $, $, $);
#58160 = ORGANIZATION ($, '', '');
#58170 = PERSON_AND_ORGANIZATION (#58150, #58160);
#58180 = APPROVAL_PERSON_ORGANIZATION (#58170, #58080, #58140);
#58190 = CC_DESIGN_APPROVAL (#58080, (#58060));
#58200 = PERSON_AND_ORGANIZATION_ROLE ('creator');
#58210 = PERSON ('', '', $, $, $, $);
#58220 = ORGANIZATION ($, '', '');
#58230 = PERSON_AND_ORGANIZATION (#58210, #58220);
#58240 = CC_DESIGN_PERSON_AND_ORGANIZATION_ASSIGNMENT (#58230, #58200, (#58060));
#58250 = PERSON_AND_ORGANIZATION_ROLE ('part_supplier');
#58260 = PERSON ('', '', $, $, $, $);
#58270 = ORGANIZATION ($, '', '');
#58280 = PERSON_AND_ORGANIZATION (#58260, #58270);
#58290 = CC_DESIGN_PERSON_AND_ORGANIZATION_ASSIGNMENT (#58280, #58250, (#58060));
#58300 = SECURITY_CLASSIFICATION_LEVEL ('unclassified');
#58310 = SECURITY_CLASSIFICATION ('', '', #58300);
#58320 = APPROVAL_STATUS ('approved');
#58330 = APPROVAL (#58320, '');
#58340 = CALENDAR_DATE (2020, 8, 9);
#58350 = COORDINATED_UNIVERSAL_TIME_OFFSET (0, $, .AHEAD.);
#58360 = LOCAL_TIME (3, 30, 58., #58350);
#58370 = DATE_AND_TIME (#58340, #58360);
#58380 = APPROVAL_DATE_TIME (#58370, #58330);
#58390 = APPROVAL_ROLE ('');
#58400 = PERSON ('', '', $, $, $, $);
#58410 = ORGANIZATION ($, '', '');
#58420 = PERSON_AND_ORGANIZATION (#58400, #58410);
#58430 = APPROVAL_PERSON_ORGANIZATION (#58420, #58330, #58390);
#58440 = CC_DESIGN_APPROVAL (#58330, (#58310));
#58450 = DATE_TIME_ROLE ('classification_date');
#58460 = CALENDAR_DATE (2020, 8, 9);
#58470 = COORDINATED_UNIVERSAL_TIME_OFFSET (0, $, .AHEAD.);
#58480 = LOCAL_TIME (3, 30, 58., #58470);
#58490 = DATE_AND_TIME (#58460, #58480);
#58500 = CC_DESIGN_DATE_AND_TIME_ASSIGNMENT (#58490, #58450, (#58310));
#58510 = PERSON_AND_ORGANIZATION_ROLE ('classification_officer');
#58520 = PERSON ('', '', $, $, $, $);
#58530 = ORGANIZATION ($, '', '');
#58540 = PERSON_AND_ORGANIZATION (#58520, #58530);
#58550 = CC_DESIGN_PERSON_AND_ORGANIZATION_ASSIGNMENT (#58540, #58510, (#58310));
#58560 = CC_DESIGN_SECURITY_CLASSIFICATION (#58310, (#58060));
#58570 = DESIGN_CONTEXT ('', #57960, 'design');
#58580 = PRODUCT_DEFINITION ('', '', #58060, #58570);
#58590 = APPROVAL_STATUS ('approved');
#58600 = APPROVAL (#58590, '');
#58610 = CALENDAR_DATE (2020, 8, 9);
#58620 = COORDINATED_UNIVERSAL_TIME_OFFSET (0, $, .AHEAD.);
#58630 = LOCAL_TIME (3, 30, 58., #58620);
#58640 = DATE_AND_TIME (#58610, #58630);
#58650 = APPROVAL_DATE_TIME (#58640, #58600);
#58660 = APPROVAL_ROLE ('');
#58670 = PERSON ('', '', $, $, $, $);
#58680 = ORGANIZATION ($, '', '');
#58690 = PERSON_AND_ORGANIZATION (#58670, #58680);
#58700 = APPROVAL_PERSON_ORGANIZATION (#58690, #58600, #58660);
#58710 = CC_DESIGN_APPROVAL (#58600, (#58580));
#58720 = DATE_TIME_ROLE ('creation_date');
#58730 = CALENDAR_DATE (2020, 8, 9);
#58740 = COORDINATED_UNIVERSAL_TIME_OFFSET (0, $, .AHEAD.);
#58750 = LOCAL_TIME (3, 30, 58., #58740);
#58760 = DATE_AND_TIME (#58730, #58750);
#58770 = CC_DESIGN_DATE_AND_TIME_ASSIGNMENT (#58760, #58720, (#58580));
#58780 = PERSON_AND_ORGANIZATION_ROLE ('creator');
#58790 = PERSON ('', '', $, $, $, $);
#58800 = ORGANIZATION ($, '', '');
#58810 = PERSON_AND_ORGANIZATION (#58790, #58800);
#58820 = CC_DESIGN_PERSON_AND_ORGANIZATION_ASSIGNMENT (#58810, #58780, (#58580));
#58830 = PRODUCT_DEFINITION_SHAPE ('', '', #58580);
#58840 = SHAPE_DEFINITION_REPRESENTATION (#58830, #57950);
#58850 = CARTESIAN_POINT ('', (293.933982822018, -550., 3893.93398282202));
#58860 = VERTEX_POINT ('', #58850);
#58870 = CARTESIAN_POINT ('', (506.066017177982, -550., 4106.06601717798));
#58880 = VERTEX_POINT ('', #58870);
#58890 = CARTESIAN_POINT ('', (293.933982822018, -550., 3893.93398282202));
#58900 = CARTESIAN_POINT ('', (364.644660940673, -550., 3964.64466094067));
#58910 = CARTESIAN_POINT ('', (435.355339059327, -550., 4035.35533905933));
#58920 = CARTESIAN_POINT ('', (506.066017177982, -550., 4106.06601717798));
#58930 = B_SPLINE_CURVE_WITH_KNOTS ('', 3, (#58890, #58900, #58910, #58920), .UNSPECIFIED., .F., .U., (4, 4), (0., 300.), .UNSPECIFIED.);
#58940 = EDGE_CURVE ('', #58860, #58880, #58930, .T.);
#58950 = ORIENTED_EDGE ('', *, *, #58940, .T.);
#58960 = CARTESIAN_POINT ('', (506.066017177982, 550., 4106.06601717798));
#58970 = VERTEX_POINT ('', #58960);
#58980 = CARTESIAN_POINT ('', (506.066017177982, -550., 4106.06601717798));
#58990 = CARTESIAN_POINT ('', (506.066017177982, -183.333333333333, 4106.06601717798));
#59000 = CARTESIAN_POINT ('', (506.066017177982, 183.333333333333, 4106.06601717798));
#59010 = CARTESIAN_POINT ('', (506.066017177982, 550., 4106.06601717798));
#59020 = B_SPLINE_CURVE_WITH_KNOTS ('', 3, (#58980, #58990, #59000, #59010), .UNSPECIFIED., .F., .U., (4, 4), (0., 1100.), .UNSPECIFIED.);
#59030 = EDGE_CURVE ('', #58880, #58970, #59020, .T.);
#59040 = ORIENTED_EDGE ('', *, *, #59030, .T.);
#59050 = CARTESIAN_POINT ('', (293.933982822018, 550., 3893.93398282202));
#59060 = VERTEX_POINT ('', #59050);
#59070 = CARTESIAN_POINT ('', (506.066017177982, 550., 4106.06601717798));
#59080 = CARTESIAN_POINT ('', (435.355339059327, 550., 4035.35533905933));
#59090 = CARTESIAN_POINT ('', (364.644660940673, 550., 3964.64466094067));
#59100 = CARTESIAN_POINT ('', (293.933982822018, 550., 3893.93398282202));
#59110 = B_SPLINE_CURVE_WITH_KNOTS ('', 3, (#59070, #59080, #59090, #59100), .UNSPECIFIED., .F., .U., (4, 4), (0., 300.), .UNSPECIFIED.);
#59120 = EDGE_CURVE ('', #58970, #59060, #59110, .T.);
#59130 = ORIENTED_EDGE ('', *, *, #59120, .T.);
#59140 = CARTESIAN_POINT ('', (293.933982822018, 550., 3893.93398282202));
#59150 = CARTESIAN_POINT ('', (293.933982822018, 183.333333333333, 3893.93398282202));
#59160 = CARTESIAN_POINT ('', (293.933982822018, -183.333333333333, 3893.93398282202));
#59170 = CARTESIAN_POINT ('', (293.933982822018, -550., 3893.93398282202));
#59180 = B_SPLINE_CURVE_WITH_KNOTS ('', 3, (#59140, #59150, #59160, #59170), .UNSPECIFIED., .F., .U., (4, 4), (0., 1100.), .UNSPECIFIED.);
#59190 = EDGE_CURVE ('', #59060, #58860, #59180, .T.);
#59200 = ORIENTED_EDGE ('', *, *, #59190, .T.);
#59210 = EDGE_LOOP ('', (#58950, #59040, #59130, #59200));
#59220 = FACE_OUTER_BOUND ('', #59210, .T.);
#59230 = CARTESIAN_POINT ('', (293.933982822018, -550., 3893.93398282202));
#59240 = CARTESIAN_POINT ('', (293.933982822018, 550., 3893.93398282202));
#59250 = CARTESIAN_POINT ('', (506.066017177982, -550., 4106.06601717798));
#59260 = CARTESIAN_POINT ('', (506.066017177982, 550., 4106.06601717798));
#59270 = B_SPLINE_SURFACE_WITH_KNOTS ('', 1, 1, ((#59230, #59240), (#59250, #59260)), .UNSPECIFIED., .F., .F., .U., (2, 2), (2, 2), (0.00377191379423855, 0.996228086205761), (0.00103437879866021, 0.99896562120134), .UNSPECIFIED.);
#59280 = ADVANCED_FACE ('', (#59220), #59270, .T.);
#59290 = OPEN_SHELL ('', (#59280));
#59300 = SHELL_BASED_SURFACE_MODEL ('', (#59290));
#59310 = (
   LENGTH_UNIT ()
   NAMED_UNIT (*)
   SI_UNIT (.MILLI., .METRE.)
);
#59320 = (
   NAMED_UNIT (*)
   SI_UNIT ($, .STERADIAN.)
   SOLID_ANGLE_UNIT ()
);
#59330 = (
   NAMED_UNIT (*)
   SI_UNIT ($, .RADIAN.)
   PLANE_ANGLE_UNIT ()
);
#59340 = UNCERTAINTY_MEASURE_WITH_UNIT (LENGTH_MEASURE(1.E-5), #59310, 'DISTANCE_ACCURACY_VALUE', '');
#59350 = (
   GEOMETRIC_REPRESENTATION_CONTEXT (3)
   GLOBAL_UNCERTAINTY_ASSIGNED_CONTEXT ((#59340))
   GLOBAL_UNIT_ASSIGNED_CONTEXT ((#59310, #59320, #59330))
   REPRESENTATION_CONTEXT ('', '3D')
);
#59360 = MANIFOLD_SURFACE_SHAPE_REPRESENTATION ('', (#59300), #59350);
#59370 = APPLICATION_CONTEXT ('configuration controlled 3D designs of mechanical parts and assemblies');
#59380 = APPLICATION_PROTOCOL_DEFINITION ('International Standard', 'config_control_design', 1997, #59370);
#59390 = MECHANICAL_CONTEXT ('', #59370, 'mechanical');
#59400 = PRODUCT ('product-name', '', '', (#59390));
#59410 = PERSON_AND_ORGANIZATION_ROLE ('design_owner');
#59420 = PERSON ('', '', $, $, $, $);
#59430 = ORGANIZATION ($, '', '');
#59440 = PERSON_AND_ORGANIZATION (#59420, #59430);
#59450 = CC_DESIGN_PERSON_AND_ORGANIZATION_ASSIGNMENT (#59440, #59410, (#59400));
#59460 = PRODUCT_RELATED_PRODUCT_CATEGORY ('detail', $, (#59400));
#59470 = PRODUCT_DEFINITION_FORMATION_WITH_SPECIFIED_SOURCE ('', '', #59400, .NOT_KNOWN.);
#59480 = APPROVAL_STATUS ('approved');
#59490 = APPROVAL (#59480, '');
#59500 = CALENDAR_DATE (2020, 8, 9);
#59510 = COORDINATED_UNIVERSAL_TIME_OFFSET (0, $, .AHEAD.);
#59520 = LOCAL_TIME (3, 30, 58., #59510);
#59530 = DATE_AND_TIME (#59500, #59520);
#59540 = APPROVAL_DATE_TIME (#59530, #59490);
#59550 = APPROVAL_ROLE ('');
#59560 = PERSON ('', '', $, $, $, $);
#59570 = ORGANIZATION ($, '', '');
#59580 = PERSON_AND_ORGANIZATION (#59560, #59570);
#59590 = APPROVAL_PERSON_ORGANIZATION (#59580, #59490, #59550);
#59600 = CC_DESIGN_APPROVAL (#59490, (#59470));
#59610 = PERSON_AND_ORGANIZATION_ROLE ('creator');
#59620 = PERSON ('', '', $, $, $, $);
#59630 = ORGANIZATION ($, '', '');
#59640 = PERSON_AND_ORGANIZATION (#59620, #59630);
#59650 = CC_DESIGN_PERSON_AND_ORGANIZATION_ASSIGNMENT (#59640, #59610, (#59470));
#59660 = PERSON_AND_ORGANIZATION_ROLE ('part_supplier');
#59670 = PERSON ('', '', $, $, $, $);
#59680 = ORGANIZATION ($, '', '');
#59690 = PERSON_AND_ORGANIZATION (#59670, #59680);
#59700 = CC_DESIGN_PERSON_AND_ORGANIZATION_ASSIGNMENT (#59690, #59660, (#59470));
#59710 = SECURITY_CLASSIFICATION_LEVEL ('unclassified');
#59720 = SECURITY_CLASSIFICATION ('', '', #59710);
#59730 = APPROVAL_STATUS ('approved');
#59740 = APPROVAL (#59730, '');
#59750 = CALENDAR_DATE (2020, 8, 9);
#59760 = COORDINATED_UNIVERSAL_TIME_OFFSET (0, $, .AHEAD.);
#59770 = LOCAL_TIME (3, 30, 58., #59760);
#59780 = DATE_AND_TIME (#59750, #59770);
#59790 = APPROVAL_DATE_TIME (#59780, #59740);
#59800 = APPROVAL_ROLE ('');
#59810 = PERSON ('', '', $, $, $, $);
#59820 = ORGANIZATION ($, '', '');
#59830 = PERSON_AND_ORGANIZATION (#59810, #59820);
#59840 = APPROVAL_PERSON_ORGANIZATION (#59830, #59740, #59800);
#59850 = CC_DESIGN_APPROVAL (#59740, (#59720));
#59860 = DATE_TIME_ROLE ('classification_date');
#59870 = CALENDAR_DATE (2020, 8, 9);
#59880 = COORDINATED_UNIVERSAL_TIME_OFFSET (0, $, .AHEAD.);
#59890 = LOCAL_TIME (3, 30, 58., #59880);
#59900 = DATE_AND_TIME (#59870, #59890);
#59910 = CC_DESIGN_DATE_AND_TIME_ASSIGNMENT (#59900, #59860, (#59720));
#59920 = PERSON_AND_ORGANIZATION_ROLE ('classification_officer');
#59930 = PERSON ('', '', $, $, $, $);
#59940 = ORGANIZATION ($, '', '');
#59950 = PERSON_AND_ORGANIZATION (#59930, #59940);
#59960 = CC_DESIGN_PERSON_AND_ORGANIZATION_ASSIGNMENT (#59950, #59920, (#59720));
#59970 = CC_DESIGN_SECURITY_CLASSIFICATION (#59720, (#59470));
#59980 = DESIGN_CONTEXT ('', #59370, 'design');
#59990 = PRODUCT_DEFINITION ('', '', #59470, #59980);
#60000 = APPROVAL_STATUS ('approved');
#60010 = APPROVAL (#60000, '');
#60020 = CALENDAR_DATE (2020, 8, 9);
#60030 = COORDINATED_UNIVERSAL_TIME_OFFSET (0, $, .AHEAD.);
#60040 = LOCAL_TIME (3, 30, 58., #60030);
#60050 = DATE_AND_TIME (#60020, #60040);
#60060 = APPROVAL_DATE_TIME (#60050, #60010);
#60070 = APPROVAL_ROLE ('');
#60080 = PERSON ('', '', $, $, $, $);
#60090 = ORGANIZATION ($, '', '');
#60100 = PERSON_AND_ORGANIZATION (#60080, #60090);
#60110 = APPROVAL_PERSON_ORGANIZATION (#60100, #60010, #60070);
#60120 = CC_DESIGN_APPROVAL (#60010, (#59990));
#60130 = DATE_TIME_ROLE ('creation_date');
#60140 = CALENDAR_DATE (2020, 8, 9);
#60150 = COORDINATED_UNIVERSAL_TIME_OFFSET (0, $, .AHEAD.);
#60160 = LOCAL_TIME (3, 30, 58., #60150);
#60170 = DATE_AND_TIME (#60140, #60160);
#60180 = CC_DESIGN_DATE_AND_TIME_ASSIGNMENT (#60170, #60130, (#59990));
#60190 = PERSON_AND_ORGANIZATION_ROLE ('creator');
#60200 = PERSON ('', '', $, $, $, $);
#60210 = ORGANIZATION ($, '', '');
#60220 = PERSON_AND_ORGANIZATION (#60200, #60210);
#60230 = CC_DESIGN_PERSON_AND_ORGANIZATION_ASSIGNMENT (#60220, #60190, (#59990));
#60240 = PRODUCT_DEFINITION_SHAPE ('', '', #59990);
#60250 = SHAPE_DEFINITION_REPRESENTATION (#60240, #59360);
#60260 = CARTESIAN_POINT ('', (593.933982822018, -550., 3893.93398282202));
#60270 = VERTEX_POINT ('', #60260);
#60280 = CARTESIAN_POINT ('', (806.066017177982, -550., 4106.06601717798));
#60290 = VERTEX_POINT ('', #60280);
#60300 = CARTESIAN_POINT ('', (593.933982822018, -550., 3893.93398282202));
#60310 = CARTESIAN_POINT ('', (664.644660940673, -550., 3964.64466094067));
#60320 = CARTESIAN_POINT ('', (735.355339059327, -550., 4035.35533905933));
#60330 = CARTESIAN_POINT ('', (806.066017177982, -550., 4106.06601717798));
#60340 = B_SPLINE_CURVE_WITH_KNOTS ('', 3, (#60300, #60310, #60320, #60330), .UNSPECIFIED., .F., .U., (4, 4), (0., 300.), .UNSPECIFIED.);
#60350 = EDGE_CURVE ('', #60270, #60290, #60340, .T.);
#60360 = ORIENTED_EDGE ('', *, *, #60350, .T.);
#60370 = CARTESIAN_POINT ('', (806.066017177982, 550., 4106.06601717798));
#60380 = VERTEX_POINT ('', #60370);
#60390 = CARTESIAN_POINT ('', (806.066017177982, -550., 4106.06601717798));
#60400 = CARTESIAN_POINT ('', (806.066017177982, -183.333333333333, 4106.06601717798));
#60410 = CARTESIAN_POINT ('', (806.066017177982, 183.333333333333, 4106.06601717798));
#60420 = CARTESIAN_POINT ('', (806.066017177982, 550., 4106.06601717798));
#60430 = B_SPLINE_CURVE_WITH_KNOTS ('', 3, (#60390, #60400, #60410, #60420), .UNSPECIFIED., .F., .U., (4, 4), (0., 1100.), .UNSPECIFIED.);
#60440 = EDGE_CURVE ('', #60290, #60380, #60430, .T.);
#60450 = ORIENTED_EDGE ('', *, *, #60440, .T.);
#60460 = CARTESIAN_POINT ('', (593.933982822018, 550., 3893.93398282202));
#60470 = VERTEX_POINT ('', #60460);
#60480 = CARTESIAN_POINT ('', (806.066017177982, 550., 4106.06601717798));
#60490 = CARTESIAN_POINT ('', (735.355339059327, 550., 4035.35533905933));
#60500 = CARTESIAN_POINT ('', (664.644660940673, 550., 3964.64466094067));
#60510 = CARTESIAN_POINT ('', (593.933982822018, 550., 3893.93398282202));
#60520 = B_SPLINE_CURVE_WITH_KNOTS ('', 3, (#60480, #60490, #60500, #60510), .UNSPECIFIED., .F., .U., (4, 4), (0., 300.), .UNSPECIFIED.);
#60530 = EDGE_CURVE ('', #60380, #60470, #60520, .T.);
#60540 = ORIENTED_EDGE ('', *, *, #60530, .T.);
#60550 = CARTESIAN_POINT ('', (593.933982822018, 550., 3893.93398282202));
#60560 = CARTESIAN_POINT ('', (593.933982822018, 183.333333333333, 3893.93398282202));
#60570 = CARTESIAN_POINT ('', (593.933982822018, -183.333333333333, 3893.93398282202));
#60580 = CARTESIAN_POINT ('', (593.933982822018, -550., 3893.93398282202));
#60590 = B_SPLINE_CURVE_WITH_KNOTS ('', 3, (#60550, #60560, #60570, #60580), .UNSPECIFIED., .F., .U., (4, 4), (0., 1100.), .UNSPECIFIED.);
#60600 = EDGE_CURVE ('', #60470, #60270, #60590, .T.);
#60610 = ORIENTED_EDGE ('', *, *, #60600, .T.);
#60620 = EDGE_LOOP ('', (#60360, #60450, #60540, #60610));
#60630 = FACE_OUTER_BOUND ('', #60620, .T.);
#60640 = CARTESIAN_POINT ('', (593.933982822018, -550., 3893.93398282202));
#60650 = CARTESIAN_POINT ('', (593.933982822018, 550., 3893.93398282202));
#60660 = CARTESIAN_POINT ('', (806.066017177982, -550., 4106.06601717798));
#60670 = CARTESIAN_POINT ('', (806.066017177982, 550., 4106.06601717798));
#60680 = B_SPLINE_SURFACE_WITH_KNOTS ('', 1, 1, ((#60640, #60650), (#60660, #60670)), .UNSPECIFIED., .F., .F., .U., (2, 2), (2, 2), (0.00377191379423855, 0.996228086205761), (0.00103437879866021, 0.99896562120134), .UNSPECIFIED.);
#60690 = ADVANCED_FACE ('', (#60630), #60680, .T.);
#60700 = OPEN_SHELL ('', (#60690));
#60710 = SHELL_BASED_SURFACE_MODEL ('', (#60700));
#60720 = (
   LENGTH_UNIT ()
   NAMED_UNIT (*)
   SI_UNIT (.MILLI., .METRE.)
);
#60730 = (
   NAMED_UNIT (*)
   SI_UNIT ($, .STERADIAN.)
   SOLID_ANGLE_UNIT ()
);
#60740 = (
   NAMED_UNIT (*)
   SI_UNIT ($, .RADIAN.)
   PLANE_ANGLE_UNIT ()
);
#60750 = UNCERTAINTY_MEASURE_WITH_UNIT (LENGTH_MEASURE(1.E-5), #60720, 'DISTANCE_ACCURACY_VALUE', '');
#60760 = (
   GEOMETRIC_REPRESENTATION_CONTEXT (3)
   GLOBAL_UNCERTAINTY_ASSIGNED_CONTEXT ((#60750))
   GLOBAL_UNIT_ASSIGNED_CONTEXT ((#60720, #60730, #60740))
   REPRESENTATION_CONTEXT ('', '3D')
);
#60770 = MANIFOLD_SURFACE_SHAPE_REPRESENTATION ('', (#60710), #60760);
#60780 = APPLICATION_CONTEXT ('configuration controlled 3D designs of mechanical parts and assemblies');
#60790 = APPLICATION_PROTOCOL_DEFINITION ('International Standard', 'config_control_design', 1997, #60780);
#60800 = MECHANICAL_CONTEXT ('', #60780, 'mechanical');
#60810 = PRODUCT ('product-name', '', '', (#60800));
#60820 = PERSON_AND_ORGANIZATION_ROLE ('design_owner');
#60830 = PERSON ('', '', $, $, $, $);
#60840 = ORGANIZATION ($, '', '');
#60850 = PERSON_AND_ORGANIZATION (#60830, #60840);
#60860 = CC_DESIGN_PERSON_AND_ORGANIZATION_ASSIGNMENT (#60850, #60820, (#60810));
#60870 = PRODUCT_RELATED_PRODUCT_CATEGORY ('detail', $, (#60810));
#60880 = PRODUCT_DEFINITION_FORMATION_WITH_SPECIFIED_SOURCE ('', '', #60810, .NOT_KNOWN.);
#60890 = APPROVAL_STATUS ('approved');
#60900 = APPROVAL (#60890, '');
#60910 = CALENDAR_DATE (2020, 8, 9);
#60920 = COORDINATED_UNIVERSAL_TIME_OFFSET (0, $, .AHEAD.);
#60930 = LOCAL_TIME (3, 30, 58., #60920);
#60940 = DATE_AND_TIME (#60910, #60930);
#60950 = APPROVAL_DATE_TIME (#60940, #60900);
#60960 = APPROVAL_ROLE ('');
#60970 = PERSON ('', '', $, $, $, $);
#60980 = ORGANIZATION ($, '', '');
#60990 = PERSON_AND_ORGANIZATION (#60970, #60980);
#61000 = APPROVAL_PERSON_ORGANIZATION (#60990, #60900, #60960);
#61010 = CC_DESIGN_APPROVAL (#60900, (#60880));
#61020 = PERSON_AND_ORGANIZATION_ROLE ('creator');
#61030 = PERSON ('', '', $, $, $, $);
#61040 = ORGANIZATION ($, '', '');
#61050 = PERSON_AND_ORGANIZATION (#61030, #61040);
#61060 = CC_DESIGN_PERSON_AND_ORGANIZATION_ASSIGNMENT (#61050, #61020, (#60880));
#61070 = PERSON_AND_ORGANIZATION_ROLE ('part_supplier');
#61080 = PERSON ('', '', $, $, $, $);
#61090 = ORGANIZATION ($, '', '');
#61100 = PERSON_AND_ORGANIZATION (#61080, #61090);
#61110 = CC_DESIGN_PERSON_AND_ORGANIZATION_ASSIGNMENT (#61100, #61070, (#60880));
#61120 = SECURITY_CLASSIFICATION_LEVEL ('unclassified');
#61130 = SECURITY_CLASSIFICATION ('', '', #61120);
#61140 = APPROVAL_STATUS ('approved');
#61150 = APPROVAL (#61140, '');
#61160 = CALENDAR_DATE (2020, 8, 9);
#61170 = COORDINATED_UNIVERSAL_TIME_OFFSET (0, $, .AHEAD.);
#61180 = LOCAL_TIME (3, 30, 58., #61170);
#61190 = DATE_AND_TIME (#61160, #61180);
#61200 = APPROVAL_DATE_TIME (#61190, #61150);
#61210 = APPROVAL_ROLE ('');
#61220 = PERSON ('', '', $, $, $, $);
#61230 = ORGANIZATION ($, '', '');
#61240 = PERSON_AND_ORGANIZATION (#61220, #61230);
#61250 = APPROVAL_PERSON_ORGANIZATION (#61240, #61150, #61210);
#61260 = CC_DESIGN_APPROVAL (#61150, (#61130));
#61270 = DATE_TIME_ROLE ('classification_date');
#61280 = CALENDAR_DATE (2020, 8, 9);
#61290 = COORDINATED_UNIVERSAL_TIME_OFFSET (0, $, .AHEAD.);
#61300 = LOCAL_TIME (3, 30, 58., #61290);
#61310 = DATE_AND_TIME (#61280, #61300);
#61320 = CC_DESIGN_DATE_AND_TIME_ASSIGNMENT (#61310, #61270, (#61130));
#61330 = PERSON_AND_ORGANIZATION_ROLE ('classification_officer');
#61340 = PERSON ('', '', $, $, $, $);
#61350 = ORGANIZATION ($, '', '');
#61360 = PERSON_AND_ORGANIZATION (#61340, #61350);
#61370 = CC_DESIGN_PERSON_AND_ORGANIZATION_ASSIGNMENT (#61360, #61330, (#61130));
#61380 = CC_DESIGN_SECURITY_CLASSIFICATION (#61130, (#60880));
#61390 = DESIGN_CONTEXT ('', #60780, 'design');
#61400 = PRODUCT_DEFINITION ('', '', #60880, #61390);
#61410 = APPROVAL_STATUS ('approved');
#61420 = APPROVAL (#61410, '');
#61430 = CALENDAR_DATE (2020, 8, 9);
#61440 = COORDINATED_UNIVERSAL_TIME_OFFSET (0, $, .AHEAD.);
#61450 = LOCAL_TIME (3, 30, 58., #61440);
#61460 = DATE_AND_TIME (#61430, #61450);
#61470 = APPROVAL_DATE_TIME (#61460, #61420);
#61480 = APPROVAL_ROLE ('');
#61490 = PERSON ('', '', $, $, $, $);
#61500 = ORGANIZATION ($, '', '');
#61510 = PERSON_AND_ORGANIZATION (#61490, #61500);
#61520 = APPROVAL_PERSON_ORGANIZATION (#61510, #61420, #61480);
#61530 = CC_DESIGN_APPROVAL (#61420, (#61400));
#61540 = DATE_TIME_ROLE ('creation_date');
#61550 = CALENDAR_DATE (2020, 8, 9);
#61560 = COORDINATED_UNIVERSAL_TIME_OFFSET (0, $, .AHEAD.);
#61570 = LOCAL_TIME (3, 30, 58., #61560);
#61580 = DATE_AND_TIME (#61550, #61570);
#61590 = CC_DESIGN_DATE_AND_TIME_ASSIGNMENT (#61580, #61540, (#61400));
#61600 = PERSON_AND_ORGANIZATION_ROLE ('creator');
#61610 = PERSON ('', '', $, $, $, $);
#61620 = ORGANIZATION ($, '', '');
#61630 = PERSON_AND_ORGANIZATION (#61610, #61620);
#61640 = CC_DESIGN_PERSON_AND_ORGANIZATION_ASSIGNMENT (#61630, #61600, (#61400));
#61650 = PRODUCT_DEFINITION_SHAPE ('', '', #61400);
#61660 = SHAPE_DEFINITION_REPRESENTATION (#61650, #60770);
#61670 = CARTESIAN_POINT ('', (610., 500., 4423.21714257799));
#61680 = VERTEX_POINT ('', #61670);
#61690 = CARTESIAN_POINT ('', (610., -500., 4423.21714257799));
#61700 = VERTEX_POINT ('', #61690);
#61710 = CARTESIAN_POINT ('', (610., 500., 4423.21714257799));
#61720 = CARTESIAN_POINT ('', (610., 497.831660286449, 4423.85066023483));
#61730 = CARTESIAN_POINT ('', (610., 495.6387747054, 4424.48746198201));
#61740 = CARTESIAN_POINT ('', (610., 493.46837594321, 4425.11388911102));
#61750 = CARTESIAN_POINT ('', (610., 491.298013161239, 4425.74030585532));
#61760 = CARTESIAN_POINT ('', (610., 489.102993040429, 4426.36995475779));
#61770 = CARTESIAN_POINT ('', (610., 486.930594090812, 4426.98927321109));
#61780 = CARTESIAN_POINT ('', (610., 484.758531686882, 4427.60849572025));
#61790 = CARTESIAN_POINT ('', (610., 482.560877272455, 4428.23100927543));
#61800 = CARTESIAN_POINT ('', (610., 480.386733079543, 4428.84288232668));
#61810 = CARTESIAN_POINT ('', (610., 478.212644616602, 4429.45473969375));
#61820 = CARTESIAN_POINT ('', (610., 476.012796788687, 4430.0698295297));
#61830 = CARTESIAN_POINT ('', (610., 473.836648956293, 4430.67432162551));
#61840 = CARTESIAN_POINT ('', (610., 471.660539281937, 4431.27880312175));
#61850 = CARTESIAN_POINT ('', (610., 469.458554825776, 4431.88645767713));
#61860 = CARTESIAN_POINT ('', (610., 467.28041023327, 4432.48356514506));
#61870 = CARTESIAN_POINT ('', (610., 465.102303385569, 4433.08066226579));
#61880 = CARTESIAN_POINT ('', (610., 462.898209395093, 4433.68087155059));
#61890 = CARTESIAN_POINT ('', (610., 460.718092165082, 4434.27058612137));
#61900 = CARTESIAN_POINT ('', (610., 458.53801224846, 4434.86029059899));
#61910 = CARTESIAN_POINT ('', (610., 456.331836055521, 4435.4530448455));
#61920 = CARTESIAN_POINT ('', (610., 454.149770372848, 4436.03535848118));
#61930 = CARTESIAN_POINT ('', (610., 451.967741555108, 4436.61766227895));
#61940 = CARTESIAN_POINT ('', (610., 449.759510732176, 4437.20295193596));
#61950 = CARTESIAN_POINT ('', (610., 447.575520840892, 4437.77785682298));
#61960 = CARTESIAN_POINT ('', (610., 445.391567350459, 4438.35275212798));
#61970 = CARTESIAN_POINT ('', (610., 443.181309713598, 4438.9305678544));
#61980 = CARTESIAN_POINT ('', (610., 440.995419914149, 4439.49805639592));
#61990 = CARTESIAN_POINT ('', (610., 438.809566037568, 4440.06553561133));
#62000 = CARTESIAN_POINT ('', (610., 436.597309649689, 4440.63586826901));
#62010 = CARTESIAN_POINT ('', (610., 434.409544296357, 4441.19593307638));
#62020 = CARTESIAN_POINT ('', (610., 432.221814376091, 4441.75598881294));
#62030 = CARTESIAN_POINT ('', (610., 430.007587550507, 4442.31882945872));
#62040 = CARTESIAN_POINT ('', (610., 427.817971049151, 4442.8714633421));
#62050 = CARTESIAN_POINT ('', (610., 425.62856044398, 4443.42404525967));
#62060 = CARTESIAN_POINT ('', (610., 423.412111447473, 4443.97945609229));
#62070 = CARTESIAN_POINT ('', (610., 421.220790135938, 4444.52441157971));
#62080 = CARTESIAN_POINT ('', (610., 419.029724614539, 4445.06930345518));
#62090 = CARTESIAN_POINT ('', (610., 416.810910087377, 4445.61694163215));
#62100 = CARTESIAN_POINT ('', (610., 414.61793542167, 4446.15409839751));
#62110 = CARTESIAN_POINT ('', (610., 412.424997357832, 4446.69124619745));
#62120 = CARTESIAN_POINT ('', (610., 410.204218426418, 4447.23106130105));
#62130 = CARTESIAN_POINT ('', (610., 408.009398059677, 4447.7604653703));
#62140 = CARTESIAN_POINT ('', (610., 405.814613514439, 4448.2898607992));
#62150 = CARTESIAN_POINT ('', (610., 403.591901893621, 4448.821842674));
#62160 = CARTESIAN_POINT ('', (610., 401.395261967112, 4449.34348599411));
#62170 = CARTESIAN_POINT ('', (610., 399.198657064959, 4449.86512099687));
#62180 = CARTESIAN_POINT ('', (610., 396.974044825927, 4450.38925971731));
#62190 = CARTESIAN_POINT ('', (610., 394.775611539446, 4450.90313446582));
#62200 = CARTESIAN_POINT ('', (610., 392.577212467645, 4451.41700121679));
#62210 = CARTESIAN_POINT ('', (610., 390.350732046178, 4451.93328707761));
#62220 = CARTESIAN_POINT ('', (610., 388.15053165732, 4452.43938565053));
#62230 = CARTESIAN_POINT ('', (610., 385.950450945852, 4452.9454566948));
#62240 = CARTESIAN_POINT ('', (610., 383.722008945629, 4453.45395171581));
#62250 = CARTESIAN_POINT ('', (610., 381.520123325236, 4453.9521110814));
#62260 = CARTESIAN_POINT ('', (610., 379.318582873195, 4454.45019235535));
#62270 = CARTESIAN_POINT ('', (610., 377.087772640618, 4454.95059925761));
#62280 = CARTESIAN_POINT ('', (610., 374.884420758041, 4455.4406051749));
#62290 = CARTESIAN_POINT ('', (610., 372.681102789635, 4455.93060354998));
#62300 = CARTESIAN_POINT ('', (610., 370.448452607108, 4456.4228306379));
#62310 = CARTESIAN_POINT ('', (610., 368.243352227551, 4456.90474431643));
#62320 = CARTESIAN_POINT ('', (610., 366.038284557874, 4457.38665084639));
#62330 = CARTESIAN_POINT ('', (610., 363.803831024821, 4457.87068697035));
#62340 = CARTESIAN_POINT ('', (610., 361.59701005583, 4458.3444997417));
#62350 = CARTESIAN_POINT ('', (610., 359.390220582639, 4458.81830575078));
#62360 = CARTESIAN_POINT ('', (610., 357.154000827179, 4459.29414003174));
#62370 = CARTESIAN_POINT ('', (610., 354.945487253435, 4459.75984348654));
#62380 = CARTESIAN_POINT ('', (610., 352.737003961008, 4460.225540556));
#62390 = CARTESIAN_POINT ('', (610., 350.499055656471, 4460.69316237508));
#62400 = CARTESIAN_POINT ('', (610., 348.288877543581, 4461.15074834813));
#62410 = CARTESIAN_POINT ('', (610., 346.078728508216, 4461.6083283011));
#62420 = CARTESIAN_POINT ('', (610., 343.839089890929, 4462.0677272878));
#62430 = CARTESIAN_POINT ('', (610., 341.627275390866, 4462.51718784135));
#62440 = CARTESIAN_POINT ('', (610., 339.415488788251, 4462.96664272588));
#62450 = CARTESIAN_POINT ('', (610., 337.174198676738, 4463.41780874469));
#62460 = CARTESIAN_POINT ('', (610., 334.960776035146, 4463.85913614971));
#62470 = CARTESIAN_POINT ('', (610., 332.747380149887, 4464.30045821988));
#62480 = CARTESIAN_POINT ('', (610., 330.504477965645, 4464.74338135505));
#62490 = CARTESIAN_POINT ('', (610., 328.289475531305, 4465.17656807041));
#62500 = CARTESIAN_POINT ('', (610., 326.074498768908, 4465.60974976513));
#62510 = CARTESIAN_POINT ('', (610., 323.830024558946, 4466.0444203035));
#62520 = CARTESIAN_POINT ('', (610., 321.613470795694, 4466.46945895258));
#62530 = CARTESIAN_POINT ('', (610., 319.396941697369, 4466.89449287199));
#62540 = CARTESIAN_POINT ('', (610., 317.150936158727, 4467.32090128346));
#62550 = CARTESIAN_POINT ('', (610., 314.932859660189, 4467.73778462806));
#62560 = CARTESIAN_POINT ('', (610., 312.714806920865, 4468.15466350716));
#62570 = CARTESIAN_POINT ('', (610., 310.467311427391, 4468.57280042263));
#62580 = CARTESIAN_POINT ('', (610., 308.247740934933, 4468.98152133385));
#62590 = CARTESIAN_POINT ('', (610., 306.028194591446, 4469.39023779818));
#62600 = CARTESIAN_POINT ('', (610., 303.779252454592, 4469.8001107911));
#62610 = CARTESIAN_POINT ('', (610., 301.558214846569, 4470.20064426391));
#62620 = CARTESIAN_POINT ('', (610., 299.33772284411, 4470.6010793443));
#62630 = CARTESIAN_POINT ('', (610., 297.086541844813, 4471.00257812406));
#62640 = CARTESIAN_POINT ('', (610., 294.864525070052, 4471.39446387178));
#62650 = CARTESIAN_POINT ('', (610., 292.642528100708, 4471.78634612653));
#62660 = CARTESIAN_POINT ('', (610., 290.389919858529, 4472.17915792843));
#62670 = CARTESIAN_POINT ('', (610., 288.166430454121, 4472.56248168433));
#62680 = CARTESIAN_POINT ('', (610., 285.942959587191, 4472.94580224442));
#62690 = CARTESIAN_POINT ('', (610., 283.688973304591, 4473.32991587001));
#62700 = CARTESIAN_POINT ('', (610., 281.464042430073, 4473.70466905744));
#62710 = CARTESIAN_POINT ('', (610., 279.239129038361, 4474.07941930017));
#62720 = CARTESIAN_POINT ('', (610., 276.983814997504, 4474.4548238715));
#62730 = CARTESIAN_POINT ('', (610., 274.757474109479, 4474.8209981406));
#62740 = CARTESIAN_POINT ('', (610., 272.531149916324, 4475.18716966384));
#62750 = CARTESIAN_POINT ('', (610., 270.274559532696, 4475.55385460701));
#62760 = CARTESIAN_POINT ('', (610., 268.046840431826, 4475.91144180627));
#62770 = CARTESIAN_POINT ('', (610., 266.559267348272, 4476.15022285028));
#62780 = CARTESIAN_POINT ('', (610., 265.058292631115, 4476.38917658528));
#62790 = CARTESIAN_POINT ('', (610., 263.570110580524, 4476.6241324326));
#62800 = CARTESIAN_POINT ('', (610., 262.081933241476, 4476.85908753606));
#62810 = CARTESIAN_POINT ('', (610., 260.580404769776, 4477.09417246361));
#62820 = CARTESIAN_POINT ('', (610., 259.091628167535, 4477.32529996461));
#62830 = CARTESIAN_POINT ('', (610., 257.602856310109, 4477.55642672899));
#62840 = CARTESIAN_POINT ('', (610., 256.100788110975, 4477.78764006987));
#62850 = CARTESIAN_POINT ('', (610., 254.611426706241, 4478.01493685992));
#62860 = CARTESIAN_POINT ('', (610., 253.122070147294, 4478.24223291043));
#62870 = CARTESIAN_POINT ('', (610., 251.619476430497, 4478.46957192446));
#62880 = CARTESIAN_POINT ('', (610., 250.129540051291, 4478.69303565793));
#62890 = CARTESIAN_POINT ('', (610., 248.639608695066, 4478.91649863804));
#62900 = CARTESIAN_POINT ('', (610., 247.136503860041, 4479.13996061953));
#62910 = CARTESIAN_POINT ('', (610., 245.646002420891, 4479.35958896386));
#62920 = CARTESIAN_POINT ('', (610., 244.155506267489, 4479.57921652933));
#62930 = CARTESIAN_POINT ('', (610., 242.651904910932, 4479.79879880201));
#62940 = CARTESIAN_POINT ('', (610., 241.160848421348, 4480.0145894313));
#62950 = CARTESIAN_POINT ('', (610., 239.669797576091, 4480.23037924373));
#62960 = CARTESIAN_POINT ('', (610., 238.165714500209, 4480.44607915516));
#62970 = CARTESIAN_POINT ('', (610., 236.674113074043, 4480.65802974316));
#62980 = CARTESIAN_POINT ('', (610., 235.182517757814, 4480.86997946296));
#62990 = CARTESIAN_POINT ('', (610., 233.677967979299, 4481.08179437846));
#63000 = CARTESIAN_POINT ('', (610., 232.185831845091, 4481.28990259097));
#63010 = CARTESIAN_POINT ('', (610., 230.693702405735, 4481.49800986974));
#63020 = CARTESIAN_POINT ('', (610., 229.188701165534, 4481.7059371656));
#63030 = CARTESIAN_POINT ('', (610., 227.69604067791, 4481.91020065221));
#63040 = CARTESIAN_POINT ('', (610., 226.203387602779, 4482.11446312445));
#63050 = CARTESIAN_POINT ('', (610., 224.697950376746, 4482.31850018052));
#63060 = CARTESIAN_POINT ('', (610., 223.204776028974, 4482.51891656562));
#63070 = CARTESIAN_POINT ('', (610., 221.711609958721, 4482.71933183971));
#63080 = CARTESIAN_POINT ('', (610., 220.205752469242, 4482.9194760312));
#63090 = CARTESIAN_POINT ('', (610., 218.712074907025, 4483.11604290423));
#63100 = CARTESIAN_POINT ('', (610., 217.218473067282, 4483.31259981225));
#63110 = CARTESIAN_POINT ('', (610., 215.712122462668, 4483.50886320569));
#63120 = CARTESIAN_POINT ('', (610., 214.218009083106, 4483.70149311714));
#63130 = CARTESIAN_POINT ('', (610., 212.724000539539, 4483.89410951252));
#63140 = CARTESIAN_POINT ('', (610., 211.217117438204, 4484.08635013585));
#63150 = CARTESIAN_POINT ('', (610., 209.722602111998, 4484.27499409614));
#63160 = CARTESIAN_POINT ('', (610., 208.228095701374, 4484.46363693106));
#63170 = CARTESIAN_POINT ('', (610., 206.720830992872, 4484.65185484954));
#63180 = CARTESIAN_POINT ('', (610., 205.225828234897, 4484.83652288741));
#63190 = CARTESIAN_POINT ('', (610., 203.730835713605, 4485.02118966081));
#63200 = CARTESIAN_POINT ('', (610., 202.223207486206, 4485.20538224394));
#63210 = CARTESIAN_POINT ('', (610., 200.727729068244, 4485.38607191528));
#63220 = CARTESIAN_POINT ('', (610., 199.2322624417, 4485.56676016193));
#63230 = CARTESIAN_POINT ('', (610., 197.724289137363, 4485.74692485111));
#63240 = CARTESIAN_POINT ('', (610., 196.228347079332, 4485.92363374336));
#63250 = CARTESIAN_POINT ('', (610., 194.732418625718, 4486.10034102858));
#63260 = CARTESIAN_POINT ('', (610., 193.224119058831, 4486.27647533314));
#63270 = CARTESIAN_POINT ('', (610., 191.72772565253, 4486.44920105954));
#63280 = CARTESIAN_POINT ('', (610., 190.231347948576, 4486.62192497345));
#63290 = CARTESIAN_POINT ('', (610., 188.722741326263, 4486.79402646638));
#63300 = CARTESIAN_POINT ('', (610., 187.225909161163, 4486.96276665971));
#63310 = CARTESIAN_POINT ('', (610., 185.729095110068, 4487.13150481103));
#63320 = CARTESIAN_POINT ('', (610., 184.220201054141, 4487.29957112408));
#63330 = CARTESIAN_POINT ('', (610., 182.722943045318, 4487.46432342992));
#63340 = CARTESIAN_POINT ('', (610., 181.225705906867, 4487.62907343925));
#63350 = CARTESIAN_POINT ('', (610., 179.716544477506, 4487.79310225757));
#63360 = CARTESIAN_POINT ('', (610., 178.218873895776, 4487.95386432696));
#63370 = CARTESIAN_POINT ('', (610., 176.721227318701, 4488.11462381965));
#63380 = CARTESIAN_POINT ('', (610., 175.211819039896, 4488.27461287576));
#63390 = CARTESIAN_POINT ('', (610., 173.713749544192, 4488.43138235734));
#63400 = CARTESIAN_POINT ('', (610., 172.21570760076, 4488.58814895564));
#63410 = CARTESIAN_POINT ('', (610., 170.706073487529, 4488.74409602284));
#63420 = CARTESIAN_POINT ('', (610., 169.207619159513, 4488.89687055433));
#63430 = CARTESIAN_POINT ('', (610., 167.709196382278, 4489.04964186907));
#63440 = CARTESIAN_POINT ('', (610., 166.199357969604, 4489.20154475413));
#63450 = CARTESIAN_POINT ('', (610., 164.700533350444, 4489.35032195313));
#63460 = CARTESIAN_POINT ('', (610., 163.201744770996, 4489.49909557473));
#63470 = CARTESIAN_POINT ('', (610., 161.691724144367, 4489.64695210984));
#63480 = CARTESIAN_POINT ('', (610., 160.19254427352, 4489.79172956394));
#63490 = CARTESIAN_POINT ('', (610., 158.693405462982, 4489.93650305279));
#63500 = CARTESIAN_POINT ('', (610., 157.183225290287, 4490.08031108679));
#63510 = CARTESIAN_POINT ('', (610., 155.683705746033, 4490.22108634291));
#63520 = CARTESIAN_POINT ('', (610., 154.184232856863, 4490.36185721905));
#63530 = CARTESIAN_POINT ('', (610., 152.673916421301, 4490.50161460778));
#63540 = CARTESIAN_POINT ('', (610., 151.174073362596, 4490.63838516081));
#63550 = CARTESIAN_POINT ('', (610., 149.674283171112, 4490.77515089289));
#63560 = CARTESIAN_POINT ('', (610., 148.163854404531, 4490.91085548874));
#63570 = CARTESIAN_POINT ('', (610., 146.663704613581, 4491.04361876926));
#63580 = CARTESIAN_POINT ('', (610., 145.163614562328, 4491.17637676281));
#63590 = CARTESIAN_POINT ('', (610., 143.653098078233, 4491.30802640342));
#63600 = CARTESIAN_POINT ('', (610., 142.152659002932, 4491.43677976465));
#63610 = CARTESIAN_POINT ('', (610., 140.652287241718, 4491.56552734963));
#63620 = CARTESIAN_POINT ('', (610., 139.141708366837, 4491.69311984559));
#63630 = CARTESIAN_POINT ('', (610., 137.640998161879, 4491.81786054953));
#63640 = CARTESIAN_POINT ('', (610., 136.140363585898, 4491.94259496711));
#63650 = CARTESIAN_POINT ('', (610., 134.629748388833, 4492.06612808889));
#63660 = CARTESIAN_POINT ('', (610., 133.128785953929, 4492.18685329158));
#63670 = CARTESIAN_POINT ('', (610., 131.627908236878, 4492.30757168026));
#63680 = CARTESIAN_POINT ('', (610., 130.117283551859, 4492.42704314416));
#63690 = CARTESIAN_POINT ('', (610., 128.616088564966, 4492.54374988018));
#63700 = CARTESIAN_POINT ('', (610., 127.115004622849, 4492.6604479833));
#63710 = CARTESIAN_POINT ('', (610., 125.604383098191, 4492.77586563494));
#63720 = CARTESIAN_POINT ('', (610., 124.102990240963, 4492.88851969308));
#63730 = CARTESIAN_POINT ('', (610., 122.601758490461, 4493.00116166289));
#63740 = CARTESIAN_POINT ('', (610., 121.091125551227, 4493.11244546706));
#63750 = CARTESIAN_POINT ('', (610., 119.589593252516, 4493.22100760599));
#63760 = CARTESIAN_POINT ('', (610., 118.088172641301, 4493.32956166981));
#63770 = CARTESIAN_POINT ('', (610., 116.577618308594, 4493.43671321381));
#63780 = CARTESIAN_POINT ('', (610., 115.075908223252, 4493.54118644546));
#63790 = CARTESIAN_POINT ('', (610., 113.574321892916, 4493.64565106754));
#63800 = CARTESIAN_POINT ('', (610., 112.063876933583, 4493.74866978882));
#63810 = CARTESIAN_POINT ('', (610., 110.562012213003, 4493.84905268475));
#63820 = CARTESIAN_POINT ('', (610., 109.060284073226, 4493.94942645178));
#63830 = CARTESIAN_POINT ('', (610., 107.549979911471, 4494.04831197754));
#63840 = CARTESIAN_POINT ('', (610., 106.047984474083, 4494.14460322829));
#63850 = CARTESIAN_POINT ('', (610., 104.546139119276, 4494.2408848574));
#63860 = CARTESIAN_POINT ('', (610., 103.036007735037, 4494.3356370121));
#63870 = CARTESIAN_POINT ('', (610., 101.533906182944, 4494.42783543432));
#63880 = CARTESIAN_POINT ('', (610., 100.03196876343, 4494.52002378215));
#63890 = CARTESIAN_POINT ('', (610., 98.5220425451452, 4494.61064259558));
#63900 = CARTESIAN_POINT ('', (610., 97.0198600353093, 4494.69874714005));
#63910 = CARTESIAN_POINT ('', (610., 95.5178560717129, 4494.7868412126));
#63920 = CARTESIAN_POINT ('', (610., 94.0081676122697, 4494.8733269286));
#63930 = CARTESIAN_POINT ('', (610., 92.5059296709117, 4494.95733668888));
#63940 = CARTESIAN_POINT ('', (610., 91.0038847989269, 4495.04133565212));
#63950 = CARTESIAN_POINT ('', (610., 89.4944666221154, 4495.12368873752));
#63960 = CARTESIAN_POINT ('', (610., 87.9921988894954, 4495.2036029591));
#63970 = CARTESIAN_POINT ('', (610., 86.4901385209833, 4495.2835061498));
#63980 = CARTESIAN_POINT ('', (610., 84.9810227246081, 4495.36172730324));
#63990 = CARTESIAN_POINT ('', (610., 83.4787506161514, 4495.43754539271));
#64000 = CARTESIAN_POINT ('', (610., 81.976699501974, 4495.51335232883));
#64010 = CARTESIAN_POINT ('', (610., 80.4679173032298, 4495.58744248884));
#64020 = CARTESIAN_POINT ('', (610., 78.9656655724004, 4495.65916402247));
#64030 = CARTESIAN_POINT ('', (610., 77.4636472529044, 4495.73087441241));
#64040 = CARTESIAN_POINT ('', (610., 75.9552284221714, 4495.8008347638));
#64050 = CARTESIAN_POINT ('', (610., 74.4530206110124, 4495.86845949464));
#64060 = CARTESIAN_POINT ('', (610., 72.9510567422578, 4495.93607324395));
#64070 = CARTESIAN_POINT ('', (610., 71.443028913675, 4496.00190522141));
#64080 = CARTESIAN_POINT ('', (610., 69.9408866791154, 4496.06543308374));
#64090 = CARTESIAN_POINT ('', (610., 68.4389962274977, 4496.12895029779));
#64100 = CARTESIAN_POINT ('', (610., 66.93138407925, 4496.19065558511));
#64110 = CARTESIAN_POINT ('', (610., 65.4293263878319, 4496.25008669474));
#64120 = CARTESIAN_POINT ('', (610., 63.9275246934734, 4496.30950767548));
#64130 = CARTESIAN_POINT ('', (610., 62.4203489984548, 4496.36708819843));
#64140 = CARTESIAN_POINT ('', (610., 60.9183911898599, 4496.42242284698));
#64150 = CARTESIAN_POINT ('', (610., 59.4166889107904, 4496.4777480814));
#64160 = CARTESIAN_POINT ('', (610., 57.9099654699454, 4496.53120599229));
#64170 = CARTESIAN_POINT ('', (610., 56.408118201347, 4496.58244463327));
#64180 = CARTESIAN_POINT ('', (610., 54.9065201666102, 4496.63367477111));
#64190 = CARTESIAN_POINT ('', (610., 53.4002586533292, 4496.68301242245));
#64200 = CARTESIAN_POINT ('', (610., 51.8985267527083, 4496.73015564685));
#64210 = CARTESIAN_POINT ('', (610., 50.3970307731287, 4496.77729146508));
#64220 = CARTESIAN_POINT ('', (610., 48.8912335375843, 4496.82251137005));
#64230 = CARTESIAN_POINT ('', (610., 47.3896148147466, 4496.86555986917));
#64240 = CARTESIAN_POINT ('', (610., 45.8882105243076, 4496.90860222094));
#64250 = CARTESIAN_POINT ('', (610., 44.3828714307153, 4496.94970699876));
#64260 = CARTESIAN_POINT ('', (610., 42.8813555189571, 4496.98866151238));
#64270 = CARTESIAN_POINT ('', (610., 41.3800233454228, 4497.02761125919));
#64280 = CARTESIAN_POINT ('', (610., 39.8751267406967, 4497.06460356411));
#64290 = CARTESIAN_POINT ('', (610., 38.3736940677454, 4497.0994648128));
#64300 = CARTESIAN_POINT ('', (610., 36.8724044545353, 4497.13432273984));
#64310 = CARTESIAN_POINT ('', (610., 35.3679243899524, 4497.16720517411));
#64320 = CARTESIAN_POINT ('', (610., 33.8665454001791, 4497.19797377624));
#64330 = CARTESIAN_POINT ('', (610., 32.3652584172028, 4497.22874049283));
#64340 = CARTESIAN_POINT ('', (610., 30.8611582601197, 4497.25751550571));
#64350 = CARTESIAN_POINT ('', (610., 29.3597930257106, 4497.28419188123));
#64360 = CARTESIAN_POINT ('', (610., 27.8584585083789, 4497.31086771097));
#64370 = CARTESIAN_POINT ('', (610., 26.3546910822737, 4497.33553748859));
#64380 = CARTESIAN_POINT ('', (610., 24.8532894425513, 4497.35812175441));
#64390 = CARTESIAN_POINT ('', (610., 23.3518477790772, 4497.38070662227));
#64400 = CARTESIAN_POINT ('', (610., 21.8483561508663, 4497.40127297552));
#64410 = CARTESIAN_POINT ('', (610., 20.3468584998426, 4497.41976483973));
#64420 = CARTESIAN_POINT ('', (610., 18.8452421427956, 4497.43825816589));
#64430 = CARTESIAN_POINT ('', (610., 17.3419611321216, 4497.45472242617));
#64440 = CARTESIAN_POINT ('', (610., 15.8402999302131, 4497.4691210909));
#64450 = CARTESIAN_POINT ('', (610., 14.3384356389467, 4497.48352170294));
#64460 = CARTESIAN_POINT ('', (610., 12.8352940548572, 4497.49588463699));
#64470 = CARTESIAN_POINT ('', (610., 11.3333960713496, 4497.50618872084));
#64480 = CARTESIAN_POINT ('', (610., 9.08750994584603, 4497.52159709025));
#64490 = CARTESIAN_POINT ('', (610., 6.83974312612596, 4497.53243365618));
#64500 = CARTESIAN_POINT ('', (610., 4.59381283007795, 4497.53867960455));
#64510 = CARTESIAN_POINT ('', (610., 3.09100051404682, 4497.54285893645));
#64520 = CARTESIAN_POINT ('', (610., 1.58788418457229, 4497.54498776492));
#64530 = CARTESIAN_POINT ('', (610., 0.0850660591690655, 4497.54506515683));
#64540 = CARTESIAN_POINT ('', (610., -0.114050617580893, 4497.54507541091));
#64550 = CARTESIAN_POINT ('', (610., -0.313167202799546, 4497.54504966195));
#64560 = CARTESIAN_POINT ('', (610., -0.512283870237969, 4497.54498790995));
#64570 = CARTESIAN_POINT ('', (610., -2.79620683210604, 4497.54427959747));
#64580 = CARTESIAN_POINT ('', (610., -5.07969313286568, 4497.53883572957));
#64590 = CARTESIAN_POINT ('', (610., -7.36359351272227, 4497.52865474997));
#64600 = CARTESIAN_POINT ('', (610., -9.6490340714388, 4497.51846690469));
#64610 = CARTESIAN_POINT ('', (610., -11.9326627408298, 4497.50354923573));
#64620 = CARTESIAN_POINT ('', (610., -14.2180413637538, 4497.48387972888));
#64630 = CARTESIAN_POINT ('', (610., -16.5045706794164, 4497.46420031838));
#64640 = CARTESIAN_POINT ('', (610., -18.787916185324, 4497.43981050846));
#64650 = CARTESIAN_POINT ('', (610., -21.0743441812904, 4497.41064529214));
#64660 = CARTESIAN_POINT ('', (610., -23.3615149605967, 4497.38147060102));
#64670 = CARTESIAN_POINT ('', (610., -25.6441390947472, 4497.34761846257));
#64680 = CARTESIAN_POINT ('', (610., -27.9311692099133, 4497.30895855262));
#64690 = CARTESIAN_POINT ('', (610., -30.2185527316869, 4497.27029266869));
#64700 = CARTESIAN_POINT ('', (610., -32.5000412029816, 4497.22699535821));
#64710 = CARTESIAN_POINT ('', (610., -34.7872448148202, 4497.17884907845));
#64720 = CARTESIAN_POINT ('', (610., -36.307712945756, 4497.14684279636));
#64730 = CARTESIAN_POINT ('', (610., -37.8250341711602, 4497.11281166619));
#64740 = CARTESIAN_POINT ('', (610., -39.3454083756644, 4497.07661750142));
#64750 = CARTESIAN_POINT ('', (610., -40.8657075107884, 4497.04042512377));
#64760 = CARTESIAN_POINT ('', (610., -42.382473527103, 4497.00222740637));
#64770 = CARTESIAN_POINT ('', (610., -43.9026672673975, 4496.9618499321));
#64780 = CARTESIAN_POINT ('', (610., -45.4227401180953, 4496.92147566874));
#64790 = CARTESIAN_POINT ('', (610., -46.9388983041581, 4496.87911769027));
#64800 = CARTESIAN_POINT ('', (610., -48.4588543200776, 4496.83456140856));
#64810 = CARTESIAN_POINT ('', (610., -49.9786532933556, 4496.79000973043));
#64820 = CARTESIAN_POINT ('', (610., -51.4941610771961, 4496.74349798408));
#64830 = CARTESIAN_POINT ('', (610., -53.0138318041678, 4496.69476757483));
#64840 = CARTESIAN_POINT ('', (610., -54.5333184943045, 4496.64604306697));
#64850 = CARTESIAN_POINT ('', (610., -56.0481428023049, 4496.59538406852));
#64860 = CARTESIAN_POINT ('', (610., -57.5674898622544, 4496.54248425196));
#64870 = CARTESIAN_POINT ('', (610., -59.0866342188191, 4496.48959149303));
#64880 = CARTESIAN_POINT ('', (610., -60.6007506083077, 4496.43479166384));
#64890 = CARTESIAN_POINT ('', (610., -62.1197439771433, 4496.37772709109));
#64900 = CARTESIAN_POINT ('', (610., -63.638523279635, 4496.32067056024));
#64910 = CARTESIAN_POINT ('', (610., -65.1519148847354, 4496.26173613849));
#64920 = CARTESIAN_POINT ('', (610., -66.6705318666501, 4496.20051130995));
#64930 = CARTESIAN_POINT ('', (610., -68.1889296158151, 4496.13929532004));
#64940 = CARTESIAN_POINT ('', (610., -69.7015860157072, 4496.07623229812));
#64950 = CARTESIAN_POINT ('', (610., -71.2198101343287, 4496.01085150793));
#64960 = CARTESIAN_POINT ('', (610., -72.7378149451654, 4495.94548016201));
#64970 = CARTESIAN_POINT ('', (610., -74.2497310386456, 4495.87829424704));
#64980 = CARTESIAN_POINT ('', (610., -75.7675509300107, 4495.80876154993));
#64990 = CARTESIAN_POINT ('', (610., -77.2851554863006, 4495.73923871751));
#65000 = CARTESIAN_POINT ('', (610., -78.7963304313248, 4495.667935311));
#65010 = CARTESIAN_POINT ('', (610., -80.3137387984847, 4495.59425450772));
#65020 = CARTESIAN_POINT ('', (610., -81.8309389063575, 4495.52058381688));
#65030 = CARTESIAN_POINT ('', (610., -83.3413751610068, 4495.44516800963));
#65040 = CARTESIAN_POINT ('', (610., -84.8583678277402, 4495.36734264683));
#65050 = CARTESIAN_POINT ('', (610., -86.3751615877025, 4495.28952748843));
#65060 = CARTESIAN_POINT ('', (610., -87.8848640710972, 4495.21000406695));
#65070 = CARTESIAN_POINT ('', (610., -89.4014391541352, 4495.12803744786));
#65080 = CARTESIAN_POINT ('', (610., -90.9178262574876, 4495.04608098854));
#65090 = CARTESIAN_POINT ('', (610., -92.4268016358528, 4494.96245444967));
#65100 = CARTESIAN_POINT ('', (610., -93.9429588415192, 4494.87634965222));
#65110 = CARTESIAN_POINT ('', (610., -95.4589399877719, 4494.79025485344));
#65120 = CARTESIAN_POINT ('', (610., -96.9671960817328, 4494.70252942445));
#65130 = CARTESIAN_POINT ('', (610., -98.4829361235924, 4494.61228932431));
#65140 = CARTESIAN_POINT ('', (610., -99.9985125496666, 4494.52205896509));
#65150 = CARTESIAN_POINT ('', (610., -101.506057853189, 4494.43023862713));
#65160 = CARTESIAN_POINT ('', (610., -103.021381981482, 4494.33586592338));
#65170 = CARTESIAN_POINT ('', (610., -104.536555090336, 4494.24150262497));
#65180 = CARTESIAN_POINT ('', (610., -106.04339838873, 4494.14559113812));
#65190 = CARTESIAN_POINT ('', (610., -107.558308019218, 4494.0470883801));
#65200 = CARTESIAN_POINT ('', (610., -109.073079094327, 4493.94859463125));
#65210 = CARTESIAN_POINT ('', (610., -110.579229167617, 4493.84859556008));
#65220 = CARTESIAN_POINT ('', (610., -112.093725596274, 4493.74596517406));
#65230 = CARTESIAN_POINT ('', (610., -113.60809558846, 4493.64334335605));
#65240 = CARTESIAN_POINT ('', (610., -115.113560986592, 4493.53926009459));
#65250 = CARTESIAN_POINT ('', (610., -116.62764517662, 4493.43250440963));
#65260 = CARTESIAN_POINT ('', (610., -118.1416145506, 4493.32575682017));
#65270 = CARTESIAN_POINT ('', (610., -119.64640342788, 4493.21759261593));
#65280 = CARTESIAN_POINT ('', (610., -121.160075856434, 4493.10671388831));
#65290 = CARTESIAN_POINT ('', (610., -122.673644485751, 4492.99584276414));
#65300 = CARTESIAN_POINT ('', (610., -124.177764483246, 4492.88360074069));
#65310 = CARTESIAN_POINT ('', (610., -125.691025036511, 4492.76860117653));
#65320 = CARTESIAN_POINT ('', (610., -127.204130755306, 4492.65361337894));
#65330 = CARTESIAN_POINT ('', (610., -128.707650524321, 4492.53731102941));
#65340 = CARTESIAN_POINT ('', (610., -130.220441689488, 4492.41825641826));
#65350 = CARTESIAN_POINT ('', (610., -131.733128139603, 4492.29921004805));
#65360 = CARTESIAN_POINT ('', (610., -133.236020451499, 4492.1789063637));
#65370 = CARTESIAN_POINT ('', (610., -134.748382269061, 4492.05580450585));
#65380 = CARTESIAN_POINT ('', (610., -136.260664788795, 4491.93270910261));
#65390 = CARTESIAN_POINT ('', (610., -137.762919297304, 4491.80840318952));
#65400 = CARTESIAN_POINT ('', (610., -139.274866549146, 4491.6812560093));
#65410 = CARTESIAN_POINT ('', (610., -140.786742985764, 4491.55411478429));
#65420 = CARTESIAN_POINT ('', (610., -142.28836474377, 4491.42581035736));
#65430 = CARTESIAN_POINT ('', (610., -143.799895281427, 4491.29462085919));
#65440 = CARTESIAN_POINT ('', (610., -145.311362788405, 4491.16343683162));
#65450 = CARTESIAN_POINT ('', (610., -146.812356155467, 4491.03113737078));
#65460 = CARTESIAN_POINT ('', (610., -148.323467136689, 4490.89590839396));
#65470 = CARTESIAN_POINT ('', (610., -149.834522197082, 4490.76068442149));
#65480 = CARTESIAN_POINT ('', (610., -151.334890855971, 4490.6243932017));
#65490 = CARTESIAN_POINT ('', (610., -152.845578768265, 4490.48512744883));
#65500 = CARTESIAN_POINT ('', (610., -154.356217224711, 4490.34586625514));
#65510 = CARTESIAN_POINT ('', (610., -155.855964204074, 4490.20558637373));
#65520 = CARTESIAN_POINT ('', (610., -157.366224894849, 4490.06228643632));
#65530 = CARTESIAN_POINT ('', (610., -158.876441983904, 4489.91899063603));
#65540 = CARTESIAN_POINT ('', (610., -160.375569684916, 4489.77472503746));
#65550 = CARTESIAN_POINT ('', (610., -161.885398395946, 4489.62739341897));
#65560 = CARTESIAN_POINT ('', (610., -163.395188784975, 4489.48006554001));
#65570 = CARTESIAN_POINT ('', (610., -164.893699010343, 4489.3318170384));
#65580 = CARTESIAN_POINT ('', (610., -166.403090414756, 4489.18045617488));
#65590 = CARTESIAN_POINT ('', (610., -167.912448240017, 4489.02909867864));
#65600 = CARTESIAN_POINT ('', (610., -169.410342224122, 4488.8768699781));
#65610 = CARTESIAN_POINT ('', (610., -170.919290464574, 4488.72148225664));
#65620 = CARTESIAN_POINT ('', (610., -172.428209369504, 4488.56609755609));
#65630 = CARTESIAN_POINT ('', (610., -173.925487808778, 4488.40989126914));
#65640 = CARTESIAN_POINT ('', (610., -175.433986535807, 4488.25047904447));
#65650 = CARTESIAN_POINT ('', (610., -176.942459708758, 4488.09106952025));
#65660 = CARTESIAN_POINT ('', (610., -178.43912279165, 4487.9308881846));
#65670 = CARTESIAN_POINT ('', (610., -179.947165201472, 4487.76745379378));
#65680 = CARTESIAN_POINT ('', (610., -181.455185412373, 4487.60402180877));
#65690 = CARTESIAN_POINT ('', (610., -182.951232848451, 4487.43986790242));
#65700 = CARTESIAN_POINT ('', (610., -184.458811719672, 4487.27241367805));
#65710 = CARTESIAN_POINT ('', (610., -185.966371355257, 4487.10496159028));
#65720 = CARTESIAN_POINT ('', (610., -187.461802403151, 4486.93683754526));
#65730 = CARTESIAN_POINT ('', (610., -188.968910132034, 4486.76536582724));
#65740 = CARTESIAN_POINT ('', (610., -190.476001229395, 4486.59389600147));
#65750 = CARTESIAN_POINT ('', (610., -191.970814723388, 4486.42180421632));
#65760 = CARTESIAN_POINT ('', (610., -193.477443357442, 4486.24631736228));
#65770 = CARTESIAN_POINT ('', (610., -194.984057635774, 4486.07083218035));
#65780 = CARTESIAN_POINT ('', (610., -196.47825201094, 4485.89477503143));
#65790 = CARTESIAN_POINT ('', (610., -197.984393280687, 4485.71527542608));
#65800 = CARTESIAN_POINT ('', (610., -199.490522171141, 4485.53577729608));
#65810 = CARTESIAN_POINT ('', (610., -200.984095487003, 4485.3557571479));
#65820 = CARTESIAN_POINT ('', (610., -202.489740835853, 4485.17224721133));
#65830 = CARTESIAN_POINT ('', (610., -203.995375509499, 4484.98873857588));
#65840 = CARTESIAN_POINT ('', (610., -205.488325472192, 4484.80475779042));
#65850 = CARTESIAN_POINT ('', (610., -206.993466084427, 4484.61723998547));
#65860 = CARTESIAN_POINT ('', (610., -208.498597478339, 4484.42972332898));
#65870 = CARTESIAN_POINT ('', (610., -209.990921461335, 4484.24178427431));
#65880 = CARTESIAN_POINT ('', (610., -211.495548288202, 4484.05026111312));
#65890 = CARTESIAN_POINT ('', (610., -213.000167129724, 4483.85873896837));
#65900 = CARTESIAN_POINT ('', (610., -214.491862193172, 4483.66684402637));
#65910 = CARTESIAN_POINT ('', (610., -215.995965977158, 4483.47131807621));
#65920 = CARTESIAN_POINT ('', (610., -217.499968101315, 4483.27580534132));
#65930 = CARTESIAN_POINT ('', (610., -218.99116018795, 4483.07995238637));
#65940 = CARTESIAN_POINT ('', (610., -220.494648951455, 4482.88053032894));
#65950 = CARTESIAN_POINT ('', (610., -221.998059167593, 4482.68111869));
#65960 = CARTESIAN_POINT ('', (610., -223.488731869879, 4482.48143958177));
#65970 = CARTESIAN_POINT ('', (610., -224.991622722019, 4482.27815070778));
#65980 = CARTESIAN_POINT ('', (610., -226.494505984388, 4482.07486286043));
#65990 = CARTESIAN_POINT ('', (610., -227.984558987575, 4481.87135360372));
#66000 = CARTESIAN_POINT ('', (610., -229.486913053633, 4481.66419108446));
#66010 = CARTESIAN_POINT ('', (610., -230.989260338155, 4481.45702950031));
#66020 = CARTESIAN_POINT ('', (610., -232.478689697097, 4481.24969231595));
#66030 = CARTESIAN_POINT ('', (610., -233.980497957796, 4481.03865859032));
#66040 = CARTESIAN_POINT ('', (610., -235.48230010298, 4480.82762572404));
#66050 = CARTESIAN_POINT ('', (610., -236.971101643182, 4480.61646279549));
#66060 = CARTESIAN_POINT ('', (610., -238.472354942775, 4480.40156029577));
#66070 = CARTESIAN_POINT ('', (610., -239.973602664737, 4480.18665859447));
#66080 = CARTESIAN_POINT ('', (610., -241.461771995143, 4479.97167207799));
#66090 = CARTESIAN_POINT ('', (610., -242.962461056436, 4479.75290323829));
#66100 = CARTESIAN_POINT ('', (610., -244.46314496276, 4479.53413515006));
#66110 = CARTESIAN_POINT ('', (610., -245.950677487645, 4479.31532718399));
#66120 = CARTESIAN_POINT ('', (610., -247.450792925861, 4479.09269444797));
#66130 = CARTESIAN_POINT ('', (610., -248.950903528373, 4478.87006242962));
#66140 = CARTESIAN_POINT ('', (610., -250.43779445842, 4478.6474351429));
#66150 = CARTESIAN_POINT ('', (610., -251.937326793972, 4478.42094097079));
#66160 = CARTESIAN_POINT ('', (610., -253.43685452052, 4478.19444749484));
#66170 = CARTESIAN_POINT ('', (610., -254.923098883145, 4477.96800301487));
#66180 = CARTESIAN_POINT ('', (610., -256.422038553412, 4477.73764988978));
#66190 = CARTESIAN_POINT ('', (610., -257.920973758712, 4477.50729745086));
#66200 = CARTESIAN_POINT ('', (610., -259.40656640772, 4477.27703791068));
#66210 = CARTESIAN_POINT ('', (610., -260.904903777893, 4477.04282834438));
#66220 = CARTESIAN_POINT ('', (610., -262.403236753516, 4476.808619465));
#66230 = CARTESIAN_POINT ('', (610., -263.888172378139, 4476.57454700993));
#66240 = CARTESIAN_POINT ('', (610., -265.385897751209, 4476.33648354806));
#66250 = CARTESIAN_POINT ('', (610., -266.883618734784, 4476.0984207839));
#66260 = CARTESIAN_POINT ('', (610., -268.367891868161, 4475.86053757762));
#66270 = CARTESIAN_POINT ('', (610., -269.864995494112, 4475.61862280444));
#66280 = CARTESIAN_POINT ('', (610., -271.362094677797, 4475.37670874908));
#66290 = CARTESIAN_POINT ('', (610., -272.845699704944, 4475.13501697927));
#66300 = CARTESIAN_POINT ('', (610., -274.342171789223, 4474.88925352197));
#66310 = CARTESIAN_POINT ('', (610., -275.838639327501, 4474.64349081125));
#66320 = CARTESIAN_POINT ('', (610., -277.32157049283, 4474.39799269477));
#66330 = CARTESIAN_POINT ('', (610., -278.817401204136, 4474.14838322737));
#66340 = CARTESIAN_POINT ('', (610., -280.313227220999, 4473.89877454334));
#66350 = CARTESIAN_POINT ('', (610., -281.795478635409, 4473.64947233097));
#66360 = CARTESIAN_POINT ('', (610., -283.290658112873, 4473.39601957789));
#66370 = CARTESIAN_POINT ('', (610., -284.785832708432, 4473.14256765236));
#66380 = CARTESIAN_POINT ('', (610., -286.267398356029, 4472.88946363324));
#66390 = CARTESIAN_POINT ('', (610., -287.761916715816, 4472.6321703725));
#66400 = CARTESIAN_POINT ('', (610., -289.256429972389, 4472.37487799033));
#66410 = CARTESIAN_POINT ('', (610., -290.737303716854, 4472.11797449599));
#66420 = CARTESIAN_POINT ('', (610., -292.231151058251, 4471.85684356216));
#66430 = CARTESIAN_POINT ('', (610., -293.724993045972, 4471.59571356418));
#66440 = CARTESIAN_POINT ('', (610., -295.205168636619, 4471.3350129723));
#66450 = CARTESIAN_POINT ('', (610., -296.698335047631, 4471.07004725914));
#66460 = CARTESIAN_POINT ('', (610., -298.191495829618, 4470.80508254486));
#66470 = CARTESIAN_POINT ('', (610., -299.670966907162, 4470.54058728271));
#66480 = CARTESIAN_POINT ('', (610., -301.163442469677, 4470.27178974557));
#66490 = CARTESIAN_POINT ('', (610., -302.655745402344, 4470.00302329937));
#66500 = CARTESIAN_POINT ('', (610., -304.134764582727, 4469.73472691001));
#66510 = CARTESIAN_POINT ('', (610., -305.626398756573, 4469.46227336009));
#66520 = CARTESIAN_POINT ('', (610., -307.867190640116, 4469.05298285574));
#66530 = CARTESIAN_POINT ('', (610., -310.078437266461, 4468.64488312624));
#66540 = CARTESIAN_POINT ('', (610., -312.317708001351, 4468.22735042312));
#66550 = CARTESIAN_POINT ('', (610., -314.556956219116, 4467.80982191854));
#66560 = CARTESIAN_POINT ('', (610., -316.766615436581, 4467.39360313472));
#66570 = CARTESIAN_POINT ('', (610., -319.004312612265, 4466.96784031008));
#66580 = CARTESIAN_POINT ('', (610., -321.241986382018, 4466.54208193885));
#66590 = CARTESIAN_POINT ('', (610., -323.450040546733, 4466.11775010279));
#66600 = CARTESIAN_POINT ('', (610., -325.68613342642, 4465.68376539807));
#66610 = CARTESIAN_POINT ('', (610., -327.922201895623, 4465.24978543099));
#66620 = CARTESIAN_POINT ('', (610., -330.12863276678, 4464.81734665485));
#66630 = CARTESIAN_POINT ('', (610., -332.363090549734, 4464.37514847869));
#66640 = CARTESIAN_POINT ('', (610., -334.597522827956, 4463.93295534992));
#66650 = CARTESIAN_POINT ('', (610., -336.80231160742, 4463.49241588635));
#66660 = CARTESIAN_POINT ('', (610., -339.035103461278, 4463.04201283747));
#66670 = CARTESIAN_POINT ('', (610., -341.267868648984, 4462.59161516773));
#66680 = CARTESIAN_POINT ('', (610., -343.470996018451, 4462.14298143707));
#66690 = CARTESIAN_POINT ('', (610., -345.702091107917, 4461.68438232446));
#66700 = CARTESIAN_POINT ('', (610., -347.933158322071, 4461.22578894158));
#66710 = CARTESIAN_POINT ('', (610., -350.134604478043, 4460.76906755628));
#66720 = CARTESIAN_POINT ('', (610., -352.363971990396, 4460.30228141707));
#66730 = CARTESIAN_POINT ('', (610., -354.593310387253, 4459.83550137408));
#66740 = CARTESIAN_POINT ('', (610., -356.793055074073, 4459.37069916059));
#66750 = CARTESIAN_POINT ('', (610., -359.020664241872, 4458.89573527589));
#66760 = CARTESIAN_POINT ('', (610., -361.24824303729, 4458.42077786709));
#66770 = CARTESIAN_POINT ('', (610., -363.446265578423, 4457.94790188544));
#66780 = CARTESIAN_POINT ('', (610., -365.672085699734, 4457.46476979425));
#66790 = CARTESIAN_POINT ('', (610., -367.897874187311, 4456.98164456942));
#66800 = CARTESIAN_POINT ('', (610., -370.094153515054, 4456.50070213084));
#66810 = CARTESIAN_POINT ('', (610., -372.3181539715, 4456.0094116424));
#66820 = CARTESIAN_POINT ('', (610., -374.542121538777, 4455.51812841931));
#66830 = CARTESIAN_POINT ('', (610., -376.736636222537, 4455.0291271019));
#66840 = CARTESIAN_POINT ('', (610., -378.958786495419, 4454.52968830653));
#66850 = CARTESIAN_POINT ('', (610., -381.180893835033, 4454.03025916061));
#66860 = CARTESIAN_POINT ('', (610., -383.373628181185, 4453.53316976417));
#66870 = CARTESIAN_POINT ('', (610., -385.593899030702, 4453.02563862685));
#66880 = CARTESIAN_POINT ('', (610., -387.813743388664, 4452.51820498113));
#66890 = CARTESIAN_POINT ('', (610., -390.00533226108, 4452.01315373029));
#66900 = CARTESIAN_POINT ('', (610., -392.22336968642, 4451.49787918387));
#66910 = CARTESIAN_POINT ('', (610., -394.441373533851, 4450.98261243798));
#66920 = CARTESIAN_POINT ('', (610., -396.631191548238, 4450.46981453277));
#66930 = CARTESIAN_POINT ('', (610., -398.847361195393, 4449.94671513335));
#66940 = CARTESIAN_POINT ('', (610., -401.063496421551, 4449.42362385858));
#66950 = CARTESIAN_POINT ('', (610., -403.251521987396, 4448.90308595668));
#66960 = CARTESIAN_POINT ('', (610., -405.465795816715, 4448.37217049152));
#66970 = CARTESIAN_POINT ('', (610., -407.680034392481, 4447.84126347909));
#66980 = CARTESIAN_POINT ('', (610., -409.86624569152, 4447.31299246702));
#66990 = CARTESIAN_POINT ('', (610., -412.0785957501, 4446.77426995537));
#67000 = CARTESIAN_POINT ('', (610., -414.290909737838, 4446.23555622721));
#67010 = CARTESIAN_POINT ('', (610., -416.475284742622, 4445.69955923266));
#67020 = CARTESIAN_POINT ('', (610., -418.685683174088, 4445.1530389353));
#67030 = CARTESIAN_POINT ('', (610., -420.896044736656, 4444.60652775377));
#67040 = CARTESIAN_POINT ('', (610., -423.078561228378, 4444.06281215663));
#67050 = CARTESIAN_POINT ('', (610., -425.286980281828, 4443.50850358446));
#67060 = CARTESIAN_POINT ('', (610., -427.495004366392, 4442.95429414866));
#67070 = CARTESIAN_POINT ('', (610., -429.676255069943, 4442.40284205164));
#67080 = CARTESIAN_POINT ('', (610., -431.882383023662, 4441.8411322435));
#67090 = CARTESIAN_POINT ('', (610., -434.088440527501, 4441.27944037284));
#67100 = CARTESIAN_POINT ('', (610., -436.267916512196, 4440.72057901227));
#67110 = CARTESIAN_POINT ('', (610., -438.472056331803, 4440.15140845486));
#67120 = CARTESIAN_POINT ('', (610., -440.676160487995, 4439.58224710674));
#67130 = CARTESIAN_POINT ('', (610., -442.853779226433, 4439.01598464517));
#67140 = CARTESIAN_POINT ('', (610., -445.055940704796, 4438.4393525313));
#67150 = CARTESIAN_POINT ('', (610., -447.25806601862, 4437.86272988705));
#67160 = CARTESIAN_POINT ('', (610., -449.433805958691, 4437.28907293545));
#67170 = CARTESIAN_POINT ('', (610., -451.633963669479, 4436.70498765117));
#67180 = CARTESIAN_POINT ('', (610., -453.834084727851, 4436.12091209717));
#67190 = CARTESIAN_POINT ('', (610., -456.007924205311, 4435.5398674849));
#67200 = CARTESIAN_POINT ('', (610., -458.206052808202, 4434.94833762984));
#67210 = CARTESIAN_POINT ('', (610., -460.404144285991, 4434.35681776537));
#67220 = CARTESIAN_POINT ('', (610., -462.576061536477, 4433.7683925486));
#67230 = CARTESIAN_POINT ('', (610., -464.772135783409, 4433.16942694295));
#67240 = CARTESIAN_POINT ('', (610., -466.968172449344, 4432.57047158729));
#67250 = CARTESIAN_POINT ('', (610., -469.138145619988, 4431.97467305666));
#67260 = CARTESIAN_POINT ('', (610., -471.332140361005, 4431.36828074751));
#67270 = CARTESIAN_POINT ('', (610., -473.526097083225, 4430.76189894628));
#67280 = CARTESIAN_POINT ('', (610., -475.69410424388, 4430.1587346338));
#67290 = CARTESIAN_POINT ('', (610., -477.885994432621, 4429.54492490079));
#67300 = CARTESIAN_POINT ('', (610., -480.077846183903, 4428.93112593168));
#67310 = CARTESIAN_POINT ('', (610., -482.243865338006, 4428.32060361688));
#67320 = CARTESIAN_POINT ('', (610., -484.433626036873, 4427.69938597726));
#67330 = CARTESIAN_POINT ('', (610., -486.623214502697, 4427.07821719877));
#67340 = CARTESIAN_POINT ('', (610., -488.787439611876, 4426.4602772147));
#67350 = CARTESIAN_POINT ('', (610., -490.974959545535, 4425.8318626693));
#67360 = CARTESIAN_POINT ('', (610., -493.162256619437, 4425.20351214539));
#67370 = CARTESIAN_POINT ('', (610., -495.324831248082, 4424.57843484754));
#67380 = CARTESIAN_POINT ('', (610., -497.510062402669, 4423.94293687632));
#67390 = CARTESIAN_POINT ('', (610., -498.341334475618, 4423.7011904987));
#67400 = CARTESIAN_POINT ('', (610., -499.169029856191, 4423.45992476527));
#67410 = CARTESIAN_POINT ('', (610., -500., 4423.21714257799));
#67420 = B_SPLINE_CURVE_WITH_KNOTS ('', 3, (#61710, #61720, #61730, #61740, #61750, #61760, #61770, #61780, #61790, #61800, #61810, #61820, #61830, #61840, #61850, #61860, #61870, #61880, #61890, #61900, #61910, #61920, #61930, #61940, #61950, #61960, #61970, #61980, #61990, #62000, #62010, #62020, #62030, #62040, #62050, #62060, #62070, #62080, #62090, #62100, #62110, #62120, #62130, #62140, #62150, #62160, #62170, #62180, #62190, #62200, #62210, #62220, #62230, #62240, #62250, #62260, #62270, #62280, #62290, #62300, #62310, #62320, #62330, #62340, #62350, #62360, #62370, #62380, #62390, #62400, #62410, #62420, #62430, #62440, #62450, #62460, #62470, #62480, #62490, #62500, #62510, #62520, #62530, #62540, #62550, #62560, #62570, #62580, #62590, #62600, #62610, #62620, #62630, #62640, #62650, #62660, #62670, #62680, #62690, #62700, #62710, #62720, #62730, #62740, #62750, #62760, #62770, #62780, #62790, #62800, #62810, #62820, #62830, #62840, #62850, #62860, #62870, #62880, #62890, #62900, #62910, #62920, #62930, #62940, #62950, #62960, #62970, #62980, #62990, #63000, #63010, #63020, #63030, #63040, #63050, #63060, #63070, #63080, #63090, #63100, #63110, #63120, #63130, #63140, #63150, #63160, #63170, #63180, #63190, #63200, #63210, #63220, #63230, #63240, #63250, #63260, #63270, #63280, #63290, #63300, #63310, #63320, #63330, #63340, #63350, #63360, #63370, #63380, #63390, #63400, #63410, #63420, #63430, #63440, #63450, #63460, #63470, #63480, #63490, #63500, #63510, #63520, #63530, #63540, #63550, #63560, #63570, #63580, #63590, #63600, #63610, #63620, #63630, #63640, #63650, #63660, #63670, #63680, #63690, #63700, #63710, #63720, #63730, #63740, #63750, #63760, #63770, #63780, #63790, #63800, #63810, #63820, #63830, #63840, #63850, #63860, #63870, #63880, #63890, #63900, #63910, #63920, #63930, #63940, #63950, #63960, #63970, #63980, #63990, #64000, #64010, #64020, #64030, #64040, #64050, #64060, #64070, #64080, #64090, #64100, #64110, #64120, #64130, #64140, #64150, #64160, #64170, #64180, #64190, #64200, #64210, #64220, #64230, #64240, #64250, #64260, #64270, #64280, #64290, #64300, #64310, #64320, #64330, #64340, #64350, #64360, #64370, #64380, #64390, #64400, #64410, #64420, #64430, #64440, #64450, #64460, #64470, #64480, #64490, #64500, #64510, #64520, #64530, #64540, #64550, #64560, #64570, #64580, #64590, #64600, #64610, #64620, #64630, #64640, #64650, #64660, #64670, #64680, #64690, #64700, #64710, #64720, #64730, #64740, #64750, #64760, #64770, #64780, #64790, #64800, #64810, #64820, #64830, #64840, #64850, #64860, #64870, #64880, #64890, #64900, #64910, #64920, #64930, #64940, #64950, #64960, #64970, #64980, #64990, #65000, #65010, #65020, #65030, #65040, #65050, #65060, #65070, #65080, #65090, #65100, #65110, #65120, #65130, #65140, #65150, #65160, #65170, #65180, #65190, #65200, #65210, #65220, #65230, #65240, #65250, #65260, #65270, #65280, #65290, #65300, #65310, #65320, #65330, #65340, #65350, #65360, #65370, #65380, #65390, #65400, #65410, #65420, #65430, #65440, #65450, #65460, #65470, #65480, #65490, #65500, #65510, #65520, #65530, #65540, #65550, #65560, #65570, #65580, #65590, #65600, #65610, #65620, #65630, #65640, #65650, #65660, #65670, #65680, #65690, #65700, #65710, #65720, #65730, #65740, #65750, #65760, #65770, #65780, #65790, #65800, #65810, #65820, #65830, #65840, #65850, #65860, #65870, #65880, #65890, #65900, #65910, #65920, #65930, #65940, #65950, #65960, #65970, #65980, #65990, #66000, #66010, #66020, #66030, #66040, #66050, #66060, #66070, #66080, #66090, #66100, #66110, #66120, #66130, #66140, #66150, #66160, #66170, #66180, #66190, #66200, #66210, #66220, #66230, #66240, #66250, #66260, #66270, #66280, #66290, #66300, #66310, #66320, #66330, #66340, #66350, #66360, #66370, #66380, #66390, #66400, #66410, #66420, #66430, #66440, #66450, #66460, #66470, #66480, #66490, #66500, #66510, #66520, #66530, #66540, #66550, #66560, #66570, #66580, #66590, #66600, #66610, #66620, #66630, #66640, #66650, #66660, #66670, #66680, #66690, #66700, #66710, #66720, #66730, #66740, #66750, #66760, #66770, #66780, #66790, #66800, #66810, #66820, #66830, #66840, #66850, #66860, #66870, #66880, #66890, #66900, #66910, #66920, #66930, #66940, #66950, #66960, #66970, #66980, #66990, #67000, #67010, #67020, #67030, #67040, #67050, #67060, #67070, #67080, #67090, #67100, #67110, #67120, #67130, #67140, #67150, #67160, #67170, #67180, #67190, #67200, #67210, #67220, #67230, #67240, #67250, #67260, #67270, #67280, #67290, #67300, #67310, #67320, #67330, #67340, #67350, #67360, #67370, #67380, #67390, #67400, #67410), .UNSPECIFIED., .F., .U., (4, 3, 3, 3, 3, 3, 3, 3, 3, 3, 3, 3, 3, 3, 3, 3, 3, 3, 3, 3, 3, 3, 3, 3, 3, 3, 3, 3, 3, 3, 3, 3, 3, 3, 3, 3, 3, 3, 3, 3, 3, 3, 3, 3, 3, 3, 3, 3, 3, 3, 3, 3, 3, 3, 3, 3, 3, 3, 3, 3, 3, 3, 3, 3, 3, 3, 3, 3, 3, 3, 3, 3, 3, 3, 3, 3, 3, 3, 3, 3, 3, 3, 3, 3, 3, 3, 3, 3, 3, 3, 3, 3, 3, 3, 3, 3, 3, 3, 3, 3, 3, 3, 3, 3, 3, 3, 3, 3, 3, 3, 3, 3, 3, 3, 3, 3, 3, 3, 3, 3, 3, 3, 3, 3, 3, 3, 3, 3, 3, 3, 3, 3, 3, 3, 3, 3, 3, 3, 3, 3, 3, 3, 3, 3, 3, 3, 3, 3, 3, 3, 3, 3, 3, 3, 3, 3, 3, 3, 3, 3, 3, 3, 3, 3, 3, 3, 3, 3, 3, 3, 3, 3, 3, 3, 3, 3, 3, 3, 3, 3, 3, 3, 3, 3, 3, 3, 3, 3, 3, 3, 4), (0., 6.77697392749447, 13.5538355083495, 20.3296472251655, 27.1052852571851, 33.8808044806145, 40.6562062918887, 47.4314921400377, 54.2066635230425, 60.9817219833621, 67.7566691025089, 74.5315064945537, 81.3057068283864, 88.0791164184737, 94.8524129568863, 101.625598948822, 108.398676945597, 115.17164953153, 121.944253709344, 128.715796211382, 135.487234485289, 142.258572313459, 149.029813500942, 155.800961846746, 162.572021110032, 169.342994970462, 176.113886981895, 182.884700518491, 189.655438712171, 196.426104380207, 203.196696383269, 209.965625167006, 216.734493617508, 223.503305635199, 230.272064465696, 237.040772538669, 241.560618840595, 246.080450832812, 250.600268420069, 255.120071301647, 259.639858945736, 264.159630561358, 268.679385067591, 273.19912105989, 277.718836773234, 282.23853004185, 286.758198255225, 291.27763734254, 295.796759318782, 300.315854336049, 304.834918409865, 309.35394685216, 313.872934197445, 318.391874122905, 322.910759362138, 327.429581612349, 331.948331434904, 336.46699814928, 340.98556972064, 345.504032641512, 350.022371808401, 354.540570394599, 359.058609721062, 363.576469127958, 368.094125850461, 372.611554903586, 377.128728982381, 381.645568921647, 386.161924182112, 390.677943505473, 395.193590666453, 399.708827170795, 404.223612503093, 408.737904510984, 413.251659959665, 417.764835295228, 422.277387658896, 426.789276195916, 431.300463701346, 435.810918638407, 440.320617551446, 444.829547872395, 449.337711084694, 453.845126160382, 458.351833124285, 462.857896526696, 467.363408528965, 471.86849123634, 476.373297865367, 480.878012328617, 485.382846876706, 489.888037569869, 494.393837559114, 501.131654502248, 505.640108884436, 506.237458915478, 513.089228130586, 519.945617928181, 526.805459931845, 533.66753046681, 540.530661373062, 545.093076265809, 549.655265886609, 554.217092710715, 558.778448204513, 563.339251304025, 567.899445924901, 572.458997893736, 577.017891630029, 581.576126833188, 586.133715353611, 590.690678360061, 595.247043861449, 599.80284460072, 604.358116310676, 608.912896304152, 613.467222361534, 618.021131875012, 622.574661209153, 627.127845240006, 631.680717038822, 636.233122994862, 640.785213834423, 645.337065993724, 649.888704957469, 654.440154118305, 658.991434846237, 663.542566577515, 668.093566916134, 672.644451742682, 677.195235326537, 681.74593043843, 686.296548461219, 690.84709949729, 695.39759247156, 699.948035229364, 704.498434628842, 709.048796627629, 713.599126363808, 718.149428231225, 722.69970594931, 727.249676121825, 731.799408588421, 736.349118078345, 740.898807031153, 745.448477457166, 749.998130979714, 754.547768873888, 759.097392102057, 763.647001346382, 768.196597038555, 772.746179386984, 777.295748401613, 781.845303916575, 786.394845610846, 790.944373027057, 795.493885588623, 800.043382615327, 804.592863337467, 809.142326908714, 813.691264258146, 820.524857956978, 827.35838294019, 834.191836445893, 841.025215353664, 847.858516263317, 854.691735563104, 861.52486948862, 868.35791417354, 875.19086569318, 882.02372010175, 888.856473464075, 895.689094813529, 902.520403685591, 909.351609141422, 916.182708496665, 923.013699093669, 929.844578316086, 936.675343601132, 943.504887225028, 950.334212756165, 957.163427787471, 963.992530667411, 970.821519781363, 977.650393557694, 984.479150472817, 991.30778905533, 998.136307889363, 1004.96428963431, 1011.79157575938, 1014.38870708706), .UNSPECIFIED.);
#67430 = EDGE_CURVE ('', #61680, #61700, #67420, .T.);
#67440 = ORIENTED_EDGE ('', *, *, #67430, .F.);
#67450 = CARTESIAN_POINT ('', (610., 500., 4374.81938236534));
#67460 = VERTEX_POINT ('', #67450);
#67470 = CARTESIAN_POINT ('', (610., 500., 4374.81938236534));
#67480 = CARTESIAN_POINT ('', (610., 500., 4423.21714257799));
#67490 = B_SPLINE_CURVE_WITH_KNOTS ('', 1, (#67470, #67480), .UNSPECIFIED., .F., .U., (2, 2), (0., 1.), .UNSPECIFIED.);
#67500 = EDGE_CURVE ('', #67460, #61680, #67490, .T.);
#67510 = ORIENTED_EDGE ('', *, *, #67500, .F.);
#67520 = CARTESIAN_POINT ('', (610., -500., 4374.81938236534));
#67530 = VERTEX_POINT ('', #67520);
#67540 = CARTESIAN_POINT ('', (610., 500., 4374.81938236534));
#67550 = CARTESIAN_POINT ('', (610., 496.739019438292, 4373.91327872626));
#67560 = CARTESIAN_POINT ('', (610., 493.429659130099, 4373.00125346036));
#67570 = CARTESIAN_POINT ('', (610., 490.164881104416, 4372.10892926389));
#67580 = CARTESIAN_POINT ('', (610., 487.985009111881, 4371.51312994497));
#67590 = CARTESIAN_POINT ('', (610., 485.783148424482, 4370.91458143777));
#67600 = CARTESIAN_POINT ('', (610., 483.601543674131, 4370.32515846102));
#67610 = CARTESIAN_POINT ('', (610., 481.42042687815, 4369.73586731911));
#67620 = CARTESIAN_POINT ('', (610., 479.215878560152, 4369.14384055655));
#67630 = CARTESIAN_POINT ('', (610., 477.032979535918, 4368.56118596107));
#67640 = CARTESIAN_POINT ('', (610., 474.850112043179, 4367.9785397819));
#67650 = CARTESIAN_POINT ('', (610., 472.643722817255, 4367.39320890292));
#67660 = CARTESIAN_POINT ('', (610., 470.459092617908, 4366.81720720756));
#67670 = CARTESIAN_POINT ('', (610., 468.274493711657, 4366.24121376296));
#67680 = CARTESIAN_POINT ('', (610., 466.066285276993, 4365.66258766485));
#67690 = CARTESIAN_POINT ('', (610., 463.879943242084, 4365.09324652299));
#67700 = CARTESIAN_POINT ('', (610., 461.693632260328, 4364.52391346763));
#67710 = CARTESIAN_POINT ('', (610., 459.483626485478, 4363.95200094057));
#67720 = CARTESIAN_POINT ('', (610., 457.295592006328, 4363.38932789614));
#67730 = CARTESIAN_POINT ('', (610., 455.107588340818, 4362.82666277572));
#67740 = CARTESIAN_POINT ('', (610., 452.895807265421, 4362.26147251074));
#67750 = CARTESIAN_POINT ('', (610., 450.70609978404, 4361.70547500715));
#67760 = CARTESIAN_POINT ('', (610., 448.516422879487, 4361.14948526744));
#67770 = CARTESIAN_POINT ('', (610., 446.302888716155, 4360.59102586516));
#67780 = CARTESIAN_POINT ('', (610., 444.111527724398, 4360.04171125512));
#67790 = CARTESIAN_POINT ('', (610., 441.920197077962, 4359.49240425183));
#67800 = CARTESIAN_POINT ('', (610., 439.704932214345, 4358.94068423203));
#67810 = CARTESIAN_POINT ('', (610., 437.511937253331, 4358.39805978838));
#67820 = CARTESIAN_POINT ('', (610., 435.318972414419, 4357.85544279801));
#67830 = CARTESIAN_POINT ('', (610., 433.101999415465, 4357.31047061011));
#67840 = CARTESIAN_POINT ('', (610., 430.907390075304, 4356.77454353762));
#67850 = CARTESIAN_POINT ('', (610., 428.712810645722, 4356.23862376935));
#67860 = CARTESIAN_POINT ('', (610., 426.494152256142, 4355.70040780399));
#67870 = CARTESIAN_POINT ('', (610., 424.297948176012, 4355.17118525232));
#67880 = CARTESIAN_POINT ('', (610., 422.101773810511, 4354.64196986103));
#67890 = CARTESIAN_POINT ('', (610., 419.881452957479, 4354.11051846276));
#67900 = CARTESIAN_POINT ('', (610., 417.683673826089, 4353.58800754068));
#67910 = CARTESIAN_POINT ('', (610., 415.485924233364, 4353.06550364128));
#67920 = CARTESIAN_POINT ('', (610., 413.26396402947, 4352.54082512245));
#67930 = CARTESIAN_POINT ('', (610., 411.064629585974, 4352.02503291345));
#67940 = CARTESIAN_POINT ('', (610., 408.865333138512, 4351.50924961535));
#67950 = CARTESIAN_POINT ('', (610., 406.641754605909, 4350.99129299942));
#67960 = CARTESIAN_POINT ('', (610., 404.440877991947, 4350.48229456668));
#67970 = CARTESIAN_POINT ('', (610., 402.240830211533, 4349.97348781892));
#67980 = CARTESIAN_POINT ('', (610., 400.014144219107, 4349.46244198648));
#67990 = CARTESIAN_POINT ('', (610., 397.812406503086, 4348.96099849761));
#68000 = CARTESIAN_POINT ('', (610., 395.610700261034, 4348.4595621769));
#68010 = CARTESIAN_POINT ('', (610., 393.382291394249, 4347.95596479627));
#68020 = CARTESIAN_POINT ('', (610., 391.178919113882, 4347.46190067682));
#68030 = CARTESIAN_POINT ('', (610., 388.97557763445, 4346.9678434639));
#68040 = CARTESIAN_POINT ('', (610., 386.74547504633, 4346.4717048937));
#68050 = CARTESIAN_POINT ('', (610., 384.540491493314, 4345.98502868147));
#68060 = CARTESIAN_POINT ('', (610., 382.335538076689, 4345.49835912084));
#68070 = CARTESIAN_POINT ('', (610., 380.10377127097, 4345.00968958901));
#68080 = CARTESIAN_POINT ('', (610., 377.897199808731, 4344.53040969921));
#68090 = CARTESIAN_POINT ('', (610., 375.690657834006, 4344.05113621428));
#68100 = CARTESIAN_POINT ('', (610., 373.457256674694, 4343.56994583174));
#68110 = CARTESIAN_POINT ('', (610., 371.249120741284, 4343.09807057368));
#68120 = CARTESIAN_POINT ('', (610., 369.04101367048, 4342.62620148352));
#68130 = CARTESIAN_POINT ('', (610., 366.80600839219, 4342.15250025946));
#68140 = CARTESIAN_POINT ('', (610., 364.596331504233, 4341.68803785494));
#68150 = CARTESIAN_POINT ('', (610., 362.38668288753, 4341.22358139289));
#68160 = CARTESIAN_POINT ('', (610., 360.150104106689, 4340.75737925182));
#68170 = CARTESIAN_POINT ('', (610., 357.938909864522, 4340.30033785561));
#68180 = CARTESIAN_POINT ('', (610., 355.727743346856, 4339.8433021899));
#68190 = CARTESIAN_POINT ('', (610., 353.489622073865, 4339.38460899064));
#68200 = CARTESIAN_POINT ('', (610., 351.276934168048, 4338.9349967132));
#68210 = CARTESIAN_POINT ('', (610., 349.06427349727, 4338.48538996983));
#68220 = CARTESIAN_POINT ('', (610., 346.824641149754, 4338.03421552676));
#68230 = CARTESIAN_POINT ('', (610., 344.610483369131, 4337.5920404594));
#68240 = CARTESIAN_POINT ('', (610., 342.396352405933, 4337.14987074758));
#68250 = CARTESIAN_POINT ('', (610., 340.155240823204, 4336.7062248543));
#68260 = CARTESIAN_POINT ('', (610., 337.939637064729, 4336.27149509723));
#68270 = CARTESIAN_POINT ('', (610., 335.7240597946, 4335.83677053752));
#68280 = CARTESIAN_POINT ('', (610., 333.481501253493, 4335.40066299337));
#68290 = CARTESIAN_POINT ('', (610., 331.264475534075, 4334.97338668678));
#68300 = CARTESIAN_POINT ('', (610., 329.047476081544, 4334.54611544248));
#68310 = CARTESIAN_POINT ('', (610., 326.803503313809, 4334.11755608214));
#68320 = CARTESIAN_POINT ('', (610., 324.585079784442, 4333.6977414408));
#68330 = CARTESIAN_POINT ('', (610., 323.10416692528, 4333.41749337609));
#68340 = CARTESIAN_POINT ('', (610., 321.610977484928, 4333.13663529592));
#68350 = CARTESIAN_POINT ('', (610., 320.129412909259, 4332.85985328362));
#68360 = CARTESIAN_POINT ('', (610., 317.910785900182, 4332.44537519864));
#68370 = CARTESIAN_POINT ('', (610., 315.663189536315, 4332.02969212423));
#68380 = CARTESIAN_POINT ('', (610., 313.44307686384, 4331.62324703587));
#68390 = CARTESIAN_POINT ('', (610., 311.222986588578, 4331.21680604786));
#68400 = CARTESIAN_POINT ('', (610., 308.97396741052, 4330.80927518349));
#68410 = CARTESIAN_POINT ('', (610., 306.752419817758, 4330.41087663914));
#68420 = CARTESIAN_POINT ('', (610., 304.530893775185, 4330.01248195946));
#68430 = CARTESIAN_POINT ('', (610., 302.280492855163, 4329.61311456694));
#68440 = CARTESIAN_POINT ('', (610., 300.057537910855, 4329.22277164821));
#68450 = CARTESIAN_POINT ('', (610., 297.834603830635, 4328.83243239314));
#68460 = CARTESIAN_POINT ('', (610., 295.582863031553, 4328.4412396005));
#68470 = CARTESIAN_POINT ('', (610., 293.358528529754, 4328.05896132076));
#68480 = CARTESIAN_POINT ('', (610., 291.134214404409, 4327.67668654296));
#68490 = CARTESIAN_POINT ('', (610., 288.88117641764, 4327.29367937075));
#68500 = CARTESIAN_POINT ('', (610., 286.655490409718, 4326.91947471004));
#68510 = CARTESIAN_POINT ('', (610., 284.429824532312, 4326.54527343387));
#68520 = CARTESIAN_POINT ('', (610., 282.175532919486, 4326.17046282512));
#68530 = CARTESIAN_POINT ('', (610., 279.948523751737, 4325.80434076938));
#68540 = CARTESIAN_POINT ('', (610., 277.721534759976, 4325.43822203059));
#68550 = CARTESIAN_POINT ('', (610., 275.466033999365, 4325.07161888503));
#68560 = CARTESIAN_POINT ('', (610., 273.237730357045, 4324.7135884702));
#68570 = CARTESIAN_POINT ('', (610., 271.009447284698, 4324.35556136044));
#68580 = CARTESIAN_POINT ('', (610., 268.752782822935, 4323.9971765736));
#68590 = CARTESIAN_POINT ('', (610., 266.523213781615, 4323.6472469352));
#68600 = CARTESIAN_POINT ('', (610., 264.293666118287, 4323.29732065207));
#68610 = CARTESIAN_POINT ('', (610., 262.035884428256, 4322.94716515992));
#68620 = CARTESIAN_POINT ('', (610., 259.805079513531, 4322.60534558892));
#68630 = CARTESIAN_POINT ('', (610., 258.315581272045, 4322.37711422429));
#68640 = CARTESIAN_POINT ('', (610., 256.813589907401, 4322.14883175307));
#68650 = CARTESIAN_POINT ('', (610., 255.323542583117, 4321.9242131016));
#68660 = CARTESIAN_POINT ('', (610., 253.833502285327, 4321.69959550936));
#68670 = CARTESIAN_POINT ('', (610., 252.331021628579, 4321.47496578559));
#68680 = CARTESIAN_POINT ('', (610., 250.840440781559, 4321.25396377139));
#68690 = CARTESIAN_POINT ('', (610., 249.349867396334, 4321.03296286352));
#68700 = CARTESIAN_POINT ('', (610., 247.846910054475, 4320.81198910782));
#68710 = CARTESIAN_POINT ('', (610., 246.355804657679, 4320.5946066944));
#68720 = CARTESIAN_POINT ('', (610., 244.864707251673, 4320.37722544593));
#68730 = CARTESIAN_POINT ('', (610., 243.361286001049, 4320.15991093124));
#68740 = CARTESIAN_POINT ('', (610., 241.869665124418, 4319.94615115536));
#68750 = CARTESIAN_POINT ('', (610., 240.378071667231, 4319.73239530888));
#68760 = CARTESIAN_POINT ('', (610., 238.874173865324, 4319.51870634241));
#68770 = CARTESIAN_POINT ('', (610., 237.382057734037, 4319.30863003679));
#68780 = CARTESIAN_POINT ('', (610., 235.890188073415, 4319.09858843199));
#68790 = CARTESIAN_POINT ('', (610., 234.385444069364, 4318.88870342851));
#68800 = CARTESIAN_POINT ('', (610., 232.893040063141, 4318.68249275409));
#68810 = CARTESIAN_POINT ('', (610., 231.400642177738, 4318.47628292541));
#68820 = CARTESIAN_POINT ('', (610., 229.895452799469, 4318.27027476394));
#68830 = CARTESIAN_POINT ('', (610., 228.402530211608, 4318.06789865751));
#68840 = CARTESIAN_POINT ('', (610., 226.909614374407, 4317.86552346618));
#68850 = CARTESIAN_POINT ('', (610., 225.403995041163, 4317.66339526638));
#68860 = CARTESIAN_POINT ('', (610., 223.910564158913, 4317.46485656745));
#68870 = CARTESIAN_POINT ('', (610., 222.417140799204, 4317.26631886857));
#68880 = CARTESIAN_POINT ('', (610., 220.911107187964, 4317.06807372055));
#68890 = CARTESIAN_POINT ('', (610., 219.417178454067, 4316.87337526848));
#68900 = CARTESIAN_POINT ('', (610., 217.923258172392, 4316.67867791797));
#68910 = CARTESIAN_POINT ('', (610., 216.416826230403, 4316.48431888822));
#68920 = CARTESIAN_POINT ('', (610., 214.922410258041, 4316.29346352978));
#68930 = CARTESIAN_POINT ('', (610., 213.428003842583, 4316.10260939188));
#68940 = CARTESIAN_POINT ('', (610., 211.921189801017, 4315.91213952981));
#68950 = CARTESIAN_POINT ('', (610., 210.426297390205, 4315.72513012734));
#68960 = CARTESIAN_POINT ('', (610., 208.931415834716, 4315.53812208285));
#68970 = CARTESIAN_POINT ('', (610., 207.424236223561, 4315.35154442802));
#68980 = CARTESIAN_POINT ('', (610., 205.92887837909, 4315.16838386834));
#68990 = CARTESIAN_POINT ('', (610., 204.433532902489, 4314.98522482355));
#69000 = CARTESIAN_POINT ('', (610., 202.926004566777, 4314.80254241362));
#69010 = CARTESIAN_POINT ('', (610., 201.430192517815, 4314.6232336178));
#69020 = CARTESIAN_POINT ('', (610., 199.934394585553, 4314.4439265142));
#69030 = CARTESIAN_POINT ('', (610., 198.426534703038, 4314.2651423938));
#69040 = CARTESIAN_POINT ('', (610., 196.930279924514, 4314.08968832771));
#69050 = CARTESIAN_POINT ('', (610., 195.434041271813, 4313.91423615257));
#69060 = CARTESIAN_POINT ('', (610., 193.925867372224, 4313.73935338302));
#69070 = CARTESIAN_POINT ('', (610., 192.429181608084, 4313.5677570689));
#69080 = CARTESIAN_POINT ('', (610., 190.932514265164, 4313.3961628668));
#69090 = CARTESIAN_POINT ('', (610., 189.424044251133, 4313.22518453685));
#69100 = CARTESIAN_POINT ('', (610., 187.926939539584, 4313.05744906589));
#69110 = CARTESIAN_POINT ('', (610., 186.429855858947, 4312.88971595123));
#69120 = CARTESIAN_POINT ('', (610., 184.921108028723, 4312.72264518892));
#69130 = CARTESIAN_POINT ('', (610., 183.423596729547, 4312.55877373496));
#69140 = CARTESIAN_POINT ('', (610., 181.926109415402, 4312.39490490566));
#69150 = CARTESIAN_POINT ('', (610., 180.417102487443, 4312.23174489134));
#69160 = CARTESIAN_POINT ('', (610., 178.919197311451, 4312.07174072583));
#69170 = CARTESIAN_POINT ('', (610., 177.421319451301, 4311.91173947817));
#69180 = CARTESIAN_POINT ('', (610., 175.912072590815, 4311.75249345886));
#69190 = CARTESIAN_POINT ('', (610., 174.413786631477, 4311.59635996715));
#69200 = CARTESIAN_POINT ('', (610., 172.915531729876, 4311.4402297119));
#69210 = CARTESIAN_POINT ('', (610., 171.406064577341, 4311.28490101709));
#69220 = CARTESIAN_POINT ('', (610., 169.907411344586, 4311.13264171614));
#69230 = CARTESIAN_POINT ('', (610., 168.408793358994, 4310.98038599621));
#69240 = CARTESIAN_POINT ('', (610., 166.899126060645, 4310.82897805512));
#69250 = CARTESIAN_POINT ('', (610., 165.400119516771, 4310.68059661283));
#69260 = CARTESIAN_POINT ('', (610., 163.901152895355, 4310.53221912233));
#69270 = CARTESIAN_POINT ('', (610., 162.391306135564, 4310.38473548295));
#69280 = CARTESIAN_POINT ('', (610., 160.891960733112, 4310.24023573916));
#69290 = CARTESIAN_POINT ('', (610., 159.392660454242, 4310.09574034417));
#69300 = CARTESIAN_POINT ('', (610., 157.882655489605, 4309.95218469398));
#69310 = CARTESIAN_POINT ('', (610., 156.382986210934, 4309.81157068329));
#69320 = CARTESIAN_POINT ('', (610., 154.883367823975, 4309.67096144439));
#69330 = CARTESIAN_POINT ('', (610., 153.37322651881, 4309.5313376331));
#69340 = CARTESIAN_POINT ('', (610., 151.873248916984, 4309.39461360964));
#69350 = CARTESIAN_POINT ('', (610., 150.373379728026, 4309.25789946809));
#69360 = CARTESIAN_POINT ('', (610., 148.863054305988, 4309.12219810742));
#69370 = CARTESIAN_POINT ('', (610., 147.362828821993, 4308.98945083755));
#69380 = CARTESIAN_POINT ('', (610., 145.862750760262, 4308.85671661231));
#69390 = CARTESIAN_POINT ('', (610., 144.352207509023, 4308.72509538333));
#69400 = CARTESIAN_POINT ('', (610., 142.85177916437, 4308.59638117122));
#69410 = CARTESIAN_POINT ('', (610., 141.351415151328, 4308.4676724778));
#69420 = CARTESIAN_POINT ('', (610., 139.840807791136, 4308.34012380374));
#69430 = CARTESIAN_POINT ('', (610., 138.340104183888, 4308.21543706593));
#69440 = CARTESIAN_POINT ('', (610., 136.839472968086, 4308.09075634279));
#69450 = CARTESIAN_POINT ('', (610., 135.32882775821, 4307.96728207936));
#69460 = CARTESIAN_POINT ('', (610., 133.827867649038, 4307.84662521368));
#69470 = CARTESIAN_POINT ('', (610., 132.326988761871, 4307.72597487716));
#69480 = CARTESIAN_POINT ('', (610., 130.816332725522, 4307.60657679981));
#69490 = CARTESIAN_POINT ('', (610., 129.315135657225, 4307.48995218927));
#69500 = CARTESIAN_POINT ('', (610., 127.81402944064, 4307.37333463679));
#69510 = CARTESIAN_POINT ('', (610., 126.30339037967, 4307.25801444367));
#69520 = CARTESIAN_POINT ('', (610., 124.801976704929, 4307.14542446047));
#69530 = CARTESIAN_POINT ('', (610., 123.300664328675, 4307.03284207358));
#69540 = CARTESIAN_POINT ('', (610., 121.79007082761, 4306.92160138835));
#69550 = CARTESIAN_POINT ('', (610., 120.288461726284, 4306.81304839784));
#69560 = CARTESIAN_POINT ('', (610., 118.786965190466, 4306.70450354482));
#69570 = CARTESIAN_POINT ('', (610., 117.276446605719, 4306.59734391931));
#69580 = CARTESIAN_POINT ('', (610., 115.774664087466, 4306.49283028356));
#69590 = CARTESIAN_POINT ('', (610., 114.27300620512, 4306.3883253216));
#69600 = CARTESIAN_POINT ('', (610., 112.762592634198, 4306.28524823825));
#69610 = CARTESIAN_POINT ('', (610., 111.260659521117, 4306.18477631922));
#69620 = CARTESIAN_POINT ('', (610., 109.758863874245, 4306.08431359599));
#69630 = CARTESIAN_POINT ('', (610., 108.248586098538, 4305.98532046992));
#69640 = CARTESIAN_POINT ('', (610., 106.746525981292, 4305.88889263214));
#69650 = CARTESIAN_POINT ('', (610., 105.24461684243, 4305.79247448672));
#69660 = CARTESIAN_POINT ('', (610., 103.734506235758, 4305.69756666729));
#69670 = CARTESIAN_POINT ('', (610., 102.232343395244, 4305.60518527986));
#69680 = CARTESIAN_POINT ('', (610., 100.730345605068, 4305.51281404285));
#69690 = CARTESIAN_POINT ('', (610., 99.220433998646, 4305.42199281466));
#69700 = CARTESIAN_POINT ('', (610., 97.7181932837209, 4305.33366025249));
#69710 = CARTESIAN_POINT ('', (610., 96.2161320736265, 4305.24533824529));
#69720 = CARTESIAN_POINT ('', (610., 94.7064515665132, 4305.1586048286));
#69730 = CARTESIAN_POINT ('', (610., 93.2041582167067, 4305.0743234727));
#69740 = CARTESIAN_POINT ('', (610., 91.7020589637381, 4304.99005300598));
#69750 = CARTESIAN_POINT ('', (610., 90.192641666311, 4304.9074085563));
#69760 = CARTESIAN_POINT ('', (610., 88.6903210669194, 4304.82718079319));
#69770 = CARTESIAN_POINT ('', (610., 87.1882089672077, 4304.7469641645));
#69780 = CARTESIAN_POINT ('', (610., 85.67908666394, 4304.66840977162));
#69790 = CARTESIAN_POINT ('', (610., 84.1767640196446, 4304.5922379917));
#69800 = CARTESIAN_POINT ('', (610., 82.6746636658179, 4304.51607748251));
#69810 = CARTESIAN_POINT ('', (610., 81.1658673829472, 4304.44161416897));
#69820 = CARTESIAN_POINT ('', (610., 79.6635672954313, 4304.36950076399));
#69830 = CARTESIAN_POINT ('', (610., 78.161502143807, 4304.29739863641));
#69840 = CARTESIAN_POINT ('', (610., 76.6530616077811, 4304.22702735558));
#69850 = CARTESIAN_POINT ('', (610., 75.1508075431522, 4304.15897471543));
#69860 = CARTESIAN_POINT ('', (610., 73.648799258423, 4304.09093320918));
#69870 = CARTESIAN_POINT ('', (610., 72.1407422328532, 4304.0246548436));
#69880 = CARTESIAN_POINT ('', (610., 70.6385558665798, 4303.96066535267));
#69890 = CARTESIAN_POINT ('', (610., 69.1366235358789, 4303.89668668305));
#69900 = CARTESIAN_POINT ('', (610., 67.6289750288201, 4303.83450204338));
#69910 = CARTESIAN_POINT ('', (610., 66.1268754600641, 4303.77457807726));
#69920 = CARTESIAN_POINT ('', (610., 64.6250346755104, 4303.71466443495));
#69930 = CARTESIAN_POINT ('', (610., 63.1178160159876, 4303.65657426068));
#69940 = CARTESIAN_POINT ('', (610., 61.6158188504263, 4303.60071818376));
#69950 = CARTESIAN_POINT ('', (610., 60.1140806702934, 4303.54487173795));
#69960 = CARTESIAN_POINT ('', (610., 58.6073084638856, 4303.49087670072));
#69970 = CARTESIAN_POINT ('', (610., 57.1054247751532, 4303.4390908658));
#69980 = CARTESIAN_POINT ('', (610., 55.6037945892494, 4303.38731377181));
#69990 = CARTESIAN_POINT ('', (610., 54.0974795778048, 4303.33741448267));
#70000 = CARTESIAN_POINT ('', (610., 52.595714773126, 4303.28970123391));
#70010 = CARTESIAN_POINT ('', (610., 51.0941911179379, 4303.24199564681));
#70020 = CARTESIAN_POINT ('', (610., 49.5883369882566, 4303.19619266876));
#70030 = CARTESIAN_POINT ('', (610., 48.0866896238017, 4303.15255434896));
#70040 = CARTESIAN_POINT ('', (610., 46.5852630167303, 4303.10892244443));
#70050 = CARTESIAN_POINT ('', (610., 45.0798652266201, 4303.06721631123));
#70060 = CARTESIAN_POINT ('', (610., 43.578325841883, 4303.02765527487));
#70070 = CARTESIAN_POINT ('', (610., 42.0769777295369, 4302.98809927796));
#70080 = CARTESIAN_POINT ('', (610., 40.5720224451034, 4302.95049052002));
#70090 = CARTESIAN_POINT ('', (610., 39.0705725112384, 4302.9150091526));
#70100 = CARTESIAN_POINT ('', (610., 37.5692744507356, 4302.87953137416));
#70110 = CARTESIAN_POINT ('', (610., 36.0647377126404, 4302.84602055124));
#70120 = CARTESIAN_POINT ('', (610., 34.5633488136738, 4302.814621295));
#70130 = CARTESIAN_POINT ('', (610., 33.0620620746609, 4302.78322417529));
#70140 = CARTESIAN_POINT ('', (610., 31.5579093486913, 4302.75381120287));
#70150 = CARTESIAN_POINT ('', (610., 30.0565427685377, 4302.72649739939));
#70160 = CARTESIAN_POINT ('', (610., 28.5552211508367, 4302.69918441389));
#70170 = CARTESIAN_POINT ('', (610., 27.0514053024833, 4302.67387714871));
#70180 = CARTESIAN_POINT ('', (610., 25.550014781249, 4302.650658585));
#70190 = CARTESIAN_POINT ('', (610., 24.0485949823266, 4302.62743956852));
#70200 = CARTESIAN_POINT ('', (610., 22.5450646244241, 4302.60623849964));
#70210 = CARTESIAN_POINT ('', (610., 21.0435870859966, 4302.5871142501));
#70220 = CARTESIAN_POINT ('', (610., 19.5420029039171, 4302.56798864225));
#70230 = CARTESIAN_POINT ('', (610., 18.038693907949, 4302.55089133789));
#70240 = CARTESIAN_POINT ('', (610., 16.5370631480798, 4302.53586117616));
#70250 = CARTESIAN_POINT ('', (610., 15.0352422679463, 4302.52082911147));
#70260 = CARTESIAN_POINT ('', (610., 13.5320841029299, 4302.50783383058));
#70270 = CARTESIAN_POINT ('', (610., 12.030227807486, 4302.49689825518));
#70280 = CARTESIAN_POINT ('', (610., 10.5280945902182, 4302.48596066342));
#70290 = CARTESIAN_POINT ('', (610., 9.02501312213871, 4302.47706645146));
#70300 = CARTESIAN_POINT ('', (610., 7.52285565632227, 4302.4702267713));
#70310 = CARTESIAN_POINT ('', (610., 5.27622984320455, 4302.4599973497));
#70320 = CARTESIAN_POINT ('', (610., 3.02846162803626, 4302.45434819372));
#70330 = CARTESIAN_POINT ('', (610., 0.781812778071103, 4302.45328509293));
#70340 = CARTESIAN_POINT ('', (610., 0.582898495361936, 4302.45319096788));
#70350 = CARTESIAN_POINT ('', (610., 0.383983243530068, 4302.45313276454));
#70360 = CARTESIAN_POINT ('', (610., 0.185068939799086, 4302.45311048347));
#70370 = CARTESIAN_POINT ('', (610., -0.0139765418906987, 4302.45308818771));
#70380 = CARTESIAN_POINT ('', (610., -0.213022084604322, 4302.45310186129));
#70390 = CARTESIAN_POINT ('', (610., -0.412067561352228, 4302.4531515042));
#70400 = CARTESIAN_POINT ('', (610., -2.69596531307508, 4302.45372111938));
#70410 = CARTESIAN_POINT ('', (610., -4.97944669527496, 4302.45902517071));
#70420 = CARTESIAN_POINT ('', (610., -7.26332244885599, 4302.46906543918));
#70430 = CARTESIAN_POINT ('', (610., -9.54874373658873, 4302.47911250205));
#70440 = CARTESIAN_POINT ('', (610., -11.832373724479, 4302.49388883525));
#70450 = CARTESIAN_POINT ('', (610., -14.1177336652632, 4302.51341694199));
#70460 = CARTESIAN_POINT ('', (610., -16.4042508152888, 4302.53295493694));
#70470 = CARTESIAN_POINT ('', (610., -18.6876040134777, 4302.55720394486));
#70480 = CARTESIAN_POINT ('', (610., -20.9740204058287, 4302.5862296472));
#70490 = CARTESIAN_POINT ('', (610., -23.2611870247141, 4302.61526487355));
#70500 = CARTESIAN_POINT ('', (610., -25.5438245613723, 4302.64897980095));
#70510 = CARTESIAN_POINT ('', (610., -27.830851005035, 4302.6875055443));
#70520 = CARTESIAN_POINT ('', (610., -30.1182354176138, 4302.72603731776));
#70530 = CARTESIAN_POINT ('', (610., -32.3997447664947, 4302.76920687418));
#70540 = CARTESIAN_POINT ('', (610., -34.6869499974193, 4302.81721083345));
#70550 = CARTESIAN_POINT ('', (610., -36.2074177969616, 4302.84912247536));
#70560 = CARTESIAN_POINT ('', (610., -37.7247555673456, 4302.88305483878));
#70570 = CARTESIAN_POINT ('', (610., -39.2451299620516, 4302.91914337237));
#70580 = CARTESIAN_POINT ('', (610., -40.7654286194899, 4302.95523010823));
#70590 = CARTESIAN_POINT ('', (610., -42.2822156864, 4302.99331668554));
#70600 = CARTESIAN_POINT ('', (610., -43.8024096157559, 4303.03357432411));
#70610 = CARTESIAN_POINT ('', (610., -45.3224814527747, 4303.07382872943));
#70620 = CARTESIAN_POINT ('', (610., -46.8386656767716, 4303.11606001306));
#70630 = CARTESIAN_POINT ('', (610., -48.3586215180347, 4303.16047901188));
#70640 = CARTESIAN_POINT ('', (610., -49.87841861409, 4303.20489337155));
#70650 = CARTESIAN_POINT ('', (610., -51.3939578926072, 4303.25125969625));
#70660 = CARTESIAN_POINT ('', (610., -52.9136277791531, 4303.2998321622));
#70670 = CARTESIAN_POINT ('', (610., -54.4331114763227, 4303.34839867707));
#70680 = CARTESIAN_POINT ('', (610., -55.9479731883665, 4303.3988904174));
#70690 = CARTESIAN_POINT ('', (610., -57.467318513352, 4303.45160849566));
#70700 = CARTESIAN_POINT ('', (610., -58.98645859154, 4303.50431945229));
#70710 = CARTESIAN_POINT ('', (610., -60.5006187267091, 4303.55892718173));
#70720 = CARTESIAN_POINT ('', (610., -62.0196093174758, 4303.61578320399));
#70730 = CARTESIAN_POINT ('', (610., -63.5383829711373, 4303.67263110627));
#70740 = CARTESIAN_POINT ('', (610., -65.0518250727114, 4303.73134571787));
#70750 = CARTESIAN_POINT ('', (610., -66.570438167052, 4303.79233231269));
#70760 = CARTESIAN_POINT ('', (610., -68.0888288946082, 4303.85330997739));
#70770 = CARTESIAN_POINT ('', (610., -69.6015429258102, 4303.91612276898));
#70780 = CARTESIAN_POINT ('', (610., -71.1197620612112, 4303.98123293734));
#70790 = CARTESIAN_POINT ('', (610., -72.6377585532893, 4304.04633355744));
#70800 = CARTESIAN_POINT ('', (610., -74.1497397705614, 4304.11323628564));
#70810 = CARTESIAN_POINT ('', (610., -75.6675536724937, 4304.18246344649));
#70820 = CARTESIAN_POINT ('', (610., -77.1851487598454, 4304.25168062726));
#70830 = CARTESIAN_POINT ('', (610., -78.6963966517672, 4304.32266553564));
#70840 = CARTESIAN_POINT ('', (610., -80.2137981818176, 4304.39600354672));
#70850 = CARTESIAN_POINT ('', (610., -81.7309878812633, 4304.46933131974));
#70860 = CARTESIAN_POINT ('', (610., -83.2415052094828, 4304.54439114636));
#70870 = CARTESIAN_POINT ('', (610., -84.758490411621, 4304.62183430548));
#70880 = CARTESIAN_POINT ('', (610., -86.2752730900961, 4304.69926712563));
#70890 = CARTESIAN_POINT ('', (610., -87.7850650507207, 4304.77839509491));
#70900 = CARTESIAN_POINT ('', (610., -89.3016323157338, 4304.8599381268));
#70910 = CARTESIAN_POINT ('', (610., -90.8180079788237, 4304.9414708566));
#70920 = CARTESIAN_POINT ('', (610., -92.3270814893876, 4305.02466065994));
#70930 = CARTESIAN_POINT ('', (610., -93.8432308438346, 4305.11029869267));
#70940 = CARTESIAN_POINT ('', (610., -95.359200545717, 4305.19592657792));
#70950 = CARTESIAN_POINT ('', (610., -96.8675636537148, 4305.28317234653));
#70960 = CARTESIAN_POINT ('', (610., -98.3832961702947, 4305.37290088123));
#70970 = CARTESIAN_POINT ('', (610., -99.898861536057, 4305.46261952092));
#70980 = CARTESIAN_POINT ('', (610., -101.406522939377, 4305.55391579394));
#70990 = CARTESIAN_POINT ('', (610., -102.921840259658, 4305.64773067049));
#71000 = CARTESIAN_POINT ('', (610., -104.437003107721, 4305.74153598351));
#71010 = CARTESIAN_POINT ('', (610., -105.943971774317, 4305.8368776736));
#71020 = CARTESIAN_POINT ('', (610., -107.45887573155, 4305.93477503443));
#71030 = CARTESIAN_POINT ('', (610., -108.973637782645, 4306.0326632249));
#71040 = CARTESIAN_POINT ('', (610., -110.479922655684, 4306.13204558294));
#71050 = CARTESIAN_POINT ('', (610., -111.994414984139, 4306.23402183666));
#71060 = CARTESIAN_POINT ('', (610., -113.508777643328, 4306.33598935929));
#71070 = CARTESIAN_POINT ('', (610., -115.014387418229, 4306.43940793951));
#71080 = CARTESIAN_POINT ('', (610., -116.528469535535, 4306.54545972532));
#71090 = CARTESIAN_POINT ('', (610., -118.042433734582, 4306.6515032517));
#71100 = CARTESIAN_POINT ('', (610., -119.547376695291, 4306.758953878));
#71110 = CARTESIAN_POINT ('', (610., -121.0610495451, 4306.86907803174));
#71120 = CARTESIAN_POINT ('', (610., -122.574615633811, 4306.9791944183));
#71130 = CARTESIAN_POINT ('', (610., -124.07889953701, 4307.09067315224));
#71140 = CARTESIAN_POINT ('', (610., -125.59216348059, 4307.20486667458));
#71150 = CARTESIAN_POINT ('', (610., -127.105331157184, 4307.31905293244));
#71160 = CARTESIAN_POINT ('', (610., -128.608963154635, 4307.4345560434));
#71170 = CARTESIAN_POINT ('', (610., -130.121817901466, 4307.55281607032));
#71180 = CARTESIAN_POINT ('', (610., -131.634586173549, 4307.67106933749));
#71190 = CARTESIAN_POINT ('', (610., -133.137572764274, 4307.79059327492));
#71200 = CARTESIAN_POINT ('', (610., -134.650017333209, 4307.91291705067));
#71210 = CARTESIAN_POINT ('', (610., -136.162384502291, 4308.03523456646));
#71220 = CARTESIAN_POINT ('', (610., -137.664731507718, 4308.15877593444));
#71230 = CARTESIAN_POINT ('', (610., -139.176764211673, 4308.285160787));
#71240 = CARTESIAN_POINT ('', (610., -140.688727875467, 4308.41153986875));
#71250 = CARTESIAN_POINT ('', (610., -142.190440431912, 4308.53909540272));
#71260 = CARTESIAN_POINT ('', (610., -143.702058880303, 4308.66953872154));
#71270 = CARTESIAN_POINT ('', (610., -145.213615948135, 4308.7999767436));
#71280 = CARTESIAN_POINT ('', (610., -146.714698512103, 4308.93154328916));
#71290 = CARTESIAN_POINT ('', (610., -148.225899626374, 4309.06604250528));
#71300 = CARTESIAN_POINT ('', (610., -149.736996937971, 4309.20053248281));
#71310 = CARTESIAN_POINT ('', (610., -151.237521511198, 4309.3361225229));
#71320 = CARTESIAN_POINT ('', (610., -152.748259246554, 4309.47459322067));
#71330 = CARTESIAN_POINT ('', (610., -154.258850051864, 4309.61305045116));
#71340 = CARTESIAN_POINT ('', (610., -155.75890477484, 4309.75250692074));
#71350 = CARTESIAN_POINT ('', (610., -157.269130975336, 4309.89488602419));
#71360 = CARTESIAN_POINT ('', (610., -158.779308211917, 4310.03726051149));
#71370 = CARTESIAN_POINT ('', (610., -160.278766538095, 4310.18058772246));
#71380 = CARTESIAN_POINT ('', (610., -161.788569346342, 4310.32687941986));
#71390 = CARTESIAN_POINT ('', (610., -163.298328750579, 4310.47316691164));
#71400 = CARTESIAN_POINT ('', (610., -164.797192732796, 4310.62036044949));
#71410 = CARTESIAN_POINT ('', (610., -166.306567887743, 4310.77056075097));
#71420 = CARTESIAN_POINT ('', (610., -167.815904661466, 4310.92075723309));
#71430 = CARTESIAN_POINT ('', (610., -169.314175779369, 4311.07181294915));
#71440 = CARTESIAN_POINT ('', (610., -170.823118485677, 4311.22591807182));
#71450 = CARTESIAN_POINT ('', (610., -172.332027332895, 4311.38001973653));
#71460 = CARTESIAN_POINT ('', (610., -173.829706525383, 4311.53493371693));
#71470 = CARTESIAN_POINT ('', (610., -175.338211490286, 4311.69294005586));
#71480 = CARTESIAN_POINT ('', (610., -176.846686653594, 4311.85094327327));
#71490 = CARTESIAN_POINT ('', (610., -178.343774350599, 4312.00971181065));
#71500 = CARTESIAN_POINT ('', (610., -179.85183582041, 4312.17161591282));
#71510 = CARTESIAN_POINT ('', (610., -181.359871116499, 4312.33351720501));
#71520 = CARTESIAN_POINT ('', (610., -182.856367269689, 4312.49613677301));
#71530 = CARTESIAN_POINT ('', (610., -184.36397906539, 4312.66193531379));
#71540 = CARTESIAN_POINT ('', (610., -185.871567919279, 4312.82773133156));
#71550 = CARTESIAN_POINT ('', (610., -187.367472031403, 4312.99419856159));
#71560 = CARTESIAN_POINT ('', (610., -188.874627582948, 4313.16388832358));
#71570 = CARTESIAN_POINT ('', (610., -190.381763060674, 4313.33357582547));
#71580 = CARTESIAN_POINT ('', (610., -191.877074213372, 4313.5038874856));
#71590 = CARTESIAN_POINT ('', (610., -193.383766592431, 4313.67746533962));
#71600 = CARTESIAN_POINT ('', (610., -194.890441432048, 4313.85104117302));
#71610 = CARTESIAN_POINT ('', (610., -196.385158312051, 4314.02519414891));
#71620 = CARTESIAN_POINT ('', (610., -197.891380263054, 4314.20265703684));
#71630 = CARTESIAN_POINT ('', (610., -199.397586903847, 4314.38011812091));
#71640 = CARTESIAN_POINT ('', (610., -200.891707827536, 4314.55810939843));
#71650 = CARTESIAN_POINT ('', (610., -202.397451796925, 4314.7394543178));
#71660 = CARTESIAN_POINT ('', (610., -203.903182406815, 4314.9207976282));
#71670 = CARTESIAN_POINT ('', (610., -205.396705343166, 4315.10262427758));
#71680 = CARTESIAN_POINT ('', (610., -206.901963506829, 4315.2878482677));
#71690 = CARTESIAN_POINT ('', (610., -208.407210007986, 4315.47307082273));
#71700 = CARTESIAN_POINT ('', (610., -209.900132599941, 4315.65872998421));
#71710 = CARTESIAN_POINT ('', (610., -211.404896888849, 4315.84783011369));
#71720 = CARTESIAN_POINT ('', (610., -212.909650981554, 4316.03692896183));
#71730 = CARTESIAN_POINT ('', (610., -214.401970565892, 4316.22641783257));
#71740 = CARTESIAN_POINT ('', (610., -215.906232689977, 4316.41939118805));
#71750 = CARTESIAN_POINT ('', (610., -217.410485874784, 4316.61236339676));
#71760 = CARTESIAN_POINT ('', (610., -218.902199500586, 4316.80567921887));
#71770 = CARTESIAN_POINT ('', (610., -220.40595097092, 4317.00252289493));
#71780 = CARTESIAN_POINT ('', (610., -221.909694569215, 4317.19936554053));
#71790 = CARTESIAN_POINT ('', (610., -223.40079901499, 4317.39650559019));
#71800 = CARTESIAN_POINT ('', (610., -224.904031164354, 4317.59721668021));
#71810 = CARTESIAN_POINT ('', (610., -226.407256337375, 4317.79792683875));
#71820 = CARTESIAN_POINT ('', (610., -227.897748126967, 4317.99888841625));
#71830 = CARTESIAN_POINT ('', (610., -229.400452128876, 4318.20346400422));
#71840 = CARTESIAN_POINT ('', (610., -230.903149895292, 4318.40803874329));
#71850 = CARTESIAN_POINT ('', (610., -232.393025312639, 4318.61281916393));
#71860 = CARTESIAN_POINT ('', (610., -233.89519219893, 4318.82125631703));
#71870 = CARTESIAN_POINT ('', (610., -235.397353451072, 4319.02969268835));
#71880 = CARTESIAN_POINT ('', (610., -236.886608553919, 4319.23828927411));
#71890 = CARTESIAN_POINT ('', (610., -238.38822923098, 4319.45058503608));
#71900 = CARTESIAN_POINT ('', (610., -239.889606923916, 4319.6628464455));
#71910 = CARTESIAN_POINT ('', (610., -241.378632247636, 4319.87522703277));
#71920 = CARTESIAN_POINT ('', (610., -242.879488069522, 4320.09114758455));
#71930 = CARTESIAN_POINT ('', (610., -244.38031253177, 4320.30706362478));
#71940 = CARTESIAN_POINT ('', (610., -245.868782897809, 4320.52304911988));
#71950 = CARTESIAN_POINT ('', (610., -247.369078234326, 4320.74261165342));
#71960 = CARTESIAN_POINT ('', (610., -248.869365900503, 4320.96217306443));
#71970 = CARTESIAN_POINT ('', (610., -250.357238756857, 4321.18176399991));
#71980 = CARTESIAN_POINT ('', (610., -251.856988714879, 4321.40496874427));
#71990 = CARTESIAN_POINT ('', (610., -253.356731515359, 4321.62817242338));
#72000 = CARTESIAN_POINT ('', (610., -254.844002510547, 4321.85136600588));
#72010 = CARTESIAN_POINT ('', (610., -256.343199023456, 4322.0782099294));
#72020 = CARTESIAN_POINT ('', (610., -257.842388799043, 4322.30505283351));
#72030 = CARTESIAN_POINT ('', (610., -259.329053421775, 4322.53184633916));
#72040 = CARTESIAN_POINT ('', (610., -260.827688334253, 4322.76232645863));
#72050 = CARTESIAN_POINT ('', (610., -262.326316846149, 4322.99280559373));
#72060 = CARTESIAN_POINT ('', (610., -263.812370434188, 4323.22319635744));
#72070 = CARTESIAN_POINT ('', (610., -265.310435512174, 4323.45730972849));
#72080 = CARTESIAN_POINT ('', (610., -266.808494451168, 4323.69142214015));
#72090 = CARTESIAN_POINT ('', (610., -268.293932199599, 4323.92540754567));
#72100 = CARTESIAN_POINT ('', (610., -269.791419139473, 4324.16315125411));
#72110 = CARTESIAN_POINT ('', (610., -271.288900134425, 4324.40089401872));
#72120 = CARTESIAN_POINT ('', (610., -272.773717103358, 4324.63847148955));
#72130 = CARTESIAN_POINT ('', (610., -274.270617540416, 4324.87984264338));
#72140 = CARTESIAN_POINT ('', (610., -275.767512166076, 4325.12121286015));
#72150 = CARTESIAN_POINT ('', (610., -277.251703287855, 4325.36237985115));
#72160 = CARTESIAN_POINT ('', (610., -278.74800880412, 4325.60737557328));
#72170 = CARTESIAN_POINT ('', (610., -280.244308588349, 4325.85237035689));
#72180 = CARTESIAN_POINT ('', (610., -281.727868674303, 4326.09712434656));
#72190 = CARTESIAN_POINT ('', (610., -283.223570805737, 4326.34574176812));
#72200 = CARTESIAN_POINT ('', (610., -284.719267236166, 4326.59435824205));
#72210 = CARTESIAN_POINT ('', (610., -286.202190982945, 4326.8426967254));
#72220 = CARTESIAN_POINT ('', (610., -287.697281226099, 4327.09493297961));
#72230 = CARTESIAN_POINT ('', (610., -289.192365756278, 4327.34716826998));
#72240 = CARTESIAN_POINT ('', (610., -290.674647751819, 4327.59908875196));
#72250 = CARTESIAN_POINT ('', (610., -292.169117569971, 4327.85494096853));
#72260 = CARTESIAN_POINT ('', (610., -293.663581625042, 4328.11079219846));
#72270 = CARTESIAN_POINT ('', (610., -295.145216354185, 4328.36629218785));
#72280 = CARTESIAN_POINT ('', (610., -296.639057183009, 4328.62575748784));
#72290 = CARTESIAN_POINT ('', (610., -298.883242512044, 4329.01555016748));
#72300 = CARTESIAN_POINT ('', (610., -301.098478209946, 4329.40445555774));
#72310 = CARTESIAN_POINT ('', (610., -303.341234996456, 4329.80238535146));
#72320 = CARTESIAN_POINT ('', (610., -305.583971630141, 4330.20031156948));
#72330 = CARTESIAN_POINT ('', (610., -307.797691983273, 4330.59723059918));
#72340 = CARTESIAN_POINT ('', (610., -310.038971402216, 4331.00328410462));
#72350 = CARTESIAN_POINT ('', (610., -312.280229870102, 4331.40933381436));
#72360 = CARTESIAN_POINT ('', (610., -314.492419532712, 4331.81425850579));
#72370 = CARTESIAN_POINT ('', (610., -316.732192181964, 4332.22842558115));
#72380 = CARTESIAN_POINT ('', (610., -318.971934032679, 4332.64258696141));
#72390 = CARTESIAN_POINT ('', (610., -321.182582376962, 4333.05556438555));
#72400 = CARTESIAN_POINT ('', (610., -323.420821689205, 4333.47777048199));
#72410 = CARTESIAN_POINT ('', (610., -325.658307368676, 4333.89983441832));
#72420 = CARTESIAN_POINT ('', (610., -327.868712718445, 4334.32064310283));
#72430 = CARTESIAN_POINT ('', (610., -330.10476569978, 4334.75023267074));
#72440 = CARTESIAN_POINT ('', (610., -332.340792871561, 4335.17981728012));
#72450 = CARTESIAN_POINT ('', (610., -334.549727169376, 4335.60805017578));
#72460 = CARTESIAN_POINT ('', (610., -336.784297106962, 4336.04515158689));
#72470 = CARTESIAN_POINT ('', (610., -339.018841031429, 4336.48224790961));
#72480 = CARTESIAN_POINT ('', (610., -341.226288337914, 4336.91789776233));
#72490 = CARTESIAN_POINT ('', (610., -343.459350518017, 4337.36250213197));
#72500 = CARTESIAN_POINT ('', (610., -345.69238636618, 4337.8071012589));
#72510 = CARTESIAN_POINT ('', (610., -347.898330338248, 4338.25016087133));
#72520 = CARTESIAN_POINT ('', (610., -350.129859963024, 4338.7022593303));
#72530 = CARTESIAN_POINT ('', (610., -352.361362841892, 4339.15435237066));
#72540 = CARTESIAN_POINT ('', (610., -354.56578676026, 4339.60481456845));
#72550 = CARTESIAN_POINT ('', (610., -356.795758972981, 4340.06439823443));
#72560 = CARTESIAN_POINT ('', (610., -359.025703948275, 4340.52397628694));
#72570 = CARTESIAN_POINT ('', (610., -361.22859074317, 4340.98183388839));
#72580 = CARTESIAN_POINT ('', (610., -363.456980650801, 4341.44889384039));
#72590 = CARTESIAN_POINT ('', (610., -365.685342767306, 4341.91594796749));
#72600 = CARTESIAN_POINT ('', (610., -367.886675042581, 4342.38119375617));
#72610 = CARTESIAN_POINT ('', (610., -370.113457736016, 4342.8557210116));
#72620 = CARTESIAN_POINT ('', (610., -372.34021203586, 4343.33024221635));
#72630 = CARTESIAN_POINT ('', (610., -374.539972091678, 4343.80286891649));
#72640 = CARTESIAN_POINT ('', (610., -376.765122663895, 4344.28485441067));
#72650 = CARTESIAN_POINT ('', (610., -378.990244202979, 4344.76683361604));
#72660 = CARTESIAN_POINT ('', (610., -381.18841405722, 4345.2468338703));
#72670 = CARTESIAN_POINT ('', (610., -383.411907619606, 4345.73626843807));
#72680 = CARTESIAN_POINT ('', (610., -385.635371482402, 4346.22569646838));
#72690 = CARTESIAN_POINT ('', (610., -387.831932890917, 4346.71306281784));
#72700 = CARTESIAN_POINT ('', (610., -390.053744587964, 4347.20993717709));
#72710 = CARTESIAN_POINT ('', (610., -392.275525900856, 4347.70680474138));
#72720 = CARTESIAN_POINT ('', (610., -394.470460376687, 4348.20152960741));
#72730 = CARTESIAN_POINT ('', (610., -396.690565399236, 4348.70583434427));
#72740 = CARTESIAN_POINT ('', (610., -398.910639342583, 4349.21013202138));
#72750 = CARTESIAN_POINT ('', (610., -401.103928174235, 4349.7122076894));
#72760 = CARTESIAN_POINT ('', (610., -403.322301771447, 4350.223933245));
#72770 = CARTESIAN_POINT ('', (610., -405.540211980778, 4350.73555190813));
#72780 = CARTESIAN_POINT ('', (610., -407.732605617703, 4351.24510574084));
#72790 = CARTESIAN_POINT ('', (610., -409.948901490155, 4351.76367295816));
#72800 = CARTESIAN_POINT ('', (610., -412.164785165726, 4352.28214372997));
#72810 = CARTESIAN_POINT ('', (610., -414.35633440889, 4352.79845220331));
#72820 = CARTESIAN_POINT ('', (610., -416.570624424475, 4353.32368751415));
#72830 = CARTESIAN_POINT ('', (610., -418.78488496345, 4353.84891583307));
#72840 = CARTESIAN_POINT ('', (610., -420.974873819434, 4354.37191954849));
#72850 = CARTESIAN_POINT ('', (610., -423.187520678626, 4354.90390488472));
#72860 = CARTESIAN_POINT ('', (610., -425.400137885211, 4355.43588309159));
#72870 = CARTESIAN_POINT ('', (610., -427.588549641839, 4355.96557560899));
#72880 = CARTESIAN_POINT ('', (610., -429.799533179544, 4356.50430328737));
#72890 = CARTESIAN_POINT ('', (610., -432.010486866809, 4357.04302369241));
#72900 = CARTESIAN_POINT ('', (610., -434.197304688878, 4357.57939853269));
#72910 = CARTESIAN_POINT ('', (610., -436.40660475248, 4358.12486082378));
#72920 = CARTESIAN_POINT ('', (610., -438.615874750645, 4358.6703156919));
#72930 = CARTESIAN_POINT ('', (610., -440.801081689894, 4359.21336632201));
#72940 = CARTESIAN_POINT ('', (610., -443.008678147445, 4359.76555543686));
#72950 = CARTESIAN_POINT ('', (610., -445.216244311505, 4360.31773697436));
#72960 = CARTESIAN_POINT ('', (610., -447.399823316174, 4360.86745679362));
#72970 = CARTESIAN_POINT ('', (610., -449.605696063929, 4361.42636487173));
#72980 = CARTESIAN_POINT ('', (610., -451.811538280701, 4361.98526521411));
#72990 = CARTESIAN_POINT ('', (610., -453.993472204684, 4362.54164754181));
#73000 = CARTESIAN_POINT ('', (610., -456.19760117406, 4363.10726664012));
#73010 = CARTESIAN_POINT ('', (610., -458.401699368684, 4363.67287784108));
#73020 = CARTESIAN_POINT ('', (610., -460.581970980338, 4364.23591590505));
#73030 = CARTESIAN_POINT ('', (610., -462.784336144341, 4364.80823798796));
#73040 = CARTESIAN_POINT ('', (610., -464.986670286321, 4365.38055200926));
#73050 = CARTESIAN_POINT ('', (610., -467.165262276924, 4365.95023893561));
#73060 = CARTESIAN_POINT ('', (610., -469.365843656113, 4366.52925586582));
#73070 = CARTESIAN_POINT ('', (610., -471.566393764916, 4367.10826456818));
#73080 = CARTESIAN_POINT ('', (610., -473.743288756825, 4367.68459337176));
#73090 = CARTESIAN_POINT ('', (610., -475.942066424843, 4368.27029690203));
#73100 = CARTESIAN_POINT ('', (610., -478.140812575123, 4368.85599203671));
#73110 = CARTESIAN_POINT ('', (610., -480.315993129633, 4369.43895561257));
#73120 = CARTESIAN_POINT ('', (610., -482.512947218362, 4370.03133737814));
#73130 = CARTESIAN_POINT ('', (610., -484.709794231733, 4370.62369027214));
#73140 = CARTESIAN_POINT ('', (610., -486.88335426203, 4371.21339947245));
#73150 = CARTESIAN_POINT ('', (610., -489.078437236528, 4371.81225628861));
#73160 = CARTESIAN_POINT ('', (610., -491.272967638364, 4372.41096235334));
#73170 = CARTESIAN_POINT ('', (610., -493.445836897523, 4373.00704814679));
#73180 = CARTESIAN_POINT ('', (610., -495.63867244113, 4373.61193236316));
#73190 = CARTESIAN_POINT ('', (610., -497.095883309594, 4374.01389768921));
#73200 = CARTESIAN_POINT ('', (610., -498.543544598242, 4374.41468828185));
#73210 = CARTESIAN_POINT ('', (610., -500., 4374.81938236534));
#73220 = B_SPLINE_CURVE_WITH_KNOTS ('', 3, (#67540, #67550, #67560, #67570, #67580, #67590, #67600, #67610, #67620, #67630, #67640, #67650, #67660, #67670, #67680, #67690, #67700, #67710, #67720, #67730, #67740, #67750, #67760, #67770, #67780, #67790, #67800, #67810, #67820, #67830, #67840, #67850, #67860, #67870, #67880, #67890, #67900, #67910, #67920, #67930, #67940, #67950, #67960, #67970, #67980, #67990, #68000, #68010, #68020, #68030, #68040, #68050, #68060, #68070, #68080, #68090, #68100, #68110, #68120, #68130, #68140, #68150, #68160, #68170, #68180, #68190, #68200, #68210, #68220, #68230, #68240, #68250, #68260, #68270, #68280, #68290, #68300, #68310, #68320, #68330, #68340, #68350, #68360, #68370, #68380, #68390, #68400, #68410, #68420, #68430, #68440, #68450, #68460, #68470, #68480, #68490, #68500, #68510, #68520, #68530, #68540, #68550, #68560, #68570, #68580, #68590, #68600, #68610, #68620, #68630, #68640, #68650, #68660, #68670, #68680, #68690, #68700, #68710, #68720, #68730, #68740, #68750, #68760, #68770, #68780, #68790, #68800, #68810, #68820, #68830, #68840, #68850, #68860, #68870, #68880, #68890, #68900, #68910, #68920, #68930, #68940, #68950, #68960, #68970, #68980, #68990, #69000, #69010, #69020, #69030, #69040, #69050, #69060, #69070, #69080, #69090, #69100, #69110, #69120, #69130, #69140, #69150, #69160, #69170, #69180, #69190, #69200, #69210, #69220, #69230, #69240, #69250, #69260, #69270, #69280, #69290, #69300, #69310, #69320, #69330, #69340, #69350, #69360, #69370, #69380, #69390, #69400, #69410, #69420, #69430, #69440, #69450, #69460, #69470, #69480, #69490, #69500, #69510, #69520, #69530, #69540, #69550, #69560, #69570, #69580, #69590, #69600, #69610, #69620, #69630, #69640, #69650, #69660, #69670, #69680, #69690, #69700, #69710, #69720, #69730, #69740, #69750, #69760, #69770, #69780, #69790, #69800, #69810, #69820, #69830, #69840, #69850, #69860, #69870, #69880, #69890, #69900, #69910, #69920, #69930, #69940, #69950, #69960, #69970, #69980, #69990, #70000, #70010, #70020, #70030, #70040, #70050, #70060, #70070, #70080, #70090, #70100, #70110, #70120, #70130, #70140, #70150, #70160, #70170, #70180, #70190, #70200, #70210, #70220, #70230, #70240, #70250, #70260, #70270, #70280, #70290, #70300, #70310, #70320, #70330, #70340, #70350, #70360, #70370, #70380, #70390, #70400, #70410, #70420, #70430, #70440, #70450, #70460, #70470, #70480, #70490, #70500, #70510, #70520, #70530, #70540, #70550, #70560, #70570, #70580, #70590, #70600, #70610, #70620, #70630, #70640, #70650, #70660, #70670, #70680, #70690, #70700, #70710, #70720, #70730, #70740, #70750, #70760, #70770, #70780, #70790, #70800, #70810, #70820, #70830, #70840, #70850, #70860, #70870, #70880, #70890, #70900, #70910, #70920, #70930, #70940, #70950, #70960, #70970, #70980, #70990, #71000, #71010, #71020, #71030, #71040, #71050, #71060, #71070, #71080, #71090, #71100, #71110, #71120, #71130, #71140, #71150, #71160, #71170, #71180, #71190, #71200, #71210, #71220, #71230, #71240, #71250, #71260, #71270, #71280, #71290, #71300, #71310, #71320, #71330, #71340, #71350, #71360, #71370, #71380, #71390, #71400, #71410, #71420, #71430, #71440, #71450, #71460, #71470, #71480, #71490, #71500, #71510, #71520, #71530, #71540, #71550, #71560, #71570, #71580, #71590, #71600, #71610, #71620, #71630, #71640, #71650, #71660, #71670, #71680, #71690, #71700, #71710, #71720, #71730, #71740, #71750, #71760, #71770, #71780, #71790, #71800, #71810, #71820, #71830, #71840, #71850, #71860, #71870, #71880, #71890, #71900, #71910, #71920, #71930, #71940, #71950, #71960, #71970, #71980, #71990, #72000, #72010, #72020, #72030, #72040, #72050, #72060, #72070, #72080, #72090, #72100, #72110, #72120, #72130, #72140, #72150, #72160, #72170, #72180, #72190, #72200, #72210, #72220, #72230, #72240, #72250, #72260, #72270, #72280, #72290, #72300, #72310, #72320, #72330, #72340, #72350, #72360, #72370, #72380, #72390, #72400, #72410, #72420, #72430, #72440, #72450, #72460, #72470, #72480, #72490, #72500, #72510, #72520, #72530, #72540, #72550, #72560, #72570, #72580, #72590, #72600, #72610, #72620, #72630, #72640, #72650, #72660, #72670, #72680, #72690, #72700, #72710, #72720, #72730, #72740, #72750, #72760, #72770, #72780, #72790, #72800, #72810, #72820, #72830, #72840, #72850, #72860, #72870, #72880, #72890, #72900, #72910, #72920, #72930, #72940, #72950, #72960, #72970, #72980, #72990, #73000, #73010, #73020, #73030, #73040, #73050, #73060, #73070, #73080, #73090, #73100, #73110, #73120, #73130, #73140, #73150, #73160, #73170, #73180, #73190, #73200, #73210), .UNSPECIFIED., .F., .U., (4, 3, 3, 3, 3, 3, 3, 3, 3, 3, 3, 3, 3, 3, 3, 3, 3, 3, 3, 3, 3, 3, 3, 3, 3, 3, 3, 3, 3, 3, 3, 3, 3, 3, 3, 3, 3, 3, 3, 3, 3, 3, 3, 3, 3, 3, 3, 3, 3, 3, 3, 3, 3, 3, 3, 3, 3, 3, 3, 3, 3, 3, 3, 3, 3, 3, 3, 3, 3, 3, 3, 3, 3, 3, 3, 3, 3, 3, 3, 3, 3, 3, 3, 3, 3, 3, 3, 3, 3, 3, 3, 3, 3, 3, 3, 3, 3, 3, 3, 3, 3, 3, 3, 3, 3, 3, 3, 3, 3, 3, 3, 3, 3, 3, 3, 3, 3, 3, 3, 3, 3, 3, 3, 3, 3, 3, 3, 3, 3, 3, 3, 3, 3, 3, 3, 3, 3, 3, 3, 3, 3, 3, 3, 3, 3, 3, 3, 3, 3, 3, 3, 3, 3, 3, 3, 3, 3, 3, 3, 3, 3, 3, 3, 3, 3, 3, 3, 3, 3, 3, 3, 3, 3, 3, 3, 3, 3, 3, 3, 3, 3, 3, 3, 3, 3, 3, 3, 3, 3, 4), (0., 10.1535787906163, 16.9330602302578, 23.7110253193377, 30.4888925022078, 37.2666625975067, 44.0443364264731, 50.821914806852, 57.5993985458941, 64.3767884323404, 71.1540852272664, 77.9312896536474, 84.7084023844905, 91.4854240293553, 98.2623285933702, 105.036681026194, 111.810936619254, 118.585097515013, 125.359165825606, 132.133143610945, 138.907032853433, 145.680835428795, 152.45455307254, 159.228187341466, 166.001739569522, 172.775210817309, 179.548601814335, 184.070191896141, 190.841224387206, 197.612188569909, 204.38308707067, 211.153922021506, 217.924694946778, 224.695406632888, 231.466056978523, 238.236644822761, 245.007167747921, 249.527814947684, 254.048440829798, 258.569044081819, 263.089623108058, 267.610119035592, 272.129868258755, 276.649598945001, 281.169309194043, 285.688996676912, 290.208658588677, 294.72829159686, 299.24789178524, 303.767454592713, 308.286974746896, 312.806446192141, 317.325862011696, 321.845214343748, 326.36449429117, 330.883691824877, 335.40279568084, 339.921793250981, 344.440670468419, 348.959411687889, 353.47799956256, 357.996260850311, 362.514078143264, 367.031701732559, 371.549107399206, 376.066268613821, 380.58315645205, 385.099739541555, 389.615984053282, 394.131853752926, 398.647310132238, 403.162312644029, 407.676819069329, 412.190786049982, 416.704169824487, 421.216927208678, 425.729016864829, 430.240400901767, 434.751046842838, 439.260929986063, 443.770036159148, 448.278364838893, 452.785932558197, 457.292776463989, 461.798957818043, 466.304565155799, 470.809716746266, 475.314561789857, 479.81927192377, 484.324069901249, 488.829187835635, 493.334876159383, 497.841395270626, 504.581342575101, 505.178085490037, 505.775221938853, 512.626915407119, 519.483245522643, 526.34304739263, 533.205100123571, 540.068226913619, 544.630634845951, 549.192815502481, 553.75462975359, 558.315967565757, 562.876746524551, 567.436909372405, 571.996420953205, 576.555264895927, 581.113440294734, 585.67095856737, 590.227840606397, 594.784114283233, 599.339812324012, 603.894970548029, 608.449626441711, 613.003818031455, 617.55758301479, 622.110958109482, 626.663978582681, 631.216677926075, 635.769087647395, 640.321237153064, 644.873153700966, 649.424862406107, 653.976386285227, 658.527597525381, 663.078366127703, 667.628987186927, 672.1794774243, 676.729851949298, 681.280124368674, 685.830306894162, 690.380410447265, 694.930444759983, 699.480418470751, 704.030339215169, 708.580213711259, 713.130047839235, 717.679846715807, 722.229614763184, 726.77935577296, 731.329072965143, 735.878769042563, 740.428446240952, 744.978106374956, 749.527030307597, 754.075859192726, 758.624664821724, 763.173448741591, 767.722212219428, 772.270956269763, 776.819681679586, 781.368389031275, 785.917078723574, 790.465750990786, 795.014405920321, 799.563043468732, 804.111663476364, 810.945019541831, 817.778314204552, 824.611544990925, 831.444681815302, 838.275517868796, 845.106275077632, 851.936952768124, 858.767549912274, 865.598065188582, 872.428497035304, 879.258843697024, 886.089103265349, 892.919273714389, 899.749352931654, 906.579338744881, 913.409228945283, 920.237692475105, 927.064886015932, 933.891988673214, 940.718999837636, 947.545918830732, 954.372744919151, 961.19947732723, 968.026115248059, 974.852657853197, 981.67910430118, 988.505453744972, 995.331705338447, 1002.15762423342, 1008.98182482607, 1013.51672909702), .UNSPECIFIED.);
#73230 = EDGE_CURVE ('', #67460, #67530, #73220, .T.);
#73240 = ORIENTED_EDGE ('', *, *, #73230, .T.);
#73250 = CARTESIAN_POINT ('', (610., -500., 4374.81938236534));
#73260 = CARTESIAN_POINT ('', (610., -500., 4423.21714257799));
#73270 = B_SPLINE_CURVE_WITH_KNOTS ('', 1, (#73250, #73260), .UNSPECIFIED., .F., .U., (2, 2), (0., 1.), .UNSPECIFIED.);
#73280 = EDGE_CURVE ('', #67530, #61700, #73270, .T.);
#73290 = ORIENTED_EDGE ('', *, *, #73280, .T.);
#73300 = EDGE_LOOP ('', (#67440, #67510, #73240, #73290));
#73310 = FACE_OUTER_BOUND ('', #73300, .T.);
#73320 = CARTESIAN_POINT ('', (610., -500., 4302.45308818771));
#73330 = CARTESIAN_POINT ('', (610., 500., 4302.45308818771));
#73340 = CARTESIAN_POINT ('', (610., -500., 4497.54507541091));
#73350 = CARTESIAN_POINT ('', (610., 500., 4497.54507541091));
#73360 = B_SPLINE_SURFACE_WITH_KNOTS ('', 1, 1, ((#73320, #73330), (#73340, #73350)), .UNSPECIFIED., .F., .F., .U., (2, 2), (2, 2), (0.0221621085348164, 0.977828895771232), (0., 1.), .UNSPECIFIED.);
#73370 = ADVANCED_FACE ('', (#73310), #73360, .T.);
#73380 = CARTESIAN_POINT ('', (790., -500., 4423.21714257799));
#73390 = VERTEX_POINT ('', #73380);
#73400 = CARTESIAN_POINT ('', (790., 500., 4423.21714257799));
#73410 = VERTEX_POINT ('', #73400);
#73420 = CARTESIAN_POINT ('', (790., -500., 4423.21714257799));
#73430 = CARTESIAN_POINT ('', (790., -497.831660286449, 4423.85066023483));
#73440 = CARTESIAN_POINT ('', (790., -495.6387747054, 4424.48746198201));
#73450 = CARTESIAN_POINT ('', (790., -493.46837594321, 4425.11388911102));
#73460 = CARTESIAN_POINT ('', (790., -491.29801316124, 4425.74030585532));
#73470 = CARTESIAN_POINT ('', (790., -489.10299304043, 4426.36995475779));
#73480 = CARTESIAN_POINT ('', (790., -486.930594090812, 4426.98927321109));
#73490 = CARTESIAN_POINT ('', (790., -484.758531686882, 4427.60849572025));
#73500 = CARTESIAN_POINT ('', (790., -482.560877272455, 4428.23100927543));
#73510 = CARTESIAN_POINT ('', (790., -480.386733079543, 4428.84288232668));
#73520 = CARTESIAN_POINT ('', (790., -478.212644616602, 4429.45473969375));
#73530 = CARTESIAN_POINT ('', (790., -476.012796788687, 4430.0698295297));
#73540 = CARTESIAN_POINT ('', (790., -473.836648956293, 4430.67432162551));
#73550 = CARTESIAN_POINT ('', (790., -471.660539281937, 4431.27880312175));
#73560 = CARTESIAN_POINT ('', (790., -469.458554825776, 4431.88645767713));
#73570 = CARTESIAN_POINT ('', (790., -467.28041023327, 4432.48356514506));
#73580 = CARTESIAN_POINT ('', (790., -465.102303385569, 4433.08066226579));
#73590 = CARTESIAN_POINT ('', (790., -462.898209395093, 4433.68087155059));
#73600 = CARTESIAN_POINT ('', (790., -460.718092165082, 4434.27058612137));
#73610 = CARTESIAN_POINT ('', (790., -458.53801224846, 4434.86029059899));
#73620 = CARTESIAN_POINT ('', (790., -456.331836055521, 4435.4530448455));
#73630 = CARTESIAN_POINT ('', (790., -454.149770372848, 4436.03535848118));
#73640 = CARTESIAN_POINT ('', (790., -451.967741555108, 4436.61766227895));
#73650 = CARTESIAN_POINT ('', (790., -449.759510732176, 4437.20295193596));
#73660 = CARTESIAN_POINT ('', (790., -447.575520840892, 4437.77785682298));
#73670 = CARTESIAN_POINT ('', (790., -445.391567350459, 4438.35275212798));
#73680 = CARTESIAN_POINT ('', (790., -443.181309713598, 4438.9305678544));
#73690 = CARTESIAN_POINT ('', (790., -440.995419914149, 4439.49805639592));
#73700 = CARTESIAN_POINT ('', (790., -438.809566037568, 4440.06553561133));
#73710 = CARTESIAN_POINT ('', (790., -436.597309649689, 4440.63586826901));
#73720 = CARTESIAN_POINT ('', (790., -434.409544296357, 4441.19593307638));
#73730 = CARTESIAN_POINT ('', (790., -432.221814376092, 4441.75598881294));
#73740 = CARTESIAN_POINT ('', (790., -430.007587550507, 4442.31882945872));
#73750 = CARTESIAN_POINT ('', (790., -427.817971049151, 4442.8714633421));
#73760 = CARTESIAN_POINT ('', (790., -425.62856044398, 4443.42404525967));
#73770 = CARTESIAN_POINT ('', (790., -423.412111447473, 4443.97945609229));
#73780 = CARTESIAN_POINT ('', (790., -421.220790135938, 4444.52441157971));
#73790 = CARTESIAN_POINT ('', (790., -419.029724614539, 4445.06930345518));
#73800 = CARTESIAN_POINT ('', (790., -416.810910087378, 4445.61694163215));
#73810 = CARTESIAN_POINT ('', (790., -414.61793542167, 4446.15409839751));
#73820 = CARTESIAN_POINT ('', (790., -412.424997357833, 4446.69124619745));
#73830 = CARTESIAN_POINT ('', (790., -410.204218426418, 4447.23106130105));
#73840 = CARTESIAN_POINT ('', (790., -408.009398059677, 4447.7604653703));
#73850 = CARTESIAN_POINT ('', (790., -405.814613514439, 4448.2898607992));
#73860 = CARTESIAN_POINT ('', (790., -403.591901893622, 4448.821842674));
#73870 = CARTESIAN_POINT ('', (790., -401.395261967112, 4449.34348599411));
#73880 = CARTESIAN_POINT ('', (790., -399.198657064959, 4449.86512099687));
#73890 = CARTESIAN_POINT ('', (790., -396.974044825927, 4450.38925971731));
#73900 = CARTESIAN_POINT ('', (790., -394.775611539446, 4450.90313446582));
#73910 = CARTESIAN_POINT ('', (790., -392.577212467645, 4451.41700121679));
#73920 = CARTESIAN_POINT ('', (790., -390.350732046178, 4451.93328707761));
#73930 = CARTESIAN_POINT ('', (790., -388.15053165732, 4452.43938565053));
#73940 = CARTESIAN_POINT ('', (790., -385.950450945852, 4452.9454566948));
#73950 = CARTESIAN_POINT ('', (790., -383.722008945629, 4453.45395171581));
#73960 = CARTESIAN_POINT ('', (790., -381.520123325236, 4453.9521110814));
#73970 = CARTESIAN_POINT ('', (790., -379.318582873195, 4454.45019235535));
#73980 = CARTESIAN_POINT ('', (790., -377.087772640618, 4454.95059925761));
#73990 = CARTESIAN_POINT ('', (790., -374.884420758041, 4455.4406051749));
#74000 = CARTESIAN_POINT ('', (790., -372.681102789635, 4455.93060354998));
#74010 = CARTESIAN_POINT ('', (790., -370.448452607108, 4456.4228306379));
#74020 = CARTESIAN_POINT ('', (790., -368.243352227551, 4456.90474431643));
#74030 = CARTESIAN_POINT ('', (790., -366.038284557874, 4457.38665084639));
#74040 = CARTESIAN_POINT ('', (790., -363.803831024821, 4457.87068697035));
#74050 = CARTESIAN_POINT ('', (790., -361.59701005583, 4458.3444997417));
#74060 = CARTESIAN_POINT ('', (790., -359.390220582639, 4458.81830575078));
#74070 = CARTESIAN_POINT ('', (790., -357.154000827179, 4459.29414003174));
#74080 = CARTESIAN_POINT ('', (790., -354.945487253435, 4459.75984348654));
#74090 = CARTESIAN_POINT ('', (790., -352.737003961008, 4460.225540556));
#74100 = CARTESIAN_POINT ('', (790., -350.499055656471, 4460.69316237508));
#74110 = CARTESIAN_POINT ('', (790., -348.288877543581, 4461.15074834813));
#74120 = CARTESIAN_POINT ('', (790., -346.078728508216, 4461.6083283011));
#74130 = CARTESIAN_POINT ('', (790., -343.839089890929, 4462.0677272878));
#74140 = CARTESIAN_POINT ('', (790., -341.627275390866, 4462.51718784135));
#74150 = CARTESIAN_POINT ('', (790., -339.415488788251, 4462.96664272588));
#74160 = CARTESIAN_POINT ('', (790., -337.174198676738, 4463.41780874469));
#74170 = CARTESIAN_POINT ('', (790., -334.960776035146, 4463.85913614971));
#74180 = CARTESIAN_POINT ('', (790., -332.747380149886, 4464.30045821988));
#74190 = CARTESIAN_POINT ('', (790., -330.504477965645, 4464.74338135505));
#74200 = CARTESIAN_POINT ('', (790., -328.289475531305, 4465.17656807041));
#74210 = CARTESIAN_POINT ('', (790., -326.074498768908, 4465.60974976513));
#74220 = CARTESIAN_POINT ('', (790., -323.830024558946, 4466.0444203035));
#74230 = CARTESIAN_POINT ('', (790., -321.613470795693, 4466.46945895258));
#74240 = CARTESIAN_POINT ('', (790., -319.396941697369, 4466.89449287199));
#74250 = CARTESIAN_POINT ('', (790., -317.150936158727, 4467.32090128346));
#74260 = CARTESIAN_POINT ('', (790., -314.932859660189, 4467.73778462806));
#74270 = CARTESIAN_POINT ('', (790., -312.714806920865, 4468.15466350716));
#74280 = CARTESIAN_POINT ('', (790., -310.46731142739, 4468.57280042263));
#74290 = CARTESIAN_POINT ('', (790., -308.247740934933, 4468.98152133385));
#74300 = CARTESIAN_POINT ('', (790., -306.028194591446, 4469.39023779818));
#74310 = CARTESIAN_POINT ('', (790., -303.779252454592, 4469.8001107911));
#74320 = CARTESIAN_POINT ('', (790., -301.558214846569, 4470.20064426391));
#74330 = CARTESIAN_POINT ('', (790., -299.33772284411, 4470.6010793443));
#74340 = CARTESIAN_POINT ('', (790., -297.086541844813, 4471.00257812406));
#74350 = CARTESIAN_POINT ('', (790., -294.864525070052, 4471.39446387178));
#74360 = CARTESIAN_POINT ('', (790., -292.642528100708, 4471.78634612653));
#74370 = CARTESIAN_POINT ('', (790., -290.389919858529, 4472.17915792843));
#74380 = CARTESIAN_POINT ('', (790., -288.166430454121, 4472.56248168433));
#74390 = CARTESIAN_POINT ('', (790., -285.942959587191, 4472.94580224442));
#74400 = CARTESIAN_POINT ('', (790., -283.688973304591, 4473.32991587001));
#74410 = CARTESIAN_POINT ('', (790., -281.464042430073, 4473.70466905744));
#74420 = CARTESIAN_POINT ('', (790., -279.239129038361, 4474.07941930017));
#74430 = CARTESIAN_POINT ('', (790., -276.983814997504, 4474.4548238715));
#74440 = CARTESIAN_POINT ('', (790., -274.757474109479, 4474.8209981406));
#74450 = CARTESIAN_POINT ('', (790., -272.531149916324, 4475.18716966384));
#74460 = CARTESIAN_POINT ('', (790., -270.274559532696, 4475.55385460701));
#74470 = CARTESIAN_POINT ('', (790., -268.046840431826, 4475.91144180627));
#74480 = CARTESIAN_POINT ('', (790., -266.559267348272, 4476.15022285028));
#74490 = CARTESIAN_POINT ('', (790., -265.058292631115, 4476.38917658528));
#74500 = CARTESIAN_POINT ('', (790., -263.570110580524, 4476.6241324326));
#74510 = CARTESIAN_POINT ('', (790., -262.081933241476, 4476.85908753606));
#74520 = CARTESIAN_POINT ('', (790., -260.580404769776, 4477.09417246361));
#74530 = CARTESIAN_POINT ('', (790., -259.091628167535, 4477.32529996461));
#74540 = CARTESIAN_POINT ('', (790., -257.602856310109, 4477.55642672899));
#74550 = CARTESIAN_POINT ('', (790., -256.100788110976, 4477.78764006987));
#74560 = CARTESIAN_POINT ('', (790., -254.611426706242, 4478.01493685992));
#74570 = CARTESIAN_POINT ('', (790., -253.122070147294, 4478.24223291043));
#74580 = CARTESIAN_POINT ('', (790., -251.619476430498, 4478.46957192446));
#74590 = CARTESIAN_POINT ('', (790., -250.129540051291, 4478.69303565793));
#74600 = CARTESIAN_POINT ('', (790., -248.639608695066, 4478.91649863804));
#74610 = CARTESIAN_POINT ('', (790., -247.136503860041, 4479.13996061953));
#74620 = CARTESIAN_POINT ('', (790., -245.646002420892, 4479.35958896386));
#74630 = CARTESIAN_POINT ('', (790., -244.15550626749, 4479.57921652933));
#74640 = CARTESIAN_POINT ('', (790., -242.651904910932, 4479.79879880201));
#74650 = CARTESIAN_POINT ('', (790., -241.160848421349, 4480.0145894313));
#74660 = CARTESIAN_POINT ('', (790., -239.669797576091, 4480.23037924373));
#74670 = CARTESIAN_POINT ('', (790., -238.165714500209, 4480.44607915516));
#74680 = CARTESIAN_POINT ('', (790., -236.674113074044, 4480.65802974316));
#74690 = CARTESIAN_POINT ('', (790., -235.182517757815, 4480.86997946296));
#74700 = CARTESIAN_POINT ('', (790., -233.6779679793, 4481.08179437846));
#74710 = CARTESIAN_POINT ('', (790., -232.185831845092, 4481.28990259097));
#74720 = CARTESIAN_POINT ('', (790., -230.693702405735, 4481.49800986974));
#74730 = CARTESIAN_POINT ('', (790., -229.188701165534, 4481.7059371656));
#74740 = CARTESIAN_POINT ('', (790., -227.696040677911, 4481.91020065221));
#74750 = CARTESIAN_POINT ('', (790., -226.20338760278, 4482.11446312445));
#74760 = CARTESIAN_POINT ('', (790., -224.697950376747, 4482.31850018052));
#74770 = CARTESIAN_POINT ('', (790., -223.204776028975, 4482.51891656562));
#74780 = CARTESIAN_POINT ('', (790., -221.711609958721, 4482.71933183971));
#74790 = CARTESIAN_POINT ('', (790., -220.205752469242, 4482.9194760312));
#74800 = CARTESIAN_POINT ('', (790., -218.712074907026, 4483.11604290423));
#74810 = CARTESIAN_POINT ('', (790., -217.218473067282, 4483.31259981225));
#74820 = CARTESIAN_POINT ('', (790., -215.712122462669, 4483.50886320569));
#74830 = CARTESIAN_POINT ('', (790., -214.218009083106, 4483.70149311714));
#74840 = CARTESIAN_POINT ('', (790., -212.72400053954, 4483.89410951252));
#74850 = CARTESIAN_POINT ('', (790., -211.217117438204, 4484.08635013585));
#74860 = CARTESIAN_POINT ('', (790., -209.722602111998, 4484.27499409614));
#74870 = CARTESIAN_POINT ('', (790., -208.228095701374, 4484.46363693106));
#74880 = CARTESIAN_POINT ('', (790., -206.720830992873, 4484.65185484954));
#74890 = CARTESIAN_POINT ('', (790., -205.225828234897, 4484.83652288741));
#74900 = CARTESIAN_POINT ('', (790., -203.730835713605, 4485.02118966081));
#74910 = CARTESIAN_POINT ('', (790., -202.223207486207, 4485.20538224394));
#74920 = CARTESIAN_POINT ('', (790., -200.727729068245, 4485.38607191528));
#74930 = CARTESIAN_POINT ('', (790., -199.232262441701, 4485.56676016193));
#74940 = CARTESIAN_POINT ('', (790., -197.724289137363, 4485.74692485111));
#74950 = CARTESIAN_POINT ('', (790., -196.228347079333, 4485.92363374336));
#74960 = CARTESIAN_POINT ('', (790., -194.732418625719, 4486.10034102858));
#74970 = CARTESIAN_POINT ('', (790., -193.224119058832, 4486.27647533314));
#74980 = CARTESIAN_POINT ('', (790., -191.72772565253, 4486.44920105954));
#74990 = CARTESIAN_POINT ('', (790., -190.231347948577, 4486.62192497345));
#75000 = CARTESIAN_POINT ('', (790., -188.722741326263, 4486.79402646638));
#75010 = CARTESIAN_POINT ('', (790., -187.225909161163, 4486.96276665971));
#75020 = CARTESIAN_POINT ('', (790., -185.729095110068, 4487.13150481103));
#75030 = CARTESIAN_POINT ('', (790., -184.220201054141, 4487.29957112408));
#75040 = CARTESIAN_POINT ('', (790., -182.722943045318, 4487.46432342992));
#75050 = CARTESIAN_POINT ('', (790., -181.225705906867, 4487.62907343925));
#75060 = CARTESIAN_POINT ('', (790., -179.716544477507, 4487.79310225757));
#75070 = CARTESIAN_POINT ('', (790., -178.218873895776, 4487.95386432696));
#75080 = CARTESIAN_POINT ('', (790., -176.721227318701, 4488.11462381965));
#75090 = CARTESIAN_POINT ('', (790., -175.211819039897, 4488.27461287576));
#75100 = CARTESIAN_POINT ('', (790., -173.713749544192, 4488.43138235734));
#75110 = CARTESIAN_POINT ('', (790., -172.21570760076, 4488.58814895564));
#75120 = CARTESIAN_POINT ('', (790., -170.70607348753, 4488.74409602284));
#75130 = CARTESIAN_POINT ('', (790., -169.207619159513, 4488.89687055433));
#75140 = CARTESIAN_POINT ('', (790., -167.709196382278, 4489.04964186907));
#75150 = CARTESIAN_POINT ('', (790., -166.199357969605, 4489.20154475413));
#75160 = CARTESIAN_POINT ('', (790., -164.700533350444, 4489.35032195313));
#75170 = CARTESIAN_POINT ('', (790., -163.201744770997, 4489.49909557473));
#75180 = CARTESIAN_POINT ('', (790., -161.691724144367, 4489.64695210984));
#75190 = CARTESIAN_POINT ('', (790., -160.192544273521, 4489.79172956394));
#75200 = CARTESIAN_POINT ('', (790., -158.693405462982, 4489.93650305279));
#75210 = CARTESIAN_POINT ('', (790., -157.183225290288, 4490.08031108679));
#75220 = CARTESIAN_POINT ('', (790., -155.683705746034, 4490.22108634291));
#75230 = CARTESIAN_POINT ('', (790., -154.184232856864, 4490.36185721905));
#75240 = CARTESIAN_POINT ('', (790., -152.673916421302, 4490.50161460778));
#75250 = CARTESIAN_POINT ('', (790., -151.174073362596, 4490.63838516081));
#75260 = CARTESIAN_POINT ('', (790., -149.674283171113, 4490.77515089289));
#75270 = CARTESIAN_POINT ('', (790., -148.163854404531, 4490.91085548874));
#75280 = CARTESIAN_POINT ('', (790., -146.663704613581, 4491.04361876926));
#75290 = CARTESIAN_POINT ('', (790., -145.163614562329, 4491.17637676281));
#75300 = CARTESIAN_POINT ('', (790., -143.653098078233, 4491.30802640342));
#75310 = CARTESIAN_POINT ('', (790., -142.152659002932, 4491.43677976465));
#75320 = CARTESIAN_POINT ('', (790., -140.652287241718, 4491.56552734963));
#75330 = CARTESIAN_POINT ('', (790., -139.141708366838, 4491.69311984559));
#75340 = CARTESIAN_POINT ('', (790., -137.640998161879, 4491.81786054953));
#75350 = CARTESIAN_POINT ('', (790., -136.140363585898, 4491.94259496711));
#75360 = CARTESIAN_POINT ('', (790., -134.629748388833, 4492.06612808889));
#75370 = CARTESIAN_POINT ('', (790., -133.128785953929, 4492.18685329158));
#75380 = CARTESIAN_POINT ('', (790., -131.627908236879, 4492.30757168026));
#75390 = CARTESIAN_POINT ('', (790., -130.117283551859, 4492.42704314416));
#75400 = CARTESIAN_POINT ('', (790., -128.616088564966, 4492.54374988018));
#75410 = CARTESIAN_POINT ('', (790., -127.11500462285, 4492.6604479833));
#75420 = CARTESIAN_POINT ('', (790., -125.604383098192, 4492.77586563494));
#75430 = CARTESIAN_POINT ('', (790., -124.102990240964, 4492.88851969308));
#75440 = CARTESIAN_POINT ('', (790., -122.601758490461, 4493.00116166289));
#75450 = CARTESIAN_POINT ('', (790., -121.091125551227, 4493.11244546706));
#75460 = CARTESIAN_POINT ('', (790., -119.589593252516, 4493.22100760599));
#75470 = CARTESIAN_POINT ('', (790., -118.088172641302, 4493.32956166981));
#75480 = CARTESIAN_POINT ('', (790., -116.577618308595, 4493.43671321381));
#75490 = CARTESIAN_POINT ('', (790., -115.075908223252, 4493.54118644546));
#75500 = CARTESIAN_POINT ('', (790., -113.574321892916, 4493.64565106754));
#75510 = CARTESIAN_POINT ('', (790., -112.063876933584, 4493.74866978882));
#75520 = CARTESIAN_POINT ('', (790., -110.562012213004, 4493.84905268475));
#75530 = CARTESIAN_POINT ('', (790., -109.060284073227, 4493.94942645178));
#75540 = CARTESIAN_POINT ('', (790., -107.549979911471, 4494.04831197754));
#75550 = CARTESIAN_POINT ('', (790., -106.047984474083, 4494.14460322829));
#75560 = CARTESIAN_POINT ('', (790., -104.546139119276, 4494.2408848574));
#75570 = CARTESIAN_POINT ('', (790., -103.036007735037, 4494.3356370121));
#75580 = CARTESIAN_POINT ('', (790., -101.533906182945, 4494.42783543432));
#75590 = CARTESIAN_POINT ('', (790., -100.03196876343, 4494.52002378215));
#75600 = CARTESIAN_POINT ('', (790., -98.5220425451457, 4494.61064259558));
#75610 = CARTESIAN_POINT ('', (790., -97.0198600353099, 4494.69874714005));
#75620 = CARTESIAN_POINT ('', (790., -95.5178560717134, 4494.7868412126));
#75630 = CARTESIAN_POINT ('', (790., -94.0081676122702, 4494.8733269286));
#75640 = CARTESIAN_POINT ('', (790., -92.5059296709122, 4494.95733668888));
#75650 = CARTESIAN_POINT ('', (790., -91.0038847989275, 4495.04133565212));
#75660 = CARTESIAN_POINT ('', (790., -89.4944666221159, 4495.12368873752));
#75670 = CARTESIAN_POINT ('', (790., -87.9921988894959, 4495.2036029591));
#75680 = CARTESIAN_POINT ('', (790., -86.4901385209838, 4495.2835061498));
#75690 = CARTESIAN_POINT ('', (790., -84.9810227246087, 4495.36172730324));
#75700 = CARTESIAN_POINT ('', (790., -83.478750616152, 4495.43754539271));
#75710 = CARTESIAN_POINT ('', (790., -81.9766995019745, 4495.51335232883));
#75720 = CARTESIAN_POINT ('', (790., -80.4679173032303, 4495.58744248884));
#75730 = CARTESIAN_POINT ('', (790., -78.9656655724009, 4495.65916402247));
#75740 = CARTESIAN_POINT ('', (790., -77.4636472529049, 4495.73087441241));
#75750 = CARTESIAN_POINT ('', (790., -75.9552284221719, 4495.8008347638));
#75760 = CARTESIAN_POINT ('', (790., -74.4530206110129, 4495.86845949464));
#75770 = CARTESIAN_POINT ('', (790., -72.9510567422582, 4495.93607324395));
#75780 = CARTESIAN_POINT ('', (790., -71.4430289136754, 4496.00190522141));
#75790 = CARTESIAN_POINT ('', (790., -69.9408866791158, 4496.06543308374));
#75800 = CARTESIAN_POINT ('', (790., -68.4389962274982, 4496.12895029779));
#75810 = CARTESIAN_POINT ('', (790., -66.9313840792504, 4496.19065558511));
#75820 = CARTESIAN_POINT ('', (790., -65.4293263878324, 4496.25008669474));
#75830 = CARTESIAN_POINT ('', (790., -63.9275246934739, 4496.30950767548));
#75840 = CARTESIAN_POINT ('', (790., -62.4203489984553, 4496.36708819843));
#75850 = CARTESIAN_POINT ('', (790., -60.9183911898603, 4496.42242284698));
#75860 = CARTESIAN_POINT ('', (790., -59.4166889107908, 4496.4777480814));
#75870 = CARTESIAN_POINT ('', (790., -57.9099654699459, 4496.53120599229));
#75880 = CARTESIAN_POINT ('', (790., -56.4081182013474, 4496.58244463327));
#75890 = CARTESIAN_POINT ('', (790., -54.9065201666107, 4496.63367477111));
#75900 = CARTESIAN_POINT ('', (790., -53.4002586533297, 4496.68301242245));
#75910 = CARTESIAN_POINT ('', (790., -51.8985267527088, 4496.73015564685));
#75920 = CARTESIAN_POINT ('', (790., -50.3970307731292, 4496.77729146508));
#75930 = CARTESIAN_POINT ('', (790., -48.8912335375848, 4496.82251137005));
#75940 = CARTESIAN_POINT ('', (790., -47.3896148147471, 4496.86555986917));
#75950 = CARTESIAN_POINT ('', (790., -45.8882105243081, 4496.90860222094));
#75960 = CARTESIAN_POINT ('', (790., -44.3828714307159, 4496.94970699876));
#75970 = CARTESIAN_POINT ('', (790., -42.8813555189577, 4496.98866151238));
#75980 = CARTESIAN_POINT ('', (790., -41.3800233454234, 4497.02761125919));
#75990 = CARTESIAN_POINT ('', (790., -39.8751267406972, 4497.06460356411));
#76000 = CARTESIAN_POINT ('', (790., -38.373694067746, 4497.0994648128));
#76010 = CARTESIAN_POINT ('', (790., -36.8724044545359, 4497.13432273984));
#76020 = CARTESIAN_POINT ('', (790., -35.367924389953, 4497.16720517411));
#76030 = CARTESIAN_POINT ('', (790., -33.8665454001797, 4497.19797377624));
#76040 = CARTESIAN_POINT ('', (790., -32.3652584172034, 4497.22874049283));
#76050 = CARTESIAN_POINT ('', (790., -30.8611582601203, 4497.25751550571));
#76060 = CARTESIAN_POINT ('', (790., -29.3597930257111, 4497.28419188123));
#76070 = CARTESIAN_POINT ('', (790., -27.8584585083795, 4497.31086771097));
#76080 = CARTESIAN_POINT ('', (790., -26.3546910822743, 4497.33553748859));
#76090 = CARTESIAN_POINT ('', (790., -24.8532894425518, 4497.35812175441));
#76100 = CARTESIAN_POINT ('', (790., -23.3518477790777, 4497.38070662227));
#76110 = CARTESIAN_POINT ('', (790., -21.8483561508668, 4497.40127297552));
#76120 = CARTESIAN_POINT ('', (790., -20.3468584998431, 4497.41976483973));
#76130 = CARTESIAN_POINT ('', (790., -18.8452421427961, 4497.43825816589));
#76140 = CARTESIAN_POINT ('', (790., -17.3419611321221, 4497.45472242617));
#76150 = CARTESIAN_POINT ('', (790., -15.8402999302135, 4497.4691210909));
#76160 = CARTESIAN_POINT ('', (790., -14.3384356389472, 4497.48352170294));
#76170 = CARTESIAN_POINT ('', (790., -12.8352940548577, 4497.49588463699));
#76180 = CARTESIAN_POINT ('', (790., -11.3333960713501, 4497.50618872084));
#76190 = CARTESIAN_POINT ('', (790., -9.0875099458465, 4497.52159709025));
#76200 = CARTESIAN_POINT ('', (790., -6.8397431261264, 4497.53243365618));
#76210 = CARTESIAN_POINT ('', (790., -4.59381283007839, 4497.53867960455));
#76220 = CARTESIAN_POINT ('', (790., -3.09100051404726, 4497.54285893645));
#76230 = CARTESIAN_POINT ('', (790., -1.58788418457273, 4497.54498776492));
#76240 = CARTESIAN_POINT ('', (790., -0.0850660591695105, 4497.54506515683));
#76250 = CARTESIAN_POINT ('', (790., 0.114050617580429, 4497.54507541091));
#76260 = CARTESIAN_POINT ('', (790., 0.313167202799105, 4497.54504966195));
#76270 = CARTESIAN_POINT ('', (790., 0.512283870237509, 4497.54498790995));
#76280 = CARTESIAN_POINT ('', (790., 2.79620683210562, 4497.54427959747));
#76290 = CARTESIAN_POINT ('', (790., 5.07969313286519, 4497.53883572957));
#76300 = CARTESIAN_POINT ('', (790., 7.36359351272182, 4497.52865474997));
#76310 = CARTESIAN_POINT ('', (790., 9.64903407143831, 4497.51846690469));
#76320 = CARTESIAN_POINT ('', (790., 11.9326627408294, 4497.50354923573));
#76330 = CARTESIAN_POINT ('', (790., 14.2180413637533, 4497.48387972888));
#76340 = CARTESIAN_POINT ('', (790., 16.504570679416, 4497.46420031838));
#76350 = CARTESIAN_POINT ('', (790., 18.7879161853236, 4497.43981050846));
#76360 = CARTESIAN_POINT ('', (790., 21.07434418129, 4497.41064529214));
#76370 = CARTESIAN_POINT ('', (790., 23.3615149605963, 4497.38147060102));
#76380 = CARTESIAN_POINT ('', (790., 25.6441390947468, 4497.34761846257));
#76390 = CARTESIAN_POINT ('', (790., 27.9311692099129, 4497.30895855262));
#76400 = CARTESIAN_POINT ('', (790., 30.2185527316866, 4497.27029266869));
#76410 = CARTESIAN_POINT ('', (790., 32.5000412029813, 4497.22699535821));
#76420 = CARTESIAN_POINT ('', (790., 34.7872448148198, 4497.17884907845));
#76430 = CARTESIAN_POINT ('', (790., 36.3077129457556, 4497.14684279636));
#76440 = CARTESIAN_POINT ('', (790., 37.8250341711599, 4497.11281166619));
#76450 = CARTESIAN_POINT ('', (790., 39.345408375664, 4497.07661750142));
#76460 = CARTESIAN_POINT ('', (790., 40.8657075107881, 4497.04042512377));
#76470 = CARTESIAN_POINT ('', (790., 42.3824735271026, 4497.00222740637));
#76480 = CARTESIAN_POINT ('', (790., 43.9026672673972, 4496.9618499321));
#76490 = CARTESIAN_POINT ('', (790., 45.422740118095, 4496.92147566874));
#76500 = CARTESIAN_POINT ('', (790., 46.9388983041577, 4496.87911769027));
#76510 = CARTESIAN_POINT ('', (790., 48.4588543200773, 4496.83456140856));
#76520 = CARTESIAN_POINT ('', (790., 49.9786532933552, 4496.79000973043));
#76530 = CARTESIAN_POINT ('', (790., 51.4941610771957, 4496.74349798408));
#76540 = CARTESIAN_POINT ('', (790., 53.0138318041675, 4496.69476757483));
#76550 = CARTESIAN_POINT ('', (790., 54.5333184943042, 4496.64604306697));
#76560 = CARTESIAN_POINT ('', (790., 56.0481428023046, 4496.59538406852));
#76570 = CARTESIAN_POINT ('', (790., 57.567489862254, 4496.54248425196));
#76580 = CARTESIAN_POINT ('', (790., 59.0866342188188, 4496.48959149303));
#76590 = CARTESIAN_POINT ('', (790., 60.6007506083074, 4496.43479166384));
#76600 = CARTESIAN_POINT ('', (790., 62.1197439771429, 4496.37772709109));
#76610 = CARTESIAN_POINT ('', (790., 63.6385232796346, 4496.32067056024));
#76620 = CARTESIAN_POINT ('', (790., 65.151914884735, 4496.26173613849));
#76630 = CARTESIAN_POINT ('', (790., 66.6705318666497, 4496.20051130995));
#76640 = CARTESIAN_POINT ('', (790., 68.1889296158147, 4496.13929532004));
#76650 = CARTESIAN_POINT ('', (790., 69.7015860157068, 4496.07623229812));
#76660 = CARTESIAN_POINT ('', (790., 71.2198101343283, 4496.01085150793));
#76670 = CARTESIAN_POINT ('', (790., 72.737814945165, 4495.94548016201));
#76680 = CARTESIAN_POINT ('', (790., 74.2497310386452, 4495.87829424704));
#76690 = CARTESIAN_POINT ('', (790., 75.7675509300103, 4495.80876154993));
#76700 = CARTESIAN_POINT ('', (790., 77.2851554863002, 4495.73923871751));
#76710 = CARTESIAN_POINT ('', (790., 78.7963304313244, 4495.667935311));
#76720 = CARTESIAN_POINT ('', (790., 80.3137387984843, 4495.59425450772));
#76730 = CARTESIAN_POINT ('', (790., 81.830938906357, 4495.52058381688));
#76740 = CARTESIAN_POINT ('', (790., 83.3413751610064, 4495.44516800963));
#76750 = CARTESIAN_POINT ('', (790., 84.8583678277398, 4495.36734264683));
#76760 = CARTESIAN_POINT ('', (790., 86.3751615877021, 4495.28952748843));
#76770 = CARTESIAN_POINT ('', (790., 87.8848640710967, 4495.21000406695));
#76780 = CARTESIAN_POINT ('', (790., 89.4014391541349, 4495.12803744786));
#76790 = CARTESIAN_POINT ('', (790., 90.9178262574872, 4495.04608098854));
#76800 = CARTESIAN_POINT ('', (790., 92.4268016358525, 4494.96245444967));
#76810 = CARTESIAN_POINT ('', (790., 93.9429588415188, 4494.87634965222));
#76820 = CARTESIAN_POINT ('', (790., 95.4589399877715, 4494.79025485344));
#76830 = CARTESIAN_POINT ('', (790., 96.9671960817324, 4494.70252942445));
#76840 = CARTESIAN_POINT ('', (790., 98.482936123592, 4494.61228932431));
#76850 = CARTESIAN_POINT ('', (790., 99.9985125496662, 4494.52205896509));
#76860 = CARTESIAN_POINT ('', (790., 101.506057853189, 4494.43023862713));
#76870 = CARTESIAN_POINT ('', (790., 103.021381981481, 4494.33586592338));
#76880 = CARTESIAN_POINT ('', (790., 104.536555090335, 4494.24150262497));
#76890 = CARTESIAN_POINT ('', (790., 106.04339838873, 4494.14559113812));
#76900 = CARTESIAN_POINT ('', (790., 107.558308019218, 4494.0470883801));
#76910 = CARTESIAN_POINT ('', (790., 109.073079094327, 4493.94859463125));
#76920 = CARTESIAN_POINT ('', (790., 110.579229167617, 4493.84859556008));
#76930 = CARTESIAN_POINT ('', (790., 112.093725596274, 4493.74596517406));
#76940 = CARTESIAN_POINT ('', (790., 113.608095588459, 4493.64334335605));
#76950 = CARTESIAN_POINT ('', (790., 115.113560986592, 4493.53926009459));
#76960 = CARTESIAN_POINT ('', (790., 116.62764517662, 4493.43250440963));
#76970 = CARTESIAN_POINT ('', (790., 118.141614550599, 4493.32575682017));
#76980 = CARTESIAN_POINT ('', (790., 119.64640342788, 4493.21759261593));
#76990 = CARTESIAN_POINT ('', (790., 121.160075856434, 4493.10671388831));
#77000 = CARTESIAN_POINT ('', (790., 122.673644485751, 4492.99584276414));
#77010 = CARTESIAN_POINT ('', (790., 124.177764483245, 4492.88360074069));
#77020 = CARTESIAN_POINT ('', (790., 125.691025036511, 4492.76860117653));
#77030 = CARTESIAN_POINT ('', (790., 127.204130755306, 4492.65361337894));
#77040 = CARTESIAN_POINT ('', (790., 128.70765052432, 4492.53731102941));
#77050 = CARTESIAN_POINT ('', (790., 130.220441689487, 4492.41825641826));
#77060 = CARTESIAN_POINT ('', (790., 131.733128139602, 4492.29921004805));
#77070 = CARTESIAN_POINT ('', (790., 133.236020451499, 4492.1789063637));
#77080 = CARTESIAN_POINT ('', (790., 134.74838226906, 4492.05580450585));
#77090 = CARTESIAN_POINT ('', (790., 136.260664788795, 4491.93270910261));
#77100 = CARTESIAN_POINT ('', (790., 137.762919297303, 4491.80840318952));
#77110 = CARTESIAN_POINT ('', (790., 139.274866549146, 4491.6812560093));
#77120 = CARTESIAN_POINT ('', (790., 140.786742985764, 4491.55411478429));
#77130 = CARTESIAN_POINT ('', (790., 142.288364743769, 4491.42581035736));
#77140 = CARTESIAN_POINT ('', (790., 143.799895281426, 4491.29462085919));
#77150 = CARTESIAN_POINT ('', (790., 145.311362788405, 4491.16343683162));
#77160 = CARTESIAN_POINT ('', (790., 146.812356155466, 4491.03113737078));
#77170 = CARTESIAN_POINT ('', (790., 148.323467136689, 4490.89590839396));
#77180 = CARTESIAN_POINT ('', (790., 149.834522197082, 4490.76068442149));
#77190 = CARTESIAN_POINT ('', (790., 151.334890855971, 4490.6243932017));
#77200 = CARTESIAN_POINT ('', (790., 152.845578768264, 4490.48512744883));
#77210 = CARTESIAN_POINT ('', (790., 154.35621722471, 4490.34586625514));
#77220 = CARTESIAN_POINT ('', (790., 155.855964204074, 4490.20558637373));
#77230 = CARTESIAN_POINT ('', (790., 157.366224894848, 4490.06228643632));
#77240 = CARTESIAN_POINT ('', (790., 158.876441983904, 4489.91899063603));
#77250 = CARTESIAN_POINT ('', (790., 160.375569684916, 4489.77472503746));
#77260 = CARTESIAN_POINT ('', (790., 161.885398395946, 4489.62739341897));
#77270 = CARTESIAN_POINT ('', (790., 163.395188784975, 4489.48006554001));
#77280 = CARTESIAN_POINT ('', (790., 164.893699010343, 4489.3318170384));
#77290 = CARTESIAN_POINT ('', (790., 166.403090414755, 4489.18045617488));
#77300 = CARTESIAN_POINT ('', (790., 167.912448240016, 4489.02909867864));
#77310 = CARTESIAN_POINT ('', (790., 169.410342224121, 4488.8768699781));
#77320 = CARTESIAN_POINT ('', (790., 170.919290464573, 4488.72148225664));
#77330 = CARTESIAN_POINT ('', (790., 172.428209369504, 4488.56609755609));
#77340 = CARTESIAN_POINT ('', (790., 173.925487808778, 4488.40989126914));
#77350 = CARTESIAN_POINT ('', (790., 175.433986535807, 4488.25047904447));
#77360 = CARTESIAN_POINT ('', (790., 176.942459708758, 4488.09106952025));
#77370 = CARTESIAN_POINT ('', (790., 178.43912279165, 4487.9308881846));
#77380 = CARTESIAN_POINT ('', (790., 179.947165201472, 4487.76745379378));
#77390 = CARTESIAN_POINT ('', (790., 181.455185412373, 4487.60402180877));
#77400 = CARTESIAN_POINT ('', (790., 182.951232848451, 4487.43986790242));
#77410 = CARTESIAN_POINT ('', (790., 184.458811719672, 4487.27241367805));
#77420 = CARTESIAN_POINT ('', (790., 185.966371355256, 4487.10496159028));
#77430 = CARTESIAN_POINT ('', (790., 187.46180240315, 4486.93683754526));
#77440 = CARTESIAN_POINT ('', (790., 188.968910132034, 4486.76536582724));
#77450 = CARTESIAN_POINT ('', (790., 190.476001229395, 4486.59389600147));
#77460 = CARTESIAN_POINT ('', (790., 191.970814723387, 4486.42180421632));
#77470 = CARTESIAN_POINT ('', (790., 193.477443357442, 4486.24631736228));
#77480 = CARTESIAN_POINT ('', (790., 194.984057635774, 4486.07083218035));
#77490 = CARTESIAN_POINT ('', (790., 196.47825201094, 4485.89477503143));
#77500 = CARTESIAN_POINT ('', (790., 197.984393280686, 4485.71527542608));
#77510 = CARTESIAN_POINT ('', (790., 199.49052217114, 4485.53577729608));
#77520 = CARTESIAN_POINT ('', (790., 200.984095487002, 4485.3557571479));
#77530 = CARTESIAN_POINT ('', (790., 202.489740835853, 4485.17224721133));
#77540 = CARTESIAN_POINT ('', (790., 203.995375509499, 4484.98873857588));
#77550 = CARTESIAN_POINT ('', (790., 205.488325472191, 4484.80475779042));
#77560 = CARTESIAN_POINT ('', (790., 206.993466084426, 4484.61723998547));
#77570 = CARTESIAN_POINT ('', (790., 208.498597478339, 4484.42972332898));
#77580 = CARTESIAN_POINT ('', (790., 209.990921461335, 4484.24178427431));
#77590 = CARTESIAN_POINT ('', (790., 211.495548288202, 4484.05026111312));
#77600 = CARTESIAN_POINT ('', (790., 213.000167129723, 4483.85873896837));
#77610 = CARTESIAN_POINT ('', (790., 214.491862193172, 4483.66684402637));
#77620 = CARTESIAN_POINT ('', (790., 215.995965977158, 4483.47131807621));
#77630 = CARTESIAN_POINT ('', (790., 217.499968101315, 4483.27580534132));
#77640 = CARTESIAN_POINT ('', (790., 218.991160187949, 4483.07995238637));
#77650 = CARTESIAN_POINT ('', (790., 220.494648951454, 4482.88053032894));
#77660 = CARTESIAN_POINT ('', (790., 221.998059167592, 4482.68111869));
#77670 = CARTESIAN_POINT ('', (790., 223.488731869878, 4482.48143958177));
#77680 = CARTESIAN_POINT ('', (790., 224.991622722019, 4482.27815070778));
#77690 = CARTESIAN_POINT ('', (790., 226.494505984388, 4482.07486286043));
#77700 = CARTESIAN_POINT ('', (790., 227.984558987575, 4481.87135360372));
#77710 = CARTESIAN_POINT ('', (790., 229.486913053633, 4481.66419108446));
#77720 = CARTESIAN_POINT ('', (790., 230.989260338154, 4481.45702950031));
#77730 = CARTESIAN_POINT ('', (790., 232.478689697097, 4481.24969231595));
#77740 = CARTESIAN_POINT ('', (790., 233.980497957796, 4481.03865859032));
#77750 = CARTESIAN_POINT ('', (790., 235.48230010298, 4480.82762572404));
#77760 = CARTESIAN_POINT ('', (790., 236.971101643182, 4480.61646279549));
#77770 = CARTESIAN_POINT ('', (790., 238.472354942775, 4480.40156029577));
#77780 = CARTESIAN_POINT ('', (790., 239.973602664736, 4480.18665859447));
#77790 = CARTESIAN_POINT ('', (790., 241.461771995142, 4479.97167207799));
#77800 = CARTESIAN_POINT ('', (790., 242.962461056436, 4479.75290323829));
#77810 = CARTESIAN_POINT ('', (790., 244.463144962759, 4479.53413515006));
#77820 = CARTESIAN_POINT ('', (790., 245.950677487645, 4479.31532718399));
#77830 = CARTESIAN_POINT ('', (790., 247.450792925861, 4479.09269444797));
#77840 = CARTESIAN_POINT ('', (790., 248.950903528373, 4478.87006242962));
#77850 = CARTESIAN_POINT ('', (790., 250.437794458419, 4478.6474351429));
#77860 = CARTESIAN_POINT ('', (790., 251.937326793971, 4478.42094097079));
#77870 = CARTESIAN_POINT ('', (790., 253.43685452052, 4478.19444749484));
#77880 = CARTESIAN_POINT ('', (790., 254.923098883145, 4477.96800301487));
#77890 = CARTESIAN_POINT ('', (790., 256.422038553412, 4477.73764988978));
#77900 = CARTESIAN_POINT ('', (790., 257.920973758711, 4477.50729745086));
#77910 = CARTESIAN_POINT ('', (790., 259.40656640772, 4477.27703791068));
#77920 = CARTESIAN_POINT ('', (790., 260.904903777893, 4477.04282834438));
#77930 = CARTESIAN_POINT ('', (790., 262.403236753515, 4476.808619465));
#77940 = CARTESIAN_POINT ('', (790., 263.888172378139, 4476.57454700993));
#77950 = CARTESIAN_POINT ('', (790., 265.385897751209, 4476.33648354806));
#77960 = CARTESIAN_POINT ('', (790., 266.883618734784, 4476.0984207839));
#77970 = CARTESIAN_POINT ('', (790., 268.36789186816, 4475.86053757762));
#77980 = CARTESIAN_POINT ('', (790., 269.864995494112, 4475.61862280444));
#77990 = CARTESIAN_POINT ('', (790., 271.362094677796, 4475.37670874908));
#78000 = CARTESIAN_POINT ('', (790., 272.845699704944, 4475.13501697927));
#78010 = CARTESIAN_POINT ('', (790., 274.342171789222, 4474.88925352197));
#78020 = CARTESIAN_POINT ('', (790., 275.838639327501, 4474.64349081125));
#78030 = CARTESIAN_POINT ('', (790., 277.321570492829, 4474.39799269477));
#78040 = CARTESIAN_POINT ('', (790., 278.817401204135, 4474.14838322737));
#78050 = CARTESIAN_POINT ('', (790., 280.313227220999, 4473.89877454334));
#78060 = CARTESIAN_POINT ('', (790., 281.795478635409, 4473.64947233097));
#78070 = CARTESIAN_POINT ('', (790., 283.290658112873, 4473.39601957789));
#78080 = CARTESIAN_POINT ('', (790., 284.785832708432, 4473.14256765236));
#78090 = CARTESIAN_POINT ('', (790., 286.267398356028, 4472.88946363324));
#78100 = CARTESIAN_POINT ('', (790., 287.761916715816, 4472.6321703725));
#78110 = CARTESIAN_POINT ('', (790., 289.256429972389, 4472.37487799033));
#78120 = CARTESIAN_POINT ('', (790., 290.737303716854, 4472.11797449599));
#78130 = CARTESIAN_POINT ('', (790., 292.23115105825, 4471.85684356216));
#78140 = CARTESIAN_POINT ('', (790., 293.724993045971, 4471.59571356418));
#78150 = CARTESIAN_POINT ('', (790., 295.205168636619, 4471.3350129723));
#78160 = CARTESIAN_POINT ('', (790., 296.69833504763, 4471.07004725914));
#78170 = CARTESIAN_POINT ('', (790., 298.191495829618, 4470.80508254486));
#78180 = CARTESIAN_POINT ('', (790., 299.670966907161, 4470.54058728271));
#78190 = CARTESIAN_POINT ('', (790., 301.163442469676, 4470.27178974557));
#78200 = CARTESIAN_POINT ('', (790., 302.655745402344, 4470.00302329937));
#78210 = CARTESIAN_POINT ('', (790., 304.134764582727, 4469.73472691001));
#78220 = CARTESIAN_POINT ('', (790., 305.626398756572, 4469.46227336009));
#78230 = CARTESIAN_POINT ('', (790., 307.867190640115, 4469.05298285574));
#78240 = CARTESIAN_POINT ('', (790., 310.078437266461, 4468.64488312624));
#78250 = CARTESIAN_POINT ('', (790., 312.31770800135, 4468.22735042312));
#78260 = CARTESIAN_POINT ('', (790., 314.556956219116, 4467.80982191854));
#78270 = CARTESIAN_POINT ('', (790., 316.76661543658, 4467.39360313472));
#78280 = CARTESIAN_POINT ('', (790., 319.004312612265, 4466.96784031008));
#78290 = CARTESIAN_POINT ('', (790., 321.241986382018, 4466.54208193885));
#78300 = CARTESIAN_POINT ('', (790., 323.450040546733, 4466.11775010279));
#78310 = CARTESIAN_POINT ('', (790., 325.686133426419, 4465.68376539807));
#78320 = CARTESIAN_POINT ('', (790., 327.922201895622, 4465.24978543099));
#78330 = CARTESIAN_POINT ('', (790., 330.128632766779, 4464.81734665485));
#78340 = CARTESIAN_POINT ('', (790., 332.363090549734, 4464.37514847869));
#78350 = CARTESIAN_POINT ('', (790., 334.597522827955, 4463.93295534992));
#78360 = CARTESIAN_POINT ('', (790., 336.802311607419, 4463.49241588635));
#78370 = CARTESIAN_POINT ('', (790., 339.035103461278, 4463.04201283747));
#78380 = CARTESIAN_POINT ('', (790., 341.267868648984, 4462.59161516773));
#78390 = CARTESIAN_POINT ('', (790., 343.47099601845, 4462.14298143707));
#78400 = CARTESIAN_POINT ('', (790., 345.702091107916, 4461.68438232446));
#78410 = CARTESIAN_POINT ('', (790., 347.93315832207, 4461.22578894158));
#78420 = CARTESIAN_POINT ('', (790., 350.134604478043, 4460.76906755628));
#78430 = CARTESIAN_POINT ('', (790., 352.363971990396, 4460.30228141707));
#78440 = CARTESIAN_POINT ('', (790., 354.593310387253, 4459.83550137408));
#78450 = CARTESIAN_POINT ('', (790., 356.793055074072, 4459.37069916059));
#78460 = CARTESIAN_POINT ('', (790., 359.020664241871, 4458.89573527589));
#78470 = CARTESIAN_POINT ('', (790., 361.24824303729, 4458.42077786709));
#78480 = CARTESIAN_POINT ('', (790., 363.446265578422, 4457.94790188544));
#78490 = CARTESIAN_POINT ('', (790., 365.672085699734, 4457.46476979425));
#78500 = CARTESIAN_POINT ('', (790., 367.897874187311, 4456.98164456942));
#78510 = CARTESIAN_POINT ('', (790., 370.094153515054, 4456.50070213084));
#78520 = CARTESIAN_POINT ('', (790., 372.318153971499, 4456.0094116424));
#78530 = CARTESIAN_POINT ('', (790., 374.542121538777, 4455.51812841931));
#78540 = CARTESIAN_POINT ('', (790., 376.736636222537, 4455.0291271019));
#78550 = CARTESIAN_POINT ('', (790., 378.958786495419, 4454.52968830653));
#78560 = CARTESIAN_POINT ('', (790., 381.180893835032, 4454.03025916061));
#78570 = CARTESIAN_POINT ('', (790., 383.373628181185, 4453.53316976417));
#78580 = CARTESIAN_POINT ('', (790., 385.593899030701, 4453.02563862685));
#78590 = CARTESIAN_POINT ('', (790., 387.813743388664, 4452.51820498113));
#78600 = CARTESIAN_POINT ('', (790., 390.00533226108, 4452.01315373029));
#78610 = CARTESIAN_POINT ('', (790., 392.22336968642, 4451.49787918387));
#78620 = CARTESIAN_POINT ('', (790., 394.441373533851, 4450.98261243798));
#78630 = CARTESIAN_POINT ('', (790., 396.631191548237, 4450.46981453277));
#78640 = CARTESIAN_POINT ('', (790., 398.847361195393, 4449.94671513335));
#78650 = CARTESIAN_POINT ('', (790., 401.06349642155, 4449.42362385858));
#78660 = CARTESIAN_POINT ('', (790., 403.251521987395, 4448.90308595668));
#78670 = CARTESIAN_POINT ('', (790., 405.465795816714, 4448.37217049152));
#78680 = CARTESIAN_POINT ('', (790., 407.680034392481, 4447.84126347909));
#78690 = CARTESIAN_POINT ('', (790., 409.86624569152, 4447.31299246702));
#78700 = CARTESIAN_POINT ('', (790., 412.078595750099, 4446.77426995537));
#78710 = CARTESIAN_POINT ('', (790., 414.290909737837, 4446.23555622721));
#78720 = CARTESIAN_POINT ('', (790., 416.475284742621, 4445.69955923266));
#78730 = CARTESIAN_POINT ('', (790., 418.685683174087, 4445.1530389353));
#78740 = CARTESIAN_POINT ('', (790., 420.896044736655, 4444.60652775377));
#78750 = CARTESIAN_POINT ('', (790., 423.078561228377, 4444.06281215663));
#78760 = CARTESIAN_POINT ('', (790., 425.286980281828, 4443.50850358446));
#78770 = CARTESIAN_POINT ('', (790., 427.495004366392, 4442.95429414866));
#78780 = CARTESIAN_POINT ('', (790., 429.676255069942, 4442.40284205164));
#78790 = CARTESIAN_POINT ('', (790., 431.882383023662, 4441.8411322435));
#78800 = CARTESIAN_POINT ('', (790., 434.088440527501, 4441.27944037284));
#78810 = CARTESIAN_POINT ('', (790., 436.267916512195, 4440.72057901227));
#78820 = CARTESIAN_POINT ('', (790., 438.472056331803, 4440.15140845486));
#78830 = CARTESIAN_POINT ('', (790., 440.676160487994, 4439.58224710674));
#78840 = CARTESIAN_POINT ('', (790., 442.853779226432, 4439.01598464517));
#78850 = CARTESIAN_POINT ('', (790., 445.055940704796, 4438.4393525313));
#78860 = CARTESIAN_POINT ('', (790., 447.258066018619, 4437.86272988705));
#78870 = CARTESIAN_POINT ('', (790., 449.43380595869, 4437.28907293545));
#78880 = CARTESIAN_POINT ('', (790., 451.633963669478, 4436.70498765117));
#78890 = CARTESIAN_POINT ('', (790., 453.834084727851, 4436.12091209717));
#78900 = CARTESIAN_POINT ('', (790., 456.00792420531, 4435.5398674849));
#78910 = CARTESIAN_POINT ('', (790., 458.206052808202, 4434.94833762984));
#78920 = CARTESIAN_POINT ('', (790., 460.404144285991, 4434.35681776537));
#78930 = CARTESIAN_POINT ('', (790., 462.576061536477, 4433.7683925486));
#78940 = CARTESIAN_POINT ('', (790., 464.772135783409, 4433.16942694295));
#78950 = CARTESIAN_POINT ('', (790., 466.968172449343, 4432.57047158729));
#78960 = CARTESIAN_POINT ('', (790., 469.138145619987, 4431.97467305666));
#78970 = CARTESIAN_POINT ('', (790., 471.332140361004, 4431.36828074752));
#78980 = CARTESIAN_POINT ('', (790., 473.526097083224, 4430.76189894628));
#78990 = CARTESIAN_POINT ('', (790., 475.694104243879, 4430.1587346338));
#79000 = CARTESIAN_POINT ('', (790., 477.885994432621, 4429.54492490079));
#79010 = CARTESIAN_POINT ('', (790., 480.077846183902, 4428.93112593168));
#79020 = CARTESIAN_POINT ('', (790., 482.243865338006, 4428.32060361688));
#79030 = CARTESIAN_POINT ('', (790., 484.433626036873, 4427.69938597726));
#79040 = CARTESIAN_POINT ('', (790., 486.623214502697, 4427.07821719877));
#79050 = CARTESIAN_POINT ('', (790., 488.787439611875, 4426.4602772147));
#79060 = CARTESIAN_POINT ('', (790., 490.974959545534, 4425.8318626693));
#79070 = CARTESIAN_POINT ('', (790., 493.162256619437, 4425.20351214539));
#79080 = CARTESIAN_POINT ('', (790., 495.324831248082, 4424.57843484754));
#79090 = CARTESIAN_POINT ('', (790., 497.510062402669, 4423.94293687632));
#79100 = CARTESIAN_POINT ('', (790., 498.341334475618, 4423.7011904987));
#79110 = CARTESIAN_POINT ('', (790., 499.169029856191, 4423.45992476527));
#79120 = CARTESIAN_POINT ('', (790., 500., 4423.21714257799));
#79130 = B_SPLINE_CURVE_WITH_KNOTS ('', 3, (#73420, #73430, #73440, #73450, #73460, #73470, #73480, #73490, #73500, #73510, #73520, #73530, #73540, #73550, #73560, #73570, #73580, #73590, #73600, #73610, #73620, #73630, #73640, #73650, #73660, #73670, #73680, #73690, #73700, #73710, #73720, #73730, #73740, #73750, #73760, #73770, #73780, #73790, #73800, #73810, #73820, #73830, #73840, #73850, #73860, #73870, #73880, #73890, #73900, #73910, #73920, #73930, #73940, #73950, #73960, #73970, #73980, #73990, #74000, #74010, #74020, #74030, #74040, #74050, #74060, #74070, #74080, #74090, #74100, #74110, #74120, #74130, #74140, #74150, #74160, #74170, #74180, #74190, #74200, #74210, #74220, #74230, #74240, #74250, #74260, #74270, #74280, #74290, #74300, #74310, #74320, #74330, #74340, #74350, #74360, #74370, #74380, #74390, #74400, #74410, #74420, #74430, #74440, #74450, #74460, #74470, #74480, #74490, #74500, #74510, #74520, #74530, #74540, #74550, #74560, #74570, #74580, #74590, #74600, #74610, #74620, #74630, #74640, #74650, #74660, #74670, #74680, #74690, #74700, #74710, #74720, #74730, #74740, #74750, #74760, #74770, #74780, #74790, #74800, #74810, #74820, #74830, #74840, #74850, #74860, #74870, #74880, #74890, #74900, #74910, #74920, #74930, #74940, #74950, #74960, #74970, #74980, #74990, #75000, #75010, #75020, #75030, #75040, #75050, #75060, #75070, #75080, #75090, #75100, #75110, #75120, #75130, #75140, #75150, #75160, #75170, #75180, #75190, #75200, #75210, #75220, #75230, #75240, #75250, #75260, #75270, #75280, #75290, #75300, #75310, #75320, #75330, #75340, #75350, #75360, #75370, #75380, #75390, #75400, #75410, #75420, #75430, #75440, #75450, #75460, #75470, #75480, #75490, #75500, #75510, #75520, #75530, #75540, #75550, #75560, #75570, #75580, #75590, #75600, #75610, #75620, #75630, #75640, #75650, #75660, #75670, #75680, #75690, #75700, #75710, #75720, #75730, #75740, #75750, #75760, #75770, #75780, #75790, #75800, #75810, #75820, #75830, #75840, #75850, #75860, #75870, #75880, #75890, #75900, #75910, #75920, #75930, #75940, #75950, #75960, #75970, #75980, #75990, #76000, #76010, #76020, #76030, #76040, #76050, #76060, #76070, #76080, #76090, #76100, #76110, #76120, #76130, #76140, #76150, #76160, #76170, #76180, #76190, #76200, #76210, #76220, #76230, #76240, #76250, #76260, #76270, #76280, #76290, #76300, #76310, #76320, #76330, #76340, #76350, #76360, #76370, #76380, #76390, #76400, #76410, #76420, #76430, #76440, #76450, #76460, #76470, #76480, #76490, #76500, #76510, #76520, #76530, #76540, #76550, #76560, #76570, #76580, #76590, #76600, #76610, #76620, #76630, #76640, #76650, #76660, #76670, #76680, #76690, #76700, #76710, #76720, #76730, #76740, #76750, #76760, #76770, #76780, #76790, #76800, #76810, #76820, #76830, #76840, #76850, #76860, #76870, #76880, #76890, #76900, #76910, #76920, #76930, #76940, #76950, #76960, #76970, #76980, #76990, #77000, #77010, #77020, #77030, #77040, #77050, #77060, #77070, #77080, #77090, #77100, #77110, #77120, #77130, #77140, #77150, #77160, #77170, #77180, #77190, #77200, #77210, #77220, #77230, #77240, #77250, #77260, #77270, #77280, #77290, #77300, #77310, #77320, #77330, #77340, #77350, #77360, #77370, #77380, #77390, #77400, #77410, #77420, #77430, #77440, #77450, #77460, #77470, #77480, #77490, #77500, #77510, #77520, #77530, #77540, #77550, #77560, #77570, #77580, #77590, #77600, #77610, #77620, #77630, #77640, #77650, #77660, #77670, #77680, #77690, #77700, #77710, #77720, #77730, #77740, #77750, #77760, #77770, #77780, #77790, #77800, #77810, #77820, #77830, #77840, #77850, #77860, #77870, #77880, #77890, #77900, #77910, #77920, #77930, #77940, #77950, #77960, #77970, #77980, #77990, #78000, #78010, #78020, #78030, #78040, #78050, #78060, #78070, #78080, #78090, #78100, #78110, #78120, #78130, #78140, #78150, #78160, #78170, #78180, #78190, #78200, #78210, #78220, #78230, #78240, #78250, #78260, #78270, #78280, #78290, #78300, #78310, #78320, #78330, #78340, #78350, #78360, #78370, #78380, #78390, #78400, #78410, #78420, #78430, #78440, #78450, #78460, #78470, #78480, #78490, #78500, #78510, #78520, #78530, #78540, #78550, #78560, #78570, #78580, #78590, #78600, #78610, #78620, #78630, #78640, #78650, #78660, #78670, #78680, #78690, #78700, #78710, #78720, #78730, #78740, #78750, #78760, #78770, #78780, #78790, #78800, #78810, #78820, #78830, #78840, #78850, #78860, #78870, #78880, #78890, #78900, #78910, #78920, #78930, #78940, #78950, #78960, #78970, #78980, #78990, #79000, #79010, #79020, #79030, #79040, #79050, #79060, #79070, #79080, #79090, #79100, #79110, #79120), .UNSPECIFIED., .F., .U., (4, 3, 3, 3, 3, 3, 3, 3, 3, 3, 3, 3, 3, 3, 3, 3, 3, 3, 3, 3, 3, 3, 3, 3, 3, 3, 3, 3, 3, 3, 3, 3, 3, 3, 3, 3, 3, 3, 3, 3, 3, 3, 3, 3, 3, 3, 3, 3, 3, 3, 3, 3, 3, 3, 3, 3, 3, 3, 3, 3, 3, 3, 3, 3, 3, 3, 3, 3, 3, 3, 3, 3, 3, 3, 3, 3, 3, 3, 3, 3, 3, 3, 3, 3, 3, 3, 3, 3, 3, 3, 3, 3, 3, 3, 3, 3, 3, 3, 3, 3, 3, 3, 3, 3, 3, 3, 3, 3, 3, 3, 3, 3, 3, 3, 3, 3, 3, 3, 3, 3, 3, 3, 3, 3, 3, 3, 3, 3, 3, 3, 3, 3, 3, 3, 3, 3, 3, 3, 3, 3, 3, 3, 3, 3, 3, 3, 3, 3, 3, 3, 3, 3, 3, 3, 3, 3, 3, 3, 3, 3, 3, 3, 3, 3, 3, 3, 3, 3, 3, 3, 3, 3, 3, 3, 3, 3, 3, 3, 3, 3, 3, 3, 3, 3, 3, 3, 3, 3, 3, 3, 4), (0., 6.77697392749437, 13.5538355083492, 20.3296472251652, 27.1052852571851, 33.8808044806147, 40.6562062918889, 47.4314921400378, 54.2066635230426, 60.9817219833621, 67.7566691025092, 74.5315064945539, 81.3057068283864, 88.0791164184738, 94.8524129568862, 101.625598948822, 108.398676945597, 115.17164953153, 121.944253709345, 128.715796211383, 135.48723448529, 142.25857231346, 149.029813500942, 155.800961846746, 162.572021110032, 169.342994970462, 176.113886981895, 182.884700518491, 189.655438712171, 196.426104380207, 203.19669638327, 209.965625167007, 216.734493617508, 223.503305635199, 230.272064465696, 237.04077253867, 241.560618840595, 246.080450832812, 250.600268420069, 255.120071301647, 259.639858945736, 264.159630561358, 268.679385067591, 273.19912105989, 277.718836773234, 282.23853004185, 286.758198255225, 291.27763734254, 295.796759318782, 300.315854336049, 304.834918409865, 309.353946852159, 313.872934197444, 318.391874122905, 322.910759362138, 327.429581612349, 331.948331434903, 336.46699814928, 340.985569720639, 345.504032641512, 350.022371808401, 354.540570394598, 359.058609721061, 363.576469127957, 368.09412585046, 372.611554903585, 377.128728982381, 381.645568921647, 386.161924182112, 390.677943505472, 395.193590666453, 399.708827170794, 404.223612503093, 408.737904510984, 413.251659959665, 417.764835295228, 422.277387658895, 426.789276195916, 431.300463701346, 435.810918638407, 440.320617551446, 444.829547872394, 449.337711084694, 453.845126160382, 458.351833124284, 462.857896526695, 467.363408528965, 471.868491236339, 476.373297865367, 480.878012328617, 485.382846876705, 489.888037569869, 494.393837559113, 501.131654502248, 505.640108884436, 506.237458915478, 513.089228130586, 519.94561792818, 526.805459931845, 533.667530466809, 540.530661373062, 545.093076265809, 549.655265886609, 554.217092710715, 558.778448204513, 563.339251304025, 567.899445924901, 572.458997893736, 577.017891630029, 581.576126833188, 586.133715353611, 590.690678360061, 595.247043861449, 599.80284460072, 604.358116310676, 608.912896304152, 613.467222361534, 618.021131875012, 622.574661209153, 627.127845240006, 631.680717038822, 636.233122994862, 640.785213834423, 645.337065993724, 649.888704957469, 654.440154118306, 658.991434846238, 663.542566577515, 668.093566916134, 672.644451742683, 677.195235326537, 681.745930438431, 686.296548461219, 690.847099497291, 695.39759247156, 699.948035229364, 704.498434628842, 709.048796627629, 713.599126363809, 718.149428231226, 722.69970594931, 727.249676121825, 731.799408588422, 736.349118078345, 740.898807031153, 745.448477457167, 749.998130979714, 754.547768873888, 759.097392102058, 763.647001346383, 768.196597038556, 772.746179386984, 777.295748401613, 781.845303916575, 786.394845610846, 790.944373027057, 795.493885588624, 800.043382615327, 804.592863337467, 809.142326908714, 813.691264258146, 820.524857956978, 827.35838294019, 834.191836445893, 841.025215353664, 847.858516263317, 854.691735563104, 861.524869488619, 868.35791417354, 875.19086569318, 882.02372010175, 888.856473464074, 895.689094813529, 902.520403685591, 909.351609141423, 916.182708496665, 923.01369909367, 929.844578316087, 936.675343601132, 943.504887225028, 950.334212756166, 957.163427787471, 963.992530667412, 970.821519781363, 977.650393557694, 984.479150472817, 991.307789055331, 998.136307889364, 1004.96428963431, 1011.79157575938, 1014.38870708706), .UNSPECIFIED.);
#79140 = EDGE_CURVE ('', #73390, #73410, #79130, .T.);
#79150 = ORIENTED_EDGE ('', *, *, #79140, .F.);
#79160 = CARTESIAN_POINT ('', (790., -500., 4374.81938236534));
#79170 = VERTEX_POINT ('', #79160);
#79180 = CARTESIAN_POINT ('', (790., -500., 4374.81938236534));
#79190 = CARTESIAN_POINT ('', (790., -500., 4423.21714257799));
#79200 = B_SPLINE_CURVE_WITH_KNOTS ('', 1, (#79180, #79190), .UNSPECIFIED., .F., .U., (2, 2), (0., 1.), .UNSPECIFIED.);
#79210 = EDGE_CURVE ('', #79170, #73390, #79200, .T.);
#79220 = ORIENTED_EDGE ('', *, *, #79210, .F.);
#79230 = CARTESIAN_POINT ('', (790., 500., 4374.81938236534));
#79240 = VERTEX_POINT ('', #79230);
#79250 = CARTESIAN_POINT ('', (790., -500., 4374.81938236534));
#79260 = CARTESIAN_POINT ('', (790., -496.739019438292, 4373.91327872626));
#79270 = CARTESIAN_POINT ('', (790., -493.429659130099, 4373.00125346036));
#79280 = CARTESIAN_POINT ('', (790., -490.164881104416, 4372.10892926389));
#79290 = CARTESIAN_POINT ('', (790., -487.985009111881, 4371.51312994497));
#79300 = CARTESIAN_POINT ('', (790., -485.783148424482, 4370.91458143777));
#79310 = CARTESIAN_POINT ('', (790., -483.601543674131, 4370.32515846102));
#79320 = CARTESIAN_POINT ('', (790., -481.42042687815, 4369.73586731911));
#79330 = CARTESIAN_POINT ('', (790., -479.215878560152, 4369.14384055655));
#79340 = CARTESIAN_POINT ('', (790., -477.032979535918, 4368.56118596107));
#79350 = CARTESIAN_POINT ('', (790., -474.850112043179, 4367.9785397819));
#79360 = CARTESIAN_POINT ('', (790., -472.643722817255, 4367.39320890292));
#79370 = CARTESIAN_POINT ('', (790., -470.459092617908, 4366.81720720756));
#79380 = CARTESIAN_POINT ('', (790., -468.274493711656, 4366.24121376296));
#79390 = CARTESIAN_POINT ('', (790., -466.066285276993, 4365.66258766485));
#79400 = CARTESIAN_POINT ('', (790., -463.879943242084, 4365.09324652299));
#79410 = CARTESIAN_POINT ('', (790., -461.693632260328, 4364.52391346763));
#79420 = CARTESIAN_POINT ('', (790., -459.483626485478, 4363.95200094057));
#79430 = CARTESIAN_POINT ('', (790., -457.295592006328, 4363.38932789614));
#79440 = CARTESIAN_POINT ('', (790., -455.107588340818, 4362.82666277572));
#79450 = CARTESIAN_POINT ('', (790., -452.895807265421, 4362.26147251074));
#79460 = CARTESIAN_POINT ('', (790., -450.70609978404, 4361.70547500715));
#79470 = CARTESIAN_POINT ('', (790., -448.516422879487, 4361.14948526744));
#79480 = CARTESIAN_POINT ('', (790., -446.302888716155, 4360.59102586516));
#79490 = CARTESIAN_POINT ('', (790., -444.111527724398, 4360.04171125512));
#79500 = CARTESIAN_POINT ('', (790., -441.920197077961, 4359.49240425183));
#79510 = CARTESIAN_POINT ('', (790., -439.704932214345, 4358.94068423203));
#79520 = CARTESIAN_POINT ('', (790., -437.51193725333, 4358.39805978838));
#79530 = CARTESIAN_POINT ('', (790., -435.318972414418, 4357.85544279801));
#79540 = CARTESIAN_POINT ('', (790., -433.101999415465, 4357.31047061011));
#79550 = CARTESIAN_POINT ('', (790., -430.907390075304, 4356.77454353762));
#79560 = CARTESIAN_POINT ('', (790., -428.712810645722, 4356.23862376935));
#79570 = CARTESIAN_POINT ('', (790., -426.494152256142, 4355.70040780399));
#79580 = CARTESIAN_POINT ('', (790., -424.297948176012, 4355.17118525232));
#79590 = CARTESIAN_POINT ('', (790., -422.101773810511, 4354.64196986103));
#79600 = CARTESIAN_POINT ('', (790., -419.881452957479, 4354.11051846276));
#79610 = CARTESIAN_POINT ('', (790., -417.683673826089, 4353.58800754068));
#79620 = CARTESIAN_POINT ('', (790., -415.485924233364, 4353.06550364128));
#79630 = CARTESIAN_POINT ('', (790., -413.26396402947, 4352.54082512245));
#79640 = CARTESIAN_POINT ('', (790., -411.064629585974, 4352.02503291345));
#79650 = CARTESIAN_POINT ('', (790., -408.865333138511, 4351.50924961535));
#79660 = CARTESIAN_POINT ('', (790., -406.641754605909, 4350.99129299942));
#79670 = CARTESIAN_POINT ('', (790., -404.440877991947, 4350.48229456668));
#79680 = CARTESIAN_POINT ('', (790., -402.240830211533, 4349.97348781892));
#79690 = CARTESIAN_POINT ('', (790., -400.014144219106, 4349.46244198648));
#79700 = CARTESIAN_POINT ('', (790., -397.812406503085, 4348.96099849761));
#79710 = CARTESIAN_POINT ('', (790., -395.610700261034, 4348.4595621769));
#79720 = CARTESIAN_POINT ('', (790., -393.382291394249, 4347.95596479627));
#79730 = CARTESIAN_POINT ('', (790., -391.178919113882, 4347.46190067682));
#79740 = CARTESIAN_POINT ('', (790., -388.97557763445, 4346.9678434639));
#79750 = CARTESIAN_POINT ('', (790., -386.74547504633, 4346.4717048937));
#79760 = CARTESIAN_POINT ('', (790., -384.540491493313, 4345.98502868147));
#79770 = CARTESIAN_POINT ('', (790., -382.335538076689, 4345.49835912084));
#79780 = CARTESIAN_POINT ('', (790., -380.10377127097, 4345.00968958901));
#79790 = CARTESIAN_POINT ('', (790., -377.89719980873, 4344.53040969921));
#79800 = CARTESIAN_POINT ('', (790., -375.690657834005, 4344.05113621428));
#79810 = CARTESIAN_POINT ('', (790., -373.457256674693, 4343.56994583174));
#79820 = CARTESIAN_POINT ('', (790., -371.249120741283, 4343.09807057368));
#79830 = CARTESIAN_POINT ('', (790., -369.041013670479, 4342.62620148352));
#79840 = CARTESIAN_POINT ('', (790., -366.80600839219, 4342.15250025946));
#79850 = CARTESIAN_POINT ('', (790., -364.596331504232, 4341.68803785494));
#79860 = CARTESIAN_POINT ('', (790., -362.386682887529, 4341.22358139289));
#79870 = CARTESIAN_POINT ('', (790., -360.150104106688, 4340.75737925182));
#79880 = CARTESIAN_POINT ('', (790., -357.938909864521, 4340.30033785561));
#79890 = CARTESIAN_POINT ('', (790., -355.727743346856, 4339.8433021899));
#79900 = CARTESIAN_POINT ('', (790., -353.489622073864, 4339.38460899064));
#79910 = CARTESIAN_POINT ('', (790., -351.276934168048, 4338.9349967132));
#79920 = CARTESIAN_POINT ('', (790., -349.064273497269, 4338.48538996983));
#79930 = CARTESIAN_POINT ('', (790., -346.824641149753, 4338.03421552676));
#79940 = CARTESIAN_POINT ('', (790., -344.61048336913, 4337.5920404594));
#79950 = CARTESIAN_POINT ('', (790., -342.396352405933, 4337.14987074758));
#79960 = CARTESIAN_POINT ('', (790., -340.155240823203, 4336.7062248543));
#79970 = CARTESIAN_POINT ('', (790., -337.939637064729, 4336.27149509723));
#79980 = CARTESIAN_POINT ('', (790., -335.724059794599, 4335.83677053752));
#79990 = CARTESIAN_POINT ('', (790., -333.481501253492, 4335.40066299337));
#80000 = CARTESIAN_POINT ('', (790., -331.264475534074, 4334.97338668678));
#80010 = CARTESIAN_POINT ('', (790., -329.047476081543, 4334.54611544248));
#80020 = CARTESIAN_POINT ('', (790., -326.803503313809, 4334.11755608214));
#80030 = CARTESIAN_POINT ('', (790., -324.585079784442, 4333.6977414408));
#80040 = CARTESIAN_POINT ('', (790., -323.104166925279, 4333.41749337609));
#80050 = CARTESIAN_POINT ('', (790., -321.610977484928, 4333.13663529592));
#80060 = CARTESIAN_POINT ('', (790., -320.129412909259, 4332.85985328362));
#80070 = CARTESIAN_POINT ('', (790., -317.910785900182, 4332.44537519864));
#80080 = CARTESIAN_POINT ('', (790., -315.663189536315, 4332.02969212423));
#80090 = CARTESIAN_POINT ('', (790., -313.443076863839, 4331.62324703587));
#80100 = CARTESIAN_POINT ('', (790., -311.222986588577, 4331.21680604786));
#80110 = CARTESIAN_POINT ('', (790., -308.97396741052, 4330.80927518349));
#80120 = CARTESIAN_POINT ('', (790., -306.752419817757, 4330.41087663914));
#80130 = CARTESIAN_POINT ('', (790., -304.530893775184, 4330.01248195946));
#80140 = CARTESIAN_POINT ('', (790., -302.280492855163, 4329.61311456694));
#80150 = CARTESIAN_POINT ('', (790., -300.057537910855, 4329.22277164821));
#80160 = CARTESIAN_POINT ('', (790., -297.834603830635, 4328.83243239314));
#80170 = CARTESIAN_POINT ('', (790., -295.582863031552, 4328.4412396005));
#80180 = CARTESIAN_POINT ('', (790., -293.358528529754, 4328.05896132076));
#80190 = CARTESIAN_POINT ('', (790., -291.134214404409, 4327.67668654296));
#80200 = CARTESIAN_POINT ('', (790., -288.881176417639, 4327.29367937075));
#80210 = CARTESIAN_POINT ('', (790., -286.655490409718, 4326.91947471004));
#80220 = CARTESIAN_POINT ('', (790., -284.429824532312, 4326.54527343387));
#80230 = CARTESIAN_POINT ('', (790., -282.175532919485, 4326.17046282512));
#80240 = CARTESIAN_POINT ('', (790., -279.948523751736, 4325.80434076938));
#80250 = CARTESIAN_POINT ('', (790., -277.721534759975, 4325.43822203059));
#80260 = CARTESIAN_POINT ('', (790., -275.466033999365, 4325.07161888503));
#80270 = CARTESIAN_POINT ('', (790., -273.237730357045, 4324.7135884702));
#80280 = CARTESIAN_POINT ('', (790., -271.009447284697, 4324.35556136044));
#80290 = CARTESIAN_POINT ('', (790., -268.752782822935, 4323.9971765736));
#80300 = CARTESIAN_POINT ('', (790., -266.523213781615, 4323.6472469352));
#80310 = CARTESIAN_POINT ('', (790., -264.293666118286, 4323.29732065207));
#80320 = CARTESIAN_POINT ('', (790., -262.035884428256, 4322.94716515992));
#80330 = CARTESIAN_POINT ('', (790., -259.805079513531, 4322.60534558892));
#80340 = CARTESIAN_POINT ('', (790., -258.315581272044, 4322.37711422429));
#80350 = CARTESIAN_POINT ('', (790., -256.813589907401, 4322.14883175306));
#80360 = CARTESIAN_POINT ('', (790., -255.323542583116, 4321.9242131016));
#80370 = CARTESIAN_POINT ('', (790., -253.833502285327, 4321.69959550936));
#80380 = CARTESIAN_POINT ('', (790., -252.331021628578, 4321.47496578559));
#80390 = CARTESIAN_POINT ('', (790., -250.840440781559, 4321.25396377139));
#80400 = CARTESIAN_POINT ('', (790., -249.349867396334, 4321.03296286352));
#80410 = CARTESIAN_POINT ('', (790., -247.846910054475, 4320.81198910782));
#80420 = CARTESIAN_POINT ('', (790., -246.355804657678, 4320.5946066944));
#80430 = CARTESIAN_POINT ('', (790., -244.864707251673, 4320.37722544593));
#80440 = CARTESIAN_POINT ('', (790., -243.361286001049, 4320.15991093124));
#80450 = CARTESIAN_POINT ('', (790., -241.869665124418, 4319.94615115536));
#80460 = CARTESIAN_POINT ('', (790., -240.378071667231, 4319.73239530888));
#80470 = CARTESIAN_POINT ('', (790., -238.874173865324, 4319.51870634241));
#80480 = CARTESIAN_POINT ('', (790., -237.382057734037, 4319.30863003679));
#80490 = CARTESIAN_POINT ('', (790., -235.890188073415, 4319.09858843199));
#80500 = CARTESIAN_POINT ('', (790., -234.385444069363, 4318.88870342851));
#80510 = CARTESIAN_POINT ('', (790., -232.893040063141, 4318.68249275409));
#80520 = CARTESIAN_POINT ('', (790., -231.400642177738, 4318.47628292541));
#80530 = CARTESIAN_POINT ('', (790., -229.895452799469, 4318.27027476394));
#80540 = CARTESIAN_POINT ('', (790., -228.402530211608, 4318.06789865751));
#80550 = CARTESIAN_POINT ('', (790., -226.909614374406, 4317.86552346618));
#80560 = CARTESIAN_POINT ('', (790., -225.403995041163, 4317.66339526638));
#80570 = CARTESIAN_POINT ('', (790., -223.910564158913, 4317.46485656745));
#80580 = CARTESIAN_POINT ('', (790., -222.417140799203, 4317.26631886857));
#80590 = CARTESIAN_POINT ('', (790., -220.911107187964, 4317.06807372055));
#80600 = CARTESIAN_POINT ('', (790., -219.417178454066, 4316.87337526848));
#80610 = CARTESIAN_POINT ('', (790., -217.923258172392, 4316.67867791797));
#80620 = CARTESIAN_POINT ('', (790., -216.416826230402, 4316.48431888822));
#80630 = CARTESIAN_POINT ('', (790., -214.92241025804, 4316.29346352978));
#80640 = CARTESIAN_POINT ('', (790., -213.428003842582, 4316.10260939188));
#80650 = CARTESIAN_POINT ('', (790., -211.921189801016, 4315.91213952981));
#80660 = CARTESIAN_POINT ('', (790., -210.426297390204, 4315.72513012734));
#80670 = CARTESIAN_POINT ('', (790., -208.931415834715, 4315.53812208285));
#80680 = CARTESIAN_POINT ('', (790., -207.424236223561, 4315.35154442802));
#80690 = CARTESIAN_POINT ('', (790., -205.928878379089, 4315.16838386834));
#80700 = CARTESIAN_POINT ('', (790., -204.433532902489, 4314.98522482355));
#80710 = CARTESIAN_POINT ('', (790., -202.926004566776, 4314.80254241362));
#80720 = CARTESIAN_POINT ('', (790., -201.430192517815, 4314.6232336178));
#80730 = CARTESIAN_POINT ('', (790., -199.934394585552, 4314.4439265142));
#80740 = CARTESIAN_POINT ('', (790., -198.426534703037, 4314.2651423938));
#80750 = CARTESIAN_POINT ('', (790., -196.930279924514, 4314.08968832771));
#80760 = CARTESIAN_POINT ('', (790., -195.434041271813, 4313.91423615257));
#80770 = CARTESIAN_POINT ('', (790., -193.925867372224, 4313.73935338302));
#80780 = CARTESIAN_POINT ('', (790., -192.429181608084, 4313.5677570689));
#80790 = CARTESIAN_POINT ('', (790., -190.932514265164, 4313.3961628668));
#80800 = CARTESIAN_POINT ('', (790., -189.424044251132, 4313.22518453685));
#80810 = CARTESIAN_POINT ('', (790., -187.926939539583, 4313.05744906589));
#80820 = CARTESIAN_POINT ('', (790., -186.429855858947, 4312.88971595123));
#80830 = CARTESIAN_POINT ('', (790., -184.921108028722, 4312.72264518892));
#80840 = CARTESIAN_POINT ('', (790., -183.423596729547, 4312.55877373496));
#80850 = CARTESIAN_POINT ('', (790., -181.926109415401, 4312.39490490566));
#80860 = CARTESIAN_POINT ('', (790., -180.417102487442, 4312.23174489134));
#80870 = CARTESIAN_POINT ('', (790., -178.919197311451, 4312.07174072583));
#80880 = CARTESIAN_POINT ('', (790., -177.4213194513, 4311.91173947817));
#80890 = CARTESIAN_POINT ('', (790., -175.912072590815, 4311.75249345886));
#80900 = CARTESIAN_POINT ('', (790., -174.413786631477, 4311.59635996715));
#80910 = CARTESIAN_POINT ('', (790., -172.915531729876, 4311.4402297119));
#80920 = CARTESIAN_POINT ('', (790., -171.406064577341, 4311.28490101709));
#80930 = CARTESIAN_POINT ('', (790., -169.907411344585, 4311.13264171614));
#80940 = CARTESIAN_POINT ('', (790., -168.408793358993, 4310.98038599621));
#80950 = CARTESIAN_POINT ('', (790., -166.899126060644, 4310.82897805512));
#80960 = CARTESIAN_POINT ('', (790., -165.400119516771, 4310.68059661283));
#80970 = CARTESIAN_POINT ('', (790., -163.901152895354, 4310.53221912233));
#80980 = CARTESIAN_POINT ('', (790., -162.391306135564, 4310.38473548295));
#80990 = CARTESIAN_POINT ('', (790., -160.891960733111, 4310.24023573916));
#81000 = CARTESIAN_POINT ('', (790., -159.392660454241, 4310.09574034417));
#81010 = CARTESIAN_POINT ('', (790., -157.882655489605, 4309.95218469398));
#81020 = CARTESIAN_POINT ('', (790., -156.382986210933, 4309.81157068329));
#81030 = CARTESIAN_POINT ('', (790., -154.883367823975, 4309.67096144439));
#81040 = CARTESIAN_POINT ('', (790., -153.373226518809, 4309.5313376331));
#81050 = CARTESIAN_POINT ('', (790., -151.873248916984, 4309.39461360964));
#81060 = CARTESIAN_POINT ('', (790., -150.373379728025, 4309.25789946809));
#81070 = CARTESIAN_POINT ('', (790., -148.863054305988, 4309.12219810742));
#81080 = CARTESIAN_POINT ('', (790., -147.362828821992, 4308.98945083755));
#81090 = CARTESIAN_POINT ('', (790., -145.862750760261, 4308.85671661231));
#81100 = CARTESIAN_POINT ('', (790., -144.352207509022, 4308.72509538333));
#81110 = CARTESIAN_POINT ('', (790., -142.85177916437, 4308.59638117122));
#81120 = CARTESIAN_POINT ('', (790., -141.351415151327, 4308.4676724778));
#81130 = CARTESIAN_POINT ('', (790., -139.840807791136, 4308.34012380374));
#81140 = CARTESIAN_POINT ('', (790., -138.340104183887, 4308.21543706593));
#81150 = CARTESIAN_POINT ('', (790., -136.839472968085, 4308.09075634279));
#81160 = CARTESIAN_POINT ('', (790., -135.32882775821, 4307.96728207936));
#81170 = CARTESIAN_POINT ('', (790., -133.827867649038, 4307.84662521368));
#81180 = CARTESIAN_POINT ('', (790., -132.326988761871, 4307.72597487716));
#81190 = CARTESIAN_POINT ('', (790., -130.816332725521, 4307.60657679981));
#81200 = CARTESIAN_POINT ('', (790., -129.315135657225, 4307.48995218927));
#81210 = CARTESIAN_POINT ('', (790., -127.81402944064, 4307.37333463679));
#81220 = CARTESIAN_POINT ('', (790., -126.30339037967, 4307.25801444367));
#81230 = CARTESIAN_POINT ('', (790., -124.801976704929, 4307.14542446047));
#81240 = CARTESIAN_POINT ('', (790., -123.300664328674, 4307.03284207358));
#81250 = CARTESIAN_POINT ('', (790., -121.79007082761, 4306.92160138835));
#81260 = CARTESIAN_POINT ('', (790., -120.288461726283, 4306.81304839784));
#81270 = CARTESIAN_POINT ('', (790., -118.786965190466, 4306.70450354482));
#81280 = CARTESIAN_POINT ('', (790., -117.276446605718, 4306.59734391931));
#81290 = CARTESIAN_POINT ('', (790., -115.774664087465, 4306.49283028356));
#81300 = CARTESIAN_POINT ('', (790., -114.27300620512, 4306.3883253216));
#81310 = CARTESIAN_POINT ('', (790., -112.762592634198, 4306.28524823825));
#81320 = CARTESIAN_POINT ('', (790., -111.260659521117, 4306.18477631922));
#81330 = CARTESIAN_POINT ('', (790., -109.758863874245, 4306.08431359599));
#81340 = CARTESIAN_POINT ('', (790., -108.248586098538, 4305.98532046992));
#81350 = CARTESIAN_POINT ('', (790., -106.746525981292, 4305.88889263214));
#81360 = CARTESIAN_POINT ('', (790., -105.24461684243, 4305.79247448672));
#81370 = CARTESIAN_POINT ('', (790., -103.734506235758, 4305.69756666729));
#81380 = CARTESIAN_POINT ('', (790., -102.232343395244, 4305.60518527986));
#81390 = CARTESIAN_POINT ('', (790., -100.730345605068, 4305.51281404285));
#81400 = CARTESIAN_POINT ('', (790., -99.2204339986458, 4305.42199281466));
#81410 = CARTESIAN_POINT ('', (790., -97.7181932837206, 4305.33366025249));
#81420 = CARTESIAN_POINT ('', (790., -96.2161320736263, 4305.24533824529));
#81430 = CARTESIAN_POINT ('', (790., -94.7064515665129, 4305.1586048286));
#81440 = CARTESIAN_POINT ('', (790., -93.2041582167064, 4305.0743234727));
#81450 = CARTESIAN_POINT ('', (790., -91.7020589637379, 4304.99005300598));
#81460 = CARTESIAN_POINT ('', (790., -90.1926416663108, 4304.9074085563));
#81470 = CARTESIAN_POINT ('', (790., -88.6903210669192, 4304.82718079319));
#81480 = CARTESIAN_POINT ('', (790., -87.1882089672075, 4304.7469641645));
#81490 = CARTESIAN_POINT ('', (790., -85.6790866639398, 4304.66840977162));
#81500 = CARTESIAN_POINT ('', (790., -84.1767640196443, 4304.5922379917));
#81510 = CARTESIAN_POINT ('', (790., -82.6746636658176, 4304.51607748251));
#81520 = CARTESIAN_POINT ('', (790., -81.165867382947, 4304.44161416897));
#81530 = CARTESIAN_POINT ('', (790., -79.6635672954311, 4304.36950076399));
#81540 = CARTESIAN_POINT ('', (790., -78.1615021438068, 4304.29739863641));
#81550 = CARTESIAN_POINT ('', (790., -76.6530616077808, 4304.22702735558));
#81560 = CARTESIAN_POINT ('', (790., -75.1508075431519, 4304.15897471543));
#81570 = CARTESIAN_POINT ('', (790., -73.6487992584228, 4304.09093320918));
#81580 = CARTESIAN_POINT ('', (790., -72.140742232853, 4304.0246548436));
#81590 = CARTESIAN_POINT ('', (790., -70.6385558665795, 4303.96066535267));
#81600 = CARTESIAN_POINT ('', (790., -69.1366235358787, 4303.89668668305));
#81610 = CARTESIAN_POINT ('', (790., -67.6289750288199, 4303.83450204338));
#81620 = CARTESIAN_POINT ('', (790., -66.126875460064, 4303.77457807726));
#81630 = CARTESIAN_POINT ('', (790., -64.6250346755103, 4303.71466443495));
#81640 = CARTESIAN_POINT ('', (790., -63.1178160159875, 4303.65657426068));
#81650 = CARTESIAN_POINT ('', (790., -61.6158188504262, 4303.60071818376));
#81660 = CARTESIAN_POINT ('', (790., -60.1140806702932, 4303.54487173795));
#81670 = CARTESIAN_POINT ('', (790., -58.6073084638855, 4303.49087670072));
#81680 = CARTESIAN_POINT ('', (790., -57.1054247751531, 4303.4390908658));
#81690 = CARTESIAN_POINT ('', (790., -55.6037945892493, 4303.38731377181));
#81700 = CARTESIAN_POINT ('', (790., -54.0974795778047, 4303.33741448267));
#81710 = CARTESIAN_POINT ('', (790., -52.5957147731259, 4303.28970123391));
#81720 = CARTESIAN_POINT ('', (790., -51.0941911179378, 4303.24199564681));
#81730 = CARTESIAN_POINT ('', (790., -49.5883369882565, 4303.19619266876));
#81740 = CARTESIAN_POINT ('', (790., -48.0866896238015, 4303.15255434896));
#81750 = CARTESIAN_POINT ('', (790., -46.5852630167301, 4303.10892244443));
#81760 = CARTESIAN_POINT ('', (790., -45.0798652266199, 4303.06721631123));
#81770 = CARTESIAN_POINT ('', (790., -43.5783258418828, 4303.02765527487));
#81780 = CARTESIAN_POINT ('', (790., -42.0769777295367, 4302.98809927796));
#81790 = CARTESIAN_POINT ('', (790., -40.5720224451032, 4302.95049052002));
#81800 = CARTESIAN_POINT ('', (790., -39.0705725112383, 4302.9150091526));
#81810 = CARTESIAN_POINT ('', (790., -37.5692744507355, 4302.87953137416));
#81820 = CARTESIAN_POINT ('', (790., -36.0647377126403, 4302.84602055124));
#81830 = CARTESIAN_POINT ('', (790., -34.5633488136737, 4302.814621295));
#81840 = CARTESIAN_POINT ('', (790., -33.0620620746608, 4302.78322417529));
#81850 = CARTESIAN_POINT ('', (790., -31.5579093486912, 4302.75381120287));
#81860 = CARTESIAN_POINT ('', (790., -30.0565427685376, 4302.72649739939));
#81870 = CARTESIAN_POINT ('', (790., -28.5552211508366, 4302.69918441389));
#81880 = CARTESIAN_POINT ('', (790., -27.0514053024832, 4302.67387714871));
#81890 = CARTESIAN_POINT ('', (790., -25.5500147812488, 4302.650658585));
#81900 = CARTESIAN_POINT ('', (790., -24.0485949823265, 4302.62743956852));
#81910 = CARTESIAN_POINT ('', (790., -22.545064624424, 4302.60623849964));
#81920 = CARTESIAN_POINT ('', (790., -21.0435870859965, 4302.5871142501));
#81930 = CARTESIAN_POINT ('', (790., -19.542002903917, 4302.56798864225));
#81940 = CARTESIAN_POINT ('', (790., -18.0386939079489, 4302.55089133789));
#81950 = CARTESIAN_POINT ('', (790., -16.5370631480797, 4302.53586117616));
#81960 = CARTESIAN_POINT ('', (790., -15.0352422679462, 4302.52082911147));
#81970 = CARTESIAN_POINT ('', (790., -13.5320841029298, 4302.50783383058));
#81980 = CARTESIAN_POINT ('', (790., -12.0302278074859, 4302.49689825518));
#81990 = CARTESIAN_POINT ('', (790., -10.5280945902181, 4302.48596066342));
#82000 = CARTESIAN_POINT ('', (790., -9.02501312213859, 4302.47706645146));
#82010 = CARTESIAN_POINT ('', (790., -7.52285565632215, 4302.4702267713));
#82020 = CARTESIAN_POINT ('', (790., -5.27622984320443, 4302.4599973497));
#82030 = CARTESIAN_POINT ('', (790., -3.02846162803615, 4302.45434819372));
#82040 = CARTESIAN_POINT ('', (790., -0.781812778071002, 4302.45328509293));
#82050 = CARTESIAN_POINT ('', (790., -0.582898495361835, 4302.45319096788));
#82060 = CARTESIAN_POINT ('', (790., -0.38398324352996, 4302.45313276454));
#82070 = CARTESIAN_POINT ('', (790., -0.185068939798978, 4302.45311048347));
#82080 = CARTESIAN_POINT ('', (790., 0.0139765418908066, 4302.45308818771));
#82090 = CARTESIAN_POINT ('', (790., 0.213022084604416, 4302.45310186129));
#82100 = CARTESIAN_POINT ('', (790., 0.412067561352322, 4302.4531515042));
#82110 = CARTESIAN_POINT ('', (790., 2.69596531307516, 4302.45372111938));
#82120 = CARTESIAN_POINT ('', (790., 4.9794466952751, 4302.45902517071));
#82130 = CARTESIAN_POINT ('', (790., 7.26332244885611, 4302.46906543918));
#82140 = CARTESIAN_POINT ('', (790., 9.54874373658886, 4302.47911250205));
#82150 = CARTESIAN_POINT ('', (790., 11.8323737244791, 4302.49388883525));
#82160 = CARTESIAN_POINT ('', (790., 14.1177336652634, 4302.51341694199));
#82170 = CARTESIAN_POINT ('', (790., 16.4042508152889, 4302.53295493694));
#82180 = CARTESIAN_POINT ('', (790., 18.6876040134778, 4302.55720394486));
#82190 = CARTESIAN_POINT ('', (790., 20.9740204058288, 4302.5862296472));
#82200 = CARTESIAN_POINT ('', (790., 23.2611870247143, 4302.61526487355));
#82210 = CARTESIAN_POINT ('', (790., 25.5438245613724, 4302.64897980095));
#82220 = CARTESIAN_POINT ('', (790., 27.8308510050351, 4302.6875055443));
#82230 = CARTESIAN_POINT ('', (790., 30.1182354176139, 4302.72603731776));
#82240 = CARTESIAN_POINT ('', (790., 32.3997447664948, 4302.76920687418));
#82250 = CARTESIAN_POINT ('', (790., 34.6869499974195, 4302.81721083345));
#82260 = CARTESIAN_POINT ('', (790., 36.2074177969617, 4302.84912247536));
#82270 = CARTESIAN_POINT ('', (790., 37.7247555673458, 4302.88305483878));
#82280 = CARTESIAN_POINT ('', (790., 39.2451299620517, 4302.91914337237));
#82290 = CARTESIAN_POINT ('', (790., 40.76542861949, 4302.95523010823));
#82300 = CARTESIAN_POINT ('', (790., 42.2822156864001, 4302.99331668554));
#82310 = CARTESIAN_POINT ('', (790., 43.802409615756, 4303.03357432411));
#82320 = CARTESIAN_POINT ('', (790., 45.3224814527748, 4303.07382872943));
#82330 = CARTESIAN_POINT ('', (790., 46.8386656767717, 4303.11606001306));
#82340 = CARTESIAN_POINT ('', (790., 48.3586215180348, 4303.16047901188));
#82350 = CARTESIAN_POINT ('', (790., 49.8784186140901, 4303.20489337155));
#82360 = CARTESIAN_POINT ('', (790., 51.3939578926073, 4303.25125969625));
#82370 = CARTESIAN_POINT ('', (790., 52.9136277791532, 4303.2998321622));
#82380 = CARTESIAN_POINT ('', (790., 54.4331114763227, 4303.34839867707));
#82390 = CARTESIAN_POINT ('', (790., 55.9479731883666, 4303.3988904174));
#82400 = CARTESIAN_POINT ('', (790., 57.4673185133521, 4303.45160849566));
#82410 = CARTESIAN_POINT ('', (790., 58.98645859154, 4303.50431945229));
#82420 = CARTESIAN_POINT ('', (790., 60.5006187267091, 4303.55892718173));
#82430 = CARTESIAN_POINT ('', (790., 62.0196093174758, 4303.61578320399));
#82440 = CARTESIAN_POINT ('', (790., 63.5383829711374, 4303.67263110627));
#82450 = CARTESIAN_POINT ('', (790., 65.0518250727114, 4303.73134571787));
#82460 = CARTESIAN_POINT ('', (790., 66.570438167052, 4303.79233231269));
#82470 = CARTESIAN_POINT ('', (790., 68.0888288946083, 4303.85330997739));
#82480 = CARTESIAN_POINT ('', (790., 69.6015429258102, 4303.91612276898));
#82490 = CARTESIAN_POINT ('', (790., 71.1197620612112, 4303.98123293734));
#82500 = CARTESIAN_POINT ('', (790., 72.6377585532894, 4304.04633355744));
#82510 = CARTESIAN_POINT ('', (790., 74.1497397705615, 4304.11323628564));
#82520 = CARTESIAN_POINT ('', (790., 75.6675536724937, 4304.18246344649));
#82530 = CARTESIAN_POINT ('', (790., 77.1851487598455, 4304.25168062726));
#82540 = CARTESIAN_POINT ('', (790., 78.6963966517672, 4304.32266553564));
#82550 = CARTESIAN_POINT ('', (790., 80.2137981818176, 4304.39600354672));
#82560 = CARTESIAN_POINT ('', (790., 81.7309878812633, 4304.46933131974));
#82570 = CARTESIAN_POINT ('', (790., 83.2415052094828, 4304.54439114636));
#82580 = CARTESIAN_POINT ('', (790., 84.758490411621, 4304.62183430548));
#82590 = CARTESIAN_POINT ('', (790., 86.2752730900961, 4304.69926712563));
#82600 = CARTESIAN_POINT ('', (790., 87.7850650507207, 4304.77839509491));
#82610 = CARTESIAN_POINT ('', (790., 89.3016323157338, 4304.8599381268));
#82620 = CARTESIAN_POINT ('', (790., 90.8180079788237, 4304.9414708566));
#82630 = CARTESIAN_POINT ('', (790., 92.3270814893876, 4305.02466065994));
#82640 = CARTESIAN_POINT ('', (790., 93.8432308438347, 4305.11029869267));
#82650 = CARTESIAN_POINT ('', (790., 95.3592005457171, 4305.19592657792));
#82660 = CARTESIAN_POINT ('', (790., 96.8675636537148, 4305.28317234653));
#82670 = CARTESIAN_POINT ('', (790., 98.3832961702947, 4305.37290088123));
#82680 = CARTESIAN_POINT ('', (790., 99.898861536057, 4305.46261952092));
#82690 = CARTESIAN_POINT ('', (790., 101.406522939377, 4305.55391579394));
#82700 = CARTESIAN_POINT ('', (790., 102.921840259658, 4305.64773067049));
#82710 = CARTESIAN_POINT ('', (790., 104.437003107721, 4305.74153598351));
#82720 = CARTESIAN_POINT ('', (790., 105.943971774317, 4305.8368776736));
#82730 = CARTESIAN_POINT ('', (790., 107.45887573155, 4305.93477503443));
#82740 = CARTESIAN_POINT ('', (790., 108.973637782645, 4306.0326632249));
#82750 = CARTESIAN_POINT ('', (790., 110.479922655684, 4306.13204558294));
#82760 = CARTESIAN_POINT ('', (790., 111.994414984139, 4306.23402183666));
#82770 = CARTESIAN_POINT ('', (790., 113.508777643328, 4306.33598935929));
#82780 = CARTESIAN_POINT ('', (790., 115.014387418229, 4306.43940793951));
#82790 = CARTESIAN_POINT ('', (790., 116.528469535535, 4306.54545972532));
#82800 = CARTESIAN_POINT ('', (790., 118.042433734582, 4306.6515032517));
#82810 = CARTESIAN_POINT ('', (790., 119.547376695291, 4306.758953878));
#82820 = CARTESIAN_POINT ('', (790., 121.0610495451, 4306.86907803174));
#82830 = CARTESIAN_POINT ('', (790., 122.574615633811, 4306.9791944183));
#82840 = CARTESIAN_POINT ('', (790., 124.07889953701, 4307.09067315224));
#82850 = CARTESIAN_POINT ('', (790., 125.59216348059, 4307.20486667458));
#82860 = CARTESIAN_POINT ('', (790., 127.105331157184, 4307.31905293244));
#82870 = CARTESIAN_POINT ('', (790., 128.608963154635, 4307.4345560434));
#82880 = CARTESIAN_POINT ('', (790., 130.121817901466, 4307.55281607032));
#82890 = CARTESIAN_POINT ('', (790., 131.634586173549, 4307.67106933749));
#82900 = CARTESIAN_POINT ('', (790., 133.137572764274, 4307.79059327492));
#82910 = CARTESIAN_POINT ('', (790., 134.650017333209, 4307.91291705067));
#82920 = CARTESIAN_POINT ('', (790., 136.162384502291, 4308.03523456646));
#82930 = CARTESIAN_POINT ('', (790., 137.664731507718, 4308.15877593444));
#82940 = CARTESIAN_POINT ('', (790., 139.176764211673, 4308.285160787));
#82950 = CARTESIAN_POINT ('', (790., 140.688727875467, 4308.41153986875));
#82960 = CARTESIAN_POINT ('', (790., 142.190440431912, 4308.53909540272));
#82970 = CARTESIAN_POINT ('', (790., 143.702058880303, 4308.66953872154));
#82980 = CARTESIAN_POINT ('', (790., 145.213615948135, 4308.7999767436));
#82990 = CARTESIAN_POINT ('', (790., 146.714698512103, 4308.93154328916));
#83000 = CARTESIAN_POINT ('', (790., 148.225899626374, 4309.06604250528));
#83010 = CARTESIAN_POINT ('', (790., 149.736996937971, 4309.20053248281));
#83020 = CARTESIAN_POINT ('', (790., 151.237521511198, 4309.3361225229));
#83030 = CARTESIAN_POINT ('', (790., 152.748259246554, 4309.47459322067));
#83040 = CARTESIAN_POINT ('', (790., 154.258850051864, 4309.61305045116));
#83050 = CARTESIAN_POINT ('', (790., 155.75890477484, 4309.75250692074));
#83060 = CARTESIAN_POINT ('', (790., 157.269130975336, 4309.89488602419));
#83070 = CARTESIAN_POINT ('', (790., 158.779308211917, 4310.03726051149));
#83080 = CARTESIAN_POINT ('', (790., 160.278766538095, 4310.18058772246));
#83090 = CARTESIAN_POINT ('', (790., 161.788569346342, 4310.32687941986));
#83100 = CARTESIAN_POINT ('', (790., 163.298328750579, 4310.47316691164));
#83110 = CARTESIAN_POINT ('', (790., 164.797192732797, 4310.62036044949));
#83120 = CARTESIAN_POINT ('', (790., 166.306567887743, 4310.77056075097));
#83130 = CARTESIAN_POINT ('', (790., 167.815904661466, 4310.92075723309));
#83140 = CARTESIAN_POINT ('', (790., 169.314175779369, 4311.07181294915));
#83150 = CARTESIAN_POINT ('', (790., 170.823118485677, 4311.22591807182));
#83160 = CARTESIAN_POINT ('', (790., 172.332027332895, 4311.38001973653));
#83170 = CARTESIAN_POINT ('', (790., 173.829706525383, 4311.53493371693));
#83180 = CARTESIAN_POINT ('', (790., 175.338211490286, 4311.69294005586));
#83190 = CARTESIAN_POINT ('', (790., 176.846686653594, 4311.85094327327));
#83200 = CARTESIAN_POINT ('', (790., 178.343774350599, 4312.00971181065));
#83210 = CARTESIAN_POINT ('', (790., 179.85183582041, 4312.17161591282));
#83220 = CARTESIAN_POINT ('', (790., 181.359871116499, 4312.33351720501));
#83230 = CARTESIAN_POINT ('', (790., 182.856367269689, 4312.49613677301));
#83240 = CARTESIAN_POINT ('', (790., 184.36397906539, 4312.66193531379));
#83250 = CARTESIAN_POINT ('', (790., 185.871567919279, 4312.82773133156));
#83260 = CARTESIAN_POINT ('', (790., 187.367472031403, 4312.99419856159));
#83270 = CARTESIAN_POINT ('', (790., 188.874627582948, 4313.16388832358));
#83280 = CARTESIAN_POINT ('', (790., 190.381763060674, 4313.33357582547));
#83290 = CARTESIAN_POINT ('', (790., 191.877074213372, 4313.5038874856));
#83300 = CARTESIAN_POINT ('', (790., 193.383766592431, 4313.67746533962));
#83310 = CARTESIAN_POINT ('', (790., 194.890441432048, 4313.85104117302));
#83320 = CARTESIAN_POINT ('', (790., 196.385158312051, 4314.02519414891));
#83330 = CARTESIAN_POINT ('', (790., 197.891380263054, 4314.20265703684));
#83340 = CARTESIAN_POINT ('', (790., 199.397586903847, 4314.38011812091));
#83350 = CARTESIAN_POINT ('', (790., 200.891707827536, 4314.55810939843));
#83360 = CARTESIAN_POINT ('', (790., 202.397451796925, 4314.7394543178));
#83370 = CARTESIAN_POINT ('', (790., 203.903182406815, 4314.9207976282));
#83380 = CARTESIAN_POINT ('', (790., 205.396705343166, 4315.10262427758));
#83390 = CARTESIAN_POINT ('', (790., 206.901963506829, 4315.2878482677));
#83400 = CARTESIAN_POINT ('', (790., 208.407210007986, 4315.47307082273));
#83410 = CARTESIAN_POINT ('', (790., 209.900132599941, 4315.65872998421));
#83420 = CARTESIAN_POINT ('', (790., 211.404896888849, 4315.84783011369));
#83430 = CARTESIAN_POINT ('', (790., 212.909650981554, 4316.03692896183));
#83440 = CARTESIAN_POINT ('', (790., 214.401970565892, 4316.22641783257));
#83450 = CARTESIAN_POINT ('', (790., 215.906232689977, 4316.41939118805));
#83460 = CARTESIAN_POINT ('', (790., 217.410485874784, 4316.61236339676));
#83470 = CARTESIAN_POINT ('', (790., 218.902199500586, 4316.80567921887));
#83480 = CARTESIAN_POINT ('', (790., 220.40595097092, 4317.00252289493));
#83490 = CARTESIAN_POINT ('', (790., 221.909694569215, 4317.19936554053));
#83500 = CARTESIAN_POINT ('', (790., 223.40079901499, 4317.39650559019));
#83510 = CARTESIAN_POINT ('', (790., 224.904031164354, 4317.59721668021));
#83520 = CARTESIAN_POINT ('', (790., 226.407256337375, 4317.79792683875));
#83530 = CARTESIAN_POINT ('', (790., 227.897748126967, 4317.99888841625));
#83540 = CARTESIAN_POINT ('', (790., 229.400452128876, 4318.20346400422));
#83550 = CARTESIAN_POINT ('', (790., 230.903149895292, 4318.40803874329));
#83560 = CARTESIAN_POINT ('', (790., 232.393025312639, 4318.61281916393));
#83570 = CARTESIAN_POINT ('', (790., 233.89519219893, 4318.82125631703));
#83580 = CARTESIAN_POINT ('', (790., 235.397353451072, 4319.02969268835));
#83590 = CARTESIAN_POINT ('', (790., 236.886608553919, 4319.23828927411));
#83600 = CARTESIAN_POINT ('', (790., 238.38822923098, 4319.45058503608));
#83610 = CARTESIAN_POINT ('', (790., 239.889606923916, 4319.6628464455));
#83620 = CARTESIAN_POINT ('', (790., 241.378632247636, 4319.87522703277));
#83630 = CARTESIAN_POINT ('', (790., 242.879488069522, 4320.09114758455));
#83640 = CARTESIAN_POINT ('', (790., 244.38031253177, 4320.30706362478));
#83650 = CARTESIAN_POINT ('', (790., 245.868782897809, 4320.52304911988));
#83660 = CARTESIAN_POINT ('', (790., 247.369078234326, 4320.74261165342));
#83670 = CARTESIAN_POINT ('', (790., 248.869365900503, 4320.96217306443));
#83680 = CARTESIAN_POINT ('', (790., 250.357238756857, 4321.18176399991));
#83690 = CARTESIAN_POINT ('', (790., 251.856988714879, 4321.40496874427));
#83700 = CARTESIAN_POINT ('', (790., 253.356731515359, 4321.62817242338));
#83710 = CARTESIAN_POINT ('', (790., 254.844002510547, 4321.85136600588));
#83720 = CARTESIAN_POINT ('', (790., 256.343199023456, 4322.0782099294));
#83730 = CARTESIAN_POINT ('', (790., 257.842388799044, 4322.30505283351));
#83740 = CARTESIAN_POINT ('', (790., 259.329053421775, 4322.53184633916));
#83750 = CARTESIAN_POINT ('', (790., 260.827688334253, 4322.76232645863));
#83760 = CARTESIAN_POINT ('', (790., 262.326316846149, 4322.99280559373));
#83770 = CARTESIAN_POINT ('', (790., 263.812370434188, 4323.22319635744));
#83780 = CARTESIAN_POINT ('', (790., 265.310435512174, 4323.45730972849));
#83790 = CARTESIAN_POINT ('', (790., 266.808494451168, 4323.69142214015));
#83800 = CARTESIAN_POINT ('', (790., 268.293932199599, 4323.92540754567));
#83810 = CARTESIAN_POINT ('', (790., 269.791419139473, 4324.16315125411));
#83820 = CARTESIAN_POINT ('', (790., 271.288900134425, 4324.40089401872));
#83830 = CARTESIAN_POINT ('', (790., 272.773717103358, 4324.63847148955));
#83840 = CARTESIAN_POINT ('', (790., 274.270617540416, 4324.87984264338));
#83850 = CARTESIAN_POINT ('', (790., 275.767512166076, 4325.12121286015));
#83860 = CARTESIAN_POINT ('', (790., 277.251703287855, 4325.36237985115));
#83870 = CARTESIAN_POINT ('', (790., 278.74800880412, 4325.60737557328));
#83880 = CARTESIAN_POINT ('', (790., 280.24430858835, 4325.85237035689));
#83890 = CARTESIAN_POINT ('', (790., 281.727868674303, 4326.09712434656));
#83900 = CARTESIAN_POINT ('', (790., 283.223570805737, 4326.34574176812));
#83910 = CARTESIAN_POINT ('', (790., 284.719267236166, 4326.59435824205));
#83920 = CARTESIAN_POINT ('', (790., 286.202190982945, 4326.8426967254));
#83930 = CARTESIAN_POINT ('', (790., 287.697281226099, 4327.09493297961));
#83940 = CARTESIAN_POINT ('', (790., 289.192365756278, 4327.34716826998));
#83950 = CARTESIAN_POINT ('', (790., 290.674647751819, 4327.59908875196));
#83960 = CARTESIAN_POINT ('', (790., 292.169117569971, 4327.85494096853));
#83970 = CARTESIAN_POINT ('', (790., 293.663581625042, 4328.11079219846));
#83980 = CARTESIAN_POINT ('', (790., 295.145216354185, 4328.36629218785));
#83990 = CARTESIAN_POINT ('', (790., 296.639057183009, 4328.62575748784));
#84000 = CARTESIAN_POINT ('', (790., 298.883242512044, 4329.01555016748));
#84010 = CARTESIAN_POINT ('', (790., 301.098478209946, 4329.40445555774));
#84020 = CARTESIAN_POINT ('', (790., 303.341234996456, 4329.80238535146));
#84030 = CARTESIAN_POINT ('', (790., 305.583971630141, 4330.20031156948));
#84040 = CARTESIAN_POINT ('', (790., 307.797691983273, 4330.59723059918));
#84050 = CARTESIAN_POINT ('', (790., 310.038971402216, 4331.00328410462));
#84060 = CARTESIAN_POINT ('', (790., 312.280229870102, 4331.40933381436));
#84070 = CARTESIAN_POINT ('', (790., 314.492419532712, 4331.81425850579));
#84080 = CARTESIAN_POINT ('', (790., 316.732192181964, 4332.22842558115));
#84090 = CARTESIAN_POINT ('', (790., 318.97193403268, 4332.64258696141));
#84100 = CARTESIAN_POINT ('', (790., 321.182582376962, 4333.05556438555));
#84110 = CARTESIAN_POINT ('', (790., 323.420821689205, 4333.47777048199));
#84120 = CARTESIAN_POINT ('', (790., 325.658307368676, 4333.89983441832));
#84130 = CARTESIAN_POINT ('', (790., 327.868712718445, 4334.32064310283));
#84140 = CARTESIAN_POINT ('', (790., 330.10476569978, 4334.75023267074));
#84150 = CARTESIAN_POINT ('', (790., 332.340792871561, 4335.17981728012));
#84160 = CARTESIAN_POINT ('', (790., 334.549727169376, 4335.60805017578));
#84170 = CARTESIAN_POINT ('', (790., 336.784297106962, 4336.04515158689));
#84180 = CARTESIAN_POINT ('', (790., 339.018841031429, 4336.48224790961));
#84190 = CARTESIAN_POINT ('', (790., 341.226288337914, 4336.91789776233));
#84200 = CARTESIAN_POINT ('', (790., 343.459350518017, 4337.36250213197));
#84210 = CARTESIAN_POINT ('', (790., 345.69238636618, 4337.8071012589));
#84220 = CARTESIAN_POINT ('', (790., 347.898330338248, 4338.25016087133));
#84230 = CARTESIAN_POINT ('', (790., 350.129859963024, 4338.7022593303));
#84240 = CARTESIAN_POINT ('', (790., 352.361362841892, 4339.15435237066));
#84250 = CARTESIAN_POINT ('', (790., 354.56578676026, 4339.60481456845));
#84260 = CARTESIAN_POINT ('', (790., 356.795758972981, 4340.06439823443));
#84270 = CARTESIAN_POINT ('', (790., 359.025703948275, 4340.52397628694));
#84280 = CARTESIAN_POINT ('', (790., 361.22859074317, 4340.98183388839));
#84290 = CARTESIAN_POINT ('', (790., 363.456980650801, 4341.44889384039));
#84300 = CARTESIAN_POINT ('', (790., 365.685342767306, 4341.91594796749));
#84310 = CARTESIAN_POINT ('', (790., 367.886675042581, 4342.38119375617));
#84320 = CARTESIAN_POINT ('', (790., 370.113457736016, 4342.8557210116));
#84330 = CARTESIAN_POINT ('', (790., 372.34021203586, 4343.33024221635));
#84340 = CARTESIAN_POINT ('', (790., 374.539972091678, 4343.80286891649));
#84350 = CARTESIAN_POINT ('', (790., 376.765122663895, 4344.28485441067));
#84360 = CARTESIAN_POINT ('', (790., 378.990244202979, 4344.76683361604));
#84370 = CARTESIAN_POINT ('', (790., 381.18841405722, 4345.2468338703));
#84380 = CARTESIAN_POINT ('', (790., 383.411907619606, 4345.73626843807));
#84390 = CARTESIAN_POINT ('', (790., 385.635371482402, 4346.22569646838));
#84400 = CARTESIAN_POINT ('', (790., 387.831932890917, 4346.71306281784));
#84410 = CARTESIAN_POINT ('', (790., 390.053744587964, 4347.20993717709));
#84420 = CARTESIAN_POINT ('', (790., 392.275525900856, 4347.70680474138));
#84430 = CARTESIAN_POINT ('', (790., 394.470460376687, 4348.20152960741));
#84440 = CARTESIAN_POINT ('', (790., 396.690565399236, 4348.70583434427));
#84450 = CARTESIAN_POINT ('', (790., 398.910639342583, 4349.21013202138));
#84460 = CARTESIAN_POINT ('', (790., 401.103928174234, 4349.7122076894));
#84470 = CARTESIAN_POINT ('', (790., 403.322301771446, 4350.223933245));
#84480 = CARTESIAN_POINT ('', (790., 405.540211980777, 4350.73555190813));
#84490 = CARTESIAN_POINT ('', (790., 407.732605617703, 4351.24510574084));
#84500 = CARTESIAN_POINT ('', (790., 409.948901490155, 4351.76367295816));
#84510 = CARTESIAN_POINT ('', (790., 412.164785165725, 4352.28214372997));
#84520 = CARTESIAN_POINT ('', (790., 414.35633440889, 4352.79845220331));
#84530 = CARTESIAN_POINT ('', (790., 416.570624424475, 4353.32368751415));
#84540 = CARTESIAN_POINT ('', (790., 418.784884963449, 4353.84891583307));
#84550 = CARTESIAN_POINT ('', (790., 420.974873819434, 4354.37191954849));
#84560 = CARTESIAN_POINT ('', (790., 423.187520678625, 4354.90390488472));
#84570 = CARTESIAN_POINT ('', (790., 425.40013788521, 4355.43588309159));
#84580 = CARTESIAN_POINT ('', (790., 427.588549641839, 4355.96557560899));
#84590 = CARTESIAN_POINT ('', (790., 429.799533179544, 4356.50430328737));
#84600 = CARTESIAN_POINT ('', (790., 432.010486866809, 4357.04302369241));
#84610 = CARTESIAN_POINT ('', (790., 434.197304688877, 4357.57939853269));
#84620 = CARTESIAN_POINT ('', (790., 436.40660475248, 4358.12486082378));
#84630 = CARTESIAN_POINT ('', (790., 438.615874750644, 4358.6703156919));
#84640 = CARTESIAN_POINT ('', (790., 440.801081689894, 4359.21336632201));
#84650 = CARTESIAN_POINT ('', (790., 443.008678147444, 4359.76555543686));
#84660 = CARTESIAN_POINT ('', (790., 445.216244311505, 4360.31773697436));
#84670 = CARTESIAN_POINT ('', (790., 447.399823316174, 4360.86745679362));
#84680 = CARTESIAN_POINT ('', (790., 449.605696063928, 4361.42636487173));
#84690 = CARTESIAN_POINT ('', (790., 451.8115382807, 4361.98526521411));
#84700 = CARTESIAN_POINT ('', (790., 453.993472204684, 4362.54164754181));
#84710 = CARTESIAN_POINT ('', (790., 456.197601174059, 4363.10726664012));
#84720 = CARTESIAN_POINT ('', (790., 458.401699368684, 4363.67287784108));
#84730 = CARTESIAN_POINT ('', (790., 460.581970980337, 4364.23591590505));
#84740 = CARTESIAN_POINT ('', (790., 462.784336144341, 4364.80823798796));
#84750 = CARTESIAN_POINT ('', (790., 464.98667028632, 4365.38055200926));
#84760 = CARTESIAN_POINT ('', (790., 467.165262276923, 4365.95023893561));
#84770 = CARTESIAN_POINT ('', (790., 469.365843656112, 4366.52925586582));
#84780 = CARTESIAN_POINT ('', (790., 471.566393764915, 4367.10826456818));
#84790 = CARTESIAN_POINT ('', (790., 473.743288756824, 4367.68459337176));
#84800 = CARTESIAN_POINT ('', (790., 475.942066424842, 4368.27029690203));
#84810 = CARTESIAN_POINT ('', (790., 478.140812575122, 4368.85599203671));
#84820 = CARTESIAN_POINT ('', (790., 480.315993129633, 4369.43895561257));
#84830 = CARTESIAN_POINT ('', (790., 482.512947218361, 4370.03133737814));
#84840 = CARTESIAN_POINT ('', (790., 484.709794231733, 4370.62369027214));
#84850 = CARTESIAN_POINT ('', (790., 486.883354262029, 4371.21339947245));
#84860 = CARTESIAN_POINT ('', (790., 489.078437236528, 4371.81225628861));
#84870 = CARTESIAN_POINT ('', (790., 491.272967638363, 4372.41096235334));
#84880 = CARTESIAN_POINT ('', (790., 493.445836897523, 4373.00704814679));
#84890 = CARTESIAN_POINT ('', (790., 495.638672441129, 4373.61193236316));
#84900 = CARTESIAN_POINT ('', (790., 497.095883309594, 4374.01389768921));
#84910 = CARTESIAN_POINT ('', (790., 498.543544598242, 4374.41468828185));
#84920 = CARTESIAN_POINT ('', (790., 500., 4374.81938236534));
#84930 = B_SPLINE_CURVE_WITH_KNOTS ('', 3, (#79250, #79260, #79270, #79280, #79290, #79300, #79310, #79320, #79330, #79340, #79350, #79360, #79370, #79380, #79390, #79400, #79410, #79420, #79430, #79440, #79450, #79460, #79470, #79480, #79490, #79500, #79510, #79520, #79530, #79540, #79550, #79560, #79570, #79580, #79590, #79600, #79610, #79620, #79630, #79640, #79650, #79660, #79670, #79680, #79690, #79700, #79710, #79720, #79730, #79740, #79750, #79760, #79770, #79780, #79790, #79800, #79810, #79820, #79830, #79840, #79850, #79860, #79870, #79880, #79890, #79900, #79910, #79920, #79930, #79940, #79950, #79960, #79970, #79980, #79990, #80000, #80010, #80020, #80030, #80040, #80050, #80060, #80070, #80080, #80090, #80100, #80110, #80120, #80130, #80140, #80150, #80160, #80170, #80180, #80190, #80200, #80210, #80220, #80230, #80240, #80250, #80260, #80270, #80280, #80290, #80300, #80310, #80320, #80330, #80340, #80350, #80360, #80370, #80380, #80390, #80400, #80410, #80420, #80430, #80440, #80450, #80460, #80470, #80480, #80490, #80500, #80510, #80520, #80530, #80540, #80550, #80560, #80570, #80580, #80590, #80600, #80610, #80620, #80630, #80640, #80650, #80660, #80670, #80680, #80690, #80700, #80710, #80720, #80730, #80740, #80750, #80760, #80770, #80780, #80790, #80800, #80810, #80820, #80830, #80840, #80850, #80860, #80870, #80880, #80890, #80900, #80910, #80920, #80930, #80940, #80950, #80960, #80970, #80980, #80990, #81000, #81010, #81020, #81030, #81040, #81050, #81060, #81070, #81080, #81090, #81100, #81110, #81120, #81130, #81140, #81150, #81160, #81170, #81180, #81190, #81200, #81210, #81220, #81230, #81240, #81250, #81260, #81270, #81280, #81290, #81300, #81310, #81320, #81330, #81340, #81350, #81360, #81370, #81380, #81390, #81400, #81410, #81420, #81430, #81440, #81450, #81460, #81470, #81480, #81490, #81500, #81510, #81520, #81530, #81540, #81550, #81560, #81570, #81580, #81590, #81600, #81610, #81620, #81630, #81640, #81650, #81660, #81670, #81680, #81690, #81700, #81710, #81720, #81730, #81740, #81750, #81760, #81770, #81780, #81790, #81800, #81810, #81820, #81830, #81840, #81850, #81860, #81870, #81880, #81890, #81900, #81910, #81920, #81930, #81940, #81950, #81960, #81970, #81980, #81990, #82000, #82010, #82020, #82030, #82040, #82050, #82060, #82070, #82080, #82090, #82100, #82110, #82120, #82130, #82140, #82150, #82160, #82170, #82180, #82190, #82200, #82210, #82220, #82230, #82240, #82250, #82260, #82270, #82280, #82290, #82300, #82310, #82320, #82330, #82340, #82350, #82360, #82370, #82380, #82390, #82400, #82410, #82420, #82430, #82440, #82450, #82460, #82470, #82480, #82490, #82500, #82510, #82520, #82530, #82540, #82550, #82560, #82570, #82580, #82590, #82600, #82610, #82620, #82630, #82640, #82650, #82660, #82670, #82680, #82690, #82700, #82710, #82720, #82730, #82740, #82750, #82760, #82770, #82780, #82790, #82800, #82810, #82820, #82830, #82840, #82850, #82860, #82870, #82880, #82890, #82900, #82910, #82920, #82930, #82940, #82950, #82960, #82970, #82980, #82990, #83000, #83010, #83020, #83030, #83040, #83050, #83060, #83070, #83080, #83090, #83100, #83110, #83120, #83130, #83140, #83150, #83160, #83170, #83180, #83190, #83200, #83210, #83220, #83230, #83240, #83250, #83260, #83270, #83280, #83290, #83300, #83310, #83320, #83330, #83340, #83350, #83360, #83370, #83380, #83390, #83400, #83410, #83420, #83430, #83440, #83450, #83460, #83470, #83480, #83490, #83500, #83510, #83520, #83530, #83540, #83550, #83560, #83570, #83580, #83590, #83600, #83610, #83620, #83630, #83640, #83650, #83660, #83670, #83680, #83690, #83700, #83710, #83720, #83730, #83740, #83750, #83760, #83770, #83780, #83790, #83800, #83810, #83820, #83830, #83840, #83850, #83860, #83870, #83880, #83890, #83900, #83910, #83920, #83930, #83940, #83950, #83960, #83970, #83980, #83990, #84000, #84010, #84020, #84030, #84040, #84050, #84060, #84070, #84080, #84090, #84100, #84110, #84120, #84130, #84140, #84150, #84160, #84170, #84180, #84190, #84200, #84210, #84220, #84230, #84240, #84250, #84260, #84270, #84280, #84290, #84300, #84310, #84320, #84330, #84340, #84350, #84360, #84370, #84380, #84390, #84400, #84410, #84420, #84430, #84440, #84450, #84460, #84470, #84480, #84490, #84500, #84510, #84520, #84530, #84540, #84550, #84560, #84570, #84580, #84590, #84600, #84610, #84620, #84630, #84640, #84650, #84660, #84670, #84680, #84690, #84700, #84710, #84720, #84730, #84740, #84750, #84760, #84770, #84780, #84790, #84800, #84810, #84820, #84830, #84840, #84850, #84860, #84870, #84880, #84890, #84900, #84910, #84920), .UNSPECIFIED., .F., .U., (4, 3, 3, 3, 3, 3, 3, 3, 3, 3, 3, 3, 3, 3, 3, 3, 3, 3, 3, 3, 3, 3, 3, 3, 3, 3, 3, 3, 3, 3, 3, 3, 3, 3, 3, 3, 3, 3, 3, 3, 3, 3, 3, 3, 3, 3, 3, 3, 3, 3, 3, 3, 3, 3, 3, 3, 3, 3, 3, 3, 3, 3, 3, 3, 3, 3, 3, 3, 3, 3, 3, 3, 3, 3, 3, 3, 3, 3, 3, 3, 3, 3, 3, 3, 3, 3, 3, 3, 3, 3, 3, 3, 3, 3, 3, 3, 3, 3, 3, 3, 3, 3, 3, 3, 3, 3, 3, 3, 3, 3, 3, 3, 3, 3, 3, 3, 3, 3, 3, 3, 3, 3, 3, 3, 3, 3, 3, 3, 3, 3, 3, 3, 3, 3, 3, 3, 3, 3, 3, 3, 3, 3, 3, 3, 3, 3, 3, 3, 3, 3, 3, 3, 3, 3, 3, 3, 3, 3, 3, 3, 3, 3, 3, 3, 3, 3, 3, 3, 3, 3, 3, 3, 3, 3, 3, 3, 3, 3, 3, 3, 3, 3, 3, 3, 3, 3, 3, 3, 3, 4), (0., 10.1535787906162, 16.9330602302578, 23.7110253193377, 30.488892502208, 37.2666625975069, 44.0443364264733, 50.8219148068521, 57.5993985458942, 64.3767884323406, 71.1540852272666, 77.9312896536478, 84.7084023844908, 91.4854240293557, 98.2623285933707, 105.036681026194, 111.810936619254, 118.585097515014, 125.359165825606, 132.133143610946, 138.907032853434, 145.680835428795, 152.454553072541, 159.228187341467, 166.001739569523, 172.77521081731, 179.548601814336, 184.070191896141, 190.841224387207, 197.612188569909, 204.38308707067, 211.153922021506, 217.924694946779, 224.695406632888, 231.466056978524, 238.236644822762, 245.007167747921, 249.527814947684, 254.048440829798, 258.569044081819, 263.089623108058, 267.610119035593, 272.129868258755, 276.649598945002, 281.169309194043, 285.688996676912, 290.208658588677, 294.72829159686, 299.24789178524, 303.767454592714, 308.286974746897, 312.806446192141, 317.325862011696, 321.845214343749, 326.364494291171, 330.883691824878, 335.402795680841, 339.921793250981, 344.44067046842, 348.95941168789, 353.477999562561, 357.996260850311, 362.514078143265, 367.031701732559, 371.549107399206, 376.066268613821, 380.58315645205, 385.099739541556, 389.615984053282, 394.131853752926, 398.647310132238, 403.162312644029, 407.676819069329, 412.190786049982, 416.704169824487, 421.216927208678, 425.729016864829, 430.240400901767, 434.751046842838, 439.260929986063, 443.770036159148, 448.278364838893, 452.785932558197, 457.292776463988, 461.798957818043, 466.304565155798, 470.809716746266, 475.314561789857, 479.819271923769, 484.324069901249, 488.829187835635, 493.334876159383, 497.841395270626, 504.581342575101, 505.178085490037, 505.775221938853, 512.626915407118, 519.483245522643, 526.343047392629, 533.205100123571, 540.068226913618, 544.630634845951, 549.192815502481, 553.754629753589, 558.315967565757, 562.87674652455, 567.436909372405, 571.996420953205, 576.555264895927, 581.113440294734, 585.67095856737, 590.227840606397, 594.784114283232, 599.339812324012, 603.894970548028, 608.449626441711, 613.003818031455, 617.55758301479, 622.110958109482, 626.663978582681, 631.216677926075, 635.769087647395, 640.321237153063, 644.873153700965, 649.424862406106, 653.976386285227, 658.527597525381, 663.078366127703, 667.628987186927, 672.1794774243, 676.729851949298, 681.280124368673, 685.830306894161, 690.380410447265, 694.930444759982, 699.480418470751, 704.030339215168, 708.580213711258, 713.130047839235, 717.679846715807, 722.229614763183, 726.779355772959, 731.329072965142, 735.878769042563, 740.428446240952, 744.978106374956, 749.527030307597, 754.075859192726, 758.624664821723, 763.173448741591, 767.722212219428, 772.270956269762, 776.819681679585, 781.368389031274, 785.917078723573, 790.465750990786, 795.01440592032, 799.563043468731, 804.111663476363, 810.94501954183, 817.778314204551, 824.611544990924, 831.444681815301, 838.275517868795, 845.106275077631, 851.936952768124, 858.767549912273, 865.598065188582, 872.428497035303, 879.258843697024, 886.089103265348, 892.919273714389, 899.749352931653, 906.57933874488, 913.409228945282, 920.237692475104, 927.06488601593, 933.891988673213, 940.718999837635, 947.545918830731, 954.372744919149, 961.199477327229, 968.026115248058, 974.852657853195, 981.679104301179, 988.505453744971, 995.331705338445, 1002.15762423342, 1008.98182482607, 1013.51672909702), .UNSPECIFIED.);
#84940 = EDGE_CURVE ('', #79170, #79240, #84930, .T.);
#84950 = ORIENTED_EDGE ('', *, *, #84940, .T.);
#84960 = CARTESIAN_POINT ('', (790., 500., 4374.81938236534));
#84970 = CARTESIAN_POINT ('', (790., 500., 4423.21714257799));
#84980 = B_SPLINE_CURVE_WITH_KNOTS ('', 1, (#84960, #84970), .UNSPECIFIED., .F., .U., (2, 2), (0., 1.), .UNSPECIFIED.);
#84990 = EDGE_CURVE ('', #79240, #73410, #84980, .T.);
#85000 = ORIENTED_EDGE ('', *, *, #84990, .T.);
#85010 = EDGE_LOOP ('', (#79150, #79220, #84950, #85000));
#85020 = FACE_OUTER_BOUND ('', #85010, .T.);
#85030 = CARTESIAN_POINT ('', (790., 500., 4302.45308818771));
#85040 = CARTESIAN_POINT ('', (790., -500., 4302.45308818771));
#85050 = CARTESIAN_POINT ('', (790., 500., 4497.54507541091));
#85060 = CARTESIAN_POINT ('', (790., -500., 4497.54507541091));
#85070 = B_SPLINE_SURFACE_WITH_KNOTS ('', 1, 1, ((#85030, #85040), (#85050, #85060)), .UNSPECIFIED., .F., .F., .U., (2, 2), (2, 2), (0.0221621085348164, 0.977828895771232), (0., 1.), .UNSPECIFIED.);
#85080 = ADVANCED_FACE ('', (#85020), #85070, .T.);
#85090 = CARTESIAN_POINT ('', (700., 500., 4425.58508407023));
#85100 = VERTEX_POINT ('', #85090);
#85110 = CARTESIAN_POINT ('', (700., 500., 4425.58508407023));
#85120 = CARTESIAN_POINT ('', (707.687078048104, 500., 4425.58508407023));
#85130 = CARTESIAN_POINT ('', (715.374447588351, 500., 4425.53322102));
#85140 = CARTESIAN_POINT ('', (723.060826265606, 500., 4425.42953038651));
#85150 = CARTESIAN_POINT ('', (730.748539159105, 500., 4425.3258217542));
#85160 = CARTESIAN_POINT ('', (738.436310036116, 500., 4425.1702493201));
#85170 = CARTESIAN_POINT ('', (746.121926915072, 500., 4424.96293747003));
#85180 = CARTESIAN_POINT ('', (753.80857137999, 500., 4424.75559790184));
#85190 = CARTESIAN_POINT ('', (761.495039652699, 500., 4424.4964477947));
#85200 = CARTESIAN_POINT ('', (769.178199337269, 500., 4424.18572269435));
#85210 = CARTESIAN_POINT ('', (776.120222975676, 500., 4423.90497088387));
#85220 = CARTESIAN_POINT ('', (783.061889350459, 500., 4423.58201843362));
#85230 = CARTESIAN_POINT ('', (790., 500., 4423.21714257799));
#85240 = B_SPLINE_CURVE_WITH_KNOTS ('', 3, (#85110, #85120, #85130, #85140, #85150, #85160, #85170, #85180, #85190, #85200, #85210, #85220, #85230), .UNSPECIFIED., .F., .U., (4, 3, 3, 3, 4), (0., 23.061234144311, 46.1264713015462, 69.1947923379647, 90.0378876929649), .UNSPECIFIED.);
#85250 = EDGE_CURVE ('', #85100, #73410, #85240, .T.);
#85260 = ORIENTED_EDGE ('', *, *, #85250, .T.);
#85270 = ORIENTED_EDGE ('', *, *, #84990, .F.);
#85280 = CARTESIAN_POINT ('', (700., 500., 4372.56558254562));
#85290 = VERTEX_POINT ('', #85280);
#85300 = CARTESIAN_POINT ('', (700., 500., 4372.56558254562));
#85310 = CARTESIAN_POINT ('', (707.687065442275, 500., 4372.56558254562));
#85320 = CARTESIAN_POINT ('', (715.3743952889, 500., 4372.6149874045));
#85330 = CARTESIAN_POINT ('', (723.060826265606, 500., 4372.71374951337));
#85340 = CARTESIAN_POINT ('', (730.748606862153, 500., 4372.81252896336));
#85350 = CARTESIAN_POINT ('', (738.436439568749, 500., 4372.96069865635));
#85360 = CARTESIAN_POINT ('', (746.122320147648, 500., 4373.15810080248));
#85370 = CARTESIAN_POINT ('', (753.809246056273, 500., 4373.35552979657));
#85380 = CARTESIAN_POINT ('', (761.496011266443, 500., 4373.6022538779));
#85390 = CARTESIAN_POINT ('', (769.179783103693, 500., 4373.8979876864));
#85400 = CARTESIAN_POINT ('', (776.121141078082, 500., 4374.16514739304));
#85410 = CARTESIAN_POINT ('', (783.0621748343, 500., 4374.47238552436));
#85420 = CARTESIAN_POINT ('', (790., 500., 4374.81938236534));
#85430 = B_SPLINE_CURVE_WITH_KNOTS ('', 3, (#85300, #85310, #85320, #85330, #85340, #85350, #85360, #85370, #85380, #85390, #85400, #85410, #85420), .UNSPECIFIED., .F., .U., (4, 3, 3, 3, 4), (0., 23.0611963268238, 46.1264418473789, 69.1948243912774, 90.0343163125601), .UNSPECIFIED.);
#85440 = EDGE_CURVE ('', #85290, #79240, #85430, .T.);
#85450 = ORIENTED_EDGE ('', *, *, #85440, .F.);
#85460 = CARTESIAN_POINT ('', (700., 500., 4372.56558254562));
#85470 = CARTESIAN_POINT ('', (692.312934557725, 500., 4372.56558254562));
#85480 = CARTESIAN_POINT ('', (684.6256047111, 500., 4372.6149874045));
#85490 = CARTESIAN_POINT ('', (676.939173734394, 500., 4372.71374951337));
#85500 = CARTESIAN_POINT ('', (669.251393137847, 500., 4372.81252896336));
#85510 = CARTESIAN_POINT ('', (661.563560431251, 500., 4372.96069865635));
#85520 = CARTESIAN_POINT ('', (653.877679852352, 500., 4373.15810080248));
#85530 = CARTESIAN_POINT ('', (646.190753943727, 500., 4373.35552979657));
#85540 = CARTESIAN_POINT ('', (638.503988733557, 500., 4373.6022538779));
#85550 = CARTESIAN_POINT ('', (630.820216896307, 500., 4373.8979876864));
#85560 = CARTESIAN_POINT ('', (623.878858921918, 500., 4374.16514739304));
#85570 = CARTESIAN_POINT ('', (616.9378251657, 500., 4374.47238552436));
#85580 = CARTESIAN_POINT ('', (610., 500., 4374.81938236534));
#85590 = B_SPLINE_CURVE_WITH_KNOTS ('', 3, (#85460, #85470, #85480, #85490, #85500, #85510, #85520, #85530, #85540, #85550, #85560, #85570, #85580), .UNSPECIFIED., .F., .U., (4, 3, 3, 3, 4), (0., 23.0611963268238, 46.1264418473789, 69.1948243912773, 90.0343163125601), .UNSPECIFIED.);
#85600 = EDGE_CURVE ('', #85290, #67460, #85590, .T.);
#85610 = ORIENTED_EDGE ('', *, *, #85600, .T.);
#85620 = ORIENTED_EDGE ('', *, *, #67500, .T.);
#85630 = CARTESIAN_POINT ('', (700., 500., 4425.58508407023));
#85640 = CARTESIAN_POINT ('', (692.312921951896, 500., 4425.58508407023));
#85650 = CARTESIAN_POINT ('', (684.625552411649, 500., 4425.53322102));
#85660 = CARTESIAN_POINT ('', (676.939173734394, 500., 4425.42953038651));
#85670 = CARTESIAN_POINT ('', (669.251460840895, 500., 4425.3258217542));
#85680 = CARTESIAN_POINT ('', (661.563689963884, 500., 4425.1702493201));
#85690 = CARTESIAN_POINT ('', (653.878073084928, 500., 4424.96293747003));
#85700 = CARTESIAN_POINT ('', (646.19142862001, 500., 4424.75559790184));
#85710 = CARTESIAN_POINT ('', (638.504960347301, 500., 4424.4964477947));
#85720 = CARTESIAN_POINT ('', (630.821800662731, 500., 4424.18572269435));
#85730 = CARTESIAN_POINT ('', (623.879777024324, 500., 4423.90497088387));
#85740 = CARTESIAN_POINT ('', (616.938110649541, 500., 4423.58201843362));
#85750 = CARTESIAN_POINT ('', (610., 500., 4423.21714257799));
#85760 = B_SPLINE_CURVE_WITH_KNOTS ('', 3, (#85630, #85640, #85650, #85660, #85670, #85680, #85690, #85700, #85710, #85720, #85730, #85740, #85750), .UNSPECIFIED., .F., .U., (4, 3, 3, 3, 4), (0., 23.061234144311, 46.1264713015461, 69.1947923379647, 90.0378876929648), .UNSPECIFIED.);
#85770 = EDGE_CURVE ('', #85100, #61680, #85760, .T.);
#85780 = ORIENTED_EDGE ('', *, *, #85770, .F.);
#85790 = EDGE_LOOP ('', (#85260, #85270, #85450, #85610, #85620, #85780));
#85800 = FACE_OUTER_BOUND ('', #85790, .T.);
#85810 = CARTESIAN_POINT ('', (610., 500., 4372.56558254562));
#85820 = CARTESIAN_POINT ('', (790., 500., 4372.56558254562));
#85830 = CARTESIAN_POINT ('', (610., 500., 4425.58508407023));
#85840 = CARTESIAN_POINT ('', (790., 500., 4425.58508407023));
#85850 = B_SPLINE_SURFACE_WITH_KNOTS ('', 1, 1, ((#85810, #85820), (#85830, #85840)), .UNSPECIFIED., .F., .F., .U., (2, 2), (2, 2), (0.365611284392024, 0.625329673671288), (0., 1.), .UNSPECIFIED.);
#85860 = ADVANCED_FACE ('', (#85800), #85850, .T.);
#85870 = CARTESIAN_POINT ('', (610., -500., 4423.21714257799));
#85880 = CARTESIAN_POINT ('', (617.600289506979, -500., 4423.61684247858));
#85890 = CARTESIAN_POINT ('', (625.20174044687, -500., 4423.96609694118));
#85900 = CARTESIAN_POINT ('', (632.806667139014, -500., 4424.26484534291));
#85910 = CARTESIAN_POINT ('', (640.41200925139, -500., 4424.56361006383));
#85920 = CARTESIAN_POINT ('', (648.018293413979, -500., 4424.81175942849));
#85930 = CARTESIAN_POINT ('', (655.626939764332, -500., 4425.00921757596));
#85940 = CARTESIAN_POINT ('', (663.236352333922, -500., 4425.2066956082));
#85950 = CARTESIAN_POINT ('', (670.846485104903, -500., 4425.35342538633));
#85960 = CARTESIAN_POINT ('', (678.45785534979, -500., 4425.4493431777));
#85970 = CARTESIAN_POINT ('', (683.541771791255, -500., 4425.5134102275));
#85980 = CARTESIAN_POINT ('', (688.625867559656, -500., 4425.55480278473));
#85990 = CARTESIAN_POINT ('', (693.710153247137, -500., 4425.57351157271));
#86000 = CARTESIAN_POINT ('', (695.22025799956, -500., 4425.57906834732));
#86010 = CARTESIAN_POINT ('', (696.73036741067, -500., 4425.58262400386));
#86020 = CARTESIAN_POINT ('', (698.240481586705, -500., 4425.58417847147));
#86030 = CARTESIAN_POINT ('', (698.68822630941, -500., 4425.58463936687));
#86040 = CARTESIAN_POINT ('', (699.135971149944, -500., 4425.58492433642));
#86050 = CARTESIAN_POINT ('', (699.583716096586, -500., 4425.58503337962));
#86060 = CARTESIAN_POINT ('', (700.031579976518, -500., 4425.58514245178));
#86070 = CARTESIAN_POINT ('', (700.47944392838, -500., 4425.58507550406));
#86080 = CARTESIAN_POINT ('', (700.927307755688, -500., 4425.58483253661));
#86090 = CARTESIAN_POINT ('', (708.614443878677, -500., 4425.58066224244));
#86100 = CARTESIAN_POINT ('', (716.301862125314, -500., 4425.5246278156));
#86110 = CARTESIAN_POINT ('', (723.98824263834, -500., 4425.41676784299));
#86120 = CARTESIAN_POINT ('', (731.675945579105, -500., 4425.30888931327));
#86130 = CARTESIAN_POINT ('', (739.363697094199, -500., 4425.14914808968));
#86140 = CARTESIAN_POINT ('', (747.049247979174, -500., 4424.93767261336));
#86150 = CARTESIAN_POINT ('', (754.735813615217, -500., 4424.72616921517));
#86160 = CARTESIAN_POINT ('', (762.422193638126, -500., 4424.46285852527));
#86170 = CARTESIAN_POINT ('', (770.105218895479, -500., 4424.14798099426));
#86180 = CARTESIAN_POINT ('', (776.738124128924, -500., 4423.87614109352));
#86190 = CARTESIAN_POINT ('', (783.370687696216, -500., 4423.56577870118));
#86200 = CARTESIAN_POINT ('', (790., -500., 4423.21714257799));
#86210 = B_SPLINE_CURVE_WITH_KNOTS ('', 3, (#85870, #85880, #85890, #85900, #85910, #85920, #85930, #85940, #85950, #85960, #85970, #85980, #85990, #86000, #86010, #86020, #86030, #86040, #86050, #86060, #86070, #86080, #86090, #86100, #86110, #86120, #86130, #86140, #86150, #86160, #86170, #86180, #86190, #86200), .UNSPECIFIED., .F., .U., (4, 3, 3, 3, 3, 3, 3, 3, 3, 3, 3, 4), (0., 22.8323771299394, 45.6660014818179, 68.5019252653456, 83.754885592313, 88.2852305206043, 89.6284654003667, 90.9720570800059, 114.03346884257, 137.098848278937, 160.167273120738, 180.08269324956), .UNSPECIFIED.);
#86220 = EDGE_CURVE ('', #61700, #73390, #86210, .T.);
#86230 = ORIENTED_EDGE ('', *, *, #86220, .F.);
#86240 = ORIENTED_EDGE ('', *, *, #73280, .F.);
#86250 = CARTESIAN_POINT ('', (610., -500., 4374.81938236534));
#86260 = CARTESIAN_POINT ('', (617.601205855329, -500., 4374.43920639428));
#86270 = CARTESIAN_POINT ('', (625.203458199408, -500., 4374.10687470123));
#86280 = CARTESIAN_POINT ('', (632.808852410344, -500., 4373.8225454549));
#86290 = CARTESIAN_POINT ('', (640.41468446748, -500., 4373.5381998396));
#86300 = CARTESIAN_POINT ('', (648.021367987183, -500., 4373.30195163845));
#86310 = CARTESIAN_POINT ('', (655.630190939488, -500., 4373.11394368439));
#86320 = CARTESIAN_POINT ('', (663.239799749803, -500., 4372.9259163124));
#86330 = CARTESIAN_POINT ('', (670.85006100254, -500., 4372.78617965109));
#86340 = CARTESIAN_POINT ('', (678.461444369633, -500., 4372.69483536946));
#86350 = CARTESIAN_POINT ('', (683.545388561995, -500., 4372.63382290856));
#86360 = CARTESIAN_POINT ('', (688.629495405097, -500., 4372.59440426087));
#86370 = CARTESIAN_POINT ('', (693.713774492961, -500., 4372.5765933611));
#86380 = CARTESIAN_POINT ('', (695.223879962148, -500., 4372.57130326261));
#86390 = CARTESIAN_POINT ('', (696.733989657137, -500., 4372.5679193197));
#86400 = CARTESIAN_POINT ('', (698.244103669279, -500., 4372.5664416385));
#86410 = CARTESIAN_POINT ('', (698.691848409418, -500., 4372.56600351001));
#86420 = CARTESIAN_POINT ('', (699.13959325636, -500., 4372.56573296194));
#86430 = CARTESIAN_POINT ('', (699.587338199019, -500., 4372.56562999506));
#86440 = CARTESIAN_POINT ('', (700.035203007502, -500., 4372.56552700062));
#86450 = CARTESIAN_POINT ('', (700.483067881142, -500., 4372.56559167715));
#86460 = CARTESIAN_POINT ('', (700.930932641198, -500., 4372.56582402445));
#86470 = CARTESIAN_POINT ('', (708.618057067604, -500., 4372.56981201986));
#86480 = CARTESIAN_POINT ('', (716.305437352882, -500., 4372.62320586212));
#86490 = CARTESIAN_POINT ('', (723.991876105514, -500., 4372.72595387029));
#86500 = CARTESIAN_POINT ('', (731.679652729796, -500., 4372.82871976238));
#86510 = CARTESIAN_POINT ('', (739.367472874519, -500., 4372.98087360183));
#86520 = CARTESIAN_POINT ('', (747.053298574229, -500., 4373.18225276436));
#86530 = CARTESIAN_POINT ('', (754.740156820588, -500., 4373.38365898103));
#86540 = CARTESIAN_POINT ('', (762.42684578351, -500., 4373.63435479173));
#86550 = CARTESIAN_POINT ('', (770.110499688135, -500., 4373.93404936571));
#86560 = CARTESIAN_POINT ('', (776.741517255085, -500., 4374.19268672881));
#86570 = CARTESIAN_POINT ('', (783.372224966601, -500., 4374.48789274945));
#86580 = CARTESIAN_POINT ('', (790., -500., 4374.81938236534));
#86590 = B_SPLINE_CURVE_WITH_KNOTS ('', 3, (#86250, #86260, #86270, #86280, #86290, #86300, #86310, #86320, #86330, #86340, #86350, #86360, #86370, #86380, #86390, #86400, #86410, #86420, #86430, #86440, #86450, #86460, #86470, #86480, #86490, #86500, #86510, #86520, #86530, #86540, #86550, #86560, #86570, #86580), .UNSPECIFIED., .F., .U., (4, 3, 3, 3, 3, 3, 3, 3, 3, 3, 3, 4), (0., 22.832121627577, 45.665557711373, 68.5013520887915, 83.7542829429891, 88.2846271483332, 89.6278620118279, 90.9714564728056, 114.032832855414, 137.098223211548, 160.16671227073, 180.074891125891), .UNSPECIFIED.);
#86600 = EDGE_CURVE ('', #67530, #79170, #86590, .T.);
#86610 = ORIENTED_EDGE ('', *, *, #86600, .T.);
#86620 = ORIENTED_EDGE ('', *, *, #79210, .T.);
#86630 = EDGE_LOOP ('', (#86230, #86240, #86610, #86620));
#86640 = FACE_OUTER_BOUND ('', #86630, .T.);
#86650 = CARTESIAN_POINT ('', (790., -500., 4372.56552700062));
#86660 = CARTESIAN_POINT ('', (610., -500., 4372.56552700062));
#86670 = CARTESIAN_POINT ('', (790., -500., 4425.58514245178));
#86680 = CARTESIAN_POINT ('', (610., -500., 4425.58514245178));
#86690 = B_SPLINE_SURFACE_WITH_KNOTS ('', 1, 1, ((#86650, #86660), (#86670, #86680)), .UNSPECIFIED., .F., .F., .U., (2, 2), (2, 2), (0.365611012302379, 0.625329959655928), (0., 1.), .UNSPECIFIED.);
#86700 = ADVANCED_FACE ('', (#86640), #86690, .T.);
#86710 = ORIENTED_EDGE ('', *, *, #86600, .F.);
#86720 = ORIENTED_EDGE ('', *, *, #73230, .F.);
#86730 = ORIENTED_EDGE ('', *, *, #85600, .F.);
#86740 = CARTESIAN_POINT ('', (700., 0., 4300.));
#86750 = VERTEX_POINT ('', #86740);
#86760 = CARTESIAN_POINT ('', (700., 0., 4300.));
#86770 = CARTESIAN_POINT ('', (700., 7.50020936281425, 4300.00000251914));
#86780 = CARTESIAN_POINT ('', (700., 55.0342082592403, 4300.43487583006));
#86790 = CARTESIAN_POINT ('', (700., 135.080003029063, 4305.0377630995));
#86800 = CARTESIAN_POINT ('', (700., 215.119249123026, 4313.44794865511));
#86810 = CARTESIAN_POINT ('', (700., 295.151363393706, 4325.55110981552));
#86820 = CARTESIAN_POINT ('', (700., 375.175233651437, 4341.19058577699));
#86830 = CARTESIAN_POINT ('', (700., 455.190796952047, 4360.17681584956));
#86840 = CARTESIAN_POINT ('', (700., 497.501464739177, 4371.8693920313));
#86850 = CARTESIAN_POINT ('', (700., 500., 4372.56558254562));
#86860 = (
   BOUNDED_CURVE ()
   B_SPLINE_CURVE (2, (#86760, #86770, #86780, #86790, #86800, #86810, #86820, #86830, #86840, #86850), .UNSPECIFIED., .F., .U.)
   B_SPLINE_CURVE_WITH_KNOTS ((3, 1, 1, 1, 1, 1, 1, 1, 3), (0., 0.0290021449366321, 0.183778740616901, 0.338978522622264, 0.494931173195029, 0.651922962526318, 0.810185018772282, 0.969888268569771, 0.97991748133366), .UNSPECIFIED.)
   CURVE ()
   GEOMETRIC_REPRESENTATION_ITEM ()
   RATIONAL_B_SPLINE_CURVE ((1., 1., 1., 1., 1., 1., 1., 1., 1., 1.))
   REPRESENTATION_ITEM ('')
);
#86870 = EDGE_CURVE ('', #86750, #85290, #86860, .T.);
#86880 = ORIENTED_EDGE ('', *, *, #86870, .F.);
#86890 = ORIENTED_EDGE ('', *, *, #86870, .T.);
#86900 = ORIENTED_EDGE ('', *, *, #85440, .T.);
#86910 = ORIENTED_EDGE ('', *, *, #84940, .F.);
#86920 = EDGE_LOOP ('', (#86710, #86720, #86730, #86880, #86890, #86900, #86910));
#86930 = FACE_OUTER_BOUND ('', #86920, .T.);
#86940 = CARTESIAN_POINT ('', (700., 0., 4300.));
#86950 = CARTESIAN_POINT ('', (700., 7.50020936281425, 4300.00000251914));
#86960 = CARTESIAN_POINT ('', (700., 55.0342082592403, 4300.43487583006));
#86970 = CARTESIAN_POINT ('', (700., 135.080003029063, 4305.0377630995));
#86980 = CARTESIAN_POINT ('', (700., 215.119249123026, 4313.44794865511));
#86990 = CARTESIAN_POINT ('', (700., 295.151363393706, 4325.55110981552));
#87000 = CARTESIAN_POINT ('', (700., 375.175233651437, 4341.19058577699));
#87010 = CARTESIAN_POINT ('', (700., 455.190796952047, 4360.17681584956));
#87020 = CARTESIAN_POINT ('', (700., 501.523630013181, 4372.9809196044));
#87030 = CARTESIAN_POINT ('', (700., 508.035431835233, 4374.81938236534));
#87040 = CARTESIAN_POINT ('', (700., 0., 4300.));
#87050 = CARTESIAN_POINT ('', (692.499790637186, 7.50020936281425, 4300.00000251914));
#87060 = CARTESIAN_POINT ('', (644.96579174076, 55.0342082592403, 4300.43487583006));
#87070 = CARTESIAN_POINT ('', (564.919996970937, 135.080003029063, 4305.0377630995));
#87080 = CARTESIAN_POINT ('', (484.880750876974, 215.119249123026, 4313.44794865511));
#87090 = CARTESIAN_POINT ('', (404.848636606294, 295.151363393706, 4325.55110981552));
#87100 = CARTESIAN_POINT ('', (324.824766348563, 375.175233651437, 4341.19058577699));
#87110 = CARTESIAN_POINT ('', (244.809203047953, 455.190796952047, 4360.17681584956));
#87120 = CARTESIAN_POINT ('', (198.476369986819, 501.523630013181, 4372.9809196044));
#87130 = CARTESIAN_POINT ('', (191.964568164768, 508.035431835232, 4374.81938236534));
#87140 = CARTESIAN_POINT ('', (700., 0., 4300.));
#87150 = CARTESIAN_POINT ('', (692.499790637186, 4.59255369455274E-16, 4300.00000251914));
#87160 = CARTESIAN_POINT ('', (644.96579174076, 3.36987334941438E-15, 4300.43487583006));
#87170 = CARTESIAN_POINT ('', (564.919996970937, 8.27126466691785E-15, 4305.0377630995));
#87180 = CARTESIAN_POINT ('', (484.880750876974, 1.31722549936748E-14, 4313.44794865511));
#87190 = CARTESIAN_POINT ('', (404.848636606294, 1.80728086222039E-14, 4325.55110981552));
#87200 = CARTESIAN_POINT ('', (324.824766348563, 2.29728574505296E-14, 4341.19058577699));
#87210 = CARTESIAN_POINT ('', (244.809203047953, 2.78723976244329E-14, 4360.17681584956));
#87220 = CARTESIAN_POINT ('', (198.476369986819, 3.07094654096202E-14, 4372.9809196044));
#87230 = CARTESIAN_POINT ('', (191.964568164767, 3.1108198272523E-14, 4374.81938236534));
#87240 = CARTESIAN_POINT ('', (700., 0., 4300.));
#87250 = CARTESIAN_POINT ('', (692.499790637186, -7.50020936281425, 4300.00000251914));
#87260 = CARTESIAN_POINT ('', (644.96579174076, -55.0342082592403, 4300.43487583006));
#87270 = CARTESIAN_POINT ('', (564.919996970937, -135.080003029063, 4305.0377630995));
#87280 = CARTESIAN_POINT ('', (484.880750876974, -215.119249123026, 4313.44794865511));
#87290 = CARTESIAN_POINT ('', (404.848636606294, -295.151363393706, 4325.55110981552));
#87300 = CARTESIAN_POINT ('', (324.824766348563, -375.175233651437, 4341.19058577699));
#87310 = CARTESIAN_POINT ('', (244.809203047953, -455.190796952047, 4360.17681584956));
#87320 = CARTESIAN_POINT ('', (198.476369986819, -501.523630013181, 4372.9809196044));
#87330 = CARTESIAN_POINT ('', (191.964568164768, -508.035431835232, 4374.81938236534));
#87340 = CARTESIAN_POINT ('', (700., 0., 4300.));
#87350 = CARTESIAN_POINT ('', (700., -7.50020936281425, 4300.00000251914));
#87360 = CARTESIAN_POINT ('', (700., -55.0342082592403, 4300.43487583006));
#87370 = CARTESIAN_POINT ('', (700., -135.080003029063, 4305.0377630995));
#87380 = CARTESIAN_POINT ('', (700., -215.119249123026, 4313.44794865511));
#87390 = CARTESIAN_POINT ('', (700., -295.151363393706, 4325.55110981552));
#87400 = CARTESIAN_POINT ('', (700., -375.175233651437, 4341.19058577699));
#87410 = CARTESIAN_POINT ('', (700., -455.190796952047, 4360.17681584956));
#87420 = CARTESIAN_POINT ('', (700., -501.523630013181, 4372.9809196044));
#87430 = CARTESIAN_POINT ('', (700., -508.035431835233, 4374.81938236534));
#87440 = CARTESIAN_POINT ('', (700., 0., 4300.));
#87450 = CARTESIAN_POINT ('', (707.500209362814, -7.50020936281425, 4300.00000251914));
#87460 = CARTESIAN_POINT ('', (755.03420825924, -55.0342082592403, 4300.43487583006));
#87470 = CARTESIAN_POINT ('', (835.080003029063, -135.080003029063, 4305.0377630995));
#87480 = CARTESIAN_POINT ('', (915.119249123026, -215.119249123026, 4313.44794865511));
#87490 = CARTESIAN_POINT ('', (995.151363393705, -295.151363393706, 4325.55110981552));
#87500 = CARTESIAN_POINT ('', (1075.17523365144, -375.175233651437, 4341.19058577699));
#87510 = CARTESIAN_POINT ('', (1155.19079695205, -455.190796952047, 4360.17681584956));
#87520 = CARTESIAN_POINT ('', (1201.52363001318, -501.523630013181, 4372.9809196044));
#87530 = CARTESIAN_POINT ('', (1208.03543183523, -508.035431835233, 4374.81938236534));
#87540 = CARTESIAN_POINT ('', (700., 0., 4300.));
#87550 = CARTESIAN_POINT ('', (707.500209362814, -1.37776610836582E-15, 4300.00000251914));
#87560 = CARTESIAN_POINT ('', (755.03420825924, -1.01096200482431E-14, 4300.43487583006));
#87570 = CARTESIAN_POINT ('', (835.080003029063, -2.48137940007536E-14, 4305.0377630995));
#87580 = CARTESIAN_POINT ('', (915.119249123026, -3.95167649810243E-14, 4313.44794865511));
#87590 = CARTESIAN_POINT ('', (995.151363393706, -5.42184258666118E-14, 4325.55110981552));
#87600 = CARTESIAN_POINT ('', (1075.17523365144, -6.89185723515889E-14, 4341.19058577699));
#87610 = CARTESIAN_POINT ('', (1155.19079695205, -8.36171928732986E-14, 4360.17681584956));
#87620 = CARTESIAN_POINT ('', (1201.52363001318, -9.21283962288605E-14, 4372.9809196044));
#87630 = CARTESIAN_POINT ('', (1208.03543183523, -9.33245948175691E-14, 4374.81938236534));
#87640 = CARTESIAN_POINT ('', (700., 0., 4300.));
#87650 = CARTESIAN_POINT ('', (707.500209362814, 7.50020936281425, 4300.00000251914));
#87660 = CARTESIAN_POINT ('', (755.03420825924, 55.0342082592403, 4300.43487583006));
#87670 = CARTESIAN_POINT ('', (835.080003029063, 135.080003029063, 4305.0377630995));
#87680 = CARTESIAN_POINT ('', (915.119249123026, 215.119249123026, 4313.44794865511));
#87690 = CARTESIAN_POINT ('', (995.151363393706, 295.151363393705, 4325.55110981552));
#87700 = CARTESIAN_POINT ('', (1075.17523365144, 375.175233651437, 4341.19058577699));
#87710 = CARTESIAN_POINT ('', (1155.19079695205, 455.190796952047, 4360.17681584956));
#87720 = CARTESIAN_POINT ('', (1201.52363001318, 501.523630013181, 4372.9809196044));
#87730 = CARTESIAN_POINT ('', (1208.03543183523, 508.035431835232, 4374.81938236534));
#87740 = CARTESIAN_POINT ('', (700., 0., 4300.));
#87750 = CARTESIAN_POINT ('', (700., 7.50020936281425, 4300.00000251914));
#87760 = CARTESIAN_POINT ('', (700., 55.0342082592403, 4300.43487583006));
#87770 = CARTESIAN_POINT ('', (700., 135.080003029063, 4305.0377630995));
#87780 = CARTESIAN_POINT ('', (700., 215.119249123026, 4313.44794865511));
#87790 = CARTESIAN_POINT ('', (700., 295.151363393706, 4325.55110981552));
#87800 = CARTESIAN_POINT ('', (700., 375.175233651437, 4341.19058577699));
#87810 = CARTESIAN_POINT ('', (700., 455.190796952047, 4360.17681584956));
#87820 = CARTESIAN_POINT ('', (700., 501.523630013181, 4372.9809196044));
#87830 = CARTESIAN_POINT ('', (700., 508.035431835233, 4374.81938236534));
#87840 = (
   BOUNDED_SURFACE ()
   B_SPLINE_SURFACE (2, 2, ((#86940, #86950, #86960, #86970, #86980, #86990, #87000, #87010, #87020, #87030), (#87040, #87050, #87060, #87070, #87080, #87090, #87100, #87110, #87120, #87130), (#87140, #87150, #87160, #87170, #87180, #87190, #87200, #87210, #87220, #87230), (#87240, #87250, #87260, #87270, #87280, #87290, #87300, #87310, #87320, #87330), (#87340, #87350, #87360, #87370, #87380, #87390, #87400, #87410, #87420, #87430), (#87440, #87450, #87460, #87470, #87480, #87490, #87500, #87510, #87520, #87530), (#87540, #87550, #87560, #87570, #87580, #87590, #87600, #87610, #87620, #87630), (#87640, #87650, #87660, #87670, #87680, #87690, #87700, #87710, #87720, #87730), (#87740, #87750, #87760, #87770, #87780, #87790, #87800, #87810, #87820, #87830)), .UNSPECIFIED., .T., .F., .U.)
   B_SPLINE_SURFACE_WITH_KNOTS ((3, 2, 2, 2, 3), (3, 1, 1, 1, 1, 1, 1, 1, 3), (0., 0.25, 0.5, 0.75, 1.), (0., 0.0290021449366321, 0.183778740616901, 0.338978522622264, 0.494931173195029, 0.651922962526318, 0.810185018772282, 0.969888268569771, 0.996052703311725), .UNSPECIFIED.)
   SURFACE ()
   GEOMETRIC_REPRESENTATION_ITEM ()
   RATIONAL_B_SPLINE_SURFACE (((1., 1., 1., 1., 1., 1., 1., 1., 1., 1.), (0.707106781186548, 0.707106781186548, 0.707106781186548, 0.707106781186548, 0.707106781186548, 0.707106781186548, 0.707106781186548, 0.707106781186548, 0.707106781186548, 0.707106781186548), (1., 1., 1., 1., 1., 1., 1., 1., 1., 1.), (0.707106781186548, 0.707106781186548, 0.707106781186548, 0.707106781186548, 0.707106781186548, 0.707106781186548, 0.707106781186548, 0.707106781186548, 0.707106781186548, 0.707106781186548), (1., 1., 1., 1., 1., 1., 1., 1., 1., 1.), (0.707106781186548, 0.707106781186548, 0.707106781186548, 0.707106781186548, 0.707106781186548, 0.707106781186548, 0.707106781186548, 0.707106781186548, 0.707106781186548, 0.707106781186548), (1., 1., 1., 1., 1., 1., 1., 1., 1., 1.), (0.707106781186548, 0.707106781186548, 0.707106781186548, 0.707106781186548, 0.707106781186548, 0.707106781186548, 0.707106781186548, 0.707106781186548, 0.707106781186548, 0.707106781186548), (1., 1., 1., 1., 1., 1., 1., 1., 1., 1.)))
   REPRESENTATION_ITEM ('')
);
#87850 = ADVANCED_FACE ('', (#86930), #87840, .T.);
#87860 = ORIENTED_EDGE ('', *, *, #86220, .F.);
#87870 = ORIENTED_EDGE ('', *, *, #67430, .F.);
#87880 = ORIENTED_EDGE ('', *, *, #85770, .F.);
#87890 = CARTESIAN_POINT ('', (700., 0., 4500.));
#87900 = VERTEX_POINT ('', #87890);
#87910 = CARTESIAN_POINT ('', (700., 0., 4500.));
#87920 = CARTESIAN_POINT ('', (700., 7.50020938042021, 4499.9999983877));
#87930 = CARTESIAN_POINT ('', (700., 45.0156360321064, 4499.65840291448));
#87940 = CARTESIAN_POINT ('', (700., 115.069798620513, 4496.47244067811));
#87950 = CARTESIAN_POINT ('', (700., 195.113959333769, 4488.97089546082));
#87960 = CARTESIAN_POINT ('', (700., 275.153903159693, 4477.65054467034));
#87970 = CARTESIAN_POINT ('', (700., 355.188894575596, 4462.57395648555));
#87980 = CARTESIAN_POINT ('', (700., 415.053909887547, 4448.55362560798));
#87990 = CARTESIAN_POINT ('', (700., 465.128680135715, 4435.69817994432));
#88000 = CARTESIAN_POINT ('', (700., 497.5017616432, 4426.31585650998));
#88010 = CARTESIAN_POINT ('', (700., 500., 4425.58508407023));
#88020 = (
   BOUNDED_CURVE ()
   B_SPLINE_CURVE (2, (#87910, #87920, #87930, #87940, #87950, #87960, #87970, #87980, #87990, #88000, #88010), .UNSPECIFIED., .F., .U.)
   B_SPLINE_CURVE_WITH_KNOTS ((3, 1, 1, 1, 1, 1, 1, 1, 1, 3), (0., 0.0289767420695819, 0.144931538062233, 0.299860138978, 0.455478077418866, 0.612116813316733, 0.770079858959977, 0.849643579491052, 0.969802361132405, 0.979858528971595), .UNSPECIFIED.)
   CURVE ()
   GEOMETRIC_REPRESENTATION_ITEM ()
   RATIONAL_B_SPLINE_CURVE ((1., 1., 1., 1., 1., 1., 1., 1., 1., 1., 1.))
   REPRESENTATION_ITEM ('')
);
#88030 = EDGE_CURVE ('', #87900, #85100, #88020, .T.);
#88040 = ORIENTED_EDGE ('', *, *, #88030, .F.);
#88050 = ORIENTED_EDGE ('', *, *, #88030, .T.);
#88060 = ORIENTED_EDGE ('', *, *, #85250, .T.);
#88070 = ORIENTED_EDGE ('', *, *, #79140, .F.);
#88080 = EDGE_LOOP ('', (#87860, #87870, #87880, #88040, #88050, #88060, #88070));
#88090 = FACE_OUTER_BOUND ('', #88080, .F.);
#88100 = CARTESIAN_POINT ('', (700., 0., 4500.));
#88110 = CARTESIAN_POINT ('', (700., 7.50020938042021, 4499.9999983877));
#88120 = CARTESIAN_POINT ('', (700., 45.0156360321064, 4499.65840291448));
#88130 = CARTESIAN_POINT ('', (700., 115.069798620513, 4496.47244067811));
#88140 = CARTESIAN_POINT ('', (700., 195.113959333769, 4488.97089546082));
#88150 = CARTESIAN_POINT ('', (700., 275.153903159693, 4477.65054467034));
#88160 = CARTESIAN_POINT ('', (700., 355.188894575596, 4462.57395648555));
#88170 = CARTESIAN_POINT ('', (700., 415.053909887547, 4448.55362560798));
#88180 = CARTESIAN_POINT ('', (700., 465.128680135715, 4435.69817994432));
#88190 = CARTESIAN_POINT ('', (700., 501.524855635391, 4425.14988875888));
#88200 = CARTESIAN_POINT ('', (700., 508.035431835233, 4423.21714257799));
#88210 = CARTESIAN_POINT ('', (700., 0., 4500.));
#88220 = CARTESIAN_POINT ('', (692.49979061958, 7.50020938042021, 4499.9999983877));
#88230 = CARTESIAN_POINT ('', (654.984363967894, 45.0156360321064, 4499.65840291448));
#88240 = CARTESIAN_POINT ('', (584.930201379487, 115.069798620513, 4496.47244067811));
#88250 = CARTESIAN_POINT ('', (504.886040666231, 195.113959333769, 4488.97089546082));
#88260 = CARTESIAN_POINT ('', (424.846096840307, 275.153903159693, 4477.65054467034));
#88270 = CARTESIAN_POINT ('', (344.811105424404, 355.188894575596, 4462.57395648555));
#88280 = CARTESIAN_POINT ('', (284.946090112453, 415.053909887547, 4448.55362560798));
#88290 = CARTESIAN_POINT ('', (234.871319864285, 465.128680135715, 4435.69817994432));
#88300 = CARTESIAN_POINT ('', (198.475144364609, 501.524855635391, 4425.14988875888));
#88310 = CARTESIAN_POINT ('', (191.964568164768, 508.035431835232, 4423.21714257799));
#88320 = CARTESIAN_POINT ('', (700., 0., 4500.));
#88330 = CARTESIAN_POINT ('', (692.49979061958, 4.59255370533328E-16, 4499.9999983877));
#88340 = CARTESIAN_POINT ('', (654.984363967894, 2.75641272891507E-15, 4499.65840291448));
#88350 = CARTESIAN_POINT ('', (584.930201379487, 7.04599302795709E-15, 4496.47244067811));
#88360 = CARTESIAN_POINT ('', (504.886040666231, 1.19472842883534E-14, 4488.97089546082));
#88370 = CARTESIAN_POINT ('', (424.846096840307, 1.68483173388709E-14, 4477.65054467034));
#88380 = CARTESIAN_POINT ('', (344.811105424404, 2.17490471417345E-14, 4462.57395648555));
#88390 = CARTESIAN_POINT ('', (284.946090112453, 2.54147221108689E-14, 4448.55362560798));
#88400 = CARTESIAN_POINT ('', (234.871319864285, 2.84809174659918E-14, 4435.69817994432));
#88410 = CARTESIAN_POINT ('', (198.475144364609, 3.0709540457336E-14, 4425.14988875888));
#88420 = CARTESIAN_POINT ('', (191.964568164767, 3.1108198272523E-14, 4423.21714257799));
#88430 = CARTESIAN_POINT ('', (700., 0., 4500.));
#88440 = CARTESIAN_POINT ('', (692.49979061958, -7.50020938042021, 4499.9999983877));
#88450 = CARTESIAN_POINT ('', (654.984363967894, -45.0156360321064, 4499.65840291448));
#88460 = CARTESIAN_POINT ('', (584.930201379487, -115.069798620513, 4496.47244067811));
#88470 = CARTESIAN_POINT ('', (504.886040666231, -195.113959333769, 4488.97089546082));
#88480 = CARTESIAN_POINT ('', (424.846096840307, -275.153903159693, 4477.65054467034));
#88490 = CARTESIAN_POINT ('', (344.811105424404, -355.188894575596, 4462.57395648555));
#88500 = CARTESIAN_POINT ('', (284.946090112453, -415.053909887547, 4448.55362560798));
#88510 = CARTESIAN_POINT ('', (234.871319864285, -465.128680135715, 4435.69817994432));
#88520 = CARTESIAN_POINT ('', (198.475144364609, -501.524855635391, 4425.14988875888));
#88530 = CARTESIAN_POINT ('', (191.964568164768, -508.035431835232, 4423.21714257799));
#88540 = CARTESIAN_POINT ('', (700., 0., 4500.));
#88550 = CARTESIAN_POINT ('', (700., -7.50020938042021, 4499.9999983877));
#88560 = CARTESIAN_POINT ('', (700., -45.0156360321064, 4499.65840291448));
#88570 = CARTESIAN_POINT ('', (700., -115.069798620513, 4496.47244067811));
#88580 = CARTESIAN_POINT ('', (700., -195.113959333769, 4488.97089546082));
#88590 = CARTESIAN_POINT ('', (700., -275.153903159693, 4477.65054467034));
#88600 = CARTESIAN_POINT ('', (700., -355.188894575596, 4462.57395648555));
#88610 = CARTESIAN_POINT ('', (700., -415.053909887547, 4448.55362560798));
#88620 = CARTESIAN_POINT ('', (700., -465.128680135715, 4435.69817994432));
#88630 = CARTESIAN_POINT ('', (700., -501.524855635391, 4425.14988875888));
#88640 = CARTESIAN_POINT ('', (700., -508.035431835233, 4423.21714257799));
#88650 = CARTESIAN_POINT ('', (700., 0., 4500.));
#88660 = CARTESIAN_POINT ('', (707.50020938042, -7.50020938042021, 4499.9999983877));
#88670 = CARTESIAN_POINT ('', (745.015636032106, -45.0156360321064, 4499.65840291448));
#88680 = CARTESIAN_POINT ('', (815.069798620513, -115.069798620513, 4496.47244067811));
#88690 = CARTESIAN_POINT ('', (895.113959333769, -195.113959333769, 4488.97089546082));
#88700 = CARTESIAN_POINT ('', (975.153903159693, -275.153903159693, 4477.65054467034));
#88710 = CARTESIAN_POINT ('', (1055.1888945756, -355.188894575596, 4462.57395648555));
#88720 = CARTESIAN_POINT ('', (1115.05390988755, -415.053909887547, 4448.55362560798));
#88730 = CARTESIAN_POINT ('', (1165.12868013571, -465.128680135715, 4435.69817994432));
#88740 = CARTESIAN_POINT ('', (1201.52485563539, -501.524855635391, 4425.14988875888));
#88750 = CARTESIAN_POINT ('', (1208.03543183523, -508.035431835233, 4423.21714257799));
#88760 = CARTESIAN_POINT ('', (700., 0., 4500.));
#88770 = CARTESIAN_POINT ('', (707.50020938042, -1.37776611159998E-15, 4499.9999983877));
#88780 = CARTESIAN_POINT ('', (745.015636032106, -8.2692381867452E-15, 4499.65840291448));
#88790 = CARTESIAN_POINT ('', (815.069798620513, -2.11379790838713E-14, 4496.47244067811));
#88800 = CARTESIAN_POINT ('', (895.113959333769, -3.58418528650601E-14, 4488.97089546082));
#88810 = CARTESIAN_POINT ('', (975.153903159693, -5.05449520166128E-14, 4477.65054467034));
#88820 = CARTESIAN_POINT ('', (1055.1888945756, -6.52471414252035E-14, 4462.57395648555));
#88830 = CARTESIAN_POINT ('', (1115.05390988755, -7.62441663326068E-14, 4448.55362560798));
#88840 = CARTESIAN_POINT ('', (1165.12868013571, -8.54427523979754E-14, 4435.69817994432));
#88850 = CARTESIAN_POINT ('', (1201.52485563539, -9.21286213720079E-14, 4425.14988875888));
#88860 = CARTESIAN_POINT ('', (1208.03543183523, -9.33245948175691E-14, 4423.21714257799));
#88870 = CARTESIAN_POINT ('', (700., 0., 4500.));
#88880 = CARTESIAN_POINT ('', (707.50020938042, 7.50020938042021, 4499.9999983877));
#88890 = CARTESIAN_POINT ('', (745.015636032106, 45.0156360321064, 4499.65840291448));
#88900 = CARTESIAN_POINT ('', (815.069798620513, 115.069798620513, 4496.47244067811));
#88910 = CARTESIAN_POINT ('', (895.113959333769, 195.113959333769, 4488.97089546082));
#88920 = CARTESIAN_POINT ('', (975.153903159693, 275.153903159693, 4477.65054467034));
#88930 = CARTESIAN_POINT ('', (1055.1888945756, 355.188894575595, 4462.57395648555));
#88940 = CARTESIAN_POINT ('', (1115.05390988755, 415.053909887547, 4448.55362560798));
#88950 = CARTESIAN_POINT ('', (1165.12868013571, 465.128680135715, 4435.69817994432));
#88960 = CARTESIAN_POINT ('', (1201.52485563539, 501.524855635391, 4425.14988875888));
#88970 = CARTESIAN_POINT ('', (1208.03543183523, 508.035431835232, 4423.21714257799));
#88980 = CARTESIAN_POINT ('', (700., 0., 4500.));
#88990 = CARTESIAN_POINT ('', (700., 7.50020938042021, 4499.9999983877));
#89000 = CARTESIAN_POINT ('', (700., 45.0156360321064, 4499.65840291448));
#89010 = CARTESIAN_POINT ('', (700., 115.069798620513, 4496.47244067811));
#89020 = CARTESIAN_POINT ('', (700., 195.113959333769, 4488.97089546082));
#89030 = CARTESIAN_POINT ('', (700., 275.153903159693, 4477.65054467034));
#89040 = CARTESIAN_POINT ('', (700., 355.188894575596, 4462.57395648555));
#89050 = CARTESIAN_POINT ('', (700., 415.053909887547, 4448.55362560798));
#89060 = CARTESIAN_POINT ('', (700., 465.128680135715, 4435.69817994432));
#89070 = CARTESIAN_POINT ('', (700., 501.524855635391, 4425.14988875888));
#89080 = CARTESIAN_POINT ('', (700., 508.035431835233, 4423.21714257799));
#89090 = (
   BOUNDED_SURFACE ()
   B_SPLINE_SURFACE (2, 2, ((#88100, #88110, #88120, #88130, #88140, #88150, #88160, #88170, #88180, #88190, #88200), (#88210, #88220, #88230, #88240, #88250, #88260, #88270, #88280, #88290, #88300, #88310), (#88320, #88330, #88340, #88350, #88360, #88370, #88380, #88390, #88400, #88410, #88420), (#88430, #88440, #88450, #88460, #88470, #88480, #88490, #88500, #88510, #88520, #88530), (#88540, #88550, #88560, #88570, #88580, #88590, #88600, #88610, #88620, #88630, #88640), (#88650, #88660, #88670, #88680, #88690, #88700, #88710, #88720, #88730, #88740, #88750), (#88760, #88770, #88780, #88790, #88800, #88810, #88820, #88830, #88840, #88850, #88860), (#88870, #88880, #88890, #88900, #88910, #88920, #88930, #88940, #88950, #88960, #88970), (#88980, #88990, #89000, #89010, #89020, #89030, #89040, #89050, #89060, #89070, #89080)), .UNSPECIFIED., .T., .F., .U.)
   B_SPLINE_SURFACE_WITH_KNOTS ((3, 2, 2, 2, 3), (3, 1, 1, 1, 1, 1, 1, 1, 1, 3), (0., 0.25, 0.5, 0.75, 1.), (0., 0.0289767420695819, 0.144931538062233, 0.299860138978, 0.455478077418866, 0.612116813316733, 0.770079858959977, 0.849643579491052, 0.969802361132405, 0.99604070739126), .UNSPECIFIED.)
   SURFACE ()
   GEOMETRIC_REPRESENTATION_ITEM ()
   RATIONAL_B_SPLINE_SURFACE (((1., 1., 1., 1., 1., 1., 1., 1., 1., 1., 1.), (0.707106781186548, 0.707106781186548, 0.707106781186548, 0.707106781186548, 0.707106781186548, 0.707106781186548, 0.707106781186548, 0.707106781186548, 0.707106781186548, 0.707106781186548, 0.707106781186548), (1., 1., 1., 1., 1., 1., 1., 1., 1., 1., 1.), (0.707106781186548, 0.707106781186548, 0.707106781186548, 0.707106781186548, 0.707106781186548, 0.707106781186548, 0.707106781186548, 0.707106781186548, 0.707106781186548, 0.707106781186548, 0.707106781186548), (1., 1., 1., 1., 1., 1., 1., 1., 1., 1., 1.), (0.707106781186548, 0.707106781186548, 0.707106781186548, 0.707106781186548, 0.707106781186548, 0.707106781186548, 0.707106781186548, 0.707106781186548, 0.707106781186548, 0.707106781186548, 0.707106781186548), (1., 1., 1., 1., 1., 1., 1., 1., 1., 1., 1.), (0.707106781186548, 0.707106781186548, 0.707106781186548, 0.707106781186548, 0.707106781186548, 0.707106781186548, 0.707106781186548, 0.707106781186548, 0.707106781186548, 0.707106781186548, 0.707106781186548), (1., 1., 1., 1., 1., 1., 1., 1., 1., 1., 1.)))
   REPRESENTATION_ITEM ('')
);
#89100 = ADVANCED_FACE ('', (#88090), #89090, .F.);
#89110 = CLOSED_SHELL ('', (#73370, #85080, #85860, #86700, #87850, #89100));
#89120 = MANIFOLD_SOLID_BREP ('', #89110);
#89130 = (
   LENGTH_UNIT ()
   NAMED_UNIT (*)
   SI_UNIT (.MILLI., .METRE.)
);
#89140 = (
   NAMED_UNIT (*)
   SI_UNIT ($, .STERADIAN.)
   SOLID_ANGLE_UNIT ()
);
#89150 = (
   NAMED_UNIT (*)
   SI_UNIT ($, .RADIAN.)
   PLANE_ANGLE_UNIT ()
);
#89160 = UNCERTAINTY_MEASURE_WITH_UNIT (LENGTH_MEASURE(1.E-5), #89130, 'DISTANCE_ACCURACY_VALUE', '');
#89170 = (
   GEOMETRIC_REPRESENTATION_CONTEXT (3)
   GLOBAL_UNCERTAINTY_ASSIGNED_CONTEXT ((#89160))
   GLOBAL_UNIT_ASSIGNED_CONTEXT ((#89130, #89140, #89150))
   REPRESENTATION_CONTEXT ('', '3D')
);
#89180 = ADVANCED_BREP_SHAPE_REPRESENTATION ('', (#89120), #89170);
#89190 = APPLICATION_CONTEXT ('configuration controlled 3D designs of mechanical parts and assemblies');
#89200 = APPLICATION_PROTOCOL_DEFINITION ('International Standard', 'config_control_design', 1997, #89190);
#89210 = MECHANICAL_CONTEXT ('', #89190, 'mechanical');
#89220 = PRODUCT ('product-name', '', '', (#89210));
#89230 = PERSON_AND_ORGANIZATION_ROLE ('design_owner');
#89240 = PERSON ('', '', $, $, $, $);
#89250 = ORGANIZATION ($, '', '');
#89260 = PERSON_AND_ORGANIZATION (#89240, #89250);
#89270 = CC_DESIGN_PERSON_AND_ORGANIZATION_ASSIGNMENT (#89260, #89230, (#89220));
#89280 = PRODUCT_RELATED_PRODUCT_CATEGORY ('detail', $, (#89220));
#89290 = PRODUCT_DEFINITION_FORMATION_WITH_SPECIFIED_SOURCE ('', '', #89220, .NOT_KNOWN.);
#89300 = APPROVAL_STATUS ('approved');
#89310 = APPROVAL (#89300, '');
#89320 = CALENDAR_DATE (2020, 8, 9);
#89330 = COORDINATED_UNIVERSAL_TIME_OFFSET (0, $, .AHEAD.);
#89340 = LOCAL_TIME (3, 30, 58., #89330);
#89350 = DATE_AND_TIME (#89320, #89340);
#89360 = APPROVAL_DATE_TIME (#89350, #89310);
#89370 = APPROVAL_ROLE ('');
#89380 = PERSON ('', '', $, $, $, $);
#89390 = ORGANIZATION ($, '', '');
#89400 = PERSON_AND_ORGANIZATION (#89380, #89390);
#89410 = APPROVAL_PERSON_ORGANIZATION (#89400, #89310, #89370);
#89420 = CC_DESIGN_APPROVAL (#89310, (#89290));
#89430 = PERSON_AND_ORGANIZATION_ROLE ('creator');
#89440 = PERSON ('', '', $, $, $, $);
#89450 = ORGANIZATION ($, '', '');
#89460 = PERSON_AND_ORGANIZATION (#89440, #89450);
#89470 = CC_DESIGN_PERSON_AND_ORGANIZATION_ASSIGNMENT (#89460, #89430, (#89290));
#89480 = PERSON_AND_ORGANIZATION_ROLE ('part_supplier');
#89490 = PERSON ('', '', $, $, $, $);
#89500 = ORGANIZATION ($, '', '');
#89510 = PERSON_AND_ORGANIZATION (#89490, #89500);
#89520 = CC_DESIGN_PERSON_AND_ORGANIZATION_ASSIGNMENT (#89510, #89480, (#89290));
#89530 = SECURITY_CLASSIFICATION_LEVEL ('unclassified');
#89540 = SECURITY_CLASSIFICATION ('', '', #89530);
#89550 = APPROVAL_STATUS ('approved');
#89560 = APPROVAL (#89550, '');
#89570 = CALENDAR_DATE (2020, 8, 9);
#89580 = COORDINATED_UNIVERSAL_TIME_OFFSET (0, $, .AHEAD.);
#89590 = LOCAL_TIME (3, 30, 58., #89580);
#89600 = DATE_AND_TIME (#89570, #89590);
#89610 = APPROVAL_DATE_TIME (#89600, #89560);
#89620 = APPROVAL_ROLE ('');
#89630 = PERSON ('', '', $, $, $, $);
#89640 = ORGANIZATION ($, '', '');
#89650 = PERSON_AND_ORGANIZATION (#89630, #89640);
#89660 = APPROVAL_PERSON_ORGANIZATION (#89650, #89560, #89620);
#89670 = CC_DESIGN_APPROVAL (#89560, (#89540));
#89680 = DATE_TIME_ROLE ('classification_date');
#89690 = CALENDAR_DATE (2020, 8, 9);
#89700 = COORDINATED_UNIVERSAL_TIME_OFFSET (0, $, .AHEAD.);
#89710 = LOCAL_TIME (3, 30, 58., #89700);
#89720 = DATE_AND_TIME (#89690, #89710);
#89730 = CC_DESIGN_DATE_AND_TIME_ASSIGNMENT (#89720, #89680, (#89540));
#89740 = PERSON_AND_ORGANIZATION_ROLE ('classification_officer');
#89750 = PERSON ('', '', $, $, $, $);
#89760 = ORGANIZATION ($, '', '');
#89770 = PERSON_AND_ORGANIZATION (#89750, #89760);
#89780 = CC_DESIGN_PERSON_AND_ORGANIZATION_ASSIGNMENT (#89770, #89740, (#89540));
#89790 = CC_DESIGN_SECURITY_CLASSIFICATION (#89540, (#89290));
#89800 = DESIGN_CONTEXT ('', #89190, 'design');
#89810 = PRODUCT_DEFINITION ('', '', #89290, #89800);
#89820 = APPROVAL_STATUS ('approved');
#89830 = APPROVAL (#89820, '');
#89840 = CALENDAR_DATE (2020, 8, 9);
#89850 = COORDINATED_UNIVERSAL_TIME_OFFSET (0, $, .AHEAD.);
#89860 = LOCAL_TIME (3, 30, 58., #89850);
#89870 = DATE_AND_TIME (#89840, #89860);
#89880 = APPROVAL_DATE_TIME (#89870, #89830);
#89890 = APPROVAL_ROLE ('');
#89900 = PERSON ('', '', $, $, $, $);
#89910 = ORGANIZATION ($, '', '');
#89920 = PERSON_AND_ORGANIZATION (#89900, #89910);
#89930 = APPROVAL_PERSON_ORGANIZATION (#89920, #89830, #89890);
#89940 = CC_DESIGN_APPROVAL (#89830, (#89810));
#89950 = DATE_TIME_ROLE ('creation_date');
#89960 = CALENDAR_DATE (2020, 8, 9);
#89970 = COORDINATED_UNIVERSAL_TIME_OFFSET (0, $, .AHEAD.);
#89980 = LOCAL_TIME (3, 30, 58., #89970);
#89990 = DATE_AND_TIME (#89960, #89980);
#90000 = CC_DESIGN_DATE_AND_TIME_ASSIGNMENT (#89990, #89950, (#89810));
#90010 = PERSON_AND_ORGANIZATION_ROLE ('creator');
#90020 = PERSON ('', '', $, $, $, $);
#90030 = ORGANIZATION ($, '', '');
#90040 = PERSON_AND_ORGANIZATION (#90020, #90030);
#90050 = CC_DESIGN_PERSON_AND_ORGANIZATION_ASSIGNMENT (#90040, #90010, (#89810));
#90060 = PRODUCT_DEFINITION_SHAPE ('', '', #89810);
#90070 = SHAPE_DEFINITION_REPRESENTATION (#90060, #89180);
#90080 = CARTESIAN_POINT ('', (-150., -350., 0.));
#90090 = VERTEX_POINT ('', #90080);
#90100 = CARTESIAN_POINT ('', (150., -350., 0.));
#90110 = VERTEX_POINT ('', #90100);
#90120 = CARTESIAN_POINT ('', (-150., -350., 0.));
#90130 = CARTESIAN_POINT ('', (-50., -350., 0.));
#90140 = CARTESIAN_POINT ('', (50., -350., 0.));
#90150 = CARTESIAN_POINT ('', (150., -350., 0.));
#90160 = B_SPLINE_CURVE_WITH_KNOTS ('', 3, (#90120, #90130, #90140, #90150), .UNSPECIFIED., .F., .U., (4, 4), (0., 300.), .UNSPECIFIED.);
#90170 = EDGE_CURVE ('', #90090, #90110, #90160, .T.);
#90180 = ORIENTED_EDGE ('', *, *, #90170, .T.);
#90190 = CARTESIAN_POINT ('', (150., 350., 0.));
#90200 = VERTEX_POINT ('', #90190);
#90210 = CARTESIAN_POINT ('', (150., -350., 0.));
#90220 = CARTESIAN_POINT ('', (150., -116.666666666667, 0.));
#90230 = CARTESIAN_POINT ('', (150., 116.666666666667, 0.));
#90240 = CARTESIAN_POINT ('', (150., 350., 0.));
#90250 = B_SPLINE_CURVE_WITH_KNOTS ('', 3, (#90210, #90220, #90230, #90240), .UNSPECIFIED., .F., .U., (4, 4), (0., 700.), .UNSPECIFIED.);
#90260 = EDGE_CURVE ('', #90110, #90200, #90250, .T.);
#90270 = ORIENTED_EDGE ('', *, *, #90260, .T.);
#90280 = CARTESIAN_POINT ('', (-150., 350., 0.));
#90290 = VERTEX_POINT ('', #90280);
#90300 = CARTESIAN_POINT ('', (150., 350., 0.));
#90310 = CARTESIAN_POINT ('', (50., 350., 0.));
#90320 = CARTESIAN_POINT ('', (-50., 350., 0.));
#90330 = CARTESIAN_POINT ('', (-150., 350., 0.));
#90340 = B_SPLINE_CURVE_WITH_KNOTS ('', 3, (#90300, #90310, #90320, #90330), .UNSPECIFIED., .F., .U., (4, 4), (0., 300.), .UNSPECIFIED.);
#90350 = EDGE_CURVE ('', #90200, #90290, #90340, .T.);
#90360 = ORIENTED_EDGE ('', *, *, #90350, .T.);
#90370 = CARTESIAN_POINT ('', (-150., 350., 0.));
#90380 = CARTESIAN_POINT ('', (-150., 116.666666666667, 0.));
#90390 = CARTESIAN_POINT ('', (-150., -116.666666666667, 0.));
#90400 = CARTESIAN_POINT ('', (-150., -350., 0.));
#90410 = B_SPLINE_CURVE_WITH_KNOTS ('', 3, (#90370, #90380, #90390, #90400), .UNSPECIFIED., .F., .U., (4, 4), (0., 700.), .UNSPECIFIED.);
#90420 = EDGE_CURVE ('', #90290, #90090, #90410, .T.);
#90430 = ORIENTED_EDGE ('', *, *, #90420, .T.);
#90440 = EDGE_LOOP ('', (#90180, #90270, #90360, #90430));
#90450 = FACE_OUTER_BOUND ('', #90440, .T.);
#90460 = CARTESIAN_POINT ('', (-150., -350., 0.));
#90470 = CARTESIAN_POINT ('', (-150., 350., 0.));
#90480 = CARTESIAN_POINT ('', (150., -350., 0.));
#90490 = CARTESIAN_POINT ('', (150., 350., 0.));
#90500 = B_SPLINE_SURFACE_WITH_KNOTS ('', 1, 1, ((#90460, #90470), (#90480, #90490)), .UNSPECIFIED., .F., .F., .U., (2, 2), (2, 2), (0.00252576725506614, 0.997474232744934), (0.00108560537962237, 0.998914394620378), .UNSPECIFIED.);
#90510 = ADVANCED_FACE ('', (#90450), #90500, .T.);
#90520 = OPEN_SHELL ('', (#90510));
#90530 = SHELL_BASED_SURFACE_MODEL ('', (#90520));
#90540 = (
   LENGTH_UNIT ()
   NAMED_UNIT (*)
   SI_UNIT (.MILLI., .METRE.)
);
#90550 = (
   NAMED_UNIT (*)
   SI_UNIT ($, .STERADIAN.)
   SOLID_ANGLE_UNIT ()
);
#90560 = (
   NAMED_UNIT (*)
   SI_UNIT ($, .RADIAN.)
   PLANE_ANGLE_UNIT ()
);
#90570 = UNCERTAINTY_MEASURE_WITH_UNIT (LENGTH_MEASURE(1.E-5), #90540, 'DISTANCE_ACCURACY_VALUE', '');
#90580 = (
   GEOMETRIC_REPRESENTATION_CONTEXT (3)
   GLOBAL_UNCERTAINTY_ASSIGNED_CONTEXT ((#90570))
   GLOBAL_UNIT_ASSIGNED_CONTEXT ((#90540, #90550, #90560))
   REPRESENTATION_CONTEXT ('', '3D')
);
#90590 = MANIFOLD_SURFACE_SHAPE_REPRESENTATION ('', (#90530), #90580);
#90600 = APPLICATION_CONTEXT ('configuration controlled 3D designs of mechanical parts and assemblies');
#90610 = APPLICATION_PROTOCOL_DEFINITION ('International Standard', 'config_control_design', 1997, #90600);
#90620 = MECHANICAL_CONTEXT ('', #90600, 'mechanical');
#90630 = PRODUCT ('product-name', '', '', (#90620));
#90640 = PERSON_AND_ORGANIZATION_ROLE ('design_owner');
#90650 = PERSON ('', '', $, $, $, $);
#90660 = ORGANIZATION ($, '', '');
#90670 = PERSON_AND_ORGANIZATION (#90650, #90660);
#90680 = CC_DESIGN_PERSON_AND_ORGANIZATION_ASSIGNMENT (#90670, #90640, (#90630));
#90690 = PRODUCT_RELATED_PRODUCT_CATEGORY ('detail', $, (#90630));
#90700 = PRODUCT_DEFINITION_FORMATION_WITH_SPECIFIED_SOURCE ('', '', #90630, .NOT_KNOWN.);
#90710 = APPROVAL_STATUS ('approved');
#90720 = APPROVAL (#90710, '');
#90730 = CALENDAR_DATE (2020, 8, 9);
#90740 = COORDINATED_UNIVERSAL_TIME_OFFSET (0, $, .AHEAD.);
#90750 = LOCAL_TIME (3, 30, 58., #90740);
#90760 = DATE_AND_TIME (#90730, #90750);
#90770 = APPROVAL_DATE_TIME (#90760, #90720);
#90780 = APPROVAL_ROLE ('');
#90790 = PERSON ('', '', $, $, $, $);
#90800 = ORGANIZATION ($, '', '');
#90810 = PERSON_AND_ORGANIZATION (#90790, #90800);
#90820 = APPROVAL_PERSON_ORGANIZATION (#90810, #90720, #90780);
#90830 = CC_DESIGN_APPROVAL (#90720, (#90700));
#90840 = PERSON_AND_ORGANIZATION_ROLE ('creator');
#90850 = PERSON ('', '', $, $, $, $);
#90860 = ORGANIZATION ($, '', '');
#90870 = PERSON_AND_ORGANIZATION (#90850, #90860);
#90880 = CC_DESIGN_PERSON_AND_ORGANIZATION_ASSIGNMENT (#90870, #90840, (#90700));
#90890 = PERSON_AND_ORGANIZATION_ROLE ('part_supplier');
#90900 = PERSON ('', '', $, $, $, $);
#90910 = ORGANIZATION ($, '', '');
#90920 = PERSON_AND_ORGANIZATION (#90900, #90910);
#90930 = CC_DESIGN_PERSON_AND_ORGANIZATION_ASSIGNMENT (#90920, #90890, (#90700));
#90940 = SECURITY_CLASSIFICATION_LEVEL ('unclassified');
#90950 = SECURITY_CLASSIFICATION ('', '', #90940);
#90960 = APPROVAL_STATUS ('approved');
#90970 = APPROVAL (#90960, '');
#90980 = CALENDAR_DATE (2020, 8, 9);
#90990 = COORDINATED_UNIVERSAL_TIME_OFFSET (0, $, .AHEAD.);
#91000 = LOCAL_TIME (3, 30, 58., #90990);
#91010 = DATE_AND_TIME (#90980, #91000);
#91020 = APPROVAL_DATE_TIME (#91010, #90970);
#91030 = APPROVAL_ROLE ('');
#91040 = PERSON ('', '', $, $, $, $);
#91050 = ORGANIZATION ($, '', '');
#91060 = PERSON_AND_ORGANIZATION (#91040, #91050);
#91070 = APPROVAL_PERSON_ORGANIZATION (#91060, #90970, #91030);
#91080 = CC_DESIGN_APPROVAL (#90970, (#90950));
#91090 = DATE_TIME_ROLE ('classification_date');
#91100 = CALENDAR_DATE (2020, 8, 9);
#91110 = COORDINATED_UNIVERSAL_TIME_OFFSET (0, $, .AHEAD.);
#91120 = LOCAL_TIME (3, 30, 58., #91110);
#91130 = DATE_AND_TIME (#91100, #91120);
#91140 = CC_DESIGN_DATE_AND_TIME_ASSIGNMENT (#91130, #91090, (#90950));
#91150 = PERSON_AND_ORGANIZATION_ROLE ('classification_officer');
#91160 = PERSON ('', '', $, $, $, $);
#91170 = ORGANIZATION ($, '', '');
#91180 = PERSON_AND_ORGANIZATION (#91160, #91170);
#91190 = CC_DESIGN_PERSON_AND_ORGANIZATION_ASSIGNMENT (#91180, #91150, (#90950));
#91200 = CC_DESIGN_SECURITY_CLASSIFICATION (#90950, (#90700));
#91210 = DESIGN_CONTEXT ('', #90600, 'design');
#91220 = PRODUCT_DEFINITION ('', '', #90700, #91210);
#91230 = APPROVAL_STATUS ('approved');
#91240 = APPROVAL (#91230, '');
#91250 = CALENDAR_DATE (2020, 8, 9);
#91260 = COORDINATED_UNIVERSAL_TIME_OFFSET (0, $, .AHEAD.);
#91270 = LOCAL_TIME (3, 30, 58., #91260);
#91280 = DATE_AND_TIME (#91250, #91270);
#91290 = APPROVAL_DATE_TIME (#91280, #91240);
#91300 = APPROVAL_ROLE ('');
#91310 = PERSON ('', '', $, $, $, $);
#91320 = ORGANIZATION ($, '', '');
#91330 = PERSON_AND_ORGANIZATION (#91310, #91320);
#91340 = APPROVAL_PERSON_ORGANIZATION (#91330, #91240, #91300);
#91350 = CC_DESIGN_APPROVAL (#91240, (#91220));
#91360 = DATE_TIME_ROLE ('creation_date');
#91370 = CALENDAR_DATE (2020, 8, 9);
#91380 = COORDINATED_UNIVERSAL_TIME_OFFSET (0, $, .AHEAD.);
#91390 = LOCAL_TIME (3, 30, 58., #91380);
#91400 = DATE_AND_TIME (#91370, #91390);
#91410 = CC_DESIGN_DATE_AND_TIME_ASSIGNMENT (#91400, #91360, (#91220));
#91420 = PERSON_AND_ORGANIZATION_ROLE ('creator');
#91430 = PERSON ('', '', $, $, $, $);
#91440 = ORGANIZATION ($, '', '');
#91450 = PERSON_AND_ORGANIZATION (#91430, #91440);
#91460 = CC_DESIGN_PERSON_AND_ORGANIZATION_ASSIGNMENT (#91450, #91420, (#91220));
#91470 = PRODUCT_DEFINITION_SHAPE ('', '', #91220);
#91480 = SHAPE_DEFINITION_REPRESENTATION (#91470, #90590);
#91490 = GEOMETRIC_CURVE_SET ('', (#30, #60, #90, #120, #150, #180, #210, #240, #270, #300, #330, #360, #390, #420, #450, #480, #510, #540, #570, #600, #630, #660, #690, #720, #750, #780, #810, #840, #870, #900, #930, #960, #990, #1020, #1050, #1080, #1110, #1140, #1170, #1200, #1230, #1260, #1290, #1320, #1350, #1380, #1410, #1440, #1470, #1500, #1530, #1560, #1590, #1620, #1650, #1680, #1710, #1740, #1770, #1800, #1830, #1860, #1890, #1920, #1950, #1980, #2010, #2040, #2070, #2100, #2130, #2160, #2190, #2220, #2250, #2280, #2310, #2340, #2370, #2400, #2430, #2460, #2490, #2520, #2550, #2580, #2610, #2640, #2670, #2700, #2730, #2760, #2790, #2820, #2850, #2880, #2910, #2940, #2970, #3000, #3030, #3060, #3090, #3120, #3150, #3180, #3210, #3240, #3270, #3300, #3330, #3360, #3390, #3420, #3450, #3480, #3510, #3540, #3570, #3600, #3630, #3660, #3690, #3720, #3750, #3780, #3810, #3840, #3870, #3900, #3930, #3960, #3990, #4020, #4050, #4080, #4110, #4140, #4170, #4200, #4230, #4260, #4290, #4320, #4350, #4380, #4410, #4440, #4470, #4500, #4530, #4560, #4590, #4620, #4650, #4680, #4710, #4740, #4770, #4800, #4830, #4860, #4890, #4920, #4950, #4980, #5010, #5040, #5070, #5100, #5130, #5160, #5190, #5220, #5250, #5280, #5310, #5340, #5370, #5400, #5430, #5460, #5490, #5520, #5550, #5580, #5610, #5640, #5670, #5700, #5730, #5760, #5790, #5820, #5850, #5880, #5910, #5940, #5970, #6000, #6030, #6060, #6090, #6120, #6150, #6180, #6210, #6240, #6270, #6300, #6330, #6360, #6390, #6420, #6450, #6480, #6510, #6540, #6570, #6600, #6630, #6660, #6690, #6720, #6750, #6780, #6810, #6840, #6870, #6900, #6930, #6960, #6990, #7020, #7050, #7080, #7110, #7140, #7170, #7200, #7230, #7260, #7290, #7320, #7350, #7380, #7410, #7440, #7470, #7500, #7530, #7560, #7590, #7620, #7650, #7680, #7710, #7740, #7770, #7800, #7830, #7860, #7890, #7920, #7950, #7980, #8010, #8040, #8070, #8100, #8130, #8160, #8190, #8220, #8250, #8280, #8310, #8340, #8370, #8400, #8430, #8460, #8490, #8520, #8550, #8580, #8610, #8640, #8670, #8700, #8730, #8760, #8790, #8820, #8850, #8880, #8910, #8940, #8970, #9000, #9030, #9060, #9090, #9120, #9150, #9180, #9210, #9240, #9270, #9300, #9330, #9360, #9390, #9420, #9450, #9480, #9510, #9540, #9570, #9600, #9630, #9660, #9690, #9720, #9750, #9780, #9810, #9840, #9870, #9900, #9930, #9960, #9990, #10020, #10050, #10080, #10110, #10140, #10170, #10200, #10230, #10260, #10290, #10320, #10350, #10380, #10410, #10440, #10470, #10500, #10530, #10560, #10590, #10620, #10650, #10680, #10710, #10740, #10770, #10800, #10830, #10860, #10890, #10920, #10950, #10980, #11010, #11040, #11070, #11100, #11130, #11160, #11190, #11220, #11250, #11280, #11310, #11340, #11370, #11400, #11430, #11460, #11490, #11520, #11550, #11580, #11610, #11640, #11670, #11700, #11730, #11760, #11790, #11820, #11850, #11880, #11910, #11940, #11970, #12000, #12030, #12060, #12090, #12120, #12150, #12180, #12210, #12240, #12270, #12300, #12330, #12360, #12390, #12420, #12450, #12480, #12510, #12540, #12570, #12600, #12630, #12660, #12690, #12720, #12750, #12780, #12810, #12840, #12870, #12900, #12930, #12960, #12990, #13020, #13050, #13080, #13110, #13140, #13170, #13200, #13230, #13260, #13290, #13320, #13350, #13380, #13410, #13440, #13470, #13500, #13530, #13560, #13590, #13620, #13650, #13680, #13710, #13740, #13770, #13800, #13830, #13860, #13890, #13920, #13950, #13980, #14010, #14040, #14070, #14100, #14130, #14160, #14190, #14220, #14250, #14280, #14310, #14340, #14370, #14400, #14430, #14460, #14490, #14520, #14550, #14580, #14610, #14640, #14670, #14700, #14730, #14760, #14790, #14820, #14850, #14880, #14910, #14940, #14970, #15000, #15030, #15060, #15090, #15120, #15150, #15180, #15210, #15240, #15270, #15300, #15330, #15360, #15390, #15420, #15450, #15480, #15510, #15540, #15570, #15600, #15630, #15660, #15690, #15720, #15750, #15780, #15810, #15840, #15870, #15900, #15930, #15960, #15990, #16020, #16050, #16080, #16110, #16140, #16170, #16200, #16230, #16260, #16290, #16320, #16350, #16380, #16410, #16440, #16470, #16500, #16530, #16560, #16590, #16620, #16650, #16680, #16710, #16740, #16770, #16800, #16830, #16860, #16890, #16920, #16950, #16980, #17010, #17040, #17070, #17100, #17130, #17160, #17190, #17220, #17250, #17280, #17310, #17340, #17370, #17400, #17430, #17460, #17490, #17520, #17550, #17580, #17610, #17640, #17670, #17700, #17730, #17760, #17790, #17820, #17850, #17880, #17910, #17940, #17970, #18000, #18030, #18060, #18090, #18120, #18150, #18180, #18210, #18240, #18270, #18300, #18330, #18360, #18390, #18420, #18450, #18480, #18510, #18540, #18570, #18600, #18630, #18660, #18690, #18720, #18750, #18780, #18810, #18840, #18870, #18900, #18930, #18960, #18990, #19020, #19050, #19080, #19110, #19140, #19170, #19200, #19230, #19260, #19290, #19320, #19350, #19380, #19410, #19440, #19470, #19500, #19530, #19560, #19590, #19620, #19650, #19680, #19710, #19740, #19770, #19800, #19830, #19860, #19890, #19920, #19950, #19980, #20010, #20040, #20070, #20100, #20130, #20160, #20190, #20220, #20250, #20280, #20310, #20340, #20370, #20400, #20430, #20460, #20490, #20520, #20550, #20580, #20610, #20640, #20670, #20700, #20730, #20760, #20790, #20820, #20850, #20880, #20910, #20940, #20970, #21000, #21030, #21060, #21090, #21120, #21150, #21180, #21210, #21240, #21270, #21300, #21330, #21360, #21390, #21420, #21450, #21480, #21510, #21540, #21570, #21600, #21630, #21660, #21690, #21720, #21750, #21780, #21810, #21840, #21870, #21900, #21930, #21960, #21990, #22020, #22050, #22080, #22110, #22140, #22170, #22200, #22230, #22260, #22290, #22320, #22350, #22380, #22410, #22440, #22470, #22500, #22530, #22560, #22590, #22620, #22650, #22680, #22710, #22740, #22770, #22800, #22830, #22860, #22890, #22920, #22950, #22980, #23010, #23040, #23070, #23100, #23130, #23160, #23190, #23220, #23250, #23280, #23310, #23340, #23370, #23400, #23430, #23460, #23490, #23520, #23550, #23580, #23610, #23640, #23670, #23700, #23730, #23760, #23790, #23820, #23850, #23880, #23910, #23940, #23970, #24000, #24030, #24060, #24090, #24120, #24150, #24180, #24210, #24240, #24270, #24300, #24330, #24360, #24390, #24420, #24450, #24480, #24510, #24540, #24570, #24600, #24630, #24660, #24690, #24720, #24750, #24780, #24810, #24840, #24870, #24900, #24930, #24960, #24990, #25020, #25050, #25080, #25110, #25140, #25170, #25200));
#91500 = (
   LENGTH_UNIT ()
   NAMED_UNIT (*)
   SI_UNIT (.MILLI., .METRE.)
);
#91510 = (
   NAMED_UNIT (*)
   SI_UNIT ($, .STERADIAN.)
   SOLID_ANGLE_UNIT ()
);
#91520 = (
   NAMED_UNIT (*)
   SI_UNIT ($, .RADIAN.)
   PLANE_ANGLE_UNIT ()
);
#91530 = UNCERTAINTY_MEASURE_WITH_UNIT (LENGTH_MEASURE(1.E-5), #91500, 'DISTANCE_ACCURACY_VALUE', '');
#91540 = (
   GEOMETRIC_REPRESENTATION_CONTEXT (3)
   GLOBAL_UNCERTAINTY_ASSIGNED_CONTEXT ((#91530))
   GLOBAL_UNIT_ASSIGNED_CONTEXT ((#91500, #91510, #91520))
   REPRESENTATION_CONTEXT ('', '3D')
);
#91550 = GEOMETRICALLY_BOUNDED_WIREFRAME_SHAPE_REPRESENTATION ('', (#91490), #91540);
#91560 = APPLICATION_CONTEXT ('configuration controlled 3D designs of mechanical parts and assemblies');
#91570 = APPLICATION_PROTOCOL_DEFINITION ('International Standard', 'config_control_design', 1997, #91560);
#91580 = MECHANICAL_CONTEXT ('', #91560, 'mechanical');
#91590 = PRODUCT ('product-name', '', '', (#91580));
#91600 = PERSON_AND_ORGANIZATION_ROLE ('design_owner');
#91610 = PERSON ('', '', $, $, $, $);
#91620 = ORGANIZATION ($, '', '');
#91630 = PERSON_AND_ORGANIZATION (#91610, #91620);
#91640 = CC_DESIGN_PERSON_AND_ORGANIZATION_ASSIGNMENT (#91630, #91600, (#91590));
#91650 = PRODUCT_RELATED_PRODUCT_CATEGORY ('detail', $, (#91590));
#91660 = PRODUCT_DEFINITION_FORMATION_WITH_SPECIFIED_SOURCE ('', '', #91590, .NOT_KNOWN.);
#91670 = APPROVAL_STATUS ('approved');
#91680 = APPROVAL (#91670, '');
#91690 = CALENDAR_DATE (2020, 8, 9);
#91700 = COORDINATED_UNIVERSAL_TIME_OFFSET (0, $, .AHEAD.);
#91710 = LOCAL_TIME (3, 30, 58., #91700);
#91720 = DATE_AND_TIME (#91690, #91710);
#91730 = APPROVAL_DATE_TIME (#91720, #91680);
#91740 = APPROVAL_ROLE ('');
#91750 = PERSON ('', '', $, $, $, $);
#91760 = ORGANIZATION ($, '', '');
#91770 = PERSON_AND_ORGANIZATION (#91750, #91760);
#91780 = APPROVAL_PERSON_ORGANIZATION (#91770, #91680, #91740);
#91790 = CC_DESIGN_APPROVAL (#91680, (#91660));
#91800 = PERSON_AND_ORGANIZATION_ROLE ('creator');
#91810 = PERSON ('', '', $, $, $, $);
#91820 = ORGANIZATION ($, '', '');
#91830 = PERSON_AND_ORGANIZATION (#91810, #91820);
#91840 = CC_DESIGN_PERSON_AND_ORGANIZATION_ASSIGNMENT (#91830, #91800, (#91660));
#91850 = PERSON_AND_ORGANIZATION_ROLE ('part_supplier');
#91860 = PERSON ('', '', $, $, $, $);
#91870 = ORGANIZATION ($, '', '');
#91880 = PERSON_AND_ORGANIZATION (#91860, #91870);
#91890 = CC_DESIGN_PERSON_AND_ORGANIZATION_ASSIGNMENT (#91880, #91850, (#91660));
#91900 = SECURITY_CLASSIFICATION_LEVEL ('unclassified');
#91910 = SECURITY_CLASSIFICATION ('', '', #91900);
#91920 = APPROVAL_STATUS ('approved');
#91930 = APPROVAL (#91920, '');
#91940 = CALENDAR_DATE (2020, 8, 9);
#91950 = COORDINATED_UNIVERSAL_TIME_OFFSET (0, $, .AHEAD.);
#91960 = LOCAL_TIME (3, 30, 58., #91950);
#91970 = DATE_AND_TIME (#91940, #91960);
#91980 = APPROVAL_DATE_TIME (#91970, #91930);
#91990 = APPROVAL_ROLE ('');
#92000 = PERSON ('', '', $, $, $, $);
#92010 = ORGANIZATION ($, '', '');
#92020 = PERSON_AND_ORGANIZATION (#92000, #92010);
#92030 = APPROVAL_PERSON_ORGANIZATION (#92020, #91930, #91990);
#92040 = CC_DESIGN_APPROVAL (#91930, (#91910));
#92050 = DATE_TIME_ROLE ('classification_date');
#92060 = CALENDAR_DATE (2020, 8, 9);
#92070 = COORDINATED_UNIVERSAL_TIME_OFFSET (0, $, .AHEAD.);
#92080 = LOCAL_TIME (3, 30, 58., #92070);
#92090 = DATE_AND_TIME (#92060, #92080);
#92100 = CC_DESIGN_DATE_AND_TIME_ASSIGNMENT (#92090, #92050, (#91910));
#92110 = PERSON_AND_ORGANIZATION_ROLE ('classification_officer');
#92120 = PERSON ('', '', $, $, $, $);
#92130 = ORGANIZATION ($, '', '');
#92140 = PERSON_AND_ORGANIZATION (#92120, #92130);
#92150 = CC_DESIGN_PERSON_AND_ORGANIZATION_ASSIGNMENT (#92140, #92110, (#91910));
#92160 = CC_DESIGN_SECURITY_CLASSIFICATION (#91910, (#91660));
#92170 = DESIGN_CONTEXT ('', #91560, 'design');
#92180 = PRODUCT_DEFINITION ('', '', #91660, #92170);
#92190 = APPROVAL_STATUS ('approved');
#92200 = APPROVAL (#92190, '');
#92210 = CALENDAR_DATE (2020, 8, 9);
#92220 = COORDINATED_UNIVERSAL_TIME_OFFSET (0, $, .AHEAD.);
#92230 = LOCAL_TIME (3, 30, 58., #92220);
#92240 = DATE_AND_TIME (#92210, #92230);
#92250 = APPROVAL_DATE_TIME (#92240, #92200);
#92260 = APPROVAL_ROLE ('');
#92270 = PERSON ('', '', $, $, $, $);
#92280 = ORGANIZATION ($, '', '');
#92290 = PERSON_AND_ORGANIZATION (#92270, #92280);
#92300 = APPROVAL_PERSON_ORGANIZATION (#92290, #92200, #92260);
#92310 = CC_DESIGN_APPROVAL (#92200, (#92180));
#92320 = DATE_TIME_ROLE ('creation_date');
#92330 = CALENDAR_DATE (2020, 8, 9);
#92340 = COORDINATED_UNIVERSAL_TIME_OFFSET (0, $, .AHEAD.);
#92350 = LOCAL_TIME (3, 30, 58., #92340);
#92360 = DATE_AND_TIME (#92330, #92350);
#92370 = CC_DESIGN_DATE_AND_TIME_ASSIGNMENT (#92360, #92320, (#92180));
#92380 = PERSON_AND_ORGANIZATION_ROLE ('creator');
#92390 = PERSON ('', '', $, $, $, $);
#92400 = ORGANIZATION ($, '', '');
#92410 = PERSON_AND_ORGANIZATION (#92390, #92400);
#92420 = CC_DESIGN_PERSON_AND_ORGANIZATION_ASSIGNMENT (#92410, #92380, (#92180));
#92430 = PRODUCT_DEFINITION_SHAPE ('', '', #92180);
#92440 = SHAPE_DEFINITION_REPRESENTATION (#92430, #91550);
ENDSEC;
END-ISO-10303-21;
