ISO-10303-21;
HEADER;
FILE_DESCRIPTION ((), '1');
FILE_NAME ('D:\MIRmaterial\MIRoptical\MIRLO\MIR_LO_2019\MIRLO_20200909.stp', '2020-09-09T22:39:20', ('Unknown'), ('Unknown'), 'HarmonyWare STEP v1.1.9', 'HarmonyWare Translators', '');
FILE_SCHEMA (('CONFIG_CONTROL_DESIGN'));
ENDSEC;

DATA;
#10 = CARTESIAN_POINT ('', (0., 0., -150.));
#20 = CARTESIAN_POINT ('', (0., 0., 0.));
#30 = B_SPLINE_CURVE_WITH_KNOTS ('', 1, (#10, #20), .UNSPECIFIED., .F., .U., (2, 2), (0., 1.), .UNSPECIFIED.);
#40 = CARTESIAN_POINT ('', (0., 0., -3.79766891029221E-20));
#50 = CARTESIAN_POINT ('', (0., 0., 40.));
#60 = B_SPLINE_CURVE_WITH_KNOTS ('', 1, (#40, #50), .UNSPECIFIED., .F., .U., (2, 2), (0., 1.), .UNSPECIFIED.);
#70 = CARTESIAN_POINT ('', (0., 0., 40.));
#80 = CARTESIAN_POINT ('', (0., 0., 648.373));
#90 = B_SPLINE_CURVE_WITH_KNOTS ('', 1, (#70, #80), .UNSPECIFIED., .F., .U., (2, 2), (0., 1.), .UNSPECIFIED.);
#100 = CARTESIAN_POINT ('', (0., 0., 648.373));
#110 = CARTESIAN_POINT ('', (-100., 0., 648.373));
#120 = B_SPLINE_CURVE_WITH_KNOTS ('', 1, (#100, #110), .UNSPECIFIED., .F., .U., (2, 2), (0., 1.), .UNSPECIFIED.);
#130 = CARTESIAN_POINT ('', (-100., 0., 648.373));
#140 = CARTESIAN_POINT ('', (-220., 0., 648.373));
#150 = B_SPLINE_CURVE_WITH_KNOTS ('', 1, (#130, #140), .UNSPECIFIED., .F., .U., (2, 2), (0., 1.), .UNSPECIFIED.);
#160 = CARTESIAN_POINT ('', (-220., 0., 648.373));
#170 = CARTESIAN_POINT ('', (-675., 0., 648.373));
#180 = B_SPLINE_CURVE_WITH_KNOTS ('', 1, (#160, #170), .UNSPECIFIED., .F., .U., (2, 2), (0., 1.), .UNSPECIFIED.);
#190 = CARTESIAN_POINT ('', (0., 0., -150.));
#200 = CARTESIAN_POINT ('', (0., 7.50094861714613, -0.168668721560323));
#210 = B_SPLINE_CURVE_WITH_KNOTS ('', 1, (#190, #200), .UNSPECIFIED., .F., .U., (2, 2), (0., 1.), .UNSPECIFIED.);
#220 = CARTESIAN_POINT ('', (0., 7.50094861714613, -0.168668721560325));
#230 = CARTESIAN_POINT ('', (0., 9.44713268447644, 40.2677471175313));
#240 = B_SPLINE_CURVE_WITH_KNOTS ('', 1, (#220, #230), .UNSPECIFIED., .F., .U., (2, 2), (0., 1.), .UNSPECIFIED.);
#250 = CARTESIAN_POINT ('', (0., 9.44713268447644, 40.2677471175313));
#260 = CARTESIAN_POINT ('', (0., 79.0508851089184, 648.373));
#270 = B_SPLINE_CURVE_WITH_KNOTS ('', 1, (#250, #260), .UNSPECIFIED., .F., .U., (2, 2), (0., 1.), .UNSPECIFIED.);
#280 = CARTESIAN_POINT ('', (0., 79.0508851089184, 648.373));
#290 = CARTESIAN_POINT ('', (-104.17301079618, 90.9745322380896, 648.373));
#300 = B_SPLINE_CURVE_WITH_KNOTS ('', 1, (#280, #290), .UNSPECIFIED., .F., .U., (2, 2), (0., 1.), .UNSPECIFIED.);
#310 = CARTESIAN_POINT ('', (-104.17301079618, 90.9745322380896, 648.373));
#320 = CARTESIAN_POINT ('', (-215.497839461895, 94.7842372269739, 648.373));
#330 = B_SPLINE_CURVE_WITH_KNOTS ('', 1, (#310, #320), .UNSPECIFIED., .F., .U., (2, 2), (0., 1.), .UNSPECIFIED.);
#340 = CARTESIAN_POINT ('', (-215.497839461895, 94.7842372269739, 648.373));
#350 = CARTESIAN_POINT ('', (-675., 93.0628044059258, 648.373));
#360 = B_SPLINE_CURVE_WITH_KNOTS ('', 1, (#340, #350), .UNSPECIFIED., .F., .U., (2, 2), (0., 1.), .UNSPECIFIED.);
#370 = CARTESIAN_POINT ('', (0., 0., -150.));
#380 = CARTESIAN_POINT ('', (0., -7.50094861714613, -0.168668721560323));
#390 = B_SPLINE_CURVE_WITH_KNOTS ('', 1, (#370, #380), .UNSPECIFIED., .F., .U., (2, 2), (0., 1.), .UNSPECIFIED.);
#400 = CARTESIAN_POINT ('', (0., -7.50094861714613, -0.168668721560325));
#410 = CARTESIAN_POINT ('', (0., -9.44713268447644, 40.2677471175313));
#420 = B_SPLINE_CURVE_WITH_KNOTS ('', 1, (#400, #410), .UNSPECIFIED., .F., .U., (2, 2), (0., 1.), .UNSPECIFIED.);
#430 = CARTESIAN_POINT ('', (0., -9.44713268447644, 40.2677471175313));
#440 = CARTESIAN_POINT ('', (0., -79.0508851089184, 648.373));
#450 = B_SPLINE_CURVE_WITH_KNOTS ('', 1, (#430, #440), .UNSPECIFIED., .F., .U., (2, 2), (0., 1.), .UNSPECIFIED.);
#460 = CARTESIAN_POINT ('', (0., -79.0508851089184, 648.373));
#470 = CARTESIAN_POINT ('', (-104.17301079618, -90.9745322380896, 648.373));
#480 = B_SPLINE_CURVE_WITH_KNOTS ('', 1, (#460, #470), .UNSPECIFIED., .F., .U., (2, 2), (0., 1.), .UNSPECIFIED.);
#490 = CARTESIAN_POINT ('', (-104.17301079618, -90.9745322380896, 648.373));
#500 = CARTESIAN_POINT ('', (-215.497839461895, -94.7842372269739, 648.373));
#510 = B_SPLINE_CURVE_WITH_KNOTS ('', 1, (#490, #500), .UNSPECIFIED., .F., .U., (2, 2), (0., 1.), .UNSPECIFIED.);
#520 = CARTESIAN_POINT ('', (-215.497839461895, -94.7842372269739, 648.373));
#530 = CARTESIAN_POINT ('', (-675., -93.0628044059258, 648.373));
#540 = B_SPLINE_CURVE_WITH_KNOTS ('', 1, (#520, #530), .UNSPECIFIED., .F., .U., (2, 2), (0., 1.), .UNSPECIFIED.);
#550 = CARTESIAN_POINT ('', (0., 0., -150.));
#560 = CARTESIAN_POINT ('', (7.51221797894428, 0., 0.0564366040534594));
#570 = B_SPLINE_CURVE_WITH_KNOTS ('', 1, (#550, #560), .UNSPECIFIED., .F., .U., (2, 2), (0., 1.), .UNSPECIFIED.);
#580 = CARTESIAN_POINT ('', (7.51221797894428, 0., 0.0564366040534508));
#590 = CARTESIAN_POINT ('', (8.51015768185862, 0., 39.9275719704104));
#600 = B_SPLINE_CURVE_WITH_KNOTS ('', 1, (#580, #590), .UNSPECIFIED., .F., .U., (2, 2), (0., 1.), .UNSPECIFIED.);
#610 = CARTESIAN_POINT ('', (8.51015768185862, 0., 39.9275719704104));
#620 = CARTESIAN_POINT ('', (25.9967044232041, 0., 622.376295576796));
#630 = B_SPLINE_CURVE_WITH_KNOTS ('', 1, (#610, #620), .UNSPECIFIED., .F., .U., (2, 2), (0., 1.), .UNSPECIFIED.);
#640 = CARTESIAN_POINT ('', (25.9967044232041, 0., 622.376295576796));
#650 = CARTESIAN_POINT ('', (-101.135376569364, 0., 618.55947705441));
#660 = B_SPLINE_CURVE_WITH_KNOTS ('', 1, (#640, #650), .UNSPECIFIED., .F., .U., (2, 2), (0., 1.), .UNSPECIFIED.);
#670 = CARTESIAN_POINT ('', (-101.135376569364, 0., 618.55947705441));
#680 = CARTESIAN_POINT ('', (-218.959814065076, 0., 619.834888881683));
#690 = B_SPLINE_CURVE_WITH_KNOTS ('', 1, (#670, #680), .UNSPECIFIED., .F., .U., (2, 2), (0., 1.), .UNSPECIFIED.);
#700 = CARTESIAN_POINT ('', (-218.959814065076, 0., 619.834888881683));
#710 = CARTESIAN_POINT ('', (-675., 0., 648.723573409522));
#720 = B_SPLINE_CURVE_WITH_KNOTS ('', 1, (#700, #710), .UNSPECIFIED., .F., .U., (2, 2), (0., 1.), .UNSPECIFIED.);
#730 = CARTESIAN_POINT ('', (0., 0., -150.));
#740 = CARTESIAN_POINT ('', (-7.51221797894428, 0., 0.0564366040534594));
#750 = B_SPLINE_CURVE_WITH_KNOTS ('', 1, (#730, #740), .UNSPECIFIED., .F., .U., (2, 2), (0., 1.), .UNSPECIFIED.);
#760 = CARTESIAN_POINT ('', (-7.51221797894428, 0., 0.0564366040534508));
#770 = CARTESIAN_POINT ('', (-8.51015768185862, 0., 39.9275719704104));
#780 = B_SPLINE_CURVE_WITH_KNOTS ('', 1, (#760, #770), .UNSPECIFIED., .F., .U., (2, 2), (0., 1.), .UNSPECIFIED.);
#790 = CARTESIAN_POINT ('', (-8.51015768185862, 0., 39.9275719704104));
#800 = CARTESIAN_POINT ('', (-27.6059894537165, 0., 675.978989453717));
#810 = B_SPLINE_CURVE_WITH_KNOTS ('', 1, (#790, #800), .UNSPECIFIED., .F., .U., (2, 2), (0., 1.), .UNSPECIFIED.);
#820 = CARTESIAN_POINT ('', (-27.6059894537165, 0., 675.978989453717));
#830 = CARTESIAN_POINT ('', (-101.135376569364, 0., 678.18652294559));
#840 = B_SPLINE_CURVE_WITH_KNOTS ('', 1, (#820, #830), .UNSPECIFIED., .F., .U., (2, 2), (0., 1.), .UNSPECIFIED.);
#850 = CARTESIAN_POINT ('', (-101.135376569364, 0., 678.18652294559));
#860 = CARTESIAN_POINT ('', (-218.959814065076, 0., 676.911111118317));
#870 = B_SPLINE_CURVE_WITH_KNOTS ('', 1, (#850, #860), .UNSPECIFIED., .F., .U., (2, 2), (0., 1.), .UNSPECIFIED.);
#880 = CARTESIAN_POINT ('', (-218.959814065076, 0., 676.911111118317));
#890 = CARTESIAN_POINT ('', (-675., 0., 648.022426590478));
#900 = B_SPLINE_CURVE_WITH_KNOTS ('', 1, (#880, #890), .UNSPECIFIED., .F., .U., (2, 2), (0., 1.), .UNSPECIFIED.);
#910 = CARTESIAN_POINT ('', (0., -2.61825973923264, -150.));
#920 = CARTESIAN_POINT ('', (0., 0., 0.));
#930 = B_SPLINE_CURVE_WITH_KNOTS ('', 1, (#910, #920), .UNSPECIFIED., .F., .U., (2, 2), (0., 1.), .UNSPECIFIED.);
#940 = CARTESIAN_POINT ('', (0., -6.47424398415407E-22, -3.70909189440362E-20));
#950 = CARTESIAN_POINT ('', (0., 0.430038748742424, 40.0005536948858));
#960 = B_SPLINE_CURVE_WITH_KNOTS ('', 1, (#940, #950), .UNSPECIFIED., .F., .U., (2, 2), (0., 1.), .UNSPECIFIED.);
#970 = CARTESIAN_POINT ('', (0., 0.430038748742424, 40.0005536948858));
#980 = CARTESIAN_POINT ('', (0., 12.0265557306807, 648.373));
#990 = B_SPLINE_CURVE_WITH_KNOTS ('', 1, (#970, #980), .UNSPECIFIED., .F., .U., (2, 2), (0., 1.), .UNSPECIFIED.);
#1000 = CARTESIAN_POINT ('', (0., 12.0265557306807, 648.373));
#1010 = CARTESIAN_POINT ('', (-100.097104852531, 13.9345609063179, 648.373));
#1020 = B_SPLINE_CURVE_WITH_KNOTS ('', 1, (#1000, #1010), .UNSPECIFIED., .F., .U., (2, 2), (0., 1.), .UNSPECIFIED.);
#1030 = CARTESIAN_POINT ('', (-100.097104852531, 13.9345609063179, 648.373));
#1040 = CARTESIAN_POINT ('', (-219.891957643367, 14.6994231218591, 648.373));
#1050 = B_SPLINE_CURVE_WITH_KNOTS ('', 1, (#1030, #1040), .UNSPECIFIED., .F., .U., (2, 2), (0., 1.), .UNSPECIFIED.);
#1060 = CARTESIAN_POINT ('', (-219.891957643367, 14.6994231218591, 648.373));
#1070 = CARTESIAN_POINT ('', (-675., 15.2456767997147, 648.373));
#1080 = B_SPLINE_CURVE_WITH_KNOTS ('', 1, (#1060, #1070), .UNSPECIFIED., .F., .U., (2, 2), (0., 1.), .UNSPECIFIED.);
#1090 = CARTESIAN_POINT ('', (0., -2.61825973923264, -150.));
#1100 = CARTESIAN_POINT ('', (0., 7.50569306605392, -0.168882429909104));
#1110 = B_SPLINE_CURVE_WITH_KNOTS ('', 1, (#1090, #1100), .UNSPECIFIED., .F., .U., (2, 2), (0., 1.), .UNSPECIFIED.);
#1120 = CARTESIAN_POINT ('', (0., 7.50569306605392, -0.168882429909101));
#1130 = CARTESIAN_POINT ('', (0., 9.88960248615575, 40.293471710919));
#1140 = B_SPLINE_CURVE_WITH_KNOTS ('', 1, (#1120, #1130), .UNSPECIFIED., .F., .U., (2, 2), (0., 1.), .UNSPECIFIED.);
#1150 = CARTESIAN_POINT ('', (0., 9.88960248615575, 40.293471710919));
#1160 = CARTESIAN_POINT ('', (0., 91.4432210707432, 648.373));
#1170 = B_SPLINE_CURVE_WITH_KNOTS ('', 1, (#1150, #1160), .UNSPECIFIED., .F., .U., (2, 2), (0., 1.), .UNSPECIFIED.);
#1180 = CARTESIAN_POINT ('', (0., 91.4432210707432, 648.373));
#1190 = CARTESIAN_POINT ('', (-105.640512316696, 105.611377780108, 648.373));
#1200 = B_SPLINE_CURVE_WITH_KNOTS ('', 1, (#1180, #1190), .UNSPECIFIED., .F., .U., (2, 2), (0., 1.), .UNSPECIFIED.);
#1210 = CARTESIAN_POINT ('', (-105.640512316696, 105.611377780108, 648.373));
#1220 = CARTESIAN_POINT ('', (-213.938910037761, 109.93381241887, 648.373));
#1230 = B_SPLINE_CURVE_WITH_KNOTS ('', 1, (#1210, #1220), .UNSPECIFIED., .F., .U., (2, 2), (0., 1.), .UNSPECIFIED.);
#1240 = CARTESIAN_POINT ('', (-213.938910037761, 109.93381241887, 648.373));
#1250 = CARTESIAN_POINT ('', (-675., 108.057183182405, 648.373));
#1260 = B_SPLINE_CURVE_WITH_KNOTS ('', 1, (#1240, #1250), .UNSPECIFIED., .F., .U., (2, 2), (0., 1.), .UNSPECIFIED.);
#1270 = CARTESIAN_POINT ('', (0., -2.61825973923264, -150.));
#1280 = CARTESIAN_POINT ('', (0., -7.49848999705324, -0.168558029218389));
#1290 = B_SPLINE_CURVE_WITH_KNOTS ('', 1, (#1270, #1280), .UNSPECIFIED., .F., .U., (2, 2), (0., 1.), .UNSPECIFIED.);
#1300 = CARTESIAN_POINT ('', (0., -7.49848999705324, -0.168558029218391));
#1310 = CARTESIAN_POINT ('', (0., -9.00782520177116, 40.243380238674));
#1320 = B_SPLINE_CURVE_WITH_KNOTS ('', 1, (#1300, #1310), .UNSPECIFIED., .F., .U., (2, 2), (0., 1.), .UNSPECIFIED.);
#1330 = CARTESIAN_POINT ('', (0., -9.00782520177116, 40.243380238674));
#1340 = CARTESIAN_POINT ('', (0., -66.7491932149378, 648.373));
#1350 = B_SPLINE_CURVE_WITH_KNOTS ('', 1, (#1330, #1340), .UNSPECIFIED., .F., .U., (2, 2), (0., 1.), .UNSPECIFIED.);
#1360 = CARTESIAN_POINT ('', (0., -66.7491932149378, 648.373));
#1370 = CARTESIAN_POINT ('', (-102.945292216018, -76.5237574030809, 648.373));
#1380 = B_SPLINE_CURVE_WITH_KNOTS ('', 1, (#1360, #1370), .UNSPECIFIED., .F., .U., (2, 2), (0., 1.), .UNSPECIFIED.);
#1390 = CARTESIAN_POINT ('', (-102.945292216018, -76.5237574030809, 648.373));
#1400 = CARTESIAN_POINT ('', (-216.815054557836, -79.748021962039, 648.373));
#1410 = B_SPLINE_CURVE_WITH_KNOTS ('', 1, (#1390, #1400), .UNSPECIFIED., .F., .U., (2, 2), (0., 1.), .UNSPECIFIED.);
#1420 = CARTESIAN_POINT ('', (-216.815054557836, -79.748021962039, 648.373));
#1430 = CARTESIAN_POINT ('', (-675., -77.9720202529394, 648.373));
#1440 = B_SPLINE_CURVE_WITH_KNOTS ('', 1, (#1420, #1430), .UNSPECIFIED., .F., .U., (2, 2), (0., 1.), .UNSPECIFIED.);
#1450 = CARTESIAN_POINT ('', (0., -2.61825973923264, -150.));
#1460 = CARTESIAN_POINT ('', (7.5122179787987, 0.000985104537321924, 0.0564366011454638));
#1470 = B_SPLINE_CURVE_WITH_KNOTS ('', 1, (#1450, #1460), .UNSPECIFIED., .F., .U., (2, 2), (0., 1.), .UNSPECIFIED.);
#1480 = CARTESIAN_POINT ('', (7.5122179787987, 0.000985104537321808, 0.0564366011454534));
#1490 = CARTESIAN_POINT ('', (8.51002085652294, 0.429326937414943, 39.928126242904));
#1500 = B_SPLINE_CURVE_WITH_KNOTS ('', 1, (#1480, #1490), .UNSPECIFIED., .F., .U., (2, 2), (0., 1.), .UNSPECIFIED.);
#1510 = CARTESIAN_POINT ('', (8.51002085652294, 0.429326937414943, 39.928126242904));
#1520 = CARTESIAN_POINT ('', (25.9940962165716, 11.5246605795085, 622.378903783428));
#1530 = B_SPLINE_CURVE_WITH_KNOTS ('', 1, (#1510, #1520), .UNSPECIFIED., .F., .U., (2, 2), (0., 1.), .UNSPECIFIED.);
#1540 = CARTESIAN_POINT ('', (25.9940962165716, 11.5246605795085, 622.378903783428));
#1550 = CARTESIAN_POINT ('', (-101.232931423757, 13.9482582025078, 618.559788031722));
#1560 = B_SPLINE_CURVE_WITH_KNOTS ('', 1, (#1540, #1550), .UNSPECIFIED., .F., .U., (2, 2), (0., 1.), .UNSPECIFIED.);
#1570 = CARTESIAN_POINT ('', (-101.232931423757, 13.9482582025078, 618.559788031722));
#1580 = CARTESIAN_POINT ('', (-218.85158361576, 14.6949574645735, 619.835349466852));
#1590 = B_SPLINE_CURVE_WITH_KNOTS ('', 1, (#1570, #1580), .UNSPECIFIED., .F., .U., (2, 2), (0., 1.), .UNSPECIFIED.);
#1600 = CARTESIAN_POINT ('', (-218.85158361576, 14.6949574645735, 619.835349466852));
#1610 = CARTESIAN_POINT ('', (-675., 15.1936308543215, 648.750263065514));
#1620 = B_SPLINE_CURVE_WITH_KNOTS ('', 1, (#1600, #1610), .UNSPECIFIED., .F., .U., (2, 2), (0., 1.), .UNSPECIFIED.);
#1630 = CARTESIAN_POINT ('', (0., -2.61825973923264, -150.));
#1640 = CARTESIAN_POINT ('', (-7.5122179787987, 0.000985104537321924, 0.0564366011454638));
#1650 = B_SPLINE_CURVE_WITH_KNOTS ('', 1, (#1630, #1640), .UNSPECIFIED., .F., .U., (2, 2), (0., 1.), .UNSPECIFIED.);
#1660 = CARTESIAN_POINT ('', (-7.5122179787987, 0.000985104537321808, 0.0564366011454534));
#1670 = CARTESIAN_POINT ('', (-8.51002085652294, 0.429326937414943, 39.928126242904));
#1680 = B_SPLINE_CURVE_WITH_KNOTS ('', 1, (#1660, #1670), .UNSPECIFIED., .F., .U., (2, 2), (0., 1.), .UNSPECIFIED.);
#1690 = CARTESIAN_POINT ('', (-8.51002085652294, 0.429326937414943, 39.928126242904));
#1700 = CARTESIAN_POINT ('', (-27.6029794849583, 12.5456523269316, 675.975979484958));
#1710 = B_SPLINE_CURVE_WITH_KNOTS ('', 1, (#1690, #1700), .UNSPECIFIED., .F., .U., (2, 2), (0., 1.), .UNSPECIFIED.);
#1720 = CARTESIAN_POINT ('', (-27.6029794849583, 12.5456523269316, 675.975979484958));
#1730 = CARTESIAN_POINT ('', (-101.232931423757, 13.9482582025078, 678.186211968278));
#1740 = B_SPLINE_CURVE_WITH_KNOTS ('', 1, (#1720, #1730), .UNSPECIFIED., .F., .U., (2, 2), (0., 1.), .UNSPECIFIED.);
#1750 = CARTESIAN_POINT ('', (-101.232931423757, 13.9482582025078, 678.186211968278));
#1760 = CARTESIAN_POINT ('', (-218.85158361576, 14.6949574645735, 676.910650533148));
#1770 = B_SPLINE_CURVE_WITH_KNOTS ('', 1, (#1750, #1760), .UNSPECIFIED., .F., .U., (2, 2), (0., 1.), .UNSPECIFIED.);
#1780 = CARTESIAN_POINT ('', (-218.85158361576, 14.6949574645735, 676.910650533148));
#1790 = CARTESIAN_POINT ('', (-675., 15.1936308543215, 647.995736934486));
#1800 = B_SPLINE_CURVE_WITH_KNOTS ('', 1, (#1780, #1790), .UNSPECIFIED., .F., .U., (2, 2), (0., 1.), .UNSPECIFIED.);
#1810 = CARTESIAN_POINT ('', (0., 2.61825973923264, -150.));
#1820 = CARTESIAN_POINT ('', (0., 0., 0.));
#1830 = B_SPLINE_CURVE_WITH_KNOTS ('', 1, (#1810, #1820), .UNSPECIFIED., .F., .U., (2, 2), (0., 1.), .UNSPECIFIED.);
#1840 = CARTESIAN_POINT ('', (0., 6.47424398415407E-22, -3.70909189440362E-20));
#1850 = CARTESIAN_POINT ('', (0., -0.430038748742424, 40.0005536948858));
#1860 = B_SPLINE_CURVE_WITH_KNOTS ('', 1, (#1840, #1850), .UNSPECIFIED., .F., .U., (2, 2), (0., 1.), .UNSPECIFIED.);
#1870 = CARTESIAN_POINT ('', (0., -0.430038748742424, 40.0005536948858));
#1880 = CARTESIAN_POINT ('', (0., -12.0265557306807, 648.373));
#1890 = B_SPLINE_CURVE_WITH_KNOTS ('', 1, (#1870, #1880), .UNSPECIFIED., .F., .U., (2, 2), (0., 1.), .UNSPECIFIED.);
#1900 = CARTESIAN_POINT ('', (0., -12.0265557306807, 648.373));
#1910 = CARTESIAN_POINT ('', (-100.097104852531, -13.9345609063179, 648.373));
#1920 = B_SPLINE_CURVE_WITH_KNOTS ('', 1, (#1900, #1910), .UNSPECIFIED., .F., .U., (2, 2), (0., 1.), .UNSPECIFIED.);
#1930 = CARTESIAN_POINT ('', (-100.097104852531, -13.9345609063179, 648.373));
#1940 = CARTESIAN_POINT ('', (-219.891957643367, -14.6994231218591, 648.373));
#1950 = B_SPLINE_CURVE_WITH_KNOTS ('', 1, (#1930, #1940), .UNSPECIFIED., .F., .U., (2, 2), (0., 1.), .UNSPECIFIED.);
#1960 = CARTESIAN_POINT ('', (-219.891957643367, -14.6994231218591, 648.373));
#1970 = CARTESIAN_POINT ('', (-675., -15.2456767997147, 648.373));
#1980 = B_SPLINE_CURVE_WITH_KNOTS ('', 1, (#1960, #1970), .UNSPECIFIED., .F., .U., (2, 2), (0., 1.), .UNSPECIFIED.);
#1990 = CARTESIAN_POINT ('', (0., 2.61825973923264, -150.));
#2000 = CARTESIAN_POINT ('', (0., 7.49848999705324, -0.168558029218389));
#2010 = B_SPLINE_CURVE_WITH_KNOTS ('', 1, (#1990, #2000), .UNSPECIFIED., .F., .U., (2, 2), (0., 1.), .UNSPECIFIED.);
#2020 = CARTESIAN_POINT ('', (0., 7.49848999705324, -0.168558029218391));
#2030 = CARTESIAN_POINT ('', (0., 9.00782520177116, 40.243380238674));
#2040 = B_SPLINE_CURVE_WITH_KNOTS ('', 1, (#2020, #2030), .UNSPECIFIED., .F., .U., (2, 2), (0., 1.), .UNSPECIFIED.);
#2050 = CARTESIAN_POINT ('', (0., 9.00782520177116, 40.243380238674));
#2060 = CARTESIAN_POINT ('', (0., 66.7491932149378, 648.373));
#2070 = B_SPLINE_CURVE_WITH_KNOTS ('', 1, (#2050, #2060), .UNSPECIFIED., .F., .U., (2, 2), (0., 1.), .UNSPECIFIED.);
#2080 = CARTESIAN_POINT ('', (0., 66.7491932149378, 648.373));
#2090 = CARTESIAN_POINT ('', (-102.945292216018, 76.5237574030809, 648.373));
#2100 = B_SPLINE_CURVE_WITH_KNOTS ('', 1, (#2080, #2090), .UNSPECIFIED., .F., .U., (2, 2), (0., 1.), .UNSPECIFIED.);
#2110 = CARTESIAN_POINT ('', (-102.945292216018, 76.5237574030809, 648.373));
#2120 = CARTESIAN_POINT ('', (-216.815054557836, 79.748021962039, 648.373));
#2130 = B_SPLINE_CURVE_WITH_KNOTS ('', 1, (#2110, #2120), .UNSPECIFIED., .F., .U., (2, 2), (0., 1.), .UNSPECIFIED.);
#2140 = CARTESIAN_POINT ('', (-216.815054557836, 79.748021962039, 648.373));
#2150 = CARTESIAN_POINT ('', (-675., 77.9720202529394, 648.373));
#2160 = B_SPLINE_CURVE_WITH_KNOTS ('', 1, (#2140, #2150), .UNSPECIFIED., .F., .U., (2, 2), (0., 1.), .UNSPECIFIED.);
#2170 = CARTESIAN_POINT ('', (0., 2.61825973923264, -150.));
#2180 = CARTESIAN_POINT ('', (0., -7.50569306605392, -0.168882429909104));
#2190 = B_SPLINE_CURVE_WITH_KNOTS ('', 1, (#2170, #2180), .UNSPECIFIED., .F., .U., (2, 2), (0., 1.), .UNSPECIFIED.);
#2200 = CARTESIAN_POINT ('', (0., -7.50569306605392, -0.168882429909101));
#2210 = CARTESIAN_POINT ('', (0., -9.88960248615575, 40.293471710919));
#2220 = B_SPLINE_CURVE_WITH_KNOTS ('', 1, (#2200, #2210), .UNSPECIFIED., .F., .U., (2, 2), (0., 1.), .UNSPECIFIED.);
#2230 = CARTESIAN_POINT ('', (0., -9.88960248615575, 40.293471710919));
#2240 = CARTESIAN_POINT ('', (0., -91.4432210707432, 648.373));
#2250 = B_SPLINE_CURVE_WITH_KNOTS ('', 1, (#2230, #2240), .UNSPECIFIED., .F., .U., (2, 2), (0., 1.), .UNSPECIFIED.);
#2260 = CARTESIAN_POINT ('', (0., -91.4432210707432, 648.373));
#2270 = CARTESIAN_POINT ('', (-105.640512316696, -105.611377780108, 648.373));
#2280 = B_SPLINE_CURVE_WITH_KNOTS ('', 1, (#2260, #2270), .UNSPECIFIED., .F., .U., (2, 2), (0., 1.), .UNSPECIFIED.);
#2290 = CARTESIAN_POINT ('', (-105.640512316696, -105.611377780108, 648.373));
#2300 = CARTESIAN_POINT ('', (-213.938910037761, -109.93381241887, 648.373));
#2310 = B_SPLINE_CURVE_WITH_KNOTS ('', 1, (#2290, #2300), .UNSPECIFIED., .F., .U., (2, 2), (0., 1.), .UNSPECIFIED.);
#2320 = CARTESIAN_POINT ('', (-213.938910037761, -109.93381241887, 648.373));
#2330 = CARTESIAN_POINT ('', (-675., -108.057183182405, 648.373));
#2340 = B_SPLINE_CURVE_WITH_KNOTS ('', 1, (#2320, #2330), .UNSPECIFIED., .F., .U., (2, 2), (0., 1.), .UNSPECIFIED.);
#2350 = CARTESIAN_POINT ('', (0., 2.61825973923264, -150.));
#2360 = CARTESIAN_POINT ('', (7.5122179787987, -0.000985104537321924, 0.0564366011454638));
#2370 = B_SPLINE_CURVE_WITH_KNOTS ('', 1, (#2350, #2360), .UNSPECIFIED., .F., .U., (2, 2), (0., 1.), .UNSPECIFIED.);
#2380 = CARTESIAN_POINT ('', (7.5122179787987, -0.000985104537321808, 0.0564366011454534));
#2390 = CARTESIAN_POINT ('', (8.51002085652294, -0.429326937414943, 39.928126242904));
#2400 = B_SPLINE_CURVE_WITH_KNOTS ('', 1, (#2380, #2390), .UNSPECIFIED., .F., .U., (2, 2), (0., 1.), .UNSPECIFIED.);
#2410 = CARTESIAN_POINT ('', (8.51002085652294, -0.429326937414943, 39.928126242904));
#2420 = CARTESIAN_POINT ('', (25.9940962165716, -11.5246605795085, 622.378903783428));
#2430 = B_SPLINE_CURVE_WITH_KNOTS ('', 1, (#2410, #2420), .UNSPECIFIED., .F., .U., (2, 2), (0., 1.), .UNSPECIFIED.);
#2440 = CARTESIAN_POINT ('', (25.9940962165716, -11.5246605795085, 622.378903783428));
#2450 = CARTESIAN_POINT ('', (-101.232931423757, -13.9482582025078, 618.559788031722));
#2460 = B_SPLINE_CURVE_WITH_KNOTS ('', 1, (#2440, #2450), .UNSPECIFIED., .F., .U., (2, 2), (0., 1.), .UNSPECIFIED.);
#2470 = CARTESIAN_POINT ('', (-101.232931423757, -13.9482582025078, 618.559788031722));
#2480 = CARTESIAN_POINT ('', (-218.85158361576, -14.6949574645735, 619.835349466852));
#2490 = B_SPLINE_CURVE_WITH_KNOTS ('', 1, (#2470, #2480), .UNSPECIFIED., .F., .U., (2, 2), (0., 1.), .UNSPECIFIED.);
#2500 = CARTESIAN_POINT ('', (-218.85158361576, -14.6949574645735, 619.835349466852));
#2510 = CARTESIAN_POINT ('', (-675., -15.1936308543215, 648.750263065514));
#2520 = B_SPLINE_CURVE_WITH_KNOTS ('', 1, (#2500, #2510), .UNSPECIFIED., .F., .U., (2, 2), (0., 1.), .UNSPECIFIED.);
#2530 = CARTESIAN_POINT ('', (0., 2.61825973923264, -150.));
#2540 = CARTESIAN_POINT ('', (-7.5122179787987, -0.000985104537321924, 0.0564366011454638));
#2550 = B_SPLINE_CURVE_WITH_KNOTS ('', 1, (#2530, #2540), .UNSPECIFIED., .F., .U., (2, 2), (0., 1.), .UNSPECIFIED.);
#2560 = CARTESIAN_POINT ('', (-7.5122179787987, -0.000985104537321808, 0.0564366011454534));
#2570 = CARTESIAN_POINT ('', (-8.51002085652294, -0.429326937414943, 39.928126242904));
#2580 = B_SPLINE_CURVE_WITH_KNOTS ('', 1, (#2560, #2570), .UNSPECIFIED., .F., .U., (2, 2), (0., 1.), .UNSPECIFIED.);
#2590 = CARTESIAN_POINT ('', (-8.51002085652294, -0.429326937414943, 39.928126242904));
#2600 = CARTESIAN_POINT ('', (-27.6029794849583, -12.5456523269316, 675.975979484958));
#2610 = B_SPLINE_CURVE_WITH_KNOTS ('', 1, (#2590, #2600), .UNSPECIFIED., .F., .U., (2, 2), (0., 1.), .UNSPECIFIED.);
#2620 = CARTESIAN_POINT ('', (-27.6029794849583, -12.5456523269316, 675.975979484958));
#2630 = CARTESIAN_POINT ('', (-101.232931423757, -13.9482582025078, 678.186211968278));
#2640 = B_SPLINE_CURVE_WITH_KNOTS ('', 1, (#2620, #2630), .UNSPECIFIED., .F., .U., (2, 2), (0., 1.), .UNSPECIFIED.);
#2650 = CARTESIAN_POINT ('', (-101.232931423757, -13.9482582025078, 678.186211968278));
#2660 = CARTESIAN_POINT ('', (-218.85158361576, -14.6949574645735, 676.910650533148));
#2670 = B_SPLINE_CURVE_WITH_KNOTS ('', 1, (#2650, #2660), .UNSPECIFIED., .F., .U., (2, 2), (0., 1.), .UNSPECIFIED.);
#2680 = CARTESIAN_POINT ('', (-218.85158361576, -14.6949574645735, 676.910650533148));
#2690 = CARTESIAN_POINT ('', (-675., -15.1936308543215, 647.995736934486));
#2700 = B_SPLINE_CURVE_WITH_KNOTS ('', 1, (#2680, #2690), .UNSPECIFIED., .F., .U., (2, 2), (0., 1.), .UNSPECIFIED.);
#2710 = CARTESIAN_POINT ('', (-80., 80., 57.0315110688251));
#2720 = VERTEX_POINT ('', #2710);
#2730 = CARTESIAN_POINT ('', (80., 80., 57.0315110688252));
#2740 = VERTEX_POINT ('', #2730);
#2750 = CARTESIAN_POINT ('', (-80.0000000000002, 80., 57.0315110688251));
#2760 = CARTESIAN_POINT ('', (-40.2365882904697, 80., 63.184081789682));
#2770 = CARTESIAN_POINT ('', (2.4807633304379E-14, 80., 63.184081789682));
#2780 = CARTESIAN_POINT ('', (40.2365882904697, 80., 63.184081789682));
#2790 = CARTESIAN_POINT ('', (80., 80., 57.0315110688251));
#2800 = (
   BOUNDED_CURVE ()
   B_SPLINE_CURVE (2, (#2750, #2760, #2770, #2780, #2790), .UNSPECIFIED., .F., .U.)
   B_SPLINE_CURVE_WITH_KNOTS ((3, 2, 3), (0.447297338831519, 0.5, 0.552702661168481), .UNSPECIFIED.)
   CURVE ()
   GEOMETRIC_REPRESENTATION_ITEM ()
   RATIONAL_B_SPLINE_CURVE ((0.944763244221628, 0.969127495860658, 1., 0.969127495860658, 0.944763244221628))
   REPRESENTATION_ITEM ('')
);
#2810 = EDGE_CURVE ('', #2720, #2740, #2800, .T.);
#2820 = ORIENTED_EDGE ('', *, *, #2810, .T.);
#2830 = CARTESIAN_POINT ('', (80., 80., -17.0315110688251));
#2840 = VERTEX_POINT ('', #2830);
#2850 = CARTESIAN_POINT ('', (80., 80., -17.0315110688251));
#2860 = CARTESIAN_POINT ('', (80., 80., 57.0315110688252));
#2870 = B_SPLINE_CURVE_WITH_KNOTS ('', 1, (#2850, #2860), .UNSPECIFIED., .F., .U., (2, 2), (0., 1.), .UNSPECIFIED.);
#2880 = EDGE_CURVE ('', #2840, #2740, #2870, .T.);
#2890 = ORIENTED_EDGE ('', *, *, #2880, .F.);
#2900 = CARTESIAN_POINT ('', (-80., 80., -17.0315110688251));
#2910 = VERTEX_POINT ('', #2900);
#2920 = CARTESIAN_POINT ('', (80., 80., -17.0315110688251));
#2930 = CARTESIAN_POINT ('', (78.2314754481737, 80., -17.305153895456));
#2940 = CARTESIAN_POINT ('', (76.4655464959548, 80., -17.5691318043172));
#2950 = CARTESIAN_POINT ('', (74.6943090653626, 80., -17.8246263276407));
#2960 = CARTESIAN_POINT ('', (72.9231897361191, 80., -18.0801038152766));
#2970 = CARTESIAN_POINT ('', (71.1544878105167, 80., -18.3259827897506));
#2980 = CARTESIAN_POINT ('', (69.380842036223, 80., -18.5632865875267));
#2990 = CARTESIAN_POINT ('', (67.6073143611062, 80., -18.8005745842993));
#3000 = CARTESIAN_POINT ('', (65.8360256034451, 80., -19.0283256979941));
#3010 = CARTESIAN_POINT ('', (64.060158149515, 80., -19.2474165327853));
#3020 = CARTESIAN_POINT ('', (62.2844088001883, 80., -19.4664927968741));
#3030 = CARTESIAN_POINT ('', (60.5107196159693, 80., -19.6760890495457));
#3040 = CARTESIAN_POINT ('', (58.7328173669555, 80., -19.8769465962619));
#3050 = CARTESIAN_POINT ('', (56.9550332355263, 80., -20.0777907987077));
#3060 = CARTESIAN_POINT ('', (55.1791302747106, 80., -20.269207117864));
#3070 = CARTESIAN_POINT ('', (53.3993803159502, 80., -20.4518129663737));
#3080 = CARTESIAN_POINT ('', (51.6197484952689, 80., -20.634406693684));
#3090 = CARTESIAN_POINT ('', (49.8418186325412, 80., -20.807619935999));
#3100 = CARTESIAN_POINT ('', (48.0604082304297, 80., -20.9719575935322));
#3110 = CARTESIAN_POINT ('', (46.2791159943662, 80., -21.1362843500785));
#3120 = CARTESIAN_POINT ('', (44.4993463093787, 80., -21.2912733026171));
#3130 = CARTESIAN_POINT ('', (42.7164628916232, 80., -21.4373281959599));
#3140 = CARTESIAN_POINT ('', (40.9336976753232, 80., -21.5833734061677));
#3150 = CARTESIAN_POINT ('', (39.1522754329221, 80., -21.7201187874176));
#3160 = CARTESIAN_POINT ('', (37.3681065687763, 80., -21.8478782648994));
#3170 = CARTESIAN_POINT ('', (35.5840559488985, 80., -21.9756292752309));
#3180 = CARTESIAN_POINT ('', (33.8011685793357, 80., -22.0941137359422));
#3190 = CARTESIAN_POINT ('', (32.0159019598184, 80., -22.2035670692148));
#3200 = CARTESIAN_POINT ('', (30.2307536347559, 80., -22.3130131499448));
#3210 = CARTESIAN_POINT ('', (28.4465887138871, 80., -22.4132212737755));
#3220 = CARTESIAN_POINT ('', (26.6604121319868, 80., -22.5043596593863));
#3230 = CARTESIAN_POINT ('', (24.8743539020736, 80., -22.5954920061714));
#3240 = CARTESIAN_POINT ('', (23.0890991315454, 80., -22.6774103101373));
#3250 = CARTESIAN_POINT ('', (21.3022004624121, 80., -22.7502268708947));
#3260 = CARTESIAN_POINT ('', (19.5154202101184, 80., -22.8230386061367));
#3270 = CARTESIAN_POINT ('', (17.7292633975458, 80., -22.8866555408656));
#3280 = CARTESIAN_POINT ('', (15.9418305786732, 80., -22.941145326999));
#3290 = CARTESIAN_POINT ('', (14.1545162487897, 80., -22.9956315010025));
#3300 = CARTESIAN_POINT ('', (12.3676452879269, 80., -23.0409374507904));
#3310 = CARTESIAN_POINT ('', (10.579866299327, 80., -23.0770974409041));
#3320 = CARTESIAN_POINT ('', (8.79220587914155, 80., -23.1132550328283));
#3330 = CARTESIAN_POINT ('', (7.00480873004742, 80., -23.1402423154975));
#3340 = CARTESIAN_POINT ('', (5.21687157441819, 80., -23.1580714173191));
#3350 = CARTESIAN_POINT ('', (4.02458864079439, 80., -23.1699607243658));
#3360 = CARTESIAN_POINT ('', (2.83235632606769, 80., -23.1777736828126));
#3370 = CARTESIAN_POINT ('', (1.64001997268232, 80., -23.1815113061641));
#3380 = CARTESIAN_POINT ('', (1.10990164555414, 80., -23.1831730710116));
#3390 = CARTESIAN_POINT ('', (0.579785761474277, 80., -23.1840291090561));
#3400 = CARTESIAN_POINT ('', (0.0496648321693215, 80., -23.1840794323898));
#3410 = CARTESIAN_POINT ('', (-0.303919156043332, 80., -23.18411299742));
#3420 = CARTESIAN_POINT ('', (-0.657503790667157, 80., -23.1837881170591));
#3430 = CARTESIAN_POINT ('', (-1.01108712018842, 80., -23.1831047931002));
#3440 = CARTESIAN_POINT ('', (-5.04722863356025, 80., -23.1753046736735));
#3450 = CARTESIAN_POINT ('', (-9.08460181869427, 80., -23.1207737674602));
#3460 = CARTESIAN_POINT ('', (-13.1194816699616, 80., -23.0195623863645));
#3470 = CARTESIAN_POINT ('', (-15.8067627923824, 80., -22.9521543237162));
#3480 = CARTESIAN_POINT ('', (-18.4953526151104, 80., -22.8639702574975));
#3490 = CARTESIAN_POINT ('', (-21.181275135041, 80., -22.7551405981258));
#3500 = CARTESIAN_POINT ('', (-23.8667944193824, 80., -22.6463272772716));
#3510 = CARTESIAN_POINT ('', (-26.5542338056327, 80., -22.5166791206514));
#3520 = CARTESIAN_POINT ('', (-29.2377564349516, 80., -22.3664777115422));
#3530 = CARTESIAN_POINT ('', (-31.9208763988967, 80., -22.2162988403113));
#3540 = CARTESIAN_POINT ('', (-34.6065270546245, 80., -22.0452024583355));
#3550 = CARTESIAN_POINT ('', (-37.2870130422219, 80., -21.8536788185955));
#3560 = CARTESIAN_POINT ('', (-39.9670968773143, 80., -21.6621839130895));
#3570 = CARTESIAN_POINT ('', (-42.6503210006837, 80., -21.4496649498523));
#3580 = CARTESIAN_POINT ('', (-45.3271344199644, 80., -21.2168783945769));
#3590 = CARTESIAN_POINT ('', (-48.0035461421217, 80., -20.984126772513));
#3600 = CARTESIAN_POINT ('', (-50.6837065738404, 80., -20.7302206316372));
#3610 = CARTESIAN_POINT ('', (-53.3562124731124, 80., -20.4562402629416));
#3620 = CARTESIAN_POINT ('', (-55.1372857859777, 80., -20.2736479165352));
#3630 = CARTESIAN_POINT ('', (-56.9202477629653, 80., -20.0816035919999));
#3640 = CARTESIAN_POINT ('', (-58.6993515873123, 80., -19.8807262837715));
#3650 = CARTESIAN_POINT ('', (-60.478336728472, 80., -19.6798623759748));
#3660 = CARTESIAN_POINT ('', (-62.2593899850666, 80., -19.4694956696129));
#3670 = CARTESIAN_POINT ('', (-64.0362181018866, 80., -19.2503694840479));
#3680 = CARTESIAN_POINT ('', (-65.812927587137, 80., -19.031257928645));
#3690 = CARTESIAN_POINT ('', (-67.5918843331681, 80., -18.8025880013254));
#3700 = CARTESIAN_POINT ('', (-69.3662495192115, 80., -18.5652387749792));
#3710 = CARTESIAN_POINT ('', (-71.1404961176595, 80., -18.3279054115874));
#3720 = CARTESIAN_POINT ('', (-72.9171687921964, 80., -18.0809533379513));
#3730 = CARTESIAN_POINT ('', (-74.6888840972518, 80., -17.8254088304474));
#3740 = CARTESIAN_POINT ('', (-76.4592938303319, 80., -17.5700526329651));
#3750 = CARTESIAN_POINT ('', (-78.2323045491863, 80., -17.3050256091145));
#3760 = CARTESIAN_POINT ('', (-80., 80., -17.0315110688252));
#3770 = B_SPLINE_CURVE_WITH_KNOTS ('', 3, (#2920, #2930, #2940, #2950, #2960, #2970, #2980, #2990, #3000, #3010, #3020, #3030, #3040, #3050, #3060, #3070, #3080, #3090, #3100, #3110, #3120, #3130, #3140, #3150, #3160, #3170, #3180, #3190, #3200, #3210, #3220, #3230, #3240, #3250, #3260, #3270, #3280, #3290, #3300, #3310, #3320, #3330, #3340, #3350, #3360, #3370, #3380, #3390, #3400, #3410, #3420, #3430, #3440, #3450, #3460, #3470, #3480, #3490, #3500, #3510, #3520, #3530, #3540, #3550, #3560, #3570, #3580, #3590, #3600, #3610, #3620, #3630, #3640, #3650, #3660, #3670, #3680, #3690, #3700, #3710, #3720, #3730, #3740, #3750, #3760), .UNSPECIFIED., .F., .U., (4, 3, 3, 3, 3, 3, 3, 3, 3, 3, 3, 3, 3, 3, 3, 3, 3, 3, 3, 3, 3, 3, 3, 3, 3, 3, 3, 3, 4), (0., 5.36870891209534, 10.7370598531178, 16.1050533395482, 21.4726898259444, 26.839969705414, 32.2068933100419, 37.5734609112739, 42.9396727202565, 48.3055288881336, 53.6710295063004, 59.036174606616, 64.4009641615735, 69.7653980844288, 75.1294762292885, 78.7065028639243, 80.2968656590048, 81.3576176284222, 93.4660647799127, 101.530444055496, 109.5936126317, 117.655571321037, 125.71632047714, 133.775859993556, 139.147085086298, 144.517951867117, 149.888460057057, 155.258609315443, 160.624801326096), .UNSPECIFIED.);
#3780 = EDGE_CURVE ('', #2840, #2910, #3770, .T.);
#3790 = ORIENTED_EDGE ('', *, *, #3780, .T.);
#3800 = CARTESIAN_POINT ('', (-80., 80., -17.0315110688251));
#3810 = CARTESIAN_POINT ('', (-80., 80., 57.0315110688251));
#3820 = B_SPLINE_CURVE_WITH_KNOTS ('', 1, (#3800, #3810), .UNSPECIFIED., .F., .U., (2, 2), (0., 1.), .UNSPECIFIED.);
#3830 = EDGE_CURVE ('', #2910, #2720, #3820, .T.);
#3840 = ORIENTED_EDGE ('', *, *, #3830, .T.);
#3850 = EDGE_LOOP ('', (#2820, #2890, #3790, #3840));
#3860 = FACE_OUTER_BOUND ('', #3850, .T.);
#3870 = CARTESIAN_POINT ('', (-80., 80., -23.18411299742));
#3880 = CARTESIAN_POINT ('', (80., 80., -23.18411299742));
#3890 = CARTESIAN_POINT ('', (-80., 80., 63.1840817896821));
#3900 = CARTESIAN_POINT ('', (80., 80., 63.1840817896821));
#3910 = B_SPLINE_SURFACE_WITH_KNOTS ('', 1, 1, ((#3870, #3880), (#3890, #3900)), .UNSPECIFIED., .F., .F., .U., (2, 2), (2, 2), (0.455061898627264, 0.544938068897449), (0., 1.), .UNSPECIFIED.);
#3920 = ADVANCED_FACE ('', (#3860), #3910, .T.);
#3930 = CARTESIAN_POINT ('', (-80., -80., 57.0333522015736));
#3940 = VERTEX_POINT ('', #3930);
#3950 = CARTESIAN_POINT ('', (80., -80., 57.0333522015738));
#3960 = VERTEX_POINT ('', #3950);
#3970 = CARTESIAN_POINT ('', (-80.0000000000001, -80., 57.0333522015737));
#3980 = CARTESIAN_POINT ('', (-40.2365866253267, -80., 63.1859012710458));
#3990 = CARTESIAN_POINT ('', (2.48075218932775E-14, -79.9999999999999, 63.1859012710458));
#4000 = CARTESIAN_POINT ('', (40.2365866253266, -79.9999999999999, 63.1859012710458));
#4010 = CARTESIAN_POINT ('', (80., -79.9999999999999, 57.0333522015737));
#4020 = (
   BOUNDED_CURVE ()
   B_SPLINE_CURVE (2, (#3970, #3980, #3990, #4000, #4010), .UNSPECIFIED., .F., .U.)
   B_SPLINE_CURVE_WITH_KNOTS ((3, 2, 3), (0.447297518570622, 0.5, 0.552702481429378), .UNSPECIFIED.)
   CURVE ()
   GEOMETRIC_REPRESENTATION_ITEM ()
   RATIONAL_B_SPLINE_CURVE ((0.944763410407192, 0.969127601149386, 1., 0.969127601149386, 0.944763410407192))
   REPRESENTATION_ITEM ('')
);
#4030 = EDGE_CURVE ('', #3940, #3960, #4020, .T.);
#4040 = ORIENTED_EDGE ('', *, *, #4030, .F.);
#4050 = CARTESIAN_POINT ('', (-80., -80., -17.0333522015737));
#4060 = VERTEX_POINT ('', #4050);
#4070 = CARTESIAN_POINT ('', (-80., -80., -17.0333522015737));
#4080 = CARTESIAN_POINT ('', (-80., -80., 57.0333522015736));
#4090 = B_SPLINE_CURVE_WITH_KNOTS ('', 1, (#4070, #4080), .UNSPECIFIED., .F., .U., (2, 2), (0., 1.), .UNSPECIFIED.);
#4100 = EDGE_CURVE ('', #4060, #3940, #4090, .T.);
#4110 = ORIENTED_EDGE ('', *, *, #4100, .F.);
#4120 = CARTESIAN_POINT ('', (80., -80., -17.0333522015737));
#4130 = VERTEX_POINT ('', #4120);
#4140 = CARTESIAN_POINT ('', (-80., -80., -17.0333522015737));
#4150 = CARTESIAN_POINT ('', (-78.2314753065508, -80., -17.3069940756878));
#4160 = CARTESIAN_POINT ('', (-76.4655461946635, -80., -17.5709710691037));
#4170 = CARTESIAN_POINT ('', (-74.6943086413281, -80., -17.826464701632));
#4180 = CARTESIAN_POINT ('', (-72.9231891885204, -80., -18.0819412986517));
#4190 = CARTESIAN_POINT ('', (-71.1544871225325, -80., -18.3278194188825));
#4200 = CARTESIAN_POINT ('', (-69.3808412422698, -80., -18.565122388029));
#4210 = CARTESIAN_POINT ('', (-67.6073134603633, -80., -18.8024095563379));
#4220 = CARTESIAN_POINT ('', (-65.8360245803194, -80., -19.0301598772942));
#4230 = CARTESIAN_POINT ('', (-64.0601570359072, -80., -19.2492499458535));
#4240 = CARTESIAN_POINT ('', (-62.2844075952781, -80., -19.4683254438634));
#4250 = CARTESIAN_POINT ('', (-60.5107183053957, -80., -19.6779209655836));
#4260 = CARTESIAN_POINT ('', (-58.7328159800963, -80., -19.8787778086779));
#4270 = CARTESIAN_POINT ('', (-56.9550317715616, -80., -20.0796213076418));
#4280 = CARTESIAN_POINT ('', (-55.1791287205147, -80., -20.2710369578962));
#4290 = CARTESIAN_POINT ('', (-53.3993786983723, -80., -20.4536421655865));
#4300 = CARTESIAN_POINT ('', (-51.6197468134891, -80., -20.6362352522045));
#4310 = CARTESIAN_POINT ('', (-49.8418168746722, -80., -20.8094478879095));
#4320 = CARTESIAN_POINT ('', (-48.0604064207866, -80., -20.9737849675983));
#4330 = CARTESIAN_POINT ('', (-46.2791141321293, -80., -21.1381111464144));
#4340 = CARTESIAN_POINT ('', (-44.4993443839016, -80., -21.2930995548571));
#4350 = CARTESIAN_POINT ('', (-42.716460924682, -80., -21.4391539334831));
#4360 = CARTESIAN_POINT ('', (-40.9336956660981, -80., -21.5851986290755));
#4370 = CARTESIAN_POINT ('', (-39.1522733720103, -80., -21.7219435289455));
#4380 = CARTESIAN_POINT ('', (-37.3681044754106, -80., -21.8497025549706));
#4390 = CARTESIAN_POINT ('', (-35.5840538222589, -80., -21.9774531139343));
#4400 = CARTESIAN_POINT ('', (-33.8011664112649, -80., -22.0959371561637));
#4410 = CARTESIAN_POINT ('', (-32.0158997670025, -80., -22.2053901013526));
#4420 = CARTESIAN_POINT ('', (-30.2307514163743, -80., -22.3148357940748));
#4430 = CARTESIAN_POINT ('', (-28.4465864630301, -80., -22.4150435624833));
#4440 = CARTESIAN_POINT ('', (-26.6604098627902, -80., -22.5061816234757));
#4450 = CARTESIAN_POINT ('', (-24.8743516137167, -80., -22.5973136457059));
#4460 = CARTESIAN_POINT ('', (-23.0890968183669, -80., -22.6792316574509));
#4470 = CARTESIAN_POINT ('', (-21.3021981359955, -80., -22.7520479571279));
#4480 = CARTESIAN_POINT ('', (-19.5154178696426, -80., -22.8248594313404));
#4490 = CARTESIAN_POINT ('', (-17.7292610385992, -80., -22.888476137171));
#4500 = CARTESIAN_POINT ('', (-15.9418282102851, -80., -22.9429657258144));
#4510 = CARTESIAN_POINT ('', (-14.1545138701383, -80., -22.9974517023661));
#4520 = CARTESIAN_POINT ('', (-12.367642895851, -80., -23.0427574866795));
#4530 = CARTESIAN_POINT ('', (-10.5798639003006, -80., -23.0789173429261));
#4540 = CARTESIAN_POINT ('', (-8.79220347234207, -80., -23.1150748010087));
#4550 = CARTESIAN_POINT ('', (-7.00480631356442, -80., -23.1420619817082));
#4560 = CARTESIAN_POINT ('', (-5.21686915216967, -80., -23.1598910132979));
#4570 = CARTESIAN_POINT ('', (-4.02458621548116, -80., -23.1717802735028));
#4580 = CARTESIAN_POINT ('', (-2.83235389730165, -80., -23.179593199269));
#4590 = CARTESIAN_POINT ('', (-1.6400175412607, -80., -23.1833308040891));
#4600 = CARTESIAN_POINT ('', (-1.10989921354955, -80., -23.1849925606956));
#4610 = CARTESIAN_POINT ('', (-0.579783328862465, -80., -23.1858485932995));
#4620 = CARTESIAN_POINT ('', (-0.0496623990001169, -80., -23.1858989139928));
#4630 = CARTESIAN_POINT ('', (0.303921589650152, -80., -23.1859324772619));
#4640 = CARTESIAN_POINT ('', (0.657506224710294, -80., -23.1856075963856));
#4650 = CARTESIAN_POINT ('', (1.01108955467042, -80., -23.1849242731569));
#4660 = CARTESIAN_POINT ('', (5.04723103662722, -80., -23.1771241621364));
#4670 = CARTESIAN_POINT ('', (9.08460418216745, -80., -23.1225934277299));
#4680 = CARTESIAN_POINT ('', (13.1194840103897, -80., -23.0213823813493));
#4690 = CARTESIAN_POINT ('', (15.8067651284222, -80., -22.9539745413507));
#4700 = CARTESIAN_POINT ('', (18.4953549378251, -80., -22.8657907705807));
#4710 = CARTESIAN_POINT ('', (21.1812774626445, -80., -22.7569614781299));
#4720 = CARTESIAN_POINT ('', (23.8667967546819, -80., -22.6481485240277));
#4730 = CARTESIAN_POINT ('', (26.5542361354369, -80., -22.5185008075665));
#4740 = CARTESIAN_POINT ('', (29.2377587861696, -80., -22.3682999091334));
#4750 = CARTESIAN_POINT ('', (31.9208787743299, -80., -22.218121548345));
#4760 = CARTESIAN_POINT ('', (34.6065294368382, -80., -22.0470257510761));
#4770 = CARTESIAN_POINT ('', (37.2870154667992, -80., -21.8555027652533));
#4780 = CARTESIAN_POINT ('', (39.9670993470514, -80., -21.664008513366));
#4790 = CARTESIAN_POINT ('', (42.6503234939167, -80., -21.4514902791193));
#4800 = CARTESIAN_POINT ('', (45.327136980924, -80., -21.2187045203857));
#4810 = CARTESIAN_POINT ('', (48.0035487735999, -80., -20.9859536945004));
#4820 = CARTESIAN_POINT ('', (50.6837092499601, -80., -20.7320484265329));
#4830 = CARTESIAN_POINT ('', (53.3562152467216, -80., -20.4580689962853));
#4840 = CARTESIAN_POINT ('', (55.1372886254421, -80., -20.2754772752107));
#4850 = CARTESIAN_POINT ('', (56.920250655248, -80., -20.0834336106634));
#4860 = CARTESIAN_POINT ('', (58.6993545590513, -80., -19.8825569906605));
#4870 = CARTESIAN_POINT ('', (60.4783397804916, -80., -19.6816937709497));
#4880 = CARTESIAN_POINT ('', (62.2593931030921, -80., -19.47132778786));
#4890 = CARTESIAN_POINT ('', (64.0362213150896, -80., -19.252202353039));
#4900 = CARTESIAN_POINT ('', (65.8129308963418, -80., -19.0330915482276));
#4910 = CARTESIAN_POINT ('', (67.5918877228661, -80., -18.804422407266));
#4920 = CARTESIAN_POINT ('', (69.3662530211002, -80., -18.5670739939138));
#4930 = CARTESIAN_POINT ('', (71.1404997325629, -80., -18.3297414433504));
#4940 = CARTESIAN_POINT ('', (72.9171725033769, -80., -18.0827902189398));
#4950 = CARTESIAN_POINT ('', (74.6888879389243, -80., -17.8272465863914));
#4960 = CARTESIAN_POINT ('', (76.4592963911198, -80., -17.571891466776));
#4970 = CARTESIAN_POINT ('', (78.2323058069291, -80., -17.3068655732808));
#4980 = CARTESIAN_POINT ('', (80., -80., -17.0333522015737));
#4990 = B_SPLINE_CURVE_WITH_KNOTS ('', 3, (#4140, #4150, #4160, #4170, #4180, #4190, #4200, #4210, #4220, #4230, #4240, #4250, #4260, #4270, #4280, #4290, #4300, #4310, #4320, #4330, #4340, #4350, #4360, #4370, #4380, #4390, #4400, #4410, #4420, #4430, #4440, #4450, #4460, #4470, #4480, #4490, #4500, #4510, #4520, #4530, #4540, #4550, #4560, #4570, #4580, #4590, #4600, #4610, #4620, #4630, #4640, #4650, #4660, #4670, #4680, #4690, #4700, #4710, #4720, #4730, #4740, #4750, #4760, #4770, #4780, #4790, #4800, #4810, #4820, #4830, #4840, #4850, #4860, #4870, #4880, #4890, #4900, #4910, #4920, #4930, #4940, #4950, #4960, #4970, #4980), .UNSPECIFIED., .F., .U., (4, 3, 3, 3, 3, 3, 3, 3, 3, 3, 3, 3, 3, 3, 3, 3, 3, 3, 3, 3, 3, 3, 3, 3, 3, 3, 3, 3, 4), (0., 5.36870889502058, 10.7370598214827, 16.1050532958587, 21.4726897726988, 26.8399696451037, 32.2068932451527, 37.5734608442862, 42.9396726536468, 48.3055288243748, 53.6710294478631, 59.036174555969, 64.4009641211847, 69.7653980567661, 75.1294762168206, 78.7065028592488, 80.2968656560007, 81.3576176267304, 93.4660646839273, 101.530443929601, 109.59361248433, 117.655571160621, 125.716320312111, 133.775859832352, 139.147084930309, 144.517951718847, 149.888459919016, 155.258609190148, 160.624796935882), .UNSPECIFIED.);
#5000 = EDGE_CURVE ('', #4060, #4130, #4990, .T.);
#5010 = ORIENTED_EDGE ('', *, *, #5000, .T.);
#5020 = CARTESIAN_POINT ('', (80., -80., -17.0333522015737));
#5030 = CARTESIAN_POINT ('', (80., -80., 57.0333522015738));
#5040 = B_SPLINE_CURVE_WITH_KNOTS ('', 1, (#5020, #5030), .UNSPECIFIED., .F., .U., (2, 2), (0., 1.), .UNSPECIFIED.);
#5050 = EDGE_CURVE ('', #4130, #3960, #5040, .T.);
#5060 = ORIENTED_EDGE ('', *, *, #5050, .T.);
#5070 = EDGE_LOOP ('', (#4040, #4110, #5010, #5060));
#5080 = FACE_OUTER_BOUND ('', #5070, .T.);
#5090 = CARTESIAN_POINT ('', (80., -80., -23.1859324772619));
#5100 = CARTESIAN_POINT ('', (-80., -80., -23.1859324772619));
#5110 = CARTESIAN_POINT ('', (80., -80., 63.1859012710459));
#5120 = CARTESIAN_POINT ('', (-80., -80., 63.1859012710459));
#5130 = B_SPLINE_SURFACE_WITH_KNOTS ('', 1, 1, ((#5090, #5100), (#5110, #5120)), .UNSPECIFIED., .F., .F., .U., (2, 2), (2, 2), (0.455060005246483, 0.544939962279813), (0., 1.), .UNSPECIFIED.);
#5140 = ADVANCED_FACE ('', (#5080), #5130, .T.);
#5150 = CARTESIAN_POINT ('', (-80., 80., 57.0315110688251));
#5160 = CARTESIAN_POINT ('', (-80., 79.7149038916861, 56.8198171115431));
#5170 = CARTESIAN_POINT ('', (-80., 79.4322310401354, 56.6126133900926));
#5180 = CARTESIAN_POINT ('', (-80., 79.1445476489621, 56.4044490584492));
#5190 = CARTESIAN_POINT ('', (-80., 78.9530828718573, 56.2659073887453));
#5200 = CARTESIAN_POINT ('', (-80., 78.7626191075341, 56.1292753730361));
#5210 = CARTESIAN_POINT ('', (-80., 78.5700854189382, 55.9922230696195));
#5220 = CARTESIAN_POINT ('', (-80., 78.2809810010164, 55.7864282983612));
#5230 = CARTESIAN_POINT ('', (-80., 77.9940458133301, 55.5846146175521));
#5240 = CARTESIAN_POINT ('', (-80., 77.7026295994534, 55.3821067346712));
#5250 = CARTESIAN_POINT ('', (-80., 77.4112292841854, 55.1796098998839));
#5260 = CARTESIAN_POINT ('', (-80., 77.1219665768414, 54.9810187784513));
#5270 = CARTESIAN_POINT ('', (-80., 76.8282903907362, 54.7818369279933));
#5280 = CARTESIAN_POINT ('', (-80., 76.5346303255233, 54.5826660113096));
#5290 = CARTESIAN_POINT ('', (-80., 76.2430749572487, 54.3873257978507));
#5300 = CARTESIAN_POINT ('', (-80., 75.9471761648969, 54.1914962989537));
#5310 = CARTESIAN_POINT ('', (-80., 75.750184652905, 54.0611248676486));
#5320 = CARTESIAN_POINT ('', (-80., 75.5540679694413, 53.9323927520381));
#5330 = CARTESIAN_POINT ('', (-80., 75.3561457722175, 53.8034386138978));
#5340 = CARTESIAN_POINT ('', (-80., 75.0589937069713, 53.6098322927881));
#5350 = CARTESIAN_POINT ('', (-80., 74.7637423038838, 53.4196661314008));
#5360 = CARTESIAN_POINT ('', (-80., 74.4645715095881, 53.229194103811));
#5370 = CARTESIAN_POINT ('', (-80., 74.1654134363512, 53.0387301752933));
#5380 = CARTESIAN_POINT ('', (-80., 73.8681281715177, 52.8516484946938));
#5390 = CARTESIAN_POINT ('', (-80., 73.5669825182789, 52.6643429785321));
#5400 = CARTESIAN_POINT ('', (-80., 73.26584977009, 52.4770454890079));
#5410 = CARTESIAN_POINT ('', (-80., 72.9665609766947, 52.2930725502332));
#5420 = CARTESIAN_POINT ('', (-80., 72.6634727560243, 52.108956249747));
#5430 = CARTESIAN_POINT ('', (-80., 72.360397613331, 51.9248478937092));
#5440 = CARTESIAN_POINT ('', (-80., 72.0591366152761, 51.7440066620965));
#5450 = CARTESIAN_POINT ('', (-80., 71.7541390219149, 51.5631008940145));
#5460 = CARTESIAN_POINT ('', (-80., 71.4491546679389, 51.3822029787194));
#5470 = CARTESIAN_POINT ('', (-80., 71.1459537375902, 51.2045150873219));
#5480 = CARTESIAN_POINT ('', (-80., 70.8390808225188, 51.026839748786));
#5490 = CARTESIAN_POINT ('', (-80., 70.532221296308, 50.8491721622222));
#5500 = CARTESIAN_POINT ('', (-80., 70.2271136097396, 50.6746578783203));
#5510 = CARTESIAN_POINT ('', (-80., 69.9184002310669, 50.5002314182569));
#5520 = CARTESIAN_POINT ('', (-80., 69.6097226285504, 50.3258251721158));
#5530 = CARTESIAN_POINT ('', (-80., 69.302696663673, 50.1545442665746));
#5540 = CARTESIAN_POINT ('', (-80., 68.992269997008, 49.9832705511024));
#5550 = CARTESIAN_POINT ('', (-80., 68.6819735949845, 49.8120687073847));
#5560 = CARTESIAN_POINT ('', (-80., 68.3732044732628, 49.6436187333484));
#5570 = CARTESIAN_POINT ('', (-80., 68.0612939362145, 49.475375619732));
#5580 = CARTESIAN_POINT ('', (-80., 67.7493930246621, 49.3071376980639));
#5590 = CARTESIAN_POINT ('', (-80., 67.4389948688139, 49.1416119613793));
#5600 = CARTESIAN_POINT ('', (-80., 67.1255066198745, 48.9763506692042));
#5610 = CARTESIAN_POINT ('', (-80., 66.8120281239132, 48.811094518497));
#5620 = CARTESIAN_POINT ('', (-80., 66.5000271997825, 48.6485110264793));
#5630 = CARTESIAN_POINT ('', (-80., 66.1849888032964, 48.4862483643657));
#5640 = CARTESIAN_POINT ('', (-80., 65.8699602798653, 48.323990787436));
#5650 = CARTESIAN_POINT ('', (-80., 65.5563835153863, 48.1643665345138));
#5660 = CARTESIAN_POINT ('', (-80., 65.2398231364876, 48.0051182429758));
#5670 = CARTESIAN_POINT ('', (-80., 64.9232727430549, 47.8458749747082));
#5680 = CARTESIAN_POINT ('', (-80., 64.6081476982801, 47.6892259198051));
#5690 = CARTESIAN_POINT ('', (-80., 64.2900940702976, 47.5330066514734));
#5700 = CARTESIAN_POINT ('', (-80., 63.9720505322878, 47.376792339061));
#5710 = CARTESIAN_POINT ('', (-80., 63.6554053680288, 47.2231333849558));
#5720 = CARTESIAN_POINT ('', (-80., 63.3358877587169, 47.0699566869502));
#5730 = CARTESIAN_POINT ('', (-80., 63.123051001622, 46.9679227748405));
#5740 = CARTESIAN_POINT ('', (-80., 62.9108047910132, 46.8670203395496));
#5750 = CARTESIAN_POINT ('', (-80., 62.6973451768024, 46.766295975605));
#5760 = CARTESIAN_POINT ('', (-80., 62.2163735975428, 46.5393417736336));
#5770 = CARTESIAN_POINT ('', (-80., 61.7381991155314, 46.3175418989404));
#5780 = CARTESIAN_POINT ('', (-80., 61.2542812043571, 46.0969397115247));
#5790 = CARTESIAN_POINT ('', (-80., 60.770389644659, 45.8763495368763));
#5800 = CARTESIAN_POINT ('', (-80., 60.2892198024555, 45.6608170823073));
#5810 = CARTESIAN_POINT ('', (-80., 59.8024630324325, 45.4466234466989));
#5820 = CARTESIAN_POINT ('', (-80., 59.3157330599907, 45.2324416031635));
#5830 = CARTESIAN_POINT ('', (-80., 58.8316471918702, 45.0232216460353));
#5840 = CARTESIAN_POINT ('', (-80., 58.3421353061677, 44.8154765090779));
#5850 = CARTESIAN_POINT ('', (-80., 57.8526506217614, 44.6077429161446));
#5860 = CARTESIAN_POINT ('', (-80., 57.3657303753359, 44.4048763050757));
#5870 = CARTESIAN_POINT ('', (-80., 56.8735490654392, 44.2036151312496));
#5880 = CARTESIAN_POINT ('', (-80., 56.6551491842282, 44.1143077650978));
#5890 = CARTESIAN_POINT ('', (-80., 56.4372258471325, 44.0259511230836));
#5900 = CARTESIAN_POINT ('', (-80., 56.2183247382971, 43.937879457307));
#5910 = CARTESIAN_POINT ('', (-80., 55.7252234244737, 43.7394873416337));
#5920 = CARTESIAN_POINT ('', (-80., 55.2344077685829, 43.5455097273464));
#5930 = CARTESIAN_POINT ('', (-80., 54.7389048178724, 43.3531944573001));
#5940 = CARTESIAN_POINT ('', (-80., 54.2434238934492, 43.160887736126));
#5950 = CARTESIAN_POINT ('', (-80., 53.7501601015254, 42.9729239328542));
#5960 = CARTESIAN_POINT ('', (-80., 53.2523505916297, 42.7867280324339));
#5970 = CARTESIAN_POINT ('', (-80., 52.7545634312213, 42.6005404914018));
#5980 = CARTESIAN_POINT ('', (-80., 52.2589232996826, 42.4186249699225));
#5990 = CARTESIAN_POINT ('', (-80., 51.7588821487103, 42.2385785735757));
#6000 = CARTESIAN_POINT ('', (-80., 51.2588636378314, 42.0585403290925));
#6010 = CARTESIAN_POINT ('', (-80., 50.760920615582, 41.8827039931625));
#6020 = CARTESIAN_POINT ('', (-80., 50.2587241073857, 41.7088335015494));
#6030 = CARTESIAN_POINT ('', (-80., 49.9242283179146, 41.5930243582985));
#6040 = CARTESIAN_POINT ('', (-80., 49.5905812023987, 41.4789831783071));
#6050 = CARTESIAN_POINT ('', (-80., 49.2551950385717, 41.365778443654));
#6060 = CARTESIAN_POINT ('', (-80., 48.751831984867, 41.1958755464129));
#6070 = CARTESIAN_POINT ('', (-80., 48.2503160850603, 41.0298290881479));
#6080 = CARTESIAN_POINT ('', (-80., 47.7450159136753, 40.8657769771462));
#6090 = CARTESIAN_POINT ('', (-80., 47.2397347770305, 40.7017310460144));
#6100 = CARTESIAN_POINT ('', (-80., 46.7362374799174, 40.5414878848422));
#6110 = CARTESIAN_POINT ('', (-80., 46.2290862515779, 40.3833179567156));
#6120 = CARTESIAN_POINT ('', (-80., 45.7219542879773, 40.2251540368608));
#6130 = CARTESIAN_POINT ('', (-80., 45.2165417468124, 40.0707398568871));
#6140 = CARTESIAN_POINT ('', (-80., 44.7076077975015, 39.9184740061919));
#6150 = CARTESIAN_POINT ('', (-80., 44.1987087907051, 39.7662186098037));
#6160 = CARTESIAN_POINT ('', (-80., 43.6914328969245, 39.6177027228102));
#6170 = CARTESIAN_POINT ('', (-80., 43.1808324261741, 39.4712545609331));
#6180 = CARTESIAN_POINT ('', (-80., 42.6703425994356, 39.3248381334806));
#6190 = CARTESIAN_POINT ('', (-80., 42.1613668239255, 39.1818917090977));
#6200 = CARTESIAN_POINT ('', (-80., 41.649291215017, 39.0411216689883));
#6210 = CARTESIAN_POINT ('', (-80., 41.1372323480388, 38.9003562312503));
#6220 = CARTESIAN_POINT ('', (-80., 40.6266290368556, 38.7630200152994));
#6230 = CARTESIAN_POINT ('', (-80., 40.1130460453455, 38.6279211531865));
#6240 = CARTESIAN_POINT ('', (-80., 39.599479972184, 38.4928267414734));
#6250 = CARTESIAN_POINT ('', (-80., 39.0873101312102, 38.3611213351605));
#6260 = CARTESIAN_POINT ('', (-80., 38.5722824050251, 38.231710930481));
#6270 = CARTESIAN_POINT ('', (-80., 38.229100307375, 38.1454799726554));
#6280 = CARTESIAN_POINT ('', (-80., 37.886516360927, 38.0607397992718));
#6290 = CARTESIAN_POINT ('', (-80., 37.5427083191605, 37.9770393772195));
#6300 = CARTESIAN_POINT ('', (-80., 37.1989318325762, 37.8933466373087));
#6310 = CARTESIAN_POINT ('', (-80., 36.8557163630868, 37.8111073322021));
#6320 = CARTESIAN_POINT ('', (-80., 36.511352722579, 37.7298642984194));
#6330 = CARTESIAN_POINT ('', (-80., 35.7358168858134, 37.5468981638613));
#6340 = CARTESIAN_POINT ('', (-80., 34.962968551715, 37.3710415688593));
#6350 = CARTESIAN_POINT ('', (-80., 34.1846201344677, 37.2004362293435));
#6360 = CARTESIAN_POINT ('', (-80., 33.4063229955434, 37.0298421294673));
#6370 = CARTESIAN_POINT ('', (-80., 32.6305265590516, 36.8662554196916));
#6380 = CARTESIAN_POINT ('', (-80., 31.8496129830692, 36.7080695473245));
#6390 = CARTESIAN_POINT ('', (-80., 31.3293327532282, 36.6026789067158));
#6400 = CARTESIAN_POINT ('', (-80., 30.8100798876837, 36.5003877541916));
#6410 = CARTESIAN_POINT ('', (-80., 30.2887249223042, 36.400449249273));
#6420 = CARTESIAN_POINT ('', (-80., 29.7674397901715, 36.3005241306857));
#6430 = CARTESIAN_POINT ('', (-80., 29.2471111692488, 36.2035531182321));
#6440 = CARTESIAN_POINT ('', (-80., 28.7248259247797, 36.1089944501093));
#6450 = CARTESIAN_POINT ('', (-80., 28.2025547207888, 36.0144383239862));
#6460 = CARTESIAN_POINT ('', (-80., 27.6811875252525, 35.9228128880245));
#6470 = CARTESIAN_POINT ('', (-80., 27.1579712239235, 35.8336345637016));
#6480 = CARTESIAN_POINT ('', (-80., 26.6347690568413, 35.7444586484559));
#6490 = CARTESIAN_POINT ('', (-80., 26.112417969622, 35.6581905071537));
#6500 = CARTESIAN_POINT ('', (-80., 25.5883261387481, 35.5744014606698));
#6510 = CARTESIAN_POINT ('', (-80., 25.2390393733424, 35.5185593290076));
#6520 = CARTESIAN_POINT ('', (-80., 24.8901109032172, 35.464002177987));
#6530 = CARTESIAN_POINT ('', (-80., 24.5404497138815, 35.4105546258588));
#6540 = CARTESIAN_POINT ('', (-80., 23.7533942537068, 35.2902490585884));
#6550 = CARTESIAN_POINT ('', (-80., 22.9679662262204, 35.1761557634835));
#6560 = CARTESIAN_POINT ('', (-80., 22.1792092606592, 35.067563976566));
#6570 = CARTESIAN_POINT ('', (-80., 21.3904950538547, 34.9589780764426));
#6580 = CARTESIAN_POINT ('', (-80., 20.6032432608029, 34.8565552554352));
#6590 = CARTESIAN_POINT ('', (-80., 19.8130001471274, 34.7597212789118));
#6600 = CARTESIAN_POINT ('', (-80., 19.0228002153863, 34.6628925937706));
#6610 = CARTESIAN_POINT ('', (-80., 18.2338958491465, 34.5721799927371));
#6620 = CARTESIAN_POINT ('', (-80., 17.442341434298, 34.4871309790818));
#6630 = CARTESIAN_POINT ('', (-80., 16.6508305166731, 34.4020866390105));
#6640 = CARTESIAN_POINT ('', (-80., 15.8604469780259, 34.3231136990411));
#6650 = CARTESIAN_POINT ('', (-80., 15.0677573233884, 34.2498662831937));
#6660 = CARTESIAN_POINT ('', (-80., 14.2751113716099, 34.1766229056499));
#6670 = CARTESIAN_POINT ('', (-80., 13.4834237723267, 34.1094086460874));
#6680 = CARTESIAN_POINT ('', (-80., 12.6897756418143, 34.0479689019547));
#6690 = CARTESIAN_POINT ('', (-80., 12.1608435730955, 34.0070219763383));
#6700 = CARTESIAN_POINT ('', (-80., 11.632271253466, 33.9687585709359));
#6710 = CARTESIAN_POINT ('', (-80., 11.1029630826021, 33.9330004348915));
#6720 = CARTESIAN_POINT ('', (-80., 10.5737415422538, 33.8972481512898));
#6730 = CARTESIAN_POINT ('', (-80., 10.0448267752227, 33.864081490633));
#6740 = CARTESIAN_POINT ('', (-80., 9.51528455951521, 33.8334431758138));
#6750 = CARTESIAN_POINT ('', (-80., 8.98575434699056, 33.8028055554762));
#6760 = CARTESIAN_POINT ('', (-80., 8.45648365265401, 33.7747479485872));
#6770 = CARTESIAN_POINT ('', (-80., 7.92668209091886, 33.7492290352217));
#6780 = CARTESIAN_POINT ('', (-80., 7.39689256550549, 33.7237107016089));
#6790 = CARTESIAN_POINT ('', (-80., 6.86731516642945, 33.7007671992855));
#6800 = CARTESIAN_POINT ('', (-80., 6.33730375454672, 33.6803703891875));
#6810 = CARTESIAN_POINT ('', (-80., 5.80731356136204, 33.6599743956638));
#6820 = CARTESIAN_POINT ('', (-80., 5.2774878983802, 33.6421501144924));
#6830 = CARTESIAN_POINT ('', (-80., 4.74732548688158, 33.6268720629896));
#6840 = CARTESIAN_POINT ('', (-80., 4.21722811861419, 33.611595885882));
#6850 = CARTESIAN_POINT ('', (-80., 3.68724782339468, 33.5988799651816));
#6860 = CARTESIAN_POINT ('', (-80., 3.15702776464277, 33.5887177445501));
#6870 = CARTESIAN_POINT ('', (-80., 2.62681966028583, 33.5785557530371));
#6880 = CARTESIAN_POINT ('', (-80., 2.09668137713503, 33.5709537423386));
#6890 = CARTESIAN_POINT ('', (-80., 1.56639988576606, 33.5659099432946));
#6900 = CARTESIAN_POINT ('', (-80., 1.03613037448775, 33.5608662581997));
#6910 = CARTESIAN_POINT ('', (-80., 0.505883332529311, 33.5583827087324));
#6920 = CARTESIAN_POINT ('', (-80., -0.0244101592733278, 33.5584595361137));
#6930 = CARTESIAN_POINT ('', (-80., -0.55469165819595, 33.5585363617576));
#6940 = CARTESIAN_POINT ('', (-80., -1.08499808089306, 33.561173909621));
#6950 = CARTESIAN_POINT ('', (-80., -1.61525411106218, 33.566371646733));
#6960 = CARTESIAN_POINT ('', (-80., -2.14549814851342, 33.5715692662886));
#6970 = CARTESIAN_POINT ('', (-80., -2.67581448504402, 33.5793286260841));
#6980 = CARTESIAN_POINT ('', (-80., -3.20598362206434, 33.5896456340203));
#6990 = CARTESIAN_POINT ('', (-80., -3.73614077948063, 33.5999624088352));
#7000 = CARTESIAN_POINT ('', (-80., -4.26641753454414, 33.6128423712643));
#7010 = CARTESIAN_POINT ('', (-80., -4.79645043779341, 33.6282750921992));
#7020 = CARTESIAN_POINT ('', (-80., -5.32647138745945, 33.6437074650871));
#7030 = CARTESIAN_POINT ('', (-80., -5.85665909791736, 33.6617048985294));
#7040 = CARTESIAN_POINT ('', (-80., -6.38650657769802, 33.6822478629681));
#7050 = CARTESIAN_POINT ('', (-80., -6.73974170684303, 33.6959433073619));
#7060 = CARTESIAN_POINT ('', (-80., -7.09306828750629, 33.7107792606499));
#7070 = CARTESIAN_POINT ('', (-80., -7.44620814860545, 33.7267436009776));
#7080 = CARTESIAN_POINT ('', (-80., -8.63730386306943, 33.780589284921));
#7090 = CARTESIAN_POINT ('', (-80., -9.82981737000291, 33.8476425999824));
#7100 = CARTESIAN_POINT ('', (-80., -11.0194398880415, 33.9276839847119));
#7110 = CARTESIAN_POINT ('', (-80., -12.2089204770735, 34.0077158200305));
#7120 = CARTESIAN_POINT ('', (-80., -13.4003729257383, 34.1010722991157));
#7130 = CARTESIAN_POINT ('', (-80., -14.5878019014983, 34.2072871468254));
#7140 = CARTESIAN_POINT ('', (-80., -15.7750894798837, 34.3134893466201));
#7150 = CARTESIAN_POINT ('', (-80., -16.9648993889762, 34.4331448007735));
#7160 = CARTESIAN_POINT ('', (-80., -18.1495604133226, 34.5654662216543));
#7170 = CARTESIAN_POINT ('', (-80., -18.676321766239, 34.6243031456777));
#7180 = CARTESIAN_POINT ('', (-80., -19.2036586970338, 34.6858168444481));
#7190 = CARTESIAN_POINT ('', (-80., -19.7298197106438, 34.7498003916438));
#7200 = CARTESIAN_POINT ('', (-80., -20.0806291575101, 34.7924603991694));
#7210 = CARTESIAN_POINT ('', (-80., -20.4317186008236, 34.8363026804862));
#7220 = CARTESIAN_POINT ('', (-80., -20.7822360262468, 34.881299110649));
#7230 = CARTESIAN_POINT ('', (-80., -21.5703228356352, 34.9824669571208));
#7240 = CARTESIAN_POINT ('', (-80., -22.3599848065176, 35.0899893991953));
#7250 = CARTESIAN_POINT ('', (-80., -23.1464289192267, 35.2032210638342));
#7260 = CARTESIAN_POINT ('', (-80., -23.9328258013985, 35.316445928254));
#7270 = CARTESIAN_POINT ('', (-80., -24.720975887164, 35.4360979089239));
#7280 = CARTESIAN_POINT ('', (-80., -25.5055438216873, 35.5613699422368));
#7290 = CARTESIAN_POINT ('', (-80., -26.2900648002105, 35.686634478081));
#7300 = CARTESIAN_POINT ('', (-80., -27.0765155186801, 35.8184013106545));
#7310 = CARTESIAN_POINT ('', (-80., -27.8590227534243, 35.9556849486323));
#7320 = CARTESIAN_POINT ('', (-80., -28.641483430096, 36.0929604184281));
#7330 = CARTESIAN_POINT ('', (-80., -29.4260483220163, 36.2368158541965));
#7340 = CARTESIAN_POINT ('', (-80., -30.2063124821033, 36.3860710237188));
#7350 = CARTESIAN_POINT ('', (-80., -30.9865306033035, 36.5353173865546));
#7360 = CARTESIAN_POINT ('', (-80., -31.7690248100167, 36.6912236769821));
#7370 = CARTESIAN_POINT ('', (-80., -32.5468662224625, 36.8523991420911));
#7380 = CARTESIAN_POINT ('', (-80., -32.8928062178328, 36.9240808997881));
#7390 = CARTESIAN_POINT ('', (-80., -33.239235375149, 36.9970766454405));
#7400 = CARTESIAN_POINT ('', (-80., -33.5846645590513, 37.0711808537683));
#7410 = CARTESIAN_POINT ('', (-80., -34.3610065527035, 37.2377278958604));
#7420 = CARTESIAN_POINT ('', (-80., -35.1400291276821, 37.4114615930768));
#7430 = CARTESIAN_POINT ('', (-80., -35.913570802495, 37.5905651543622));
#7440 = CARTESIAN_POINT ('', (-80., -36.6870582908075, 37.7696561694649));
#7450 = CARTESIAN_POINT ('', (-80., -37.4634199594809, 37.9560541871228));
#7460 = CARTESIAN_POINT ('', (-80., -38.2339037145628, 38.1476560384225));
#7470 = CARTESIAN_POINT ('', (-80., -38.5766843696473, 38.2328978201871));
#7480 = CARTESIAN_POINT ('', (-80., -38.920060347776, 38.3196016497433));
#7490 = CARTESIAN_POINT ('', (-80., -39.2622183941605, 38.4073091759473));
#7500 = CARTESIAN_POINT ('', (-80., -39.6043476857227, 38.4950093312465));
#7510 = CARTESIAN_POINT ('', (-80., -39.9471090448048, 38.5842073177299));
#7520 = CARTESIAN_POINT ('', (-80., -40.2885773600764, 38.6744467716838));
#7530 = CARTESIAN_POINT ('', (-80., -41.0558933127659, 38.8772245097171));
#7540 = CARTESIAN_POINT ('', (-80., -41.826575960191, 39.0878455298453));
#7550 = CARTESIAN_POINT ('', (-80., -42.5903707764755, 39.3035074432902));
#7560 = CARTESIAN_POINT ('', (-80., -43.3541063338366, 39.5191526246331));
#7570 = CARTESIAN_POINT ('', (-80., -44.1214121873401, 39.7427946043704));
#7580 = CARTESIAN_POINT ('', (-80., -44.8814118980359, 39.9712574800337));
#7590 = CARTESIAN_POINT ('', (-80., -45.2196108443647, 40.0729231816612));
#7600 = CARTESIAN_POINT ('', (-80., -45.55854638645, 40.1761855424307));
#7610 = CARTESIAN_POINT ('', (-80., -45.8959741051474, 40.280382360232));
#7620 = CARTESIAN_POINT ('', (-80., -46.4017207361215, 40.4365556282867));
#7630 = CARTESIAN_POINT ('', (-80., -46.9092635862986, 40.5965744161213));
#7640 = CARTESIAN_POINT ('', (-80., -47.4131291221742, 40.7587140662791));
#7650 = CARTESIAN_POINT ('', (-80., -47.9169743300983, 40.9208471750747));
#7660 = CARTESIAN_POINT ('', (-80., -48.4226824752813, 41.0868846697973));
#7670 = CARTESIAN_POINT ('', (-80., -48.924575996863, 41.2549621266738));
#7680 = CARTESIAN_POINT ('', (-80., -49.4264494091648, 41.4230328492202));
#7690 = CARTESIAN_POINT ('', (-80., -49.9302513354408, 41.5950675474699));
#7700 = CARTESIAN_POINT ('', (-80., -50.4301035815793, 41.7690572649332));
#7710 = CARTESIAN_POINT ('', (-80., -50.9299359652379, 41.943040068619));
#7720 = CARTESIAN_POINT ('', (-80., -51.4317611761063, 42.1210470803024));
#7730 = CARTESIAN_POINT ('', (-80., -51.9295041503866, 42.3009202558647));
#7740 = CARTESIAN_POINT ('', (-80., -52.2615106760775, 42.4208999867083));
#7750 = CARTESIAN_POINT ('', (-80., -52.5944686550945, 42.5427103588074));
#7760 = CARTESIAN_POINT ('', (-80., -52.9254778005027, 42.665414941325));
#7770 = CARTESIAN_POINT ('', (-80., -53.4215457672925, 42.8493065757699));
#7780 = CARTESIAN_POINT ('', (-80., -53.9198548704693, 43.0376004131919));
#7790 = CARTESIAN_POINT ('', (-80., -54.4135714584438, 43.2277148304584));
#7800 = CARTESIAN_POINT ('', (-80., -54.9072642083952, 43.417820068467));
#7810 = CARTESIAN_POINT ('', (-80., -55.4032711841419, 43.6124063487131));
#7820 = CARTESIAN_POINT ('', (-80., -55.8945347031536, 43.808703795872));
#7830 = CARTESIAN_POINT ('', (-80., -56.3857746966916, 44.0049918428001));
#7840 = CARTESIAN_POINT ('', (-80., -56.879400353317, 44.2058405772709));
#7850 = CARTESIAN_POINT ('', (-80., -57.3681348704055, 44.4082863735332));
#7860 = CARTESIAN_POINT ('', (-80., -57.6942104232464, 44.5433548465558));
#7870 = CARTESIAN_POINT ('', (-80., -58.0213728366612, 44.6804812967327));
#7880 = CARTESIAN_POINT ('', (-80., -58.3463062811601, 44.8182746754242));
#7890 = CARTESIAN_POINT ('', (-80., -58.5630334249871, 44.910181390192));
#7900 = CARTESIAN_POINT ('', (-80., -58.780272594191, 45.0030098856674));
#7910 = CARTESIAN_POINT ('', (-80., -58.9964619867598, 45.0961745014373));
#7920 = CARTESIAN_POINT ('', (-80., -59.4820399292477, 45.3054293677408));
#7930 = CARTESIAN_POINT ('', (-80., -59.9703507965889, 45.5197867607107));
#7940 = CARTESIAN_POINT ('', (-80., -60.4530553630414, 45.7355872213876));
#7950 = CARTESIAN_POINT ('', (-80., -60.9357308706007, 45.9513746908418));
#7960 = CARTESIAN_POINT ('', (-80., -61.4212215836106, 46.1723713708568));
#7970 = CARTESIAN_POINT ('', (-80., -61.9009353676192, 46.3946652371761));
#7980 = CARTESIAN_POINT ('', (-80., -62.3806205122562, 46.616945832339));
#7990 = CARTESIAN_POINT ('', (-80., -62.8632008459465, 46.8445433431473));
#8000 = CARTESIAN_POINT ('', (-80., -63.3398381393594, 47.0732864118933));
#8010 = CARTESIAN_POINT ('', (-80., -63.8164472601742, 47.3020159603239));
#8020 = CARTESIAN_POINT ('', (-80., -64.2960290606157, 47.5361709665243));
#8030 = CARTESIAN_POINT ('', (-80., -64.7695066231835, 47.7713144506226));
#8040 = CARTESIAN_POINT ('', (-80., -64.9802810488056, 47.8759914970508));
#8050 = CARTESIAN_POINT ('', (-80., -65.1916861584562, 47.9817608551633));
#8060 = CARTESIAN_POINT ('', (-80., -65.4017964667276, 48.087764632942));
#8070 = CARTESIAN_POINT ('', (-80., -65.8734949204965, 48.3257435235696));
#8080 = CARTESIAN_POINT ('', (-80., -66.3485638934634, 48.5698251862134));
#8090 = CARTESIAN_POINT ('', (-80., -66.8167080476767, 48.8147219696718));
#8100 = CARTESIAN_POINT ('', (-80., -67.2848155141007, 49.0595995609187));
#8110 = CARTESIAN_POINT ('', (-80., -67.7563871323834, 49.310728612504));
#8120 = CARTESIAN_POINT ('', (-80., -68.2208385158704, 49.5624716306669));
#8130 = CARTESIAN_POINT ('', (-80., -68.6852538004965, 49.8141950824412));
#8140 = CARTESIAN_POINT ('', (-80., -69.1532235055575, 50.0723200208414));
#8150 = CARTESIAN_POINT ('', (-80., -69.6138841503143, 50.3308505280155));
#8160 = CARTESIAN_POINT ('', (-80., -70.0745093513444, 50.5893611435736));
#8170 = CARTESIAN_POINT ('', (-80., -70.5387756116866, 50.8544243165836));
#8180 = CARTESIAN_POINT ('', (-80., -70.9955511138313, 51.119677883611));
#8190 = CARTESIAN_POINT ('', (-80., -71.3004132225136, 51.2967140017912));
#8200 = CARTESIAN_POINT ('', (-80., -71.6070212221299, 51.4767250190092));
#8210 = CARTESIAN_POINT ('', (-80., -71.9100384362181, 51.6569006566986));
#8220 = CARTESIAN_POINT ('', (-80., -72.2129336710948, 51.8370037649038));
#8230 = CARTESIAN_POINT ('', (-80., -72.5176912737242, 52.0204592589037));
#8240 = CARTESIAN_POINT ('', (-80., -72.8186141980457, 52.2038387738829));
#8250 = CARTESIAN_POINT ('', (-80., -73.1195226336852, 52.3872094595996));
#8260 = CARTESIAN_POINT ('', (-80., -73.4223260246924, 52.5739962314919));
#8270 = CARTESIAN_POINT ('', (-80., -73.7212261038829, 52.7606226971369));
#8280 = CARTESIAN_POINT ('', (-80., -74.0201118546258, 52.9472402164225));
#8290 = CARTESIAN_POINT ('', (-80., -74.3209241649221, 53.1373379490162));
#8300 = CARTESIAN_POINT ('', (-80., -74.6177664429774, 53.3271890813812));
#8310 = CARTESIAN_POINT ('', (-80., -74.9145945663123, 53.5170311608252));
#8320 = CARTESIAN_POINT ('', (-80., -75.2133798171865, 53.710417943936));
#8330 = CARTESIAN_POINT ('', (-80., -75.508130334786, 53.9034699636222));
#8340 = CARTESIAN_POINT ('', (-80., -75.8028668844179, 54.0965128347431));
#8350 = CARTESIAN_POINT ('', (-80., -76.099590043238, 54.2931651979036));
#8360 = CARTESIAN_POINT ('', (-80., -76.3922158882132, 54.4893928683074));
#8370 = CARTESIAN_POINT ('', (-80., -76.6848279644821, 54.6856113057565));
#8380 = CARTESIAN_POINT ('', (-80., -76.9794549979658, 54.8855042549897));
#8390 = CARTESIAN_POINT ('', (-80., -77.2699243528985, 55.0848809241825));
#8400 = CARTESIAN_POINT ('', (-80., -77.4637864884269, 55.217946895542));
#8410 = CARTESIAN_POINT ('', (-80., -77.6585565588911, 55.3526697258248));
#8420 = CARTESIAN_POINT ('', (-80., -77.8514524270343, 55.4871325994322));
#8430 = CARTESIAN_POINT ('', (-80., -78.1402699785149, 55.6884600736499));
#8440 = CARTESIAN_POINT ('', (-80., -78.4313843909118, 55.8940043510151));
#8450 = CARTESIAN_POINT ('', (-80., -78.717755687139, 56.0987964666234));
#8460 = CARTESIAN_POINT ('', (-80., -79.0041074525936, 56.3035746152305));
#8470 = CARTESIAN_POINT ('', (-80., -79.2927935013034, 56.5126625901726));
#8480 = CARTESIAN_POINT ('', (-80., -79.5766564373182, 56.7208770403987));
#8490 = CARTESIAN_POINT ('', (-80., -79.7177840293558, 56.8243946196937));
#8500 = CARTESIAN_POINT ('', (-80., -79.8594939798833, 56.9289925121893));
#8510 = CARTESIAN_POINT ('', (-80., -80., 57.0333522015737));
#8520 = B_SPLINE_CURVE_WITH_KNOTS ('', 3, (#5150, #5160, #5170, #5180, #5190, #5200, #5210, #5220, #5230, #5240, #5250, #5260, #5270, #5280, #5290, #5300, #5310, #5320, #5330, #5340, #5350, #5360, #5370, #5380, #5390, #5400, #5410, #5420, #5430, #5440, #5450, #5460, #5470, #5480, #5490, #5500, #5510, #5520, #5530, #5540, #5550, #5560, #5570, #5580, #5590, #5600, #5610, #5620, #5630, #5640, #5650, #5660, #5670, #5680, #5690, #5700, #5710, #5720, #5730, #5740, #5750, #5760, #5770, #5780, #5790, #5800, #5810, #5820, #5830, #5840, #5850, #5860, #5870, #5880, #5890, #5900, #5910, #5920, #5930, #5940, #5950, #5960, #5970, #5980, #5990, #6000, #6010, #6020, #6030, #6040, #6050, #6060, #6070, #6080, #6090, #6100, #6110, #6120, #6130, #6140, #6150, #6160, #6170, #6180, #6190, #6200, #6210, #6220, #6230, #6240, #6250, #6260, #6270, #6280, #6290, #6300, #6310, #6320, #6330, #6340, #6350, #6360, #6370, #6380, #6390, #6400, #6410, #6420, #6430, #6440, #6450, #6460, #6470, #6480, #6490, #6500, #6510, #6520, #6530, #6540, #6550, #6560, #6570, #6580, #6590, #6600, #6610, #6620, #6630, #6640, #6650, #6660, #6670, #6680, #6690, #6700, #6710, #6720, #6730, #6740, #6750, #6760, #6770, #6780, #6790, #6800, #6810, #6820, #6830, #6840, #6850, #6860, #6870, #6880, #6890, #6900, #6910, #6920, #6930, #6940, #6950, #6960, #6970, #6980, #6990, #7000, #7010, #7020, #7030, #7040, #7050, #7060, #7070, #7080, #7090, #7100, #7110, #7120, #7130, #7140, #7150, #7160, #7170, #7180, #7190, #7200, #7210, #7220, #7230, #7240, #7250, #7260, #7270, #7280, #7290, #7300, #7310, #7320, #7330, #7340, #7350, #7360, #7370, #7380, #7390, #7400, #7410, #7420, #7430, #7440, #7450, #7460, #7470, #7480, #7490, #7500, #7510, #7520, #7530, #7540, #7550, #7560, #7570, #7580, #7590, #7600, #7610, #7620, #7630, #7640, #7650, #7660, #7670, #7680, #7690, #7700, #7710, #7720, #7730, #7740, #7750, #7760, #7770, #7780, #7790, #7800, #7810, #7820, #7830, #7840, #7850, #7860, #7870, #7880, #7890, #7900, #7910, #7920, #7930, #7940, #7950, #7960, #7970, #7980, #7990, #8000, #8010, #8020, #8030, #8040, #8050, #8060, #8070, #8080, #8090, #8100, #8110, #8120, #8130, #8140, #8150, #8160, #8170, #8180, #8190, #8200, #8210, #8220, #8230, #8240, #8250, #8260, #8270, #8280, #8290, #8300, #8310, #8320, #8330, #8340, #8350, #8360, #8370, #8380, #8390, #8400, #8410, #8420, #8430, #8440, #8450, #8460, #8470, #8480, #8490, #8500, #8510), .UNSPECIFIED., .F., .U., (4, 3, 3, 3, 3, 3, 3, 3, 3, 3, 3, 3, 3, 3, 3, 3, 3, 3, 3, 3, 3, 3, 3, 3, 3, 3, 3, 3, 3, 3, 3, 3, 3, 3, 3, 3, 3, 3, 3, 3, 3, 3, 3, 3, 3, 3, 3, 3, 3, 3, 3, 3, 3, 3, 3, 3, 3, 3, 3, 3, 3, 3, 3, 3, 3, 3, 3, 3, 3, 3, 3, 3, 3, 3, 3, 3, 3, 3, 3, 3, 3, 3, 3, 3, 3, 3, 3, 3, 3, 3, 3, 3, 3, 3, 3, 3, 3, 3, 3, 3, 3, 3, 3, 3, 3, 3, 3, 3, 3, 3, 3, 3, 4), (0., 1.06529202697164, 1.77428638241119, 2.83889695489879, 3.90344944610543, 4.96794350037794, 5.67661923234313, 6.74059517994876, 7.8045258861713, 8.86841099957629, 9.93225020732029, 10.9960432357588, 12.0597898509241, 13.1234131906903, 14.1865902011688, 15.2497344022204, 16.3128455276399, 17.3759233359946, 18.4389676110078, 19.5019781618729, 20.2100697092872, 21.8055561017805, 23.4009556129643, 24.9962672920919, 26.5914903226154, 27.299352472937, 28.8938978737652, 30.4883723932491, 32.0827753277445, 33.677106073319, 34.7390348456527, 36.3328266215547, 37.9265583590591, 39.5202295567792, 41.1137913358229, 42.7070077997359, 44.3001721746242, 45.8932840678094, 46.9548336766903, 48.0162858550659, 50.4067652974634, 52.7970872528351, 54.3896287255198, 55.9819568841497, 57.5742422365754, 59.1664845747559, 60.22765199482, 62.616243115578, 65.00470475008, 67.3930358698177, 69.7812357468127, 72.1693039566896, 73.7608478789013, 75.352131317187, 76.9433786857024, 78.5345899033894, 80.1257374178625, 81.7166897216351, 83.3076061556364, 84.8984866477401, 86.4893311612034, 88.0801396947846, 89.6709122827495, 91.2616489947671, 92.3221505718207, 95.8990871421619, 99.4755969628023, 103.051680897676, 104.641792138752, 105.701973396025, 108.085634817164, 110.469153085588, 112.852528701632, 115.235762510201, 117.618855697892, 118.678721157773, 121.060737798151, 123.442587578553, 124.502249151758, 125.561821671437, 127.942794842357, 130.323583285778, 131.383031245646, 132.970963139516, 134.55883096986, 136.146635179382, 137.7343762948, 138.793437775656, 140.380603818653, 141.967693228817, 143.55470663694, 144.613535625534, 145.319763274255, 146.906004692111, 148.492150617976, 150.078201849413, 151.664159334128, 152.370168033017, 153.955160289481, 155.540028332364, 157.124773193503, 158.709396122664, 159.767008637744, 160.824195412191, 161.881331285754, 162.93841648313, 163.995451274124, 165.052435973169, 166.1093709387, 166.81477984347, 167.870968732478, 168.92708558848, 169.452153182336), .UNSPECIFIED.);
#8530 = EDGE_CURVE ('', #2720, #3940, #8520, .T.);
#8540 = ORIENTED_EDGE ('', *, *, #8530, .F.);
#8550 = ORIENTED_EDGE ('', *, *, #3830, .F.);
#8560 = CARTESIAN_POINT ('', (-80., 80., -17.0315110688252));
#8570 = CARTESIAN_POINT ('', (-80., 79.7149038916861, -16.8198171115431));
#8580 = CARTESIAN_POINT ('', (-80., 79.4322310401354, -16.6126133900926));
#8590 = CARTESIAN_POINT ('', (-80., 79.1445476489621, -16.4044490584493));
#8600 = CARTESIAN_POINT ('', (-80., 78.9530828718574, -16.2659073887453));
#8610 = CARTESIAN_POINT ('', (-80., 78.7626191075341, -16.1292753730362));
#8620 = CARTESIAN_POINT ('', (-80., 78.5700854189383, -15.9922230696196));
#8630 = CARTESIAN_POINT ('', (-80., 78.2809810010165, -15.7864282983613));
#8640 = CARTESIAN_POINT ('', (-80., 77.9940458133302, -15.5846146175521));
#8650 = CARTESIAN_POINT ('', (-80., 77.7026295994535, -15.3821067346713));
#8660 = CARTESIAN_POINT ('', (-80., 77.4112292841855, -15.179609899884));
#8670 = CARTESIAN_POINT ('', (-80., 77.1219665768415, -14.9810187784514));
#8680 = CARTESIAN_POINT ('', (-80., 76.8282903907363, -14.7818369279934));
#8690 = CARTESIAN_POINT ('', (-80., 76.5346303255234, -14.5826660113097));
#8700 = CARTESIAN_POINT ('', (-80., 76.2430749572488, -14.3873257978509));
#8710 = CARTESIAN_POINT ('', (-80., 75.947176164897, -14.1914962989538));
#8720 = CARTESIAN_POINT ('', (-80., 75.7501846529051, -14.0611248676488));
#8730 = CARTESIAN_POINT ('', (-80., 75.5540679694414, -13.9323927520381));
#8740 = CARTESIAN_POINT ('', (-80., 75.3561457722177, -13.8034386138978));
#8750 = CARTESIAN_POINT ('', (-80., 75.0589937069715, -13.6098322927882));
#8760 = CARTESIAN_POINT ('', (-80., 74.7637423038839, -13.4196661314009));
#8770 = CARTESIAN_POINT ('', (-80., 74.4645715095883, -13.229194103811));
#8780 = CARTESIAN_POINT ('', (-80., 74.1654134363513, -13.0387301752933));
#8790 = CARTESIAN_POINT ('', (-80., 73.8681281715179, -12.8516484946939));
#8800 = CARTESIAN_POINT ('', (-80., 73.566982518279, -12.6643429785322));
#8810 = CARTESIAN_POINT ('', (-80., 73.2658497700901, -12.477045489008));
#8820 = CARTESIAN_POINT ('', (-80., 72.9665609766948, -12.2930725502333));
#8830 = CARTESIAN_POINT ('', (-80., 72.6634727560244, -12.108956249747));
#8840 = CARTESIAN_POINT ('', (-80., 72.3603976133311, -11.9248478937093));
#8850 = CARTESIAN_POINT ('', (-80., 72.0591366152762, -11.7440066620966));
#8860 = CARTESIAN_POINT ('', (-80., 71.754139021915, -11.5631008940145));
#8870 = CARTESIAN_POINT ('', (-80., 71.449154667939, -11.3822029787194));
#8880 = CARTESIAN_POINT ('', (-80., 71.1459537375903, -11.204515087322));
#8890 = CARTESIAN_POINT ('', (-80., 70.8390808225189, -11.026839748786));
#8900 = CARTESIAN_POINT ('', (-80., 70.532221296308, -10.8491721622223));
#8910 = CARTESIAN_POINT ('', (-80., 70.2271136097396, -10.6746578783203));
#8920 = CARTESIAN_POINT ('', (-80., 69.918400231067, -10.5002314182569));
#8930 = CARTESIAN_POINT ('', (-80., 69.6097226285505, -10.3258251721158));
#8940 = CARTESIAN_POINT ('', (-80., 69.302696663673, -10.1545442665746));
#8950 = CARTESIAN_POINT ('', (-80., 68.9922699970081, -9.98327055110248));
#8960 = CARTESIAN_POINT ('', (-80., 68.6819735949845, -9.81206870738471));
#8970 = CARTESIAN_POINT ('', (-80., 68.3732044732628, -9.64361873334847));
#8980 = CARTESIAN_POINT ('', (-80., 68.0612939362145, -9.47537561973203));
#8990 = CARTESIAN_POINT ('', (-80., 67.7493930246621, -9.30713769806395));
#9000 = CARTESIAN_POINT ('', (-80., 67.4389948688139, -9.14161196137932));
#9010 = CARTESIAN_POINT ('', (-80., 67.1255066198746, -8.97635066920428));
#9020 = CARTESIAN_POINT ('', (-80., 66.8120281239133, -8.81109451849707));
#9030 = CARTESIAN_POINT ('', (-80., 66.5000271997826, -8.64851102647936));
#9040 = CARTESIAN_POINT ('', (-80., 66.1849888032965, -8.48624836436572));
#9050 = CARTESIAN_POINT ('', (-80., 65.8699602798654, -8.32399078743603));
#9060 = CARTESIAN_POINT ('', (-80., 65.5563835153864, -8.16436653451379));
#9070 = CARTESIAN_POINT ('', (-80., 65.2398231364877, -8.00511824297581));
#9080 = CARTESIAN_POINT ('', (-80., 64.923272743055, -7.84587497470826));
#9090 = CARTESIAN_POINT ('', (-80., 64.6081476982802, -7.68922591980521));
#9100 = CARTESIAN_POINT ('', (-80., 64.2900940702977, -7.53300665147345));
#9110 = CARTESIAN_POINT ('', (-80., 63.9720505322879, -7.37679233906112));
#9120 = CARTESIAN_POINT ('', (-80., 63.6554053680289, -7.22313338495584));
#9130 = CARTESIAN_POINT ('', (-80., 63.335887758717, -7.06995668695022));
#9140 = CARTESIAN_POINT ('', (-80., 63.1230510016221, -6.96792277484054));
#9150 = CARTESIAN_POINT ('', (-80., 62.9108047910133, -6.86702033954961));
#9160 = CARTESIAN_POINT ('', (-80., 62.6973451768025, -6.76629597560504));
#9170 = CARTESIAN_POINT ('', (-80., 62.2163735975429, -6.53934177363366));
#9180 = CARTESIAN_POINT ('', (-79.9999999999999, 61.7381991155315, -6.31754189894047));
#9190 = CARTESIAN_POINT ('', (-79.9999999999999, 61.2542812043571, -6.09693971152472));
#9200 = CARTESIAN_POINT ('', (-79.9999999999999, 60.7703896446591, -5.87634953687638));
#9210 = CARTESIAN_POINT ('', (-80., 60.2892198024555, -5.66081708230737));
#9220 = CARTESIAN_POINT ('', (-80., 59.8024630324325, -5.44662344669897));
#9230 = CARTESIAN_POINT ('', (-80., 59.3157330599907, -5.23244160316353));
#9240 = CARTESIAN_POINT ('', (-80., 58.8316471918703, -5.02322164603536));
#9250 = CARTESIAN_POINT ('', (-80., 58.3421353061678, -4.81547650907794));
#9260 = CARTESIAN_POINT ('', (-80., 57.8526506217615, -4.60774291614457));
#9270 = CARTESIAN_POINT ('', (-80., 57.365730375336, -4.40487630507569));
#9280 = CARTESIAN_POINT ('', (-80., 56.8735490654394, -4.20361513124965));
#9290 = CARTESIAN_POINT ('', (-80., 56.6551491842283, -4.11430776509783));
#9300 = CARTESIAN_POINT ('', (-80., 56.4372258471326, -4.02595112308364));
#9310 = CARTESIAN_POINT ('', (-80., 56.2183247382973, -3.93787945730703));
#9320 = CARTESIAN_POINT ('', (-80., 55.7252234244738, -3.7394873416337));
#9330 = CARTESIAN_POINT ('', (-80., 55.234407768583, -3.54550972734641));
#9340 = CARTESIAN_POINT ('', (-80., 54.7389048178725, -3.35319445730012));
#9350 = CARTESIAN_POINT ('', (-80., 54.2434238934493, -3.16088773612604));
#9360 = CARTESIAN_POINT ('', (-80., 53.7501601015255, -2.9729239328542));
#9370 = CARTESIAN_POINT ('', (-80., 53.2523505916298, -2.78672803243391));
#9380 = CARTESIAN_POINT ('', (-80., 52.7545634312214, -2.60054049140176));
#9390 = CARTESIAN_POINT ('', (-80., 52.2589232996826, -2.4186249699225));
#9400 = CARTESIAN_POINT ('', (-80., 51.7588821487104, -2.23857857357576));
#9410 = CARTESIAN_POINT ('', (-80., 51.2588636378314, -2.0585403290925));
#9420 = CARTESIAN_POINT ('', (-80., 50.760920615582, -1.8827039931625));
#9430 = CARTESIAN_POINT ('', (-80., 50.2587241073858, -1.70883350154948));
#9440 = CARTESIAN_POINT ('', (-80., 49.9242283179146, -1.5930243582985));
#9450 = CARTESIAN_POINT ('', (-80., 49.5905812023987, -1.47898317830713));
#9460 = CARTESIAN_POINT ('', (-80., 49.2551950385717, -1.36577844365405));
#9470 = CARTESIAN_POINT ('', (-80., 48.7518319848671, -1.19587554641289));
#9480 = CARTESIAN_POINT ('', (-80., 48.2503160850604, -1.02982908814794));
#9490 = CARTESIAN_POINT ('', (-80., 47.7450159136753, -0.865776977146247));
#9500 = CARTESIAN_POINT ('', (-80., 47.2397347770306, -0.701731046014469));
#9510 = CARTESIAN_POINT ('', (-80., 46.7362374799175, -0.541487884842169));
#9520 = CARTESIAN_POINT ('', (-80., 46.2290862515779, -0.383317956715637));
#9530 = CARTESIAN_POINT ('', (-80., 45.7219542879774, -0.225154036860836));
#9540 = CARTESIAN_POINT ('', (-80., 45.2165417468125, -0.0707398568871001));
#9550 = CARTESIAN_POINT ('', (-80., 44.7076077975016, 0.0815259938080366));
#9560 = CARTESIAN_POINT ('', (-80., 44.1987087907052, 0.233781390196254));
#9570 = CARTESIAN_POINT ('', (-80., 43.6914328969246, 0.3822972771898));
#9580 = CARTESIAN_POINT ('', (-80., 43.1808324261742, 0.52874543906693));
#9590 = CARTESIAN_POINT ('', (-80., 42.6703425994357, 0.675161866519429));
#9600 = CARTESIAN_POINT ('', (-80., 42.1613668239256, 0.818108290902215));
#9610 = CARTESIAN_POINT ('', (-80., 41.6492912150171, 0.958878331011671));
#9620 = CARTESIAN_POINT ('', (-80., 41.1372323480389, 1.0996437687496));
#9630 = CARTESIAN_POINT ('', (-80., 40.6266290368557, 1.23697998470052));
#9640 = CARTESIAN_POINT ('', (-80., 40.1130460453456, 1.37207884681345));
#9650 = CARTESIAN_POINT ('', (-80., 39.5994799721841, 1.50717325852662));
#9660 = CARTESIAN_POINT ('', (-80., 39.0873101312103, 1.63887866483943));
#9670 = CARTESIAN_POINT ('', (-80., 38.5722824050252, 1.76828906951897));
#9680 = CARTESIAN_POINT ('', (-80., 38.2291003073751, 1.85452002734455));
#9690 = CARTESIAN_POINT ('', (-80., 37.8865163609271, 1.93926020072813));
#9700 = CARTESIAN_POINT ('', (-80., 37.5427083191607, 2.02296062278049));
#9710 = CARTESIAN_POINT ('', (-80., 37.1989318325763, 2.10665336269125));
#9720 = CARTESIAN_POINT ('', (-80., 36.8557163630869, 2.18889266779788));
#9730 = CARTESIAN_POINT ('', (-80., 36.5113527225791, 2.2701357015806));
#9740 = CARTESIAN_POINT ('', (-80., 35.7358168858135, 2.45310183613865));
#9750 = CARTESIAN_POINT ('', (-80., 34.9629685517152, 2.62895843114068));
#9760 = CARTESIAN_POINT ('', (-80., 34.1846201344678, 2.79956377065648));
#9770 = CARTESIAN_POINT ('', (-80., 33.4063229955436, 2.97015787053265));
#9780 = CARTESIAN_POINT ('', (-80., 32.6305265590517, 3.13374458030833));
#9790 = CARTESIAN_POINT ('', (-80., 31.8496129830693, 3.2919304526755));
#9800 = CARTESIAN_POINT ('', (-80., 31.3293327532284, 3.39732109328415));
#9810 = CARTESIAN_POINT ('', (-80., 30.8100798876838, 3.49961224580835));
#9820 = CARTESIAN_POINT ('', (-80., 30.2887249223043, 3.59955075072698));
#9830 = CARTESIAN_POINT ('', (-80., 29.7674397901716, 3.69947586931433));
#9840 = CARTESIAN_POINT ('', (-80., 29.2471111692489, 3.7964468817679));
#9850 = CARTESIAN_POINT ('', (-80., 28.7248259247798, 3.89100554989068));
#9860 = CARTESIAN_POINT ('', (-80., 28.2025547207889, 3.98556167601379));
#9870 = CARTESIAN_POINT ('', (-80., 27.6811875252526, 4.07718711197551));
#9880 = CARTESIAN_POINT ('', (-80., 27.1579712239236, 4.16636543629836));
#9890 = CARTESIAN_POINT ('', (-80., 26.6347690568414, 4.25554135154405));
#9900 = CARTESIAN_POINT ('', (-80., 26.1124179696221, 4.34180949284629));
#9910 = CARTESIAN_POINT ('', (-80., 25.5883261387482, 4.42559853933015));
#9920 = CARTESIAN_POINT ('', (-80., 25.2390393733425, 4.48144067099242));
#9930 = CARTESIAN_POINT ('', (-80., 24.8901109032173, 4.53599782201294));
#9940 = CARTESIAN_POINT ('', (-80., 24.5404497138816, 4.58944537414115));
#9950 = CARTESIAN_POINT ('', (-80., 23.7533942537068, 4.70975094141155));
#9960 = CARTESIAN_POINT ('', (-80., 22.9679662262205, 4.82384423651654));
#9970 = CARTESIAN_POINT ('', (-80., 22.1792092606593, 4.93243602343396));
#9980 = CARTESIAN_POINT ('', (-80., 21.3904950538548, 5.04102192355735));
#9990 = CARTESIAN_POINT ('', (-80., 20.603243260803, 5.14344474456476));
#10000 = CARTESIAN_POINT ('', (-80., 19.8130001471275, 5.24027872108822));
#10010 = CARTESIAN_POINT ('', (-80., 19.0228002153864, 5.33710740622938));
#10020 = CARTESIAN_POINT ('', (-80., 18.2338958491465, 5.42782000726289));
#10030 = CARTESIAN_POINT ('', (-80., 17.4423414342981, 5.51286902091816));
#10040 = CARTESIAN_POINT ('', (-80., 16.6508305166732, 5.59791336098954));
#10050 = CARTESIAN_POINT ('', (-80., 15.860446978026, 5.67688630095892));
#10060 = CARTESIAN_POINT ('', (-80., 15.0677573233885, 5.75013371680631));
#10070 = CARTESIAN_POINT ('', (-80., 14.27511137161, 5.8233770943501));
#10080 = CARTESIAN_POINT ('', (-80., 13.4834237723268, 5.89059135391254));
#10090 = CARTESIAN_POINT ('', (-80., 12.6897756418143, 5.95203109804528));
#10100 = CARTESIAN_POINT ('', (-80., 12.1608435730956, 5.99297802366168));
#10110 = CARTESIAN_POINT ('', (-80., 11.632271253466, 6.03124142906413));
#10120 = CARTESIAN_POINT ('', (-80., 11.1029630826022, 6.06699956510855));
#10130 = CARTESIAN_POINT ('', (-80., 10.5737415422539, 6.10275184871025));
#10140 = CARTESIAN_POINT ('', (-80., 10.0448267752228, 6.13591850936701));
#10150 = CARTESIAN_POINT ('', (-80., 9.5152845595153, 6.16655682418619));
#10160 = CARTESIAN_POINT ('', (-80., 8.98575434699064, 6.19719444452383));
#10170 = CARTESIAN_POINT ('', (-80., 8.45648365265409, 6.22525205141278));
#10180 = CARTESIAN_POINT ('', (-80., 7.92668209091894, 6.25077096477828));
#10190 = CARTESIAN_POINT ('', (-80., 7.39689256550558, 6.27628929839115));
#10200 = CARTESIAN_POINT ('', (-80., 6.86731516642953, 6.29923280071447));
#10210 = CARTESIAN_POINT ('', (-80., 6.33730375454681, 6.31962961081254));
#10220 = CARTESIAN_POINT ('', (-80., 5.80731356136213, 6.34002560433621));
#10230 = CARTESIAN_POINT ('', (-80., 5.27748789838028, 6.3578498855076));
#10240 = CARTESIAN_POINT ('', (-80., 4.74732548688166, 6.37312793701035));
#10250 = CARTESIAN_POINT ('', (-80., 4.21722811861427, 6.38840411411799));
#10260 = CARTESIAN_POINT ('', (-80., 3.68724782339476, 6.40112003481841));
#10270 = CARTESIAN_POINT ('', (-80., 3.15702776464286, 6.41128225544986));
#10280 = CARTESIAN_POINT ('', (-80., 2.62681966028592, 6.42144424696286));
#10290 = CARTESIAN_POINT ('', (-80., 2.09668137713512, 6.42904625766139));
#10300 = CARTESIAN_POINT ('', (-80., 1.56639988576615, 6.43409005670547));
#10310 = CARTESIAN_POINT ('', (-80., 1.03613037448783, 6.43913374180032));
#10320 = CARTESIAN_POINT ('', (-80., 0.505883332529416, 6.4416172912676));
#10330 = CARTESIAN_POINT ('', (-80., -0.0244101592732317, 6.44154046388628));
#10340 = CARTESIAN_POINT ('', (-80., -0.554691658195854, 6.44146363824244));
#10350 = CARTESIAN_POINT ('', (-80., -1.08499808089297, 6.43882609037906));
#10360 = CARTESIAN_POINT ('', (-80., -1.6152541110621, 6.43362835326703));
#10370 = CARTESIAN_POINT ('', (-80., -2.14549814851333, 6.4284307337114));
#10380 = CARTESIAN_POINT ('', (-80., -2.67581448504393, 6.42067137391583));
#10390 = CARTESIAN_POINT ('', (-80., -3.20598362206425, 6.4103543659797));
#10400 = CARTESIAN_POINT ('', (-80., -3.73614077948054, 6.40003759116477));
#10410 = CARTESIAN_POINT ('', (-80., -4.26641753454405, 6.38715762873568));
#10420 = CARTESIAN_POINT ('', (-80., -4.79645043779332, 6.37172490780081));
#10430 = CARTESIAN_POINT ('', (-80., -5.32647138745936, 6.35629253491286));
#10440 = CARTESIAN_POINT ('', (-80., -5.85665909791727, 6.33829510147058));
#10450 = CARTESIAN_POINT ('', (-80., -6.38650657769793, 6.31775213703186));
#10460 = CARTESIAN_POINT ('', (-80., -6.73974170684295, 6.30405669263806));
#10470 = CARTESIAN_POINT ('', (-80., -7.09306828750621, 6.28922073935017));
#10480 = CARTESIAN_POINT ('', (-80., -7.44620814860538, 6.27325639902246));
#10490 = CARTESIAN_POINT ('', (-80., -8.63730386306935, 6.219410715079));
#10500 = CARTESIAN_POINT ('', (-80., -9.82981737000282, 6.15235740001765));
#10510 = CARTESIAN_POINT ('', (-80., -11.0194398880414, 6.07231601528812));
#10520 = CARTESIAN_POINT ('', (-80., -12.2089204770734, 5.99228417996947));
#10530 = CARTESIAN_POINT ('', (-80., -13.4003729257382, 5.89892770088431));
#10540 = CARTESIAN_POINT ('', (-80., -14.5878019014983, 5.79271285317464));
#10550 = CARTESIAN_POINT ('', (-80., -15.7750894798836, 5.68651065337987));
#10560 = CARTESIAN_POINT ('', (-80., -16.9648993889761, 5.56685519922654));
#10570 = CARTESIAN_POINT ('', (-80., -18.1495604133225, 5.43453377834578));
#10580 = CARTESIAN_POINT ('', (-80., -18.6763217662389, 5.37569685432236));
#10590 = CARTESIAN_POINT ('', (-80.0000000000001, -19.2036586970337, 5.31418315555188));
#10600 = CARTESIAN_POINT ('', (-80.0000000000001, -19.7298197106437, 5.2501996083562));
#10610 = CARTESIAN_POINT ('', (-80.0000000000001, -20.08062915751, 5.20753960083064));
#10620 = CARTESIAN_POINT ('', (-80., -20.4317186008236, 5.16369731951383));
#10630 = CARTESIAN_POINT ('', (-80., -20.7822360262467, 5.11870088935099));
#10640 = CARTESIAN_POINT ('', (-80., -21.5703228356351, 5.01753304287919));
#10650 = CARTESIAN_POINT ('', (-80.0000000000001, -22.3599848065175, 4.91001060080472));
#10660 = CARTESIAN_POINT ('', (-80.0000000000001, -23.1464289192266, 4.79677893616578));
#10670 = CARTESIAN_POINT ('', (-80.0000000000001, -23.9328258013984, 4.68355407174603));
#10680 = CARTESIAN_POINT ('', (-80., -24.7209758871639, 4.56390209107613));
#10690 = CARTESIAN_POINT ('', (-80., -25.5055438216872, 4.43863005776317));
#10700 = CARTESIAN_POINT ('', (-80., -26.2900648002104, 4.313365521919));
#10710 = CARTESIAN_POINT ('', (-79.9999999999999, -27.07651551868, 4.18159868934557));
#10720 = CARTESIAN_POINT ('', (-79.9999999999999, -27.8590227534242, 4.04431505136771));
#10730 = CARTESIAN_POINT ('', (-79.9999999999999, -28.641483430096, 3.90703958157189));
#10740 = CARTESIAN_POINT ('', (-80., -29.4260483220162, 3.76318414580349));
#10750 = CARTESIAN_POINT ('', (-80., -30.2063124821032, 3.61392897628119));
#10760 = CARTESIAN_POINT ('', (-80., -30.9865306033034, 3.4646826134454));
#10770 = CARTESIAN_POINT ('', (-80., -31.7690248100166, 3.30877632301796));
#10780 = CARTESIAN_POINT ('', (-80., -32.5468662224624, 3.14760085790888));
#10790 = CARTESIAN_POINT ('', (-80., -32.8928062178327, 3.07591910021188));
#10800 = CARTESIAN_POINT ('', (-80., -33.2392353751489, 3.00292335455951));
#10810 = CARTESIAN_POINT ('', (-80., -33.5846645590513, 2.92881914623171));
#10820 = CARTESIAN_POINT ('', (-80., -34.3610065527034, 2.76227210413962));
#10830 = CARTESIAN_POINT ('', (-80.0000000000001, -35.140029127682, 2.58853840692318));
#10840 = CARTESIAN_POINT ('', (-80.0000000000001, -35.9135708024949, 2.4094348456378));
#10850 = CARTESIAN_POINT ('', (-80.0000000000001, -36.6870582908074, 2.23034383053513));
#10860 = CARTESIAN_POINT ('', (-80., -37.4634199594808, 2.04394581287717));
#10870 = CARTESIAN_POINT ('', (-80., -38.2339037145627, 1.85234396157751));
#10880 = CARTESIAN_POINT ('', (-80., -38.5766843696471, 1.76710217981287));
#10890 = CARTESIAN_POINT ('', (-80., -38.9200603477758, 1.68039835025673));
#10900 = CARTESIAN_POINT ('', (-80., -39.2622183941604, 1.59269082405279));
#10910 = CARTESIAN_POINT ('', (-80., -39.6043476857225, 1.50499066875353));
#10920 = CARTESIAN_POINT ('', (-80., -39.9471090448047, 1.41579268227012));
#10930 = CARTESIAN_POINT ('', (-80., -40.2885773600762, 1.32555322831624));
#10940 = CARTESIAN_POINT ('', (-80., -41.0558933127658, 1.12277549028295));
#10950 = CARTESIAN_POINT ('', (-80., -41.8265759601909, 0.912154470154745));
#10960 = CARTESIAN_POINT ('', (-80., -42.5903707764753, 0.696492556709827));
#10970 = CARTESIAN_POINT ('', (-80., -43.3541063338365, 0.480847375366933));
#10980 = CARTESIAN_POINT ('', (-80., -44.1214121873399, 0.257205395629657));
#10990 = CARTESIAN_POINT ('', (-80., -44.8814118980358, 0.0287425199663134));
#11000 = CARTESIAN_POINT ('', (-80., -45.2196108443646, -0.0729231816611833));
#11010 = CARTESIAN_POINT ('', (-80.0000000000001, -45.5585463864498, -0.176185542430642));
#11020 = CARTESIAN_POINT ('', (-80.0000000000001, -45.8959741051473, -0.280382360231952));
#11030 = CARTESIAN_POINT ('', (-80.0000000000001, -46.4017207361214, -0.436555628286657));
#11040 = CARTESIAN_POINT ('', (-80., -46.9092635862985, -0.596574416121213));
#11050 = CARTESIAN_POINT ('', (-80., -47.4131291221741, -0.758714066279036));
#11060 = CARTESIAN_POINT ('', (-80., -47.9169743300982, -0.920847175074689));
#11070 = CARTESIAN_POINT ('', (-80., -48.4226824752812, -1.08688466979727));
#11080 = CARTESIAN_POINT ('', (-80., -48.9245759968629, -1.25496212667377));
#11090 = CARTESIAN_POINT ('', (-80., -49.4264494091647, -1.4230328492202));
#11100 = CARTESIAN_POINT ('', (-80., -49.9302513354407, -1.5950675474698));
#11110 = CARTESIAN_POINT ('', (-80., -50.4301035815792, -1.76905726493317));
#11120 = CARTESIAN_POINT ('', (-80., -50.9299359652378, -1.94304006861891));
#11130 = CARTESIAN_POINT ('', (-79.9999999999999, -51.4317611761062, -2.12104708030237));
#11140 = CARTESIAN_POINT ('', (-79.9999999999999, -51.9295041503865, -2.30092025586465));
#11150 = CARTESIAN_POINT ('', (-79.9999999999999, -52.2615106760774, -2.42089998670823));
#11160 = CARTESIAN_POINT ('', (-80., -52.5944686550944, -2.5427103588073));
#11170 = CARTESIAN_POINT ('', (-80., -52.9254778005025, -2.66541494132493));
#11180 = CARTESIAN_POINT ('', (-80., -53.4215457672924, -2.84930657576981));
#11190 = CARTESIAN_POINT ('', (-80., -53.9198548704691, -3.03760041319179));
#11200 = CARTESIAN_POINT ('', (-80., -54.4135714584437, -3.22771483045827));
#11210 = CARTESIAN_POINT ('', (-80., -54.9072642083951, -3.41782006846687));
#11220 = CARTESIAN_POINT ('', (-80., -55.4032711841418, -3.61240634871303));
#11230 = CARTESIAN_POINT ('', (-80., -55.8945347031535, -3.8087037958719));
#11240 = CARTESIAN_POINT ('', (-80., -56.3857746966914, -4.0049918428));
#11250 = CARTESIAN_POINT ('', (-80., -56.8794003533168, -4.20584057727088));
#11260 = CARTESIAN_POINT ('', (-80., -57.3681348704053, -4.40828637353318));
#11270 = CARTESIAN_POINT ('', (-80., -57.6942104232463, -4.54335484655573));
#11280 = CARTESIAN_POINT ('', (-80., -58.0213728366611, -4.68048129673266));
#11290 = CARTESIAN_POINT ('', (-80., -58.34630628116, -4.8182746754242));
#11300 = CARTESIAN_POINT ('', (-80., -58.563033424987, -4.91018139019201));
#11310 = CARTESIAN_POINT ('', (-80., -58.7802725941909, -5.00300988566735));
#11320 = CARTESIAN_POINT ('', (-80., -58.9964619867597, -5.09617450143723));
#11330 = CARTESIAN_POINT ('', (-80., -59.4820399292476, -5.30542936774076));
#11340 = CARTESIAN_POINT ('', (-80., -59.9703507965888, -5.51978676071063));
#11350 = CARTESIAN_POINT ('', (-80., -60.4530553630414, -5.73558722138761));
#11360 = CARTESIAN_POINT ('', (-80., -60.9357308706006, -5.9513746908418));
#11370 = CARTESIAN_POINT ('', (-80., -61.4212215836106, -6.17237137085679));
#11380 = CARTESIAN_POINT ('', (-80., -61.9009353676191, -6.39466523717608));
#11390 = CARTESIAN_POINT ('', (-80., -62.3806205122561, -6.61694583233899));
#11400 = CARTESIAN_POINT ('', (-80., -62.8632008459464, -6.84454334314724));
#11410 = CARTESIAN_POINT ('', (-80., -63.3398381393593, -7.07328641189328));
#11420 = CARTESIAN_POINT ('', (-80., -63.8164472601741, -7.30201596032387));
#11430 = CARTESIAN_POINT ('', (-80., -64.2960290606156, -7.53617096652425));
#11440 = CARTESIAN_POINT ('', (-80., -64.7695066231834, -7.77131445062259));
#11450 = CARTESIAN_POINT ('', (-80., -64.9802810488055, -7.87599149705074));
#11460 = CARTESIAN_POINT ('', (-80., -65.1916861584561, -7.98176085516325));
#11470 = CARTESIAN_POINT ('', (-80., -65.4017964667275, -8.08776463294192));
#11480 = CARTESIAN_POINT ('', (-80., -65.8734949204964, -8.3257435235696));
#11490 = CARTESIAN_POINT ('', (-80., -66.3485638934633, -8.56982518621338));
#11500 = CARTESIAN_POINT ('', (-80., -66.8167080476766, -8.81472196967174));
#11510 = CARTESIAN_POINT ('', (-80., -67.2848155141006, -9.05959956091864));
#11520 = CARTESIAN_POINT ('', (-80., -67.7563871323832, -9.31072861250393));
#11530 = CARTESIAN_POINT ('', (-80., -68.2208385158703, -9.5624716306668));
#11540 = CARTESIAN_POINT ('', (-80., -68.6852538004963, -9.81419508244114));
#11550 = CARTESIAN_POINT ('', (-80., -69.1532235055574, -10.0723200208413));
#11560 = CARTESIAN_POINT ('', (-80., -69.6138841503142, -10.3308505280154));
#11570 = CARTESIAN_POINT ('', (-80., -70.0745093513443, -10.5893611435735));
#11580 = CARTESIAN_POINT ('', (-80., -70.5387756116865, -10.8544243165836));
#11590 = CARTESIAN_POINT ('', (-80., -70.9955511138312, -11.119677883611));
#11600 = CARTESIAN_POINT ('', (-80., -71.3004132225135, -11.2967140017911));
#11610 = CARTESIAN_POINT ('', (-80., -71.6070212221298, -11.4767250190092));
#11620 = CARTESIAN_POINT ('', (-80., -71.9100384362179, -11.6569006566985));
#11630 = CARTESIAN_POINT ('', (-80., -72.2129336710946, -11.8370037649038));
#11640 = CARTESIAN_POINT ('', (-80., -72.517691273724, -12.0204592589037));
#11650 = CARTESIAN_POINT ('', (-80., -72.8186141980455, -12.2038387738829));
#11660 = CARTESIAN_POINT ('', (-80., -73.1195226336851, -12.3872094595996));
#11670 = CARTESIAN_POINT ('', (-80., -73.4223260246923, -12.5739962314919));
#11680 = CARTESIAN_POINT ('', (-80., -73.7212261038828, -12.7606226971369));
#11690 = CARTESIAN_POINT ('', (-80., -74.0201118546256, -12.9472402164224));
#11700 = CARTESIAN_POINT ('', (-80., -74.3209241649219, -13.1373379490162));
#11710 = CARTESIAN_POINT ('', (-80., -74.6177664429773, -13.3271890813812));
#11720 = CARTESIAN_POINT ('', (-80., -74.9145945663122, -13.5170311608252));
#11730 = CARTESIAN_POINT ('', (-80., -75.2133798171864, -13.7104179439359));
#11740 = CARTESIAN_POINT ('', (-80., -75.5081303347859, -13.9034699636221));
#11750 = CARTESIAN_POINT ('', (-80., -75.8028668844178, -14.096512834743));
#11760 = CARTESIAN_POINT ('', (-80., -76.0995900432379, -14.2931651979036));
#11770 = CARTESIAN_POINT ('', (-80., -76.3922158882131, -14.4893928683073));
#11780 = CARTESIAN_POINT ('', (-80., -76.684827964482, -14.6856113057565));
#11790 = CARTESIAN_POINT ('', (-80., -76.9794549979657, -14.8855042549897));
#11800 = CARTESIAN_POINT ('', (-80., -77.2699243528984, -15.0848809241825));
#11810 = CARTESIAN_POINT ('', (-80., -77.4637864884268, -15.2179468955419));
#11820 = CARTESIAN_POINT ('', (-80., -77.6585565588909, -15.3526697258249));
#11830 = CARTESIAN_POINT ('', (-80., -77.8514524270342, -15.4871325994322));
#11840 = CARTESIAN_POINT ('', (-80., -78.1402699785148, -15.68846007365));
#11850 = CARTESIAN_POINT ('', (-80.0000000000001, -78.4313843909117, -15.8940043510151));
#11860 = CARTESIAN_POINT ('', (-80.0000000000001, -78.7177556871389, -16.0987964666233));
#11870 = CARTESIAN_POINT ('', (-80.0000000000001, -79.0041074525935, -16.3035746152304));
#11880 = CARTESIAN_POINT ('', (-80., -79.2927935013033, -16.5126625901725));
#11890 = CARTESIAN_POINT ('', (-80., -79.5766564373182, -16.7208770403986));
#11900 = CARTESIAN_POINT ('', (-80., -79.7177840293557, -16.8243946196936));
#11910 = CARTESIAN_POINT ('', (-80., -79.8594939798833, -16.9289925121893));
#11920 = CARTESIAN_POINT ('', (-80., -80., -17.0333522015737));
#11930 = B_SPLINE_CURVE_WITH_KNOTS ('', 3, (#8560, #8570, #8580, #8590, #8600, #8610, #8620, #8630, #8640, #8650, #8660, #8670, #8680, #8690, #8700, #8710, #8720, #8730, #8740, #8750, #8760, #8770, #8780, #8790, #8800, #8810, #8820, #8830, #8840, #8850, #8860, #8870, #8880, #8890, #8900, #8910, #8920, #8930, #8940, #8950, #8960, #8970, #8980, #8990, #9000, #9010, #9020, #9030, #9040, #9050, #9060, #9070, #9080, #9090, #9100, #9110, #9120, #9130, #9140, #9150, #9160, #9170, #9180, #9190, #9200, #9210, #9220, #9230, #9240, #9250, #9260, #9270, #9280, #9290, #9300, #9310, #9320, #9330, #9340, #9350, #9360, #9370, #9380, #9390, #9400, #9410, #9420, #9430, #9440, #9450, #9460, #9470, #9480, #9490, #9500, #9510, #9520, #9530, #9540, #9550, #9560, #9570, #9580, #9590, #9600, #9610, #9620, #9630, #9640, #9650, #9660, #9670, #9680, #9690, #9700, #9710, #9720, #9730, #9740, #9750, #9760, #9770, #9780, #9790, #9800, #9810, #9820, #9830, #9840, #9850, #9860, #9870, #9880, #9890, #9900, #9910, #9920, #9930, #9940, #9950, #9960, #9970, #9980, #9990, #10000, #10010, #10020, #10030, #10040, #10050, #10060, #10070, #10080, #10090, #10100, #10110, #10120, #10130, #10140, #10150, #10160, #10170, #10180, #10190, #10200, #10210, #10220, #10230, #10240, #10250, #10260, #10270, #10280, #10290, #10300, #10310, #10320, #10330, #10340, #10350, #10360, #10370, #10380, #10390, #10400, #10410, #10420, #10430, #10440, #10450, #10460, #10470, #10480, #10490, #10500, #10510, #10520, #10530, #10540, #10550, #10560, #10570, #10580, #10590, #10600, #10610, #10620, #10630, #10640, #10650, #10660, #10670, #10680, #10690, #10700, #10710, #10720, #10730, #10740, #10750, #10760, #10770, #10780, #10790, #10800, #10810, #10820, #10830, #10840, #10850, #10860, #10870, #10880, #10890, #10900, #10910, #10920, #10930, #10940, #10950, #10960, #10970, #10980, #10990, #11000, #11010, #11020, #11030, #11040, #11050, #11060, #11070, #11080, #11090, #11100, #11110, #11120, #11130, #11140, #11150, #11160, #11170, #11180, #11190, #11200, #11210, #11220, #11230, #11240, #11250, #11260, #11270, #11280, #11290, #11300, #11310, #11320, #11330, #11340, #11350, #11360, #11370, #11380, #11390, #11400, #11410, #11420, #11430, #11440, #11450, #11460, #11470, #11480, #11490, #11500, #11510, #11520, #11530, #11540, #11550, #11560, #11570, #11580, #11590, #11600, #11610, #11620, #11630, #11640, #11650, #11660, #11670, #11680, #11690, #11700, #11710, #11720, #11730, #11740, #11750, #11760, #11770, #11780, #11790, #11800, #11810, #11820, #11830, #11840, #11850, #11860, #11870, #11880, #11890, #11900, #11910, #11920), .UNSPECIFIED., .F., .U., (4, 3, 3, 3, 3, 3, 3, 3, 3, 3, 3, 3, 3, 3, 3, 3, 3, 3, 3, 3, 3, 3, 3, 3, 3, 3, 3, 3, 3, 3, 3, 3, 3, 3, 3, 3, 3, 3, 3, 3, 3, 3, 3, 3, 3, 3, 3, 3, 3, 3, 3, 3, 3, 3, 3, 3, 3, 3, 3, 3, 3, 3, 3, 3, 3, 3, 3, 3, 3, 3, 3, 3, 3, 3, 3, 3, 3, 3, 3, 3, 3, 3, 3, 3, 3, 3, 3, 3, 3, 3, 3, 3, 3, 3, 3, 3, 3, 3, 3, 3, 3, 3, 3, 3, 3, 3, 3, 3, 3, 3, 3, 3, 4), (0., 1.06529202697155, 1.77428638241108, 2.83889695489868, 3.9034494461053, 4.96794350037781, 5.67661923234294, 6.74059517994861, 7.80452588617117, 8.86841099957616, 9.93225020732022, 10.9960432357588, 12.0597898509241, 13.1234131906902, 14.1865902011687, 15.2497344022204, 16.3128455276398, 17.3759233359944, 18.4389676110077, 19.5019781618727, 20.2100697092871, 21.8055561017804, 23.4009556129642, 24.9962672920918, 26.5914903226153, 27.2993524729369, 28.8938978737651, 30.488372393249, 32.0827753277445, 33.677106073319, 34.7390348456527, 36.3328266215546, 37.926558359059, 39.5202295567791, 41.1137913358228, 42.7070077997358, 44.3001721746241, 45.8932840678094, 46.9548336766902, 48.0162858550658, 50.4067652974632, 52.7970872528349, 54.3896287255197, 55.9819568841496, 57.5742422365752, 59.1664845747558, 60.2276519948199, 62.6162431155779, 65.0047047500799, 67.3930358698176, 69.7812357468126, 72.1693039566895, 73.7608478789012, 75.3521313171869, 76.9433786857024, 78.5345899033893, 80.1257374178624, 81.716689721635, 83.3076061556363, 84.8984866477401, 86.4893311612033, 88.0801396947845, 89.6709122827494, 91.2616489947671, 92.3221505718206, 95.8990871421618, 99.4755969628022, 103.051680897676, 104.641792138751, 105.701973396025, 108.085634817164, 110.469153085588, 112.852528701631, 115.235762510201, 117.618855697892, 118.678721157773, 121.060737798151, 123.442587578553, 124.502249151758, 125.561821671437, 127.942794842357, 130.323583285778, 131.383031245646, 132.970963139516, 134.55883096986, 136.146635179382, 137.7343762948, 138.793437775655, 140.380603818653, 141.967693228817, 143.55470663694, 144.613535625534, 145.319763274255, 146.906004692111, 148.492150617976, 150.078201849413, 151.664159334127, 152.370168033017, 153.955160289481, 155.540028332364, 157.124773193503, 158.709396122664, 159.767008637744, 160.824195412191, 161.881331285754, 162.93841648313, 163.995451274124, 165.052435973169, 166.1093709387, 166.81477984347, 167.870968732478, 168.927085588481, 169.452153182336), .UNSPECIFIED.);
#11940 = EDGE_CURVE ('', #2910, #4060, #11930, .T.);
#11950 = ORIENTED_EDGE ('', *, *, #11940, .T.);
#11960 = ORIENTED_EDGE ('', *, *, #4100, .T.);
#11970 = EDGE_LOOP ('', (#8540, #8550, #11950, #11960));
#11980 = FACE_OUTER_BOUND ('', #11970, .T.);
#11990 = CARTESIAN_POINT ('', (-80., -80., -17.0333522015737));
#12000 = CARTESIAN_POINT ('', (-80., 80., -17.0333522015737));
#12010 = CARTESIAN_POINT ('', (-80., -80., 57.0333522015737));
#12020 = CARTESIAN_POINT ('', (-80., 80., 57.0333522015737));
#12030 = B_SPLINE_SURFACE_WITH_KNOTS ('', 1, 1, ((#11990, #12000), (#12010, #12020)), .UNSPECIFIED., .F., .F., .U., (2, 2), (2, 2), (0.461462481920006, 0.538537518079994), (0., 1.), .UNSPECIFIED.);
#12040 = ADVANCED_FACE ('', (#11980), #12030, .T.);
#12050 = CARTESIAN_POINT ('', (80., -80., 57.0333522015737));
#12060 = CARTESIAN_POINT ('', (80., -79.7149741238437, 56.8216515792268));
#12070 = CARTESIAN_POINT ('', (80., -79.4323188740193, 56.6143433794303));
#12080 = CARTESIAN_POINT ('', (80., -79.1447618855431, 56.406093812902));
#12090 = CARTESIAN_POINT ('', (80., -78.8572244541437, 56.1978584096628));
#12100 = CARTESIAN_POINT ('', (80., -78.5720205288023, 55.9939221655201));
#12110 = CARTESIAN_POINT ('', (80., -78.2819943931567, 55.7891671942484));
#12120 = CARTESIAN_POINT ('', (80., -77.9920326600791, 55.5844576904167));
#12130 = CARTESIAN_POINT ('', (80., -77.7042470431823, 55.3839390703759));
#12140 = CARTESIAN_POINT ('', (80., -77.4119629178802, 55.1825593849435));
#12150 = CARTESIAN_POINT ('', (80., -77.1198320799013, 54.9812853123387));
#12160 = CARTESIAN_POINT ('', (80., -76.8297329648017, 54.7837172929849));
#12170 = CARTESIAN_POINT ('', (80., -76.5354397315174, 54.5856183993881));
#12180 = CARTESIAN_POINT ('', (80., -76.2411602659385, 54.3875287733071));
#12190 = CARTESIAN_POINT ('', (80., -75.9488841155805, 54.1930804442093));
#12200 = CARTESIAN_POINT ('', (80., -75.6524743791553, 53.9981928561627));
#12210 = CARTESIAN_POINT ('', (80., -75.3560786197568, 53.8033144579257));
#12220 = CARTESIAN_POINT ('', (80., -75.0616566194058, 53.6120128138793));
#12230 = CARTESIAN_POINT ('', (80., -74.7631638112746, 53.4203618817582));
#12240 = CARTESIAN_POINT ('', (80., -74.4646851772101, 53.2287200502689));
#12250 = CARTESIAN_POINT ('', (80., -74.1681496446042, 53.0405907097279));
#12260 = CARTESIAN_POINT ('', (80., -73.8676082336163, 52.8522002990085));
#12270 = CARTESIAN_POINT ('', (80., -73.5670811809001, 52.663818888582));
#12280 = CARTESIAN_POINT ('', (80., -73.268465520653, 52.4788860501301));
#12290 = CARTESIAN_POINT ('', (80., -72.9659109616697, 52.2937785028852));
#12300 = CARTESIAN_POINT ('', (80., -72.6633709318214, 52.1086798447893));
#12310 = CARTESIAN_POINT ('', (80., -72.3627095867696, 51.9269662470734));
#12320 = CARTESIAN_POINT ('', (80., -72.0581782666397, 51.7451623473643));
#12330 = CARTESIAN_POINT ('', (80., -71.8553830233656, 51.6240944517733));
#12340 = CARTESIAN_POINT ('', (80., -71.6534095173258, 51.5045059821216));
#12350 = CARTESIAN_POINT ('', (80., -71.449743925667, 51.3849080188793));
#12360 = CARTESIAN_POINT ('', (80., -71.1440761619674, 51.2054116117074));
#12370 = CARTESIAN_POINT ('', (80., -70.8400555702496, 51.0288823160747));
#12380 = CARTESIAN_POINT ('', (80., -70.5326439881997, 50.852389083416));
#12390 = CARTESIAN_POINT ('', (80., -70.2252446323598, 50.6759028701523));
#12400 = CARTESIAN_POINT ('', (80., -69.9194662699694, 50.502333221898));
#12410 = CARTESIAN_POINT ('', (80., -69.6103519497513, 50.3288682845791));
#12420 = CARTESIAN_POINT ('', (80., -69.3012481456439, 50.1554092485607));
#12430 = CARTESIAN_POINT ('', (80., -68.9937394601399, 49.9848223993126));
#12440 = CARTESIAN_POINT ('', (80., -68.6829490862773, 49.8144036726291));
#12450 = CARTESIAN_POINT ('', (80., -68.3721693669073, 49.6439907882277));
#12460 = CARTESIAN_POINT ('', (80., -68.0629581608426, 49.4764059034179));
#12470 = CARTESIAN_POINT ('', (80., -67.750520971479, 49.3090512266256));
#12480 = CARTESIAN_POINT ('', (80., -67.4380945665015, 49.1417023264102));
#12490 = CARTESIAN_POINT ('', (80., -67.1272093735208, 48.9771374681352));
#12500 = CARTESIAN_POINT ('', (80., -66.8131552682073, 48.8128635144293));
#12510 = CARTESIAN_POINT ('', (80., -66.4991120683895, 48.6485952651192));
#12520 = CARTESIAN_POINT ('', (80., -66.1865821192046, 48.4870673671353));
#12530 = CARTESIAN_POINT ('', (80., -65.8709416218678, 48.3258896220086));
#12540 = CARTESIAN_POINT ('', (80., -65.5553138807473, 48.1647183906791));
#12550 = CARTESIAN_POINT ('', (80., -65.2411546020286, 48.0062691365378));
#12560 = CARTESIAN_POINT ('', (80., -64.9239768733272, 47.8481700372714));
#12570 = CARTESIAN_POINT ('', (80., -64.6069168901791, 47.6901296289667));
#12580 = CARTESIAN_POINT ('', (80., -64.2911931402075, 47.5345235219392));
#12590 = CARTESIAN_POINT ('', (80., -63.9727241944855, 47.3793419051745));
#12600 = CARTESIAN_POINT ('', (80., -63.6542635278732, 47.2241643226041));
#12610 = CARTESIAN_POINT ('', (80., -63.337116347085, 47.0713891468508));
#12620 = CARTESIAN_POINT ('', (80., -63.0172713296221, 46.9190853612257));
#12630 = CARTESIAN_POINT ('', (80., -62.6974346938087, 46.7667855667741));
#12640 = CARTESIAN_POINT ('', (80., -62.3788882783083, 46.6168564241303));
#12650 = CARTESIAN_POINT ('', (80., -62.0576924082659, 46.4674445301387));
#12660 = CARTESIAN_POINT ('', (80., -61.7365050164621, 46.3180365800014));
#12670 = CARTESIAN_POINT ('', (80., -61.4165840861594, 46.1709676906119));
#12680 = CARTESIAN_POINT ('', (80., -61.0940630561369, 46.0244608258881));
#12690 = CARTESIAN_POINT ('', (80., -60.7715505948024, 45.8779578535356));
#12700 = CARTESIAN_POINT ('', (80., -60.4502803686529, 45.7337625387112));
#12710 = CARTESIAN_POINT ('', (80., -60.1264603180594, 45.5901729030903));
#12720 = CARTESIAN_POINT ('', (80., -59.802648920291, 45.4465871043412));
#12730 = CARTESIAN_POINT ('', (80., -59.4800550905463, 45.3052777709579));
#12740 = CARTESIAN_POINT ('', (80., -59.1549625781379, 45.1646166131953));
#12750 = CARTESIAN_POINT ('', (80., -58.8298975040723, 45.023967327466));
#12760 = CARTESIAN_POINT ('', (80., -58.5059837822008, 44.8855796455847));
#12770 = CARTESIAN_POINT ('', (80., -58.1797065924163, 44.7477655701795));
#12780 = CARTESIAN_POINT ('', (80., -57.6899927587142, 44.5409185661049));
#12790 = CARTESIAN_POINT ('', (79.9999999999999, -57.2027128969821, 44.3386941735327));
#12800 = CARTESIAN_POINT ('', (79.9999999999999, -56.7104398602793, 44.1380138821504));
#12810 = CARTESIAN_POINT ('', (79.9999999999999, -56.2181901452091, 43.9373430980775));
#12820 = CARTESIAN_POINT ('', (79.9999999999999, -55.7283035745218, 43.741216181469));
#12830 = CARTESIAN_POINT ('', (79.9999999999999, -55.2335703488387, 43.5467487523908));
#12840 = CARTESIAN_POINT ('', (79.9999999999999, -54.7388607993179, 43.352290629828));
#12850 = CARTESIAN_POINT ('', (80., -54.2464418196547, 43.1622983556156));
#12860 = CARTESIAN_POINT ('', (80., -53.7493261575982, 42.9740763633943));
#12870 = CARTESIAN_POINT ('', (80., -53.2522344907316, 42.7858634564278));
#12880 = CARTESIAN_POINT ('', (80., -52.7573592255882, 42.6020392198865));
#12890 = CARTESIAN_POINT ('', (80., -52.2579403927812, 42.4200912793798));
#12900 = CARTESIAN_POINT ('', (80., -51.7586878626981, 42.238203926172));
#12910 = CARTESIAN_POINT ('', (80., -51.261449350076, 42.0603747111075));
#12920 = CARTESIAN_POINT ('', (80., -50.7600830485361, 41.8843976395));
#12930 = CARTESIAN_POINT ('', (80., -50.258739438103, 41.7084285323578));
#12940 = CARTESIAN_POINT ('', (80., -49.7593442815065, 41.5364492633478));
#12950 = CARTESIAN_POINT ('', (80., -49.2559565498739, 41.3664159312265));
#12960 = CARTESIAN_POINT ('', (80., -48.7525888658051, 41.1963893707325));
#12970 = CARTESIAN_POINT ('', (80., -48.2511040597135, 41.0302940579847));
#12980 = CARTESIAN_POINT ('', (80., -47.7457617613618, 40.8662293813025));
#12990 = CARTESIAN_POINT ('', (80., -47.2404397530511, 40.7021712919949));
#13000 = CARTESIAN_POINT ('', (80., -46.7369338712687, 40.5419865550208));
#13010 = CARTESIAN_POINT ('', (80., -46.2297079036393, 40.3839131337481));
#13020 = CARTESIAN_POINT ('', (80., -45.891798508409, 40.278606036728));
#13030 = CARTESIAN_POINT ('', (80., -45.5546456698733, 40.1749968951756));
#13040 = CARTESIAN_POINT ('', (80., -45.2159430101146, 40.0722698182186));
#13050 = CARTESIAN_POINT ('', (80., -44.4529327811532, 39.8408520591572));
#13060 = CARTESIAN_POINT ('', (80., -43.6935337087558, 39.6174826663085));
#13070 = CARTESIAN_POINT ('', (80., -42.9267391323931, 39.3989309187302));
#13080 = CARTESIAN_POINT ('', (80., -42.1600036177628, 39.1803960049236));
#13090 = CARTESIAN_POINT ('', (80., -41.3966753501892, 38.9697607216426));
#13100 = CARTESIAN_POINT ('', (80., -40.6263705921152, 38.7641605328378));
#13110 = CARTESIAN_POINT ('', (80., -40.2844645558143, 38.6729032156784));
#13120 = CARTESIAN_POINT ('', (80., -39.9432014002658, 38.5831834017758));
#13130 = CARTESIAN_POINT ('', (80., -39.6006223943608, 38.4944858239778));
#13140 = CARTESIAN_POINT ('', (80., -39.2580740643725, 38.4057961885213));
#13150 = CARTESIAN_POINT ('', (80., -38.9161306800509, 38.3186028033933));
#13160 = CARTESIAN_POINT ('', (80., -38.5729490573302, 38.2323961699945));
#13170 = CARTESIAN_POINT ('', (80., -37.7999919025417, 38.0382306620996));
#13180 = CARTESIAN_POINT ('', (80., -37.0299433544171, 37.8514141267116));
#13190 = CARTESIAN_POINT ('', (80., -36.2539413896645, 37.6697992641729));
#13200 = CARTESIAN_POINT ('', (80., -35.4779935101146, 37.4881970596906));
#13210 = CARTESIAN_POINT ('', (80., -34.704760333311, 37.3138278310799));
#13220 = CARTESIAN_POINT ('', (80., -33.9259714310983, 37.144823931003));
#13230 = CARTESIAN_POINT ('', (80., -33.4071498265443, 37.0322351738127));
#13240 = CARTESIAN_POINT ('', (80., -32.8894344085949, 36.9228599888214));
#13250 = CARTESIAN_POINT ('', (80., -32.369455025914, 36.8157454371279));
#13260 = CARTESIAN_POINT ('', (80., -31.84959287105, 36.7086550340938));
#13270 = CARTESIAN_POINT ('', (80., -31.3307498228841, 36.6045298190545));
#13280 = CARTESIAN_POINT ('', (80., -30.8098219106863, 36.5027500333648));
#13290 = CARTESIAN_POINT ('', (80., -30.2889075528325, 36.400972895946));
#13300 = CARTESIAN_POINT ('', (79.9999999999999, -29.7689614953969, 36.3021381394638));
#13310 = CARTESIAN_POINT ('', (79.9999999999999, -29.247034657309, 36.2056874805599));
#13320 = CARTESIAN_POINT ('', (79.9999999999999, -28.7251214980541, 36.1092393494671));
#13330 = CARTESIAN_POINT ('', (80., -28.2041252701977, 36.0157112273867));
#13340 = CARTESIAN_POINT ('', (80., -27.6812534681002, 35.9246032345096));
#13350 = CARTESIAN_POINT ('', (80., -27.1583954537283, 35.8334976440799));
#13360 = CARTESIAN_POINT ('', (80., -26.6364025095742, 35.7452901519297));
#13370 = CARTESIAN_POINT ('', (80., -26.1126401776987, 35.6595361344795));
#13380 = CARTESIAN_POINT ('', (80., -25.5888917265451, 35.5737843896777));
#13390 = CARTESIAN_POINT ('', (80., -25.0659560641956, 35.4909093175616));
#13400 = CARTESIAN_POINT ('', (80., -24.5413580351334, 35.4105183371819));
#13410 = CARTESIAN_POINT ('', (80., -24.0167739636532, 35.3301294957041));
#13420 = CARTESIAN_POINT ('', (80., -23.4929500523231, 35.2525964082046));
#13430 = CARTESIAN_POINT ('', (80., -22.9675714820375, 35.1775752660541));
#13440 = CARTESIAN_POINT ('', (80., -22.4422069298804, 35.1025561256144));
#13450 = CARTESIAN_POINT ('', (80., -21.9175496357428, 35.0303723468004));
#13460 = CARTESIAN_POINT ('', (80., -21.3914459278854, 34.9607255760625));
#13470 = CARTESIAN_POINT ('', (80., -21.0408063836539, 34.9143071388152));
#13480 = CARTESIAN_POINT ('', (80., -20.6904615191146, 34.8691409542565));
#13490 = CARTESIAN_POINT ('', (80., -20.3395141105519, 34.8251105361518));
#13500 = CARTESIAN_POINT ('', (80., -19.9886141427438, 34.7810860700395));
#13510 = CARTESIAN_POINT ('', (80., -19.6379825482867, 34.7382721195536));
#13520 = CARTESIAN_POINT ('', (80., -19.2868021742114, 34.6965434017621));
#13530 = CARTESIAN_POINT ('', (80., -18.1006996193994, 34.5556057456877));
#13540 = CARTESIAN_POINT ('', (80., -16.9172869031113, 34.4281661097373));
#13550 = CARTESIAN_POINT ('', (80., -15.7283700764396, 34.313364225222));
#13560 = CARTESIAN_POINT ('', (80., -14.539593944543, 34.1985759262031));
#13570 = CARTESIAN_POINT ('', (80., -13.352958138493, 34.0971728720693));
#13580 = CARTESIAN_POINT ('', (80., -12.1619417721072, 34.0086005267247));
#13590 = CARTESIAN_POINT ('', (80., -10.9710673558804, 33.9200387377913));
#13600 = CARTESIAN_POINT ('', (80., -9.78177891550433, 33.8447607530878));
#13610 = CARTESIAN_POINT ('', (80., -8.58924309432649, 33.7824439745271));
#13620 = CARTESIAN_POINT ('', (80., -8.23612439876512, 33.7639915145119));
#13630 = CARTESIAN_POINT ('', (80., -7.88311361067026, 33.7466984101354));
#13640 = CARTESIAN_POINT ('', (80., -7.52988215041311, 33.7305478089027));
#13650 = CARTESIAN_POINT ('', (80., -7.17669339237053, 33.7143991601192));
#13660 = CARTESIAN_POINT ('', (80., -6.82359699639158, 33.6993956073966));
#13670 = CARTESIAN_POINT ('', (80., -6.47031169846338, 33.6855184343062));
#13680 = CARTESIAN_POINT ('', (80., -4.6813749107723, 33.6152483562808));
#13690 = CARTESIAN_POINT ('', (80., -2.89370211538891, 33.5741358147741));
#13700 = CARTESIAN_POINT ('', (80., -1.10342586633547, 33.5621497272003));
#13710 = CARTESIAN_POINT ('', (80., 0.686389907498419, 33.5501667225565));
#13720 = CARTESIAN_POINT ('', (80., 2.47676191386492, 33.5673690507025));
#13730 = CARTESIAN_POINT ('', (80., 4.26601792995688, 33.6137048418752));
#13740 = CARTESIAN_POINT ('', (80., 5.06107459329279, 33.6342941701723));
#13750 = CARTESIAN_POINT ('', (80., 5.85649865842527, 33.6606483399817));
#13760 = CARTESIAN_POINT ('', (80., 6.65117378265778, 33.6927492010387));
#13770 = CARTESIAN_POINT ('', (80., 7.4457096416045, 33.7248444364816));
#13780 = CARTESIAN_POINT ('', (80., 8.24077314089541, 33.7627355924241));
#13790 = CARTESIAN_POINT ('', (80., 9.03476023195592, 33.8063456201656));
#13800 = CARTESIAN_POINT ('', (80., 9.82870673886784, 33.849953418808));
#13810 = CARTESIAN_POINT ('', (80., 10.6233404348098, 33.8993787251844));
#13820 = CARTESIAN_POINT ('', (80., 11.4165716378246, 33.9544872953333));
#13830 = CARTESIAN_POINT ('', (80., 11.7691627303671, 33.9789830424539));
#13840 = CARTESIAN_POINT ('', (80., 12.1219150542368, 34.0046315488375));
#13850 = CARTESIAN_POINT ('', (80., 12.4743380901793, 34.0314368450368));
#13860 = CARTESIAN_POINT ('', (80., 13.6628190758877, 34.1218327090983));
#13870 = CARTESIAN_POINT ('', (80., 14.8535229475003, 34.2257645552657));
#13880 = CARTESIAN_POINT ('', (80., 16.0396903917979, 34.3426630570446));
#13890 = CARTESIAN_POINT ('', (80., 17.2257107608525, 34.4595470643475));
#13900 = CARTESIAN_POINT ('', (80., 18.4145221613438, 34.5901297152765));
#13910 = CARTESIAN_POINT ('', (80., 19.5976354837317, 34.7334791253338));
#13920 = CARTESIAN_POINT ('', (80., 20.386615912421, 34.8290742613696));
#13930 = CARTESIAN_POINT ('', (80., 21.1770450004482, 34.930823226777));
#13940 = CARTESIAN_POINT ('', (80., 21.9645148075284, 35.0381537901106));
#13950 = CARTESIAN_POINT ('', (80., 22.7519416850443, 35.1454785022302));
#13960 = CARTESIAN_POINT ('', (80., 23.5409821735053, 35.2590100130005));
#13970 = CARTESIAN_POINT ('', (80., 24.3267259049894, 35.3780329927118));
#13980 = CARTESIAN_POINT ('', (80., 24.6760869429749, 35.4309535443751));
#13990 = CARTESIAN_POINT ('', (80., 25.0258005357583, 35.4851210793869));
#14000 = CARTESIAN_POINT ('', (80., 25.3747936382229, 35.5404160527822));
#14010 = CARTESIAN_POINT ('', (80., 26.1594316242426, 35.6647352334637));
#14020 = CARTESIAN_POINT ('', (80., 26.9459972948999, 35.7955872579085));
#14030 = CARTESIAN_POINT ('', (80., 27.7286237491348, 35.9319978913725));
#14040 = CARTESIAN_POINT ('', (80., 28.5112025904739, 36.0684002259791));
#14050 = CARTESIAN_POINT ('', (80., 29.2958868335154, 36.211416942115));
#14060 = CARTESIAN_POINT ('', (80., 30.076267990063, 36.3598773418965));
#14070 = CARTESIAN_POINT ('', (80., 30.5967175871801, 36.4588881324644));
#14080 = CARTESIAN_POINT ('', (80., 31.1181827663068, 36.5608462333269));
#14090 = CARTESIAN_POINT ('', (80., 31.6375720336688, 36.665276634731));
#14100 = CARTESIAN_POINT ('', (80., 32.1568919478087, 36.7696930917099));
#14110 = CARTESIAN_POINT ('', (80., 32.6773003051189, 36.8772035340856));
#14120 = CARTESIAN_POINT ('', (80., 33.1954831948954, 36.9871237890583));
#14130 = CARTESIAN_POINT ('', (80., 33.7136508040621, 37.0970408026107));
#14140 = CARTESIAN_POINT ('', (80., 34.2329624141241, 37.2100828676767));
#14150 = CARTESIAN_POINT ('', (80., 34.7499346907048, 37.3254912135832));
#14160 = CARTESIAN_POINT ('', (80., 35.2668918021218, 37.4408961740345));
#14170 = CARTESIAN_POINT ('', (80., 35.7850478901394, 37.5594577874715));
#14180 = CARTESIAN_POINT ('', (80., 36.3007519315675, 37.6803391408562));
#14190 = CARTESIAN_POINT ('', (80., 36.6446784171305, 37.7609557265331));
#14200 = CARTESIAN_POINT ('', (79.9999999999999, 36.9891580297256, 37.8429874799405));
#14210 = CARTESIAN_POINT ('', (79.9999999999999, 37.3325062133012, 37.9260325652448));
#14220 = CARTESIAN_POINT ('', (79.9999999999999, 37.8472327325149, 38.0505286591263));
#14230 = CARTESIAN_POINT ('', (80., 38.3633041280724, 38.1783634350859));
#14240 = CARTESIAN_POINT ('', (80., 38.8766245968725, 38.3085354877103));
#14250 = CARTESIAN_POINT ('', (80., 39.3899250958289, 38.4387024762165));
#14260 = CARTESIAN_POINT ('', (80., 39.9046310636699, 38.5722572502054));
#14270 = CARTESIAN_POINT ('', (80., 40.416461716978, 38.7080888719282));
#14280 = CARTESIAN_POINT ('', (80., 40.9282754748252, 38.8439160098676));
#14290 = CARTESIAN_POINT ('', (80., 41.4415536953377, 38.9831722627222));
#14300 = CARTESIAN_POINT ('', (80., 41.951835475627, 39.1246460724089));
#14310 = CARTESIAN_POINT ('', (80., 42.4621005278281, 39.2661152442927));
#14320 = CARTESIAN_POINT ('', (80., 42.9738881940958, 39.411055421059));
#14330 = CARTESIAN_POINT ('', (80., 43.4825599640261, 39.5581505622681));
#14340 = CARTESIAN_POINT ('', (80., 43.8218065012731, 39.6562521677648));
#14350 = CARTESIAN_POINT ('', (80., 44.1617782841243, 39.7559297779531));
#14360 = CARTESIAN_POINT ('', (80., 44.5002659653538, 39.8566185444119));
#14370 = CARTESIAN_POINT ('', (80., 45.0076632301654, 40.0075522638101));
#14380 = CARTESIAN_POINT ('', (80., 45.5167666858018, 40.1622153758041));
#14390 = CARTESIAN_POINT ('', (80., 46.0223776760121, 40.3190289548339));
#14400 = CARTESIAN_POINT ('', (80., 46.5279693730337, 40.4758365501449));
#14410 = CARTESIAN_POINT ('', (80., 47.0353315754104, 40.6364275759103));
#14420 = CARTESIAN_POINT ('', (80., 47.5390690178236, 40.7990934148421));
#14430 = CARTESIAN_POINT ('', (80., 48.0427873772336, 40.9617530915306));
#14440 = CARTESIAN_POINT ('', (80., 48.5483394757502, 41.1282508942542));
#14450 = CARTESIAN_POINT ('', (80., 49.0501366565879, 41.2967440553334));
#14460 = CARTESIAN_POINT ('', (80., 49.3848608661977, 41.4091375527875));
#14470 = CARTESIAN_POINT ('', (80., 49.7204234641223, 41.5232580846846));
#14480 = CARTESIAN_POINT ('', (80., 50.0542688993956, 41.6382355612442));
#14490 = CARTESIAN_POINT ('', (80., 50.3880608875277, 41.7531946304308));
#14500 = CARTESIAN_POINT ('', (80., 50.7227577762588, 41.8699686399477));
#14510 = CARTESIAN_POINT ('', (80., 51.0556013013372, 41.9876455992168));
#14520 = CARTESIAN_POINT ('', (80., 51.5544787182413, 42.1640239062771));
#14530 = CARTESIAN_POINT ('', (80., 52.0554623778436, 42.344622852184));
#14540 = CARTESIAN_POINT ('', (80., 52.5521311408653, 42.5271279867332));
#14550 = CARTESIAN_POINT ('', (80., 53.0487774235201, 42.7096248606817));
#14560 = CARTESIAN_POINT ('', (80., 53.5476004030291, 42.8964141433118));
#14570 = CARTESIAN_POINT ('', (80., 54.0419631348023, 43.0850092877603));
#14580 = CARTESIAN_POINT ('', (80., 54.5363036736535, 43.2735959657992));
#14590 = CARTESIAN_POINT ('', (80., 55.0328898605718, 43.4665475697058));
#14600 = CARTESIAN_POINT ('', (80., 55.5248734161154, 43.6612002978147));
#14610 = CARTESIAN_POINT ('', (80., 55.8530993617176, 43.7910625158253));
#14620 = CARTESIAN_POINT ('', (80., 56.1823489733448, 43.9228928766543));
#14630 = CARTESIAN_POINT ('', (80., 56.5094999121304, 44.0554399637021));
#14640 = CARTESIAN_POINT ('', (80., 56.8365758424071, 44.1879566606205));
#14650 = CARTESIAN_POINT ('', (80., 57.1647687260686, 44.3225851570751));
#14660 = CARTESIAN_POINT ('', (80., 57.49067151655, 44.457961337716));
#14670 = CARTESIAN_POINT ('', (80., 57.8165587339715, 44.5933310494912));
#14680 = CARTESIAN_POINT ('', (80., 58.1435903258463, 44.7308645665311));
#14690 = CARTESIAN_POINT ('', (80., 58.4682749640807, 44.8690938074294));
#14700 = CARTESIAN_POINT ('', (80., 58.7929515624485, 45.0073196254844));
#14710 = CARTESIAN_POINT ('', (80., 59.1187959689979, 45.147737732386));
#14720 = CARTESIAN_POINT ('', (80., 59.4422448997447, 45.2888123917101));
#14730 = CARTESIAN_POINT ('', (80., 59.7656858651826, 45.4298835769054));
#14740 = CARTESIAN_POINT ('', (80., 60.0903176721693, 45.5731757242938));
#14750 = CARTESIAN_POINT ('', (80., 60.4125062691046, 45.7170841862432));
#14760 = CARTESIAN_POINT ('', (80., 60.7346869809756, 45.860989126257));
#14770 = CARTESIAN_POINT ('', (80., 61.0580811434738, 46.007143870863));
#14780 = CARTESIAN_POINT ('', (80., 61.3789851980227, 46.1538736586911));
#14790 = CARTESIAN_POINT ('', (80., 61.6998814532933, 46.3005998803864));
#14800 = CARTESIAN_POINT ('', (80., 62.0220133208075, 46.4496048968296));
#14810 = CARTESIAN_POINT ('', (80., 62.3416090657632, 46.5991426866552));
#14820 = CARTESIAN_POINT ('', (80., 62.6611846265638, 46.7486710323814));
#14830 = CARTESIAN_POINT ('', (80., 62.9820577241148, 46.9004772052902));
#14840 = CARTESIAN_POINT ('', (80., 63.3002684199691, 47.0528885509326));
#14850 = CARTESIAN_POINT ('', (80., 63.6183840351179, 47.2052543563764));
#14860 = CARTESIAN_POINT ('', (80., 63.937891407072, 47.3601620105387));
#14870 = CARTESIAN_POINT ('', (80., 64.2545409114695, 47.5155517612781));
#14880 = CARTESIAN_POINT ('', (80., 64.5711803450935, 47.6709365699762));
#14890 = CARTESIAN_POINT ('', (80., 64.8892383819333, 47.8289023609218));
#14900 = CARTESIAN_POINT ('', (80., 65.2043826884772, 47.9872975494623));
#14910 = CARTESIAN_POINT ('', (80., 65.5195170234357, 48.1456877261681));
#14920 = CARTESIAN_POINT ('', (80., 65.8360962476501, 48.3066982803745));
#14930 = CARTESIAN_POINT ('', (80., 66.1497069768898, 48.4680841770706));
#14940 = CARTESIAN_POINT ('', (80., 66.4633078416903, 48.6294649974692));
#14950 = CARTESIAN_POINT ('', (80., 66.7783792887178, 48.7935058203742));
#14960 = CARTESIAN_POINT ('', (80., 67.0904286402626, 48.9578666240854));
#14970 = CARTESIAN_POINT ('', (80., 67.4024682422499, 49.1222222925671));
#14980 = CARTESIAN_POINT ('', (80., 67.716003494863, 49.2892777854445));
#14990 = CARTESIAN_POINT ('', (80., 68.0264642793938, 49.4565966434342));
#15000 = CARTESIAN_POINT ('', (80., 68.3369154367383, 49.6239103129753));
#15010 = CARTESIAN_POINT ('', (80., 68.6488866583324, 49.7939637920185));
#15020 = CARTESIAN_POINT ('', (80., 68.9577323283032, 49.9642228218881));
#15030 = CARTESIAN_POINT ('', (80., 69.1637843358249, 50.0778142311723));
#15040 = CARTESIAN_POINT ('', (80., 69.3705479707997, 50.1926232644339));
#15050 = CARTESIAN_POINT ('', (80., 69.5758489339983, 50.3075665225077));
#15060 = CARTESIAN_POINT ('', (80., 69.883411548186, 50.4797637123585));
#15070 = CARTESIAN_POINT ('', (80., 70.1927047843, 50.6550736756574));
#15080 = CARTESIAN_POINT ('', (80., 70.4984377539801, 50.8304988308918));
#15090 = CARTESIAN_POINT ('', (80., 70.8041573397184, 51.0059163066139));
#15100 = CARTESIAN_POINT ('', (80., 71.1116391950101, 51.1845033965102));
#15110 = CARTESIAN_POINT ('', (80., 71.4154944145581, 51.3631308340615));
#15120 = CARTESIAN_POINT ('', (80., 71.7193363876182, 51.541750484397));
#15130 = CARTESIAN_POINT ('', (80., 72.02497143839, 51.7235969968067));
#15140 = CARTESIAN_POINT ('', (80., 72.3269151185068, 51.9054071673598));
#15150 = CARTESIAN_POINT ('', (80., 72.628845701718, 52.0872094518374));
#15160 = CARTESIAN_POINT ('', (80., 72.9325992829938, 52.2722961999352));
#15170 = CARTESIAN_POINT ('', (80., 73.2325984905505, 52.4572681523626));
#15180 = CARTESIAN_POINT ('', (80., 73.5325847625402, 52.6422321290453));
#15190 = CARTESIAN_POINT ('', (80., 73.8344230189016, 52.8305384694508));
#15200 = CARTESIAN_POINT ('', (80., 74.1324457236176, 53.0186498819869));
#15210 = CARTESIAN_POINT ('', (80., 74.4304556654468, 53.2067532386111));
#15220 = CARTESIAN_POINT ('', (80., 74.7303455999543, 53.3982571011667));
#15230 = CARTESIAN_POINT ('', (80., 75.0263607187741, 53.589484315842));
#15240 = CARTESIAN_POINT ('', (80., 75.22390631235, 53.7170997355595));
#15250 = CARTESIAN_POINT ('', (80., 75.4222982725704, 53.8462494109301));
#15260 = CARTESIAN_POINT ('', (80., 75.618945097309, 53.975245469828));
#15270 = CARTESIAN_POINT ('', (80., 75.8155576055115, 54.1042190178213));
#15280 = CARTESIAN_POINT ('', (80., 76.0130771459615, 54.2347959182554));
#15290 = CARTESIAN_POINT ('', (80., 76.2087267643026, 54.3652255211324));
#15300 = CARTESIAN_POINT ('', (80., 76.5018023965273, 54.5606040690083));
#15310 = CARTESIAN_POINT ('', (80., 76.7969786040257, 54.759808626779));
#15320 = CARTESIAN_POINT ('', (80., 77.0878209850429, 54.9584963530688));
#15330 = CARTESIAN_POINT ('', (80., 77.3786473819003, 55.1571731598483));
#15340 = CARTESIAN_POINT ('', (80., 77.6716065676823, 55.3597513428224));
#15350 = CARTESIAN_POINT ('', (80., 77.9601633004832, 55.5617104441683));
#15360 = CARTESIAN_POINT ('', (80., 78.2487042661573, 55.7636585101981));
#15370 = CARTESIAN_POINT ('', (80., 78.539408937832, 55.9695836711578));
#15380 = CARTESIAN_POINT ('', (80., 78.8256450530854, 56.1747855146436));
#15390 = CARTESIAN_POINT ('', (80., 79.016663386806, 56.3117260058334));
#15400 = CARTESIAN_POINT ('', (80., 79.2087229114099, 56.4505342072936));
#15410 = CARTESIAN_POINT ('', (80., 79.3986321664152, 56.5890086699502));
#15420 = CARTESIAN_POINT ('', (80., 79.5991148459965, 56.7351928636915));
#15430 = CARTESIAN_POINT ('', (80., 79.8007931860142, 56.8835929544054));
#15440 = CARTESIAN_POINT ('', (80., 80., 57.0315110688251));
#15450 = B_SPLINE_CURVE_WITH_KNOTS ('', 3, (#12050, #12060, #12070, #12080, #12090, #12100, #12110, #12120, #12130, #12140, #12150, #12160, #12170, #12180, #12190, #12200, #12210, #12220, #12230, #12240, #12250, #12260, #12270, #12280, #12290, #12300, #12310, #12320, #12330, #12340, #12350, #12360, #12370, #12380, #12390, #12400, #12410, #12420, #12430, #12440, #12450, #12460, #12470, #12480, #12490, #12500, #12510, #12520, #12530, #12540, #12550, #12560, #12570, #12580, #12590, #12600, #12610, #12620, #12630, #12640, #12650, #12660, #12670, #12680, #12690, #12700, #12710, #12720, #12730, #12740, #12750, #12760, #12770, #12780, #12790, #12800, #12810, #12820, #12830, #12840, #12850, #12860, #12870, #12880, #12890, #12900, #12910, #12920, #12930, #12940, #12950, #12960, #12970, #12980, #12990, #13000, #13010, #13020, #13030, #13040, #13050, #13060, #13070, #13080, #13090, #13100, #13110, #13120, #13130, #13140, #13150, #13160, #13170, #13180, #13190, #13200, #13210, #13220, #13230, #13240, #13250, #13260, #13270, #13280, #13290, #13300, #13310, #13320, #13330, #13340, #13350, #13360, #13370, #13380, #13390, #13400, #13410, #13420, #13430, #13440, #13450, #13460, #13470, #13480, #13490, #13500, #13510, #13520, #13530, #13540, #13550, #13560, #13570, #13580, #13590, #13600, #13610, #13620, #13630, #13640, #13650, #13660, #13670, #13680, #13690, #13700, #13710, #13720, #13730, #13740, #13750, #13760, #13770, #13780, #13790, #13800, #13810, #13820, #13830, #13840, #13850, #13860, #13870, #13880, #13890, #13900, #13910, #13920, #13930, #13940, #13950, #13960, #13970, #13980, #13990, #14000, #14010, #14020, #14030, #14040, #14050, #14060, #14070, #14080, #14090, #14100, #14110, #14120, #14130, #14140, #14150, #14160, #14170, #14180, #14190, #14200, #14210, #14220, #14230, #14240, #14250, #14260, #14270, #14280, #14290, #14300, #14310, #14320, #14330, #14340, #14350, #14360, #14370, #14380, #14390, #14400, #14410, #14420, #14430, #14440, #14450, #14460, #14470, #14480, #14490, #14500, #14510, #14520, #14530, #14540, #14550, #14560, #14570, #14580, #14590, #14600, #14610, #14620, #14630, #14640, #14650, #14660, #14670, #14680, #14690, #14700, #14710, #14720, #14730, #14740, #14750, #14760, #14770, #14780, #14790, #14800, #14810, #14820, #14830, #14840, #14850, #14860, #14870, #14880, #14890, #14900, #14910, #14920, #14930, #14940, #14950, #14960, #14970, #14980, #14990, #15000, #15010, #15020, #15030, #15040, #15050, #15060, #15070, #15080, #15090, #15100, #15110, #15120, #15130, #15140, #15150, #15160, #15170, #15180, #15190, #15200, #15210, #15220, #15230, #15240, #15250, #15260, #15270, #15280, #15290, #15300, #15310, #15320, #15330, #15340, #15350, #15360, #15370, #15380, #15390, #15400, #15410, #15420, #15430, #15440), .UNSPECIFIED., .F., .U., (4, 3, 3, 3, 3, 3, 3, 3, 3, 3, 3, 3, 3, 3, 3, 3, 3, 3, 3, 3, 3, 3, 3, 3, 3, 3, 3, 3, 3, 3, 3, 3, 3, 3, 3, 3, 3, 3, 3, 3, 3, 3, 3, 3, 3, 3, 3, 3, 3, 3, 3, 3, 3, 3, 3, 3, 3, 3, 3, 3, 3, 3, 3, 3, 3, 3, 3, 3, 3, 3, 3, 3, 3, 3, 3, 3, 3, 3, 3, 3, 3, 3, 3, 3, 3, 3, 3, 3, 3, 3, 3, 3, 3, 3, 3, 3, 3, 3, 3, 3, 3, 3, 3, 3, 3, 3, 3, 3, 3, 3, 3, 3, 3, 4), (0., 1.06513479533193, 2.13019714963876, 3.19502299853413, 4.25929040347102, 5.32350801956294, 6.38767545309967, 7.45179235416191, 8.51585841737294, 9.57987338249574, 10.2884283304969, 11.3518500142961, 12.4152294042537, 13.4785726179016, 14.5418793780959, 15.6051494361593, 16.6683825722816, 17.731572739165, 18.7943682190851, 19.8571360699369, 20.9198760705891, 21.9825880193135, 23.0452717340741, 24.107927052766, 25.1704926816008, 26.7653117616611, 28.3600552865277, 29.9547224926744, 31.5493127261049, 33.1433719729531, 34.737359075007, 36.331282696058, 37.9251423193479, 38.9869573204708, 41.3789542055814, 43.7707668490656, 44.8323923575888, 45.8939228038485, 48.2848362419207, 50.6755830399018, 52.2682753423818, 53.8606085770837, 55.452900379887, 57.0451504513748, 58.6373585364579, 60.2295244249259, 61.8216479518433, 63.413728997789, 64.4748250592548, 65.5357776827105, 69.1191174992618, 72.7020332683287, 76.2845220109688, 77.3453234805757, 78.4059967097027, 83.7769458276875, 89.1465134890532, 91.5324831378943, 93.9180346501474, 96.3034642264419, 97.3637871402309, 100.939528488632, 104.514826473805, 106.899078331725, 109.283200210194, 110.343239585338, 112.726516373735, 115.109648169961, 116.698999697501, 118.288139001462, 119.877231443556, 121.466277270294, 122.526022594521, 124.11472772851, 125.703371056677, 127.291961943942, 128.880500753925, 129.939938926881, 131.528049989718, 133.116100453148, 134.704090756722, 135.763360954981, 136.822461568882, 138.409878293842, 139.997223168683, 141.584496784468, 142.643443526896, 143.702147476146, 144.760800835892, 145.819427981181, 146.878029056536, 147.936604224277, 148.995153664321, 150.05363625139, 151.111802566026, 152.169935226565, 153.228034406378, 154.286100304309, 155.344133144411, 156.402133175605, 157.107997144513, 158.165456223885, 159.222869011321, 160.280235701127, 161.337556527308, 162.39483176322, 163.452061721091, 164.157603790722, 164.863022737287, 165.919713292069, 166.976345773091, 168.032920518297, 168.738020736353, 169.482378251131), .UNSPECIFIED.);
#15460 = EDGE_CURVE ('', #3960, #2740, #15450, .T.);
#15470 = ORIENTED_EDGE ('', *, *, #15460, .F.);
#15480 = ORIENTED_EDGE ('', *, *, #5050, .F.);
#15490 = CARTESIAN_POINT ('', (80., -80., -17.0333522015737));
#15500 = CARTESIAN_POINT ('', (80., -79.7149741238436, -16.8216515792268));
#15510 = CARTESIAN_POINT ('', (80., -79.4323188740193, -16.6143433794303));
#15520 = CARTESIAN_POINT ('', (80., -79.1447618855431, -16.4060938129019));
#15530 = CARTESIAN_POINT ('', (80., -78.8572244541437, -16.1978584096627));
#15540 = CARTESIAN_POINT ('', (80., -78.5720205288022, -15.99392216552));
#15550 = CARTESIAN_POINT ('', (80., -78.2819943931567, -15.7891671942483));
#15560 = CARTESIAN_POINT ('', (80., -77.992032660079, -15.5844576904166));
#15570 = CARTESIAN_POINT ('', (80., -77.7042470431822, -15.3839390703759));
#15580 = CARTESIAN_POINT ('', (80., -77.4119629178802, -15.1825593849436));
#15590 = CARTESIAN_POINT ('', (80., -77.1198320799012, -14.9812853123387));
#15600 = CARTESIAN_POINT ('', (80., -76.8297329648016, -14.7837172929849));
#15610 = CARTESIAN_POINT ('', (80., -76.5354397315173, -14.585618399388));
#15620 = CARTESIAN_POINT ('', (80., -76.2411602659385, -14.387528773307));
#15630 = CARTESIAN_POINT ('', (80., -75.9488841155805, -14.1930804442093));
#15640 = CARTESIAN_POINT ('', (80., -75.6524743791553, -13.9981928561627));
#15650 = CARTESIAN_POINT ('', (80., -75.3560786197567, -13.8033144579256));
#15660 = CARTESIAN_POINT ('', (80., -75.0616566194057, -13.6120128138792));
#15670 = CARTESIAN_POINT ('', (80., -74.7631638112745, -13.4203618817582));
#15680 = CARTESIAN_POINT ('', (80., -74.46468517721, -13.2287200502688));
#15690 = CARTESIAN_POINT ('', (80., -74.1681496446041, -13.0405907097277));
#15700 = CARTESIAN_POINT ('', (80., -73.8676082336162, -12.8522002990084));
#15710 = CARTESIAN_POINT ('', (80., -73.5670811808999, -12.6638188885819));
#15720 = CARTESIAN_POINT ('', (80., -73.2684655206528, -12.47888605013));
#15730 = CARTESIAN_POINT ('', (80., -72.9659109616695, -12.2937785028851));
#15740 = CARTESIAN_POINT ('', (80., -72.6633709318213, -12.1086798447892));
#15750 = CARTESIAN_POINT ('', (80., -72.3627095867694, -11.9269662470733));
#15760 = CARTESIAN_POINT ('', (80., -72.0581782666396, -11.7451623473642));
#15770 = CARTESIAN_POINT ('', (80., -71.8553830233655, -11.6240944517732));
#15780 = CARTESIAN_POINT ('', (80., -71.6534095173257, -11.5045059821215));
#15790 = CARTESIAN_POINT ('', (80., -71.4497439256669, -11.3849080188792));
#15800 = CARTESIAN_POINT ('', (80., -71.1440761619673, -11.2054116117073));
#15810 = CARTESIAN_POINT ('', (80., -70.8400555702494, -11.0288823160746));
#15820 = CARTESIAN_POINT ('', (80., -70.5326439881996, -10.852389083416));
#15830 = CARTESIAN_POINT ('', (80., -70.2252446323596, -10.6759028701523));
#15840 = CARTESIAN_POINT ('', (80., -69.9194662699692, -10.5023332218979));
#15850 = CARTESIAN_POINT ('', (80., -69.6103519497511, -10.328868284579));
#15860 = CARTESIAN_POINT ('', (80., -69.3012481456437, -10.1554092485606));
#15870 = CARTESIAN_POINT ('', (80., -68.9937394601398, -9.98482239931251));
#15880 = CARTESIAN_POINT ('', (80., -68.6829490862771, -9.81440367262895));
#15890 = CARTESIAN_POINT ('', (80., -68.3721693669071, -9.64399078822761));
#15900 = CARTESIAN_POINT ('', (80., -68.0629581608423, -9.47640590341772));
#15910 = CARTESIAN_POINT ('', (80., -67.7505209714788, -9.30905122662546));
#15920 = CARTESIAN_POINT ('', (80., -67.4380945665012, -9.1417023264101));
#15930 = CARTESIAN_POINT ('', (80., -67.1272093735206, -8.97713746813504));
#15940 = CARTESIAN_POINT ('', (80., -66.813155268207, -8.81286351442916));
#15950 = CARTESIAN_POINT ('', (80., -66.4991120683893, -8.64859526511907));
#15960 = CARTESIAN_POINT ('', (80., -66.1865821192043, -8.48706736713513));
#15970 = CARTESIAN_POINT ('', (80., -65.8709416218675, -8.32588962200844));
#15980 = CARTESIAN_POINT ('', (80., -65.555313880747, -8.16471839067895));
#15990 = CARTESIAN_POINT ('', (80., -65.2411546020284, -8.00626913653766));
#16000 = CARTESIAN_POINT ('', (80., -64.9239768733269, -7.84817003727126));
#16010 = CARTESIAN_POINT ('', (80., -64.6069168901789, -7.69012962896659));
#16020 = CARTESIAN_POINT ('', (80., -64.2911931402072, -7.53452352193909));
#16030 = CARTESIAN_POINT ('', (80., -63.9727241944853, -7.3793419051744));
#16040 = CARTESIAN_POINT ('', (80., -63.6542635278729, -7.22416432260403));
#16050 = CARTESIAN_POINT ('', (80., -63.3371163470848, -7.07138914685069));
#16060 = CARTESIAN_POINT ('', (80., -63.0172713296219, -6.91908536122562));
#16070 = CARTESIAN_POINT ('', (80., -62.6974346938084, -6.766785566774));
#16080 = CARTESIAN_POINT ('', (80., -62.3788882783082, -6.61685642413021));
#16090 = CARTESIAN_POINT ('', (80., -62.0576924082657, -6.46744453013865));
#16100 = CARTESIAN_POINT ('', (80., -61.7365050164619, -6.31803658000132));
#16110 = CARTESIAN_POINT ('', (80., -61.4165840861592, -6.17096769061178));
#16120 = CARTESIAN_POINT ('', (80., -61.0940630561367, -6.02446082588799));
#16130 = CARTESIAN_POINT ('', (80., -60.7715505948022, -5.87795785353552));
#16140 = CARTESIAN_POINT ('', (80., -60.4502803686528, -5.7337625387111));
#16150 = CARTESIAN_POINT ('', (80., -60.1264603180592, -5.59017290309023));
#16160 = CARTESIAN_POINT ('', (80., -59.8026489202908, -5.44658710434116));
#16170 = CARTESIAN_POINT ('', (80., -59.4800550905461, -5.30527777095775));
#16180 = CARTESIAN_POINT ('', (80., -59.1549625781377, -5.16461661319524));
#16190 = CARTESIAN_POINT ('', (80., -58.8298975040721, -5.02396732746584));
#16200 = CARTESIAN_POINT ('', (80., -58.5059837822006, -4.88557964558459));
#16210 = CARTESIAN_POINT ('', (80., -58.1797065924161, -4.74776557017937));
#16220 = CARTESIAN_POINT ('', (80., -57.689992758714, -4.54091856610477));
#16230 = CARTESIAN_POINT ('', (80., -57.2027128969819, -4.33869417353264));
#16240 = CARTESIAN_POINT ('', (80., -56.7104398602791, -4.13801388215039));
#16250 = CARTESIAN_POINT ('', (80., -56.218190145209, -3.93734309807745));
#16260 = CARTESIAN_POINT ('', (80., -55.7283035745217, -3.74121618146896));
#16270 = CARTESIAN_POINT ('', (80., -55.2335703488386, -3.54674875239072));
#16280 = CARTESIAN_POINT ('', (80., -54.7388607993177, -3.35229062982794));
#16290 = CARTESIAN_POINT ('', (80., -54.2464418196546, -3.16229835561557));
#16300 = CARTESIAN_POINT ('', (80., -53.749326157598, -2.97407636339426));
#16310 = CARTESIAN_POINT ('', (80., -53.2522344907315, -2.78586345642779));
#16320 = CARTESIAN_POINT ('', (80., -52.7573592255881, -2.60203921988636));
#16330 = CARTESIAN_POINT ('', (80., -52.2579403927811, -2.42009127937969));
#16340 = CARTESIAN_POINT ('', (80., -51.7586878626979, -2.23820392617192));
#16350 = CARTESIAN_POINT ('', (80., -51.2614493500758, -2.06037471110746));
#16360 = CARTESIAN_POINT ('', (80., -50.7600830485359, -1.88439763949991));
#16370 = CARTESIAN_POINT ('', (80., -50.2587394381028, -1.7084285323577));
#16380 = CARTESIAN_POINT ('', (80., -49.7593442815063, -1.53644926334769));
#16390 = CARTESIAN_POINT ('', (80., -49.2559565498737, -1.36641593122643));
#16400 = CARTESIAN_POINT ('', (80., -48.7525888658049, -1.1963893707324));
#16410 = CARTESIAN_POINT ('', (80., -48.2511040597133, -1.03029405798464));
#16420 = CARTESIAN_POINT ('', (80., -47.7457617613616, -0.866229381302466));
#16430 = CARTESIAN_POINT ('', (80., -47.2404397530509, -0.702171291994901));
#16440 = CARTESIAN_POINT ('', (80., -46.7369338712685, -0.541986555020749));
#16450 = CARTESIAN_POINT ('', (80., -46.2297079036391, -0.383913133747988));
#16460 = CARTESIAN_POINT ('', (80., -45.8917985084088, -0.278606036727865));
#16470 = CARTESIAN_POINT ('', (80., -45.5546456698731, -0.174996895175599));
#16480 = CARTESIAN_POINT ('', (80., -45.2159430101144, -0.0722698182185879));
#16490 = CARTESIAN_POINT ('', (80., -44.452932781153, 0.159147940842851));
#16500 = CARTESIAN_POINT ('', (80., -43.6935337087556, 0.382517333691526));
#16510 = CARTESIAN_POINT ('', (80., -42.9267391323929, 0.60106908126983));
#16520 = CARTESIAN_POINT ('', (80., -42.1600036177626, 0.819603995076455));
#16530 = CARTESIAN_POINT ('', (80., -41.396675350189, 1.0302392783574));
#16540 = CARTESIAN_POINT ('', (80., -40.6263705921151, 1.23583946716219));
#16550 = CARTESIAN_POINT ('', (80., -40.2844645558142, 1.32709678432161));
#16560 = CARTESIAN_POINT ('', (80., -39.9432014002657, 1.41681659822423));
#16570 = CARTESIAN_POINT ('', (80., -39.6006223943606, 1.50551417602231));
#16580 = CARTESIAN_POINT ('', (80., -39.2580740643724, 1.59420381147872));
#16590 = CARTESIAN_POINT ('', (80., -38.9161306800507, 1.68139719660678));
#16600 = CARTESIAN_POINT ('', (80., -38.5729490573301, 1.7676038300055));
#16610 = CARTESIAN_POINT ('', (80., -37.7999919025415, 1.96176933790045));
#16620 = CARTESIAN_POINT ('', (80., -37.029943354417, 2.14858587328845));
#16630 = CARTESIAN_POINT ('', (80., -36.2539413896643, 2.33020073582719));
#16640 = CARTESIAN_POINT ('', (80., -35.4779935101144, 2.51180294030949));
#16650 = CARTESIAN_POINT ('', (80., -34.7047603333108, 2.6861721689201));
#16660 = CARTESIAN_POINT ('', (80., -33.9259714310981, 2.85517606899699));
#16670 = CARTESIAN_POINT ('', (80., -33.4071498265441, 2.96776482618736));
#16680 = CARTESIAN_POINT ('', (80., -32.8894344085947, 3.07714001117863));
#16690 = CARTESIAN_POINT ('', (80., -32.3694550259138, 3.18425456287216));
#16700 = CARTESIAN_POINT ('', (80., -31.8495928710498, 3.29134496590622));
#16710 = CARTESIAN_POINT ('', (80., -31.3307498228839, 3.39547018094547));
#16720 = CARTESIAN_POINT ('', (80., -30.8098219106861, 3.4972499666352));
#16730 = CARTESIAN_POINT ('', (80., -30.2889075528323, 3.59902710405403));
#16740 = CARTESIAN_POINT ('', (80., -29.7689614953967, 3.69786186053625));
#16750 = CARTESIAN_POINT ('', (80., -29.2470346573088, 3.79431251944017));
#16760 = CARTESIAN_POINT ('', (80., -28.7251214980539, 3.890760650533));
#16770 = CARTESIAN_POINT ('', (80., -28.2041252701975, 3.98428877261333));
#16780 = CARTESIAN_POINT ('', (80., -27.6812534681, 4.07539676549043));
#16790 = CARTESIAN_POINT ('', (80., -27.1583954537281, 4.16650235592012));
#16800 = CARTESIAN_POINT ('', (80., -26.636402509574, 4.25470984807032));
#16810 = CARTESIAN_POINT ('', (80., -26.1126401776985, 4.34046386552058));
#16820 = CARTESIAN_POINT ('', (80., -25.5888917265449, 4.42621561032236));
#16830 = CARTESIAN_POINT ('', (80., -25.0659560641954, 4.5090906824384));
#16840 = CARTESIAN_POINT ('', (80., -24.5413580351332, 4.5894816628181));
#16850 = CARTESIAN_POINT ('', (80., -24.0167739636531, 4.66987050429593));
#16860 = CARTESIAN_POINT ('', (80., -23.4929500523229, 4.74740359179538));
#16870 = CARTESIAN_POINT ('', (80., -22.9675714820373, 4.82242473394593));
#16880 = CARTESIAN_POINT ('', (80., -22.4422069298802, 4.89744387438558));
#16890 = CARTESIAN_POINT ('', (80., -21.9175496357426, 4.9696276531996));
#16900 = CARTESIAN_POINT ('', (80., -21.3914459278852, 5.03927442393752));
#16910 = CARTESIAN_POINT ('', (80., -21.0408063836537, 5.0856928611848));
#16920 = CARTESIAN_POINT ('', (80., -20.6904615191144, 5.1308590457435));
#16930 = CARTESIAN_POINT ('', (80., -20.3395141105517, 5.17488946384816));
#16940 = CARTESIAN_POINT ('', (80., -19.9886141427436, 5.21891392996055));
#16950 = CARTESIAN_POINT ('', (80., -19.6379825482865, 5.26172788044645));
#16960 = CARTESIAN_POINT ('', (80., -19.2868021742112, 5.30345659823793));
#16970 = CARTESIAN_POINT ('', (80., -18.1006996193992, 5.44439425431231));
#16980 = CARTESIAN_POINT ('', (80., -16.9172869031111, 5.57183389026274));
#16990 = CARTESIAN_POINT ('', (80., -15.7283700764394, 5.68663577477804));
#17000 = CARTESIAN_POINT ('', (80., -14.5395939445428, 5.8014240737969));
#17010 = CARTESIAN_POINT ('', (80., -13.3529581384928, 5.90282712793072));
#17020 = CARTESIAN_POINT ('', (80., -12.1619417721069, 5.99139947327529));
#17030 = CARTESIAN_POINT ('', (80., -10.9710673558802, 6.07996126220867));
#17040 = CARTESIAN_POINT ('', (80., -9.7817789155041, 6.15523924691227));
#17050 = CARTESIAN_POINT ('', (80., -8.58924309432626, 6.21755602547296));
#17060 = CARTESIAN_POINT ('', (80., -8.23612439876488, 6.23600848548813));
#17070 = CARTESIAN_POINT ('', (80., -7.88311361067003, 6.25330158986459));
#17080 = CARTESIAN_POINT ('', (80., -7.52988215041287, 6.26945219109726));
#17090 = CARTESIAN_POINT ('', (80., -7.17669339237029, 6.28560083988085));
#17100 = CARTESIAN_POINT ('', (80., -6.82359699639135, 6.30060439260339));
#17110 = CARTESIAN_POINT ('', (80., -6.47031169846315, 6.31448156569383));
#17120 = CARTESIAN_POINT ('', (80., -4.68137491077207, 6.38475164371925));
#17130 = CARTESIAN_POINT ('', (80., -2.89370211538867, 6.42586418522585));
#17140 = CARTESIAN_POINT ('', (80., -1.10342586633523, 6.43785027279962));
#17150 = CARTESIAN_POINT ('', (80., 0.686389907498662, 6.44983327744341));
#17160 = CARTESIAN_POINT ('', (80., 2.47676191386516, 6.43263094929749));
#17170 = CARTESIAN_POINT ('', (80., 4.26601792995713, 6.38629515812477));
#17180 = CARTESIAN_POINT ('', (80., 5.06107459329304, 6.36570582982771));
#17190 = CARTESIAN_POINT ('', (80., 5.85649865842551, 6.3393516600183));
#17200 = CARTESIAN_POINT ('', (80., 6.65117378265802, 6.30725079896131));
#17210 = CARTESIAN_POINT ('', (80., 7.44570964160474, 6.27515556351844));
#17220 = CARTESIAN_POINT ('', (80., 8.24077314089566, 6.23726440757588));
#17230 = CARTESIAN_POINT ('', (80., 9.03476023195616, 6.19365437983442));
#17240 = CARTESIAN_POINT ('', (80., 9.82870673886808, 6.15004658119199));
#17250 = CARTESIAN_POINT ('', (80., 10.6233404348101, 6.10062127481561));
#17260 = CARTESIAN_POINT ('', (80., 11.4165716378248, 6.0455127046667));
#17270 = CARTESIAN_POINT ('', (80., 11.7691627303673, 6.02101695754605));
#17280 = CARTESIAN_POINT ('', (80., 12.121915054237, 5.99536845116249));
#17290 = CARTESIAN_POINT ('', (80., 12.4743380901796, 5.96856315496314));
#17300 = CARTESIAN_POINT ('', (80., 13.6628190758879, 5.87816729090164));
#17310 = CARTESIAN_POINT ('', (80., 14.8535229475005, 5.77423544473421));
#17320 = CARTESIAN_POINT ('', (80., 16.0396903917982, 5.65733694295534));
#17330 = CARTESIAN_POINT ('', (80., 17.2257107608527, 5.54045293565247));
#17340 = CARTESIAN_POINT ('', (80., 18.414522161344, 5.40987028472348));
#17350 = CARTESIAN_POINT ('', (80., 19.5976354837319, 5.26652087466613));
#17360 = CARTESIAN_POINT ('', (80., 20.3866159124213, 5.17092573863036));
#17370 = CARTESIAN_POINT ('', (80., 21.1770450004484, 5.06917677322298));
#17380 = CARTESIAN_POINT ('', (80., 21.9645148075287, 4.96184620988937));
#17390 = CARTESIAN_POINT ('', (80., 22.7519416850445, 4.85452149776972));
#17400 = CARTESIAN_POINT ('', (80., 23.5409821735055, 4.74098998699946));
#17410 = CARTESIAN_POINT ('', (80., 24.3267259049896, 4.62196700728811));
#17420 = CARTESIAN_POINT ('', (80., 24.6760869429751, 4.56904645562486));
#17430 = CARTESIAN_POINT ('', (80., 25.0258005357585, 4.51487892061307));
#17440 = CARTESIAN_POINT ('', (80., 25.3747936382231, 4.45958394721776));
#17450 = CARTESIAN_POINT ('', (80., 26.1594316242428, 4.33526476653623));
#17460 = CARTESIAN_POINT ('', (80., 26.9459972949001, 4.20441274209149));
#17470 = CARTESIAN_POINT ('', (80., 27.728623749135, 4.06800210862751));
#17480 = CARTESIAN_POINT ('', (80., 28.5112025904741, 3.93159977402085));
#17490 = CARTESIAN_POINT ('', (80., 29.2958868335157, 3.78858305788494));
#17500 = CARTESIAN_POINT ('', (80., 30.0762679900632, 3.64012265810345));
#17510 = CARTESIAN_POINT ('', (80., 30.5967175871803, 3.54111186753548));
#17520 = CARTESIAN_POINT ('', (80., 31.118182766307, 3.43915376667303));
#17530 = CARTESIAN_POINT ('', (80., 31.637572033669, 3.33472336526891));
#17540 = CARTESIAN_POINT ('', (80., 32.1568919478089, 3.23030690829003));
#17550 = CARTESIAN_POINT ('', (80., 32.6773003051192, 3.12279646591436));
#17560 = CARTESIAN_POINT ('', (80., 33.1954831948956, 3.01287621094166));
#17570 = CARTESIAN_POINT ('', (80., 33.7136508040624, 2.90295919738922));
#17580 = CARTESIAN_POINT ('', (80., 34.2329624141244, 2.78991713232325));
#17590 = CARTESIAN_POINT ('', (80., 34.749934690705, 2.67450878641677));
#17600 = CARTESIAN_POINT ('', (80., 35.2668918021221, 2.55910382596543));
#17610 = CARTESIAN_POINT ('', (80., 35.7850478901396, 2.44054221252841));
#17620 = CARTESIAN_POINT ('', (80., 36.3007519315678, 2.31966085914371));
#17630 = CARTESIAN_POINT ('', (80., 36.6446784171307, 2.23904427346685));
#17640 = CARTESIAN_POINT ('', (80., 36.9891580297258, 2.15701252005946));
#17650 = CARTESIAN_POINT ('', (80., 37.3325062133015, 2.07396743475517));
#17660 = CARTESIAN_POINT ('', (80., 37.8472327325152, 1.94947134087363));
#17670 = CARTESIAN_POINT ('', (80., 38.3633041280726, 1.82163656491405));
#17680 = CARTESIAN_POINT ('', (80., 38.8766245968727, 1.69146451228962));
#17690 = CARTESIAN_POINT ('', (80., 39.3899250958291, 1.56129752378343));
#17700 = CARTESIAN_POINT ('', (80., 39.9046310636701, 1.42774274979452));
#17710 = CARTESIAN_POINT ('', (80., 40.4164617169782, 1.29191112807167));
#17720 = CARTESIAN_POINT ('', (80., 40.9282754748254, 1.15608399013234));
#17730 = CARTESIAN_POINT ('', (80., 41.4415536953379, 1.01682773727775));
#17740 = CARTESIAN_POINT ('', (80., 41.9518354756272, 0.875353927590998));
#17750 = CARTESIAN_POINT ('', (80., 42.4621005278283, 0.733884755707212));
#17760 = CARTESIAN_POINT ('', (80., 42.973888194096, 0.588944578940881));
#17770 = CARTESIAN_POINT ('', (80., 43.4825599640263, 0.441849437731876));
#17780 = CARTESIAN_POINT ('', (80., 43.8218065012734, 0.343747832235161));
#17790 = CARTESIAN_POINT ('', (80., 44.1617782841246, 0.244070222046839));
#17800 = CARTESIAN_POINT ('', (80., 44.5002659653541, 0.14338145558805));
#17810 = CARTESIAN_POINT ('', (80., 45.0076632301656, -0.00755226381012772));
#17820 = CARTESIAN_POINT ('', (80., 45.5167666858021, -0.162215375804156));
#17830 = CARTESIAN_POINT ('', (80., 46.0223776760124, -0.319028954833935));
#17840 = CARTESIAN_POINT ('', (80., 46.527969373034, -0.475836550144942));
#17850 = CARTESIAN_POINT ('', (80., 47.0353315754106, -0.636427575910306));
#17860 = CARTESIAN_POINT ('', (80., 47.5390690178238, -0.799093414842182));
#17870 = CARTESIAN_POINT ('', (80., 48.0427873772338, -0.961753091530668));
#17880 = CARTESIAN_POINT ('', (80., 48.5483394757504, -1.12825089425428));
#17890 = CARTESIAN_POINT ('', (80., 49.0501366565881, -1.29674405533353));
#17900 = CARTESIAN_POINT ('', (80., 49.3848608661979, -1.40913755278755));
#17910 = CARTESIAN_POINT ('', (80., 49.7204234641225, -1.52325808468462));
#17920 = CARTESIAN_POINT ('', (80., 50.0542688993958, -1.63823556124419));
#17930 = CARTESIAN_POINT ('', (80., 50.3880608875279, -1.75319463043083));
#17940 = CARTESIAN_POINT ('', (80., 50.722757776259, -1.86996863994774));
#17950 = CARTESIAN_POINT ('', (80., 51.0556013013374, -1.98764559921687));
#17960 = CARTESIAN_POINT ('', (80., 51.5544787182415, -2.16402390627717));
#17970 = CARTESIAN_POINT ('', (80., 52.0554623778438, -2.3446228521841));
#17980 = CARTESIAN_POINT ('', (80., 52.5521311408654, -2.52712798673333));
#17990 = CARTESIAN_POINT ('', (80., 53.0487774235203, -2.70962486068177));
#18000 = CARTESIAN_POINT ('', (80., 53.5476004030292, -2.89641414331188));
#18010 = CARTESIAN_POINT ('', (80., 54.0419631348025, -3.08500928776034));
#18020 = CARTESIAN_POINT ('', (80., 54.5363036736537, -3.27359596579929));
#18030 = CARTESIAN_POINT ('', (80., 55.032889860572, -3.46654756970584));
#18040 = CARTESIAN_POINT ('', (80., 55.5248734161156, -3.66120029781478));
#18050 = CARTESIAN_POINT ('', (80., 55.8530993617178, -3.79106251582536));
#18060 = CARTESIAN_POINT ('', (80., 56.182348973345, -3.9228928766544));
#18070 = CARTESIAN_POINT ('', (80., 56.5094999121306, -4.05543996370216));
#18080 = CARTESIAN_POINT ('', (80., 56.8365758424072, -4.18795666062053));
#18090 = CARTESIAN_POINT ('', (80., 57.1647687260688, -4.32258515707524));
#18100 = CARTESIAN_POINT ('', (80., 57.4906715165502, -4.4579613377161));
#18110 = CARTESIAN_POINT ('', (80., 57.8165587339716, -4.59333104949127));
#18120 = CARTESIAN_POINT ('', (80., 58.1435903258464, -4.73086456653115));
#18130 = CARTESIAN_POINT ('', (80., 58.4682749640809, -4.86909380742952));
#18140 = CARTESIAN_POINT ('', (80., 58.7929515624487, -5.00731962548452));
#18150 = CARTESIAN_POINT ('', (80., 59.1187959689981, -5.14773773238613));
#18160 = CARTESIAN_POINT ('', (80., 59.4422448997449, -5.28881239171022));
#18170 = CARTESIAN_POINT ('', (80., 59.7656858651828, -5.42988357690552));
#18180 = CARTESIAN_POINT ('', (80., 60.0903176721695, -5.57317572429389));
#18190 = CARTESIAN_POINT ('', (80., 60.4125062691048, -5.71708418624326));
#18200 = CARTESIAN_POINT ('', (80., 60.7346869809757, -5.86098912625703));
#18210 = CARTESIAN_POINT ('', (80., 61.0580811434739, -6.00714387086309));
#18220 = CARTESIAN_POINT ('', (80., 61.3789851980229, -6.15387365869117));
#18230 = CARTESIAN_POINT ('', (80., 61.6998814532935, -6.30059988038651));
#18240 = CARTESIAN_POINT ('', (80., 62.0220133208077, -6.44960489682967));
#18250 = CARTESIAN_POINT ('', (80., 62.3416090657634, -6.59914268665523));
#18260 = CARTESIAN_POINT ('', (80., 62.661184626564, -6.74867103238149));
#18270 = CARTESIAN_POINT ('', (80., 62.9820577241149, -6.9004772052903));
#18280 = CARTESIAN_POINT ('', (80., 63.3002684199693, -7.05288855093269));
#18290 = CARTESIAN_POINT ('', (80., 63.618384035118, -7.20525435637652));
#18300 = CARTESIAN_POINT ('', (80., 63.9378914070722, -7.3601620105387));
#18310 = CARTESIAN_POINT ('', (80., 64.2545409114697, -7.51555176127818));
#18320 = CARTESIAN_POINT ('', (80., 64.5711803450937, -7.6709365699762));
#18330 = CARTESIAN_POINT ('', (80., 64.8892383819334, -7.82890236092189));
#18340 = CARTESIAN_POINT ('', (80., 65.2043826884774, -7.98729754946237));
#18350 = CARTESIAN_POINT ('', (80., 65.5195170234359, -8.14568772616821));
#18360 = CARTESIAN_POINT ('', (80., 65.8360962476503, -8.30669828037457));
#18370 = CARTESIAN_POINT ('', (80., 66.1497069768899, -8.46808417707069));
#18380 = CARTESIAN_POINT ('', (80., 66.4633078416904, -8.6294649974693));
#18390 = CARTESIAN_POINT ('', (80., 66.7783792887179, -8.79350582037422));
#18400 = CARTESIAN_POINT ('', (80., 67.0904286402627, -8.95786662408551));
#18410 = CARTESIAN_POINT ('', (80., 67.4024682422501, -9.12222229256713));
#18420 = CARTESIAN_POINT ('', (80., 67.7160034948631, -9.28927778544454));
#18430 = CARTESIAN_POINT ('', (80., 68.0264642793939, -9.45659664343425));
#18440 = CARTESIAN_POINT ('', (80., 68.3369154367384, -9.62391031297535));
#18450 = CARTESIAN_POINT ('', (80., 68.6488866583326, -9.79396379201852));
#18460 = CARTESIAN_POINT ('', (80., 68.9577323283034, -9.96422282188811));
#18470 = CARTESIAN_POINT ('', (80., 69.163784335825, -10.0778142311724));
#18480 = CARTESIAN_POINT ('', (80., 69.3705479707999, -10.192623264434));
#18490 = CARTESIAN_POINT ('', (80., 69.5758489339984, -10.3075665225078));
#18500 = CARTESIAN_POINT ('', (80., 69.8834115481861, -10.4797637123586));
#18510 = CARTESIAN_POINT ('', (80., 70.1927047843001, -10.6550736756574));
#18520 = CARTESIAN_POINT ('', (80., 70.4984377539803, -10.8304988308918));
#18530 = CARTESIAN_POINT ('', (80., 70.8041573397185, -11.005916306614));
#18540 = CARTESIAN_POINT ('', (80., 71.1116391950102, -11.1845033965103));
#18550 = CARTESIAN_POINT ('', (80., 71.4154944145582, -11.3631308340616));
#18560 = CARTESIAN_POINT ('', (80., 71.7193363876183, -11.5417504843971));
#18570 = CARTESIAN_POINT ('', (80., 72.0249714383901, -11.7235969968067));
#18580 = CARTESIAN_POINT ('', (80., 72.3269151185069, -11.9054071673598));
#18590 = CARTESIAN_POINT ('', (80., 72.628845701718, -12.0872094518374));
#18600 = CARTESIAN_POINT ('', (80., 72.9325992829939, -12.2722961999353));
#18610 = CARTESIAN_POINT ('', (80., 73.2325984905506, -12.4572681523627));
#18620 = CARTESIAN_POINT ('', (80., 73.5325847625403, -12.6422321290453));
#18630 = CARTESIAN_POINT ('', (80., 73.8344230189017, -12.8305384694508));
#18640 = CARTESIAN_POINT ('', (80., 74.1324457236177, -13.0186498819869));
#18650 = CARTESIAN_POINT ('', (80., 74.430455665447, -13.2067532386111));
#18660 = CARTESIAN_POINT ('', (80., 74.7303455999544, -13.3982571011668));
#18670 = CARTESIAN_POINT ('', (80., 75.0263607187742, -13.5894843158421));
#18680 = CARTESIAN_POINT ('', (80., 75.2239063123501, -13.7170997355596));
#18690 = CARTESIAN_POINT ('', (80., 75.4222982725706, -13.8462494109301));
#18700 = CARTESIAN_POINT ('', (80., 75.6189450973091, -13.975245469828));
#18710 = CARTESIAN_POINT ('', (80., 75.8155576055116, -14.1042190178213));
#18720 = CARTESIAN_POINT ('', (80., 76.0130771459616, -14.2347959182554));
#18730 = CARTESIAN_POINT ('', (80., 76.2087267643027, -14.3652255211324));
#18740 = CARTESIAN_POINT ('', (80., 76.5018023965274, -14.5606040690083));
#18750 = CARTESIAN_POINT ('', (80., 76.7969786040257, -14.7598086267791));
#18760 = CARTESIAN_POINT ('', (80., 77.087820985043, -14.9584963530689));
#18770 = CARTESIAN_POINT ('', (80., 77.3786473819004, -15.1571731598484));
#18780 = CARTESIAN_POINT ('', (80., 77.6716065676823, -15.3597513428225));
#18790 = CARTESIAN_POINT ('', (80., 77.9601633004833, -15.5617104441684));
#18800 = CARTESIAN_POINT ('', (80., 78.2487042661574, -15.7636585101982));
#18810 = CARTESIAN_POINT ('', (80., 78.5394089378321, -15.9695836711579));
#18820 = CARTESIAN_POINT ('', (80., 78.8256450530855, -16.1747855146438));
#18830 = CARTESIAN_POINT ('', (80., 79.0166633868061, -16.3117260058335));
#18840 = CARTESIAN_POINT ('', (80., 79.2087229114101, -16.4505342072937));
#18850 = CARTESIAN_POINT ('', (80., 79.3986321664154, -16.5890086699503));
#18860 = CARTESIAN_POINT ('', (80., 79.5991148459965, -16.7351928636915));
#18870 = CARTESIAN_POINT ('', (80., 79.8007931860143, -16.8835929544054));
#18880 = CARTESIAN_POINT ('', (80., 80., -17.0315110688251));
#18890 = B_SPLINE_CURVE_WITH_KNOTS ('', 3, (#15490, #15500, #15510, #15520, #15530, #15540, #15550, #15560, #15570, #15580, #15590, #15600, #15610, #15620, #15630, #15640, #15650, #15660, #15670, #15680, #15690, #15700, #15710, #15720, #15730, #15740, #15750, #15760, #15770, #15780, #15790, #15800, #15810, #15820, #15830, #15840, #15850, #15860, #15870, #15880, #15890, #15900, #15910, #15920, #15930, #15940, #15950, #15960, #15970, #15980, #15990, #16000, #16010, #16020, #16030, #16040, #16050, #16060, #16070, #16080, #16090, #16100, #16110, #16120, #16130, #16140, #16150, #16160, #16170, #16180, #16190, #16200, #16210, #16220, #16230, #16240, #16250, #16260, #16270, #16280, #16290, #16300, #16310, #16320, #16330, #16340, #16350, #16360, #16370, #16380, #16390, #16400, #16410, #16420, #16430, #16440, #16450, #16460, #16470, #16480, #16490, #16500, #16510, #16520, #16530, #16540, #16550, #16560, #16570, #16580, #16590, #16600, #16610, #16620, #16630, #16640, #16650, #16660, #16670, #16680, #16690, #16700, #16710, #16720, #16730, #16740, #16750, #16760, #16770, #16780, #16790, #16800, #16810, #16820, #16830, #16840, #16850, #16860, #16870, #16880, #16890, #16900, #16910, #16920, #16930, #16940, #16950, #16960, #16970, #16980, #16990, #17000, #17010, #17020, #17030, #17040, #17050, #17060, #17070, #17080, #17090, #17100, #17110, #17120, #17130, #17140, #17150, #17160, #17170, #17180, #17190, #17200, #17210, #17220, #17230, #17240, #17250, #17260, #17270, #17280, #17290, #17300, #17310, #17320, #17330, #17340, #17350, #17360, #17370, #17380, #17390, #17400, #17410, #17420, #17430, #17440, #17450, #17460, #17470, #17480, #17490, #17500, #17510, #17520, #17530, #17540, #17550, #17560, #17570, #17580, #17590, #17600, #17610, #17620, #17630, #17640, #17650, #17660, #17670, #17680, #17690, #17700, #17710, #17720, #17730, #17740, #17750, #17760, #17770, #17780, #17790, #17800, #17810, #17820, #17830, #17840, #17850, #17860, #17870, #17880, #17890, #17900, #17910, #17920, #17930, #17940, #17950, #17960, #17970, #17980, #17990, #18000, #18010, #18020, #18030, #18040, #18050, #18060, #18070, #18080, #18090, #18100, #18110, #18120, #18130, #18140, #18150, #18160, #18170, #18180, #18190, #18200, #18210, #18220, #18230, #18240, #18250, #18260, #18270, #18280, #18290, #18300, #18310, #18320, #18330, #18340, #18350, #18360, #18370, #18380, #18390, #18400, #18410, #18420, #18430, #18440, #18450, #18460, #18470, #18480, #18490, #18500, #18510, #18520, #18530, #18540, #18550, #18560, #18570, #18580, #18590, #18600, #18610, #18620, #18630, #18640, #18650, #18660, #18670, #18680, #18690, #18700, #18710, #18720, #18730, #18740, #18750, #18760, #18770, #18780, #18790, #18800, #18810, #18820, #18830, #18840, #18850, #18860, #18870, #18880), .UNSPECIFIED., .F., .U., (4, 3, 3, 3, 3, 3, 3, 3, 3, 3, 3, 3, 3, 3, 3, 3, 3, 3, 3, 3, 3, 3, 3, 3, 3, 3, 3, 3, 3, 3, 3, 3, 3, 3, 3, 3, 3, 3, 3, 3, 3, 3, 3, 3, 3, 3, 3, 3, 3, 3, 3, 3, 3, 3, 3, 3, 3, 3, 3, 3, 3, 3, 3, 3, 3, 3, 3, 3, 3, 3, 3, 3, 3, 3, 3, 3, 3, 3, 3, 3, 3, 3, 3, 3, 3, 3, 3, 3, 3, 3, 3, 3, 3, 3, 3, 3, 3, 3, 3, 3, 3, 3, 3, 3, 3, 3, 3, 3, 3, 3, 3, 3, 3, 4), (0., 1.06513479533193, 2.13019714963884, 3.1950229985342, 4.25929040347113, 5.32350801956307, 6.38767545309982, 7.45179235416204, 8.51585841737318, 9.57987338249592, 10.2884283304971, 11.3518500142963, 12.415229404254, 13.4785726179019, 14.5418793780962, 15.6051494361596, 16.6683825722819, 17.7315727391653, 18.7943682190854, 19.8571360699371, 20.9198760705893, 21.9825880193138, 23.0452717340744, 24.1079270527662, 25.170492681601, 26.7653117616613, 28.3600552865279, 29.9547224926746, 31.5493127261051, 33.1433719729533, 34.7373590750073, 36.3312826960583, 37.9251423193481, 38.9869573204711, 41.3789542055816, 43.7707668490658, 44.832392357589, 45.8939228038487, 48.2848362419209, 50.6755830399021, 52.268275342382, 53.860608577084, 55.4529003798872, 57.045150451375, 58.6373585364581, 60.2295244249261, 61.8216479518434, 63.4137289977892, 64.474825059255, 65.5357776827107, 69.119117499262, 72.702033268329, 76.284522010969, 77.3453234805759, 78.405996709703, 83.7769458276878, 89.1465134890534, 91.5324831378945, 93.9180346501476, 96.3034642264422, 97.3637871402312, 100.939528488633, 104.514826473805, 106.899078331726, 109.283200210194, 110.343239585338, 112.726516373736, 115.109648169961, 116.698999697501, 118.288139001462, 119.877231443556, 121.466277270294, 122.526022594521, 124.11472772851, 125.703371056677, 127.291961943943, 128.880500753925, 129.939938926881, 131.528049989719, 133.116100453148, 134.704090756722, 135.763360954981, 136.822461568882, 138.409878293842, 139.997223168683, 141.584496784469, 142.643443526896, 143.702147476146, 144.760800835893, 145.819427981181, 146.878029056536, 147.936604224277, 148.995153664321, 150.053636251391, 151.111802566027, 152.169935226565, 153.228034406378, 154.286100304309, 155.344133144411, 156.402133175605, 157.107997144513, 158.165456223885, 159.222869011321, 160.280235701127, 161.337556527308, 162.39483176322, 163.452061721092, 164.157603790722, 164.863022737287, 165.919713292069, 166.976345773091, 168.032920518297, 168.738020736353, 169.482378251131), .UNSPECIFIED.);
#18900 = EDGE_CURVE ('', #4130, #2840, #18890, .T.);
#18910 = ORIENTED_EDGE ('', *, *, #18900, .T.);
#18920 = ORIENTED_EDGE ('', *, *, #2880, .T.);
#18930 = EDGE_LOOP ('', (#15470, #15480, #18910, #18920));
#18940 = FACE_OUTER_BOUND ('', #18930, .T.);
#18950 = CARTESIAN_POINT ('', (80., 80., -17.0333522015737));
#18960 = CARTESIAN_POINT ('', (80., -80., -17.0333522015737));
#18970 = CARTESIAN_POINT ('', (80., 80., 57.0333522015738));
#18980 = CARTESIAN_POINT ('', (80., -80., 57.0333522015738));
#18990 = B_SPLINE_SURFACE_WITH_KNOTS ('', 1, 1, ((#18950, #18960), (#18970, #18980)), .UNSPECIFIED., .F., .F., .U., (2, 2), (2, 2), (0.461462481920006, 0.538537518079994), (0., 1.), .UNSPECIFIED.);
#19000 = ADVANCED_FACE ('', (#18940), #18990, .T.);
#19010 = ORIENTED_EDGE ('', *, *, #5000, .F.);
#19020 = ORIENTED_EDGE ('', *, *, #11940, .F.);
#19030 = ORIENTED_EDGE ('', *, *, #3780, .F.);
#19040 = ORIENTED_EDGE ('', *, *, #18900, .F.);
#19050 = EDGE_LOOP ('', (#19010, #19020, #19030, #19040));
#19060 = FACE_OUTER_BOUND ('', #19050, .T.);
#19070 = CARTESIAN_POINT ('', (83.7111225444051, -80., -16.4454813929077));
#19080 = CARTESIAN_POINT ('', (83.585924579937, -78.9339691764557, -15.6730879395191));
#19090 = CARTESIAN_POINT ('', (83.12185838515, -74.7224910354885, -12.8100885903249));
#19100 = CARTESIAN_POINT ('', (82.5258682300541, -68.3011879471497, -9.13320058311078));
#19110 = CARTESIAN_POINT ('', (82.0190954476112, -61.8868957155819, -6.0067281905474));
#19120 = CARTESIAN_POINT ('', (81.5864697451452, -55.4767804491931, -3.33769709429813));
#19130 = CARTESIAN_POINT ('', (81.2177537877011, -49.0692765449889, -1.06294931465325));
#19140 = CARTESIAN_POINT ('', (80.9056825242882, -42.6634844592295, 0.862335987508334));
#19150 = CARTESIAN_POINT ('', (80.6449549194432, -36.2588525571989, 2.47086289891328));
#19160 = CARTESIAN_POINT ('', (80.3264827679249, -26.6854234145225, 4.43563769349157));
#19170 = CARTESIAN_POINT ('', (80.0736766598014, -13.8629291199972, 5.99529390452419));
#19180 = CARTESIAN_POINT ('', (79.9821961708263, -1.04281941403381, 6.55967153715925));
#19190 = CARTESIAN_POINT ('', (80.0315261071308, 8.5612290412777, 6.25533655839487));
#19200 = CARTESIAN_POINT ('', (80.1403372293848, 18.1871530747634, 5.58403971389801));
#19210 = CARTESIAN_POINT ('', (80.3718732810268, 27.7697840175286, 4.1556065019715));
#19220 = CARTESIAN_POINT ('', (80.5704064196198, 34.173451326364, 2.93078070563018));
#19230 = CARTESIAN_POINT ('', (80.8153073424211, 40.5778493822716, 1.41989456379652));
#19240 = CARTESIAN_POINT ('', (81.1101417344589, 46.9832993926393, -0.399049979043631));
#19250 = CARTESIAN_POINT ('', (81.4597115749259, 53.390289934948, -2.55567814329563));
#19260 = CARTESIAN_POINT ('', (81.8705568878622, 59.79960426009, -5.0903378034248));
#19270 = CARTESIAN_POINT ('', (82.3517969202313, 66.2125772737163, -8.05928903270164));
#19280 = CARTESIAN_POINT ('', (82.9166361985491, 72.6316649060866, -11.5439955344658));
#19290 = CARTESIAN_POINT ('', (83.4112394467624, 77.3834117664848, -14.5953894813874));
#19300 = CARTESIAN_POINT ('', (83.6502249543209, 79.4838069172794, -16.0697811959595));
#19310 = CARTESIAN_POINT ('', (83.7108314225934, 80., -16.4436853526731));
#19320 = CARTESIAN_POINT ('', (42.1269305882065, -80., -23.1859012710459));
#19330 = CARTESIAN_POINT ('', (42.0639257472891, -78.9339691764557, -22.4034268771233));
#19340 = CARTESIAN_POINT ('', (41.830388270047, -74.7224910354885, -19.5030609163124));
#19350 = CARTESIAN_POINT ('', (41.5304611500676, -68.3011879471497, -15.7781837797392));
#19360 = CARTESIAN_POINT ('', (41.2754319355371, -61.8868957155819, -12.6109060409726));
#19370 = CARTESIAN_POINT ('', (41.057716626215, -55.4767804491931, -9.9070399216576));
#19380 = CARTESIAN_POINT ('', (40.8721633678918, -49.0692765449889, -7.60260313183818));
#19390 = CARTESIAN_POINT ('', (40.7151160836985, -42.6634844592295, -5.65218985046227));
#19400 = CARTESIAN_POINT ('', (40.5839070713488, -36.2588525571989, -4.02266915140928));
#19410 = CARTESIAN_POINT ('', (40.4236385931167, -26.6854234145225, -2.03225097808417));
#19420 = CARTESIAN_POINT ('', (40.2964160085248, -13.8629291199972, -0.452238818347042));
#19430 = CARTESIAN_POINT ('', (40.2503792084904, -1.04281941403381, 0.119504823578153));
#19440 = CARTESIAN_POINT ('', (40.2752040912474, 8.5612290412777, -0.188802201828879));
#19450 = CARTESIAN_POINT ('', (40.32996238925, 18.1871530747634, -0.868860518267696));
#19460 = CARTESIAN_POINT ('', (40.4464809937045, 27.7697840175286, -2.31593701387692));
#19470 = CARTESIAN_POINT ('', (40.5463911549202, 34.173451326364, -3.55674869922757));
#19480 = CARTESIAN_POINT ('', (40.6696355203314, 40.5778493822716, -5.08735426421612));
#19490 = CARTESIAN_POINT ('', (40.8180084914596, 46.9832993926393, -6.93003887332759));
#19500 = CARTESIAN_POINT ('', (40.9939266246476, 53.390289934948, -9.1148144023486));
#19510 = CARTESIAN_POINT ('', (41.2006811329434, 59.79960426009, -11.6825553285029));
#19520 = CARTESIAN_POINT ('', (41.4428612020152, 66.2125772737164, -14.6902560068582));
#19530 = CARTESIAN_POINT ('', (41.7271119007029, 72.6316649060866, -18.2204433692751));
#19540 = CARTESIAN_POINT ('', (41.9760168977077, 77.3834117664848, -21.3116627714614));
#19550 = CARTESIAN_POINT ('', (42.096284379286, 79.4838069172794, -22.8052975999326));
#19560 = CARTESIAN_POINT ('', (42.1267840835608, 80., -23.184081789682));
#19570 = CARTESIAN_POINT ('', (-2.48075218932775E-14, -80., -23.1859012710459));
#19580 = CARTESIAN_POINT ('', (-2.48554346313741E-14, -78.9339691764557, -22.4034268771233));
#19590 = CARTESIAN_POINT ('', (-2.50330308258873E-14, -74.7224910354885, -19.5030609163124));
#19600 = CARTESIAN_POINT ('', (-2.52611137690134E-14, -68.3011879471497, -15.7781837797392));
#19610 = CARTESIAN_POINT ('', (-2.54550535962529E-14, -61.8868957155819, -12.6109060409726));
#19620 = CARTESIAN_POINT ('', (-2.562061764567E-14, -55.4767804491931, -9.9070399216576));
#19630 = CARTESIAN_POINT ('', (-2.57617237025945E-14, -49.0692765449889, -7.60260313183818));
#19640 = CARTESIAN_POINT ('', (-2.58811520716971E-14, -42.6634844592295, -5.65218985046226));
#19650 = CARTESIAN_POINT ('', (-2.59809314371091E-14, -36.2588525571989, -4.02266915140927));
#19660 = CARTESIAN_POINT ('', (-2.61028093993554E-14, -26.6854234145225, -2.03225097808416));
#19670 = CARTESIAN_POINT ('', (-2.61995572410572E-14, -13.8629291199972, -0.452238818347041));
#19680 = CARTESIAN_POINT ('', (-2.62345664421081E-14, -1.04281941403381, 0.119504823578154));
#19690 = CARTESIAN_POINT ('', (-2.62156880815171E-14, 8.5612290412777, -0.188802201828878));
#19700 = CARTESIAN_POINT ('', (-2.61740465194941E-14, 18.1871530747634, -0.868860518267695));
#19710 = CARTESIAN_POINT ('', (-2.60854386395706E-14, 27.7697840175286, -2.31593701387692));
#19720 = CARTESIAN_POINT ('', (-2.60094608366302E-14, 34.173451326364, -3.55674869922757));
#19730 = CARTESIAN_POINT ('', (-2.59157382763341E-14, 40.5778493822716, -5.08735426421612));
#19740 = CARTESIAN_POINT ('', (-2.58029063859148E-14, 46.9832993926393, -6.93003887332759));
#19750 = CARTESIAN_POINT ('', (-2.56691274679913E-14, 53.390289934948, -9.1148144023486));
#19760 = CARTESIAN_POINT ('', (-2.55118986826785E-14, 59.79960426009, -11.6825553285029));
#19770 = CARTESIAN_POINT ('', (-2.53277301322515E-14, 66.2125772737164, -14.6902560068582));
#19780 = CARTESIAN_POINT ('', (-2.51115684995628E-14, 72.6316649060866, -18.2204433692751));
#19790 = CARTESIAN_POINT ('', (-2.49222859022453E-14, 77.3834117664848, -21.3116627714614));
#19800 = CARTESIAN_POINT ('', (-2.48308271466562E-14, 79.4838069172794, -22.8052975999326));
#19810 = CARTESIAN_POINT ('', (-2.4807633304379E-14, 80., -23.184081789682));
#19820 = CARTESIAN_POINT ('', (-42.126238382809, -80., -23.1859012710459));
#19830 = CARTESIAN_POINT ('', (-42.0632345771507, -78.9339691764557, -22.4034268771233));
#19840 = CARTESIAN_POINT ('', (-41.8297009372616, -74.7224910354885, -19.5030609163124));
#19850 = CARTESIAN_POINT ('', (-41.5297787455115, -68.3011879471497, -15.7781837797392));
#19860 = CARTESIAN_POINT ('', (-41.2747537214738, -61.8868957155819, -12.6109060409726));
#19870 = CARTESIAN_POINT ('', (-41.057041989524, -55.4767804491931, -9.9070399216576));
#19880 = CARTESIAN_POINT ('', (-40.8714917801047, -49.0692765449889, -7.60260313183818));
#19890 = CARTESIAN_POINT ('', (-40.7144470764217, -42.6634844592295, -5.65218985046226));
#19900 = CARTESIAN_POINT ('', (-40.5832402200227, -36.2588525571989, -4.02266915140927));
#19910 = CARTESIAN_POINT ('', (-40.4229743752298, -26.6854234145225, -2.03225097808416));
#19920 = CARTESIAN_POINT ('', (-40.2957538810859, -13.8629291199972, -0.452238818347038));
#19930 = CARTESIAN_POINT ('', (-40.2497178375016, -1.04281941403381, 0.119504823578158));
#19940 = CARTESIAN_POINT ('', (-40.2745423123505, 8.5612290412777, -0.188802201828875));
#19950 = CARTESIAN_POINT ('', (-40.3292997105963, 18.1871530747634, -0.868860518267692));
#19960 = CARTESIAN_POINT ('', (-40.4458164004844, 27.7697840175286, -2.31593701387692));
#19970 = CARTESIAN_POINT ('', (-40.545724920034, 34.173451326364, -3.55674869922757));
#19980 = CARTESIAN_POINT ('', (-40.6689672603649, 40.5778493822716, -5.08735426421611));
#19990 = CARTESIAN_POINT ('', (-40.8173377935142, 46.9832993926393, -6.93003887332759));
#20000 = CARTESIAN_POINT ('', (-40.993253036117, 53.390289934948, -9.11481440234859));
#20010 = CARTESIAN_POINT ('', (-41.2000041471421, 59.79960426009, -11.6825553285029));
#20020 = CARTESIAN_POINT ('', (-41.4421802368508, 66.2125772737164, -14.6902560068582));
#20030 = CARTESIAN_POINT ('', (-41.7264262648953, 72.6316649060866, -18.2204433692751));
#20040 = CARTESIAN_POINT ('', (-41.9753271720369, 77.3834117664848, -21.3116627714614));
#20050 = CARTESIAN_POINT ('', (-42.0955926774493, 79.4838069172794, -22.8052975999326));
#20060 = CARTESIAN_POINT ('', (-42.1260918805706, 80., -23.184081789682));
#20070 = CARTESIAN_POINT ('', (-83.7097647721866, -80., -16.4457014736223));
#20080 = CARTESIAN_POINT ('', (-83.5845688383963, -78.9339691764557, -15.6733076910819));
#20090 = CARTESIAN_POINT ('', (-83.12051017064, -74.7224910354885, -12.8103071218346));
#20100 = CARTESIAN_POINT ('', (-82.5245296823464, -68.3011879471497, -9.13341754773267));
#20110 = CARTESIAN_POINT ('', (-82.0177651196237, -61.8868957155819, -6.00694382283837));
#20120 = CARTESIAN_POINT ('', (-81.585146434232, -55.4767804491931, -3.33791158919456));
#20130 = CARTESIAN_POINT ('', (-81.216436457263, -49.069276544989, -1.06316284017705));
#20140 = CARTESIAN_POINT ('', (-80.9043702555632, -42.6634844592295, 0.862123282435446));
#20150 = CARTESIAN_POINT ('', (-80.6436468796508, -36.2588525571989, 2.47065087930626));
#20160 = CARTESIAN_POINT ('', (-80.3251798936664, -26.6854234145225, 4.43542651116372));
#20170 = CARTESIAN_POINT ('', (-80.072377885991, -13.8629291199972, 5.9950833868362));
#20180 = CARTESIAN_POINT ('', (-79.9808988808052, -1.04281941403381, 6.55946125997803));
#20190 = CARTESIAN_POINT ('', (-80.0302280169912, 8.56122904127771, 6.25512615152278));
#20200 = CARTESIAN_POINT ('', (-80.1390373743576, 18.1871530747634, 5.58382902095606));
#20210 = CARTESIAN_POINT ('', (-80.3705696705463, 27.7697840175286, 4.15539520030973));
#20220 = CARTESIAN_POINT ('', (-80.5690995889843, 34.173451326364, 2.93056888201488));
#20230 = CARTESIAN_POINT ('', (-80.8139965395576, 40.5778493822716, 1.41968209632449));
#20240 = CARTESIAN_POINT ('', (-81.1088261494597, 46.9832993926393, -0.399263221649977));
#20250 = CARTESIAN_POINT ('', (-81.4583903199966, 53.390289934948, -2.55589230493851));
#20260 = CARTESIAN_POINT ('', (-81.8692289691308, 59.79960426009, -5.09055304520049));
#20270 = CARTESIAN_POINT ('', (-82.3504611959141, 66.2125772737164, -8.05950553968138));
#20280 = CARTESIAN_POINT ('', (-82.9152913126885, 72.6316649060866, -11.5442135264361));
#20290 = CARTESIAN_POINT ('', (-83.4098865385682, 77.3834117664848, -14.5956087736944));
#20300 = CARTESIAN_POINT ('', (-83.6488681698452, 79.4838069172794, -16.0700011165713));
#20310 = CARTESIAN_POINT ('', (-83.7094736550968, 80., -16.4439054326223));
#20320 = (
   BOUNDED_SURFACE ()
   B_SPLINE_SURFACE (2, 2, ((#19070, #19080, #19090, #19100, #19110, #19120, #19130, #19140, #19150, #19160, #19170, #19180, #19190, #19200, #19210, #19220, #19230, #19240, #19250, #19260, #19270, #19280, #19290, #19300, #19310), (#19320, #19330, #19340, #19350, #19360, #19370, #19380, #19390, #19400, #19410, #19420, #19430, #19440, #19450, #19460, #19470, #19480, #19490, #19500, #19510, #19520, #19530, #19540, #19550, #19560), (#19570, #19580, #19590, #19600, #19610, #19620, #19630, #19640, #19650, #19660, #19670, #19680, #19690, #19700, #19710, #19720, #19730, #19740, #19750, #19760, #19770, #19780, #19790, #19800, #19810), (#19820, #19830, #19840, #19850, #19860, #19870, #19880, #19890, #19900, #19910, #19920, #19930, #19940, #19950, #19960, #19970, #19980, #19990, #20000, #20010, #20020, #20030, #20040, #20050, #20060), (#20070, #20080, #20090, #20100, #20110, #20120, #20130, #20140, #20150, #20160, #20170, #20180, #20190, #20200, #20210, #20220, #20230, #20240, #20250, #20260, #20270, #20280, #20290, #20300, #20310)), .UNSPECIFIED., .F., .F., .U.)
   B_SPLINE_SURFACE_WITH_KNOTS ((3, 2, 3), (3, 1, 1, 1, 1, 1, 1, 1, 1, 1, 1, 1, 1, 1, 1, 1, 1, 1, 1, 1, 1, 1, 1, 3), (0.444901433229425, 0.5, 0.555097690643278), (0.035056115187311, 0.0494626431367408, 0.0907301975929838, 0.130291382228581, 0.168627916391272, 0.206053018353451, 0.242783853632344, 0.278978877797064, 0.314758822094579, 0.385438971913887, 0.455415864520189, 0.525149161304753, 0.560054837641172, 0.630213167049478, 0.665587250772834, 0.70125361447342, 0.737301615435187, 0.773842700256546, 0.811021246888664, 0.849032228902759, 0.888151908073343, 0.928795577591032, 0.949883848082714, 0.956858397631161), .UNSPECIFIED.)
   SURFACE ()
   GEOMETRIC_REPRESENTATION_ITEM ()
   RATIONAL_B_SPLINE_SURFACE (((0.942561457560194, 0.942561457560194, 0.942561457560194, 0.942561457560194, 0.942561457560194, 0.942561457560194, 0.942561457560194, 0.942561457560194, 0.942561457560194, 0.942561457560194, 0.942561457560194, 0.942561457560194, 0.942561457560194, 0.942561457560194, 0.942561457560194, 0.942561457560194, 0.942561457560194, 0.942561457560194, 0.942561457560194, 0.942561457560194, 0.942561457560194, 0.942561457560194, 0.942561457560194, 0.942561457560194, 0.942561457560194), (0.967724006853117, 0.967724006853117, 0.967724006853117, 0.967724006853117, 0.967724006853117, 0.967724006853117, 0.967724006853117, 0.967724006853117, 0.967724006853117, 0.967724006853117, 0.967724006853117, 0.967724006853117, 0.967724006853117, 0.967724006853117, 0.967724006853117, 0.967724006853117, 0.967724006853117, 0.967724006853117, 0.967724006853117, 0.967724006853117, 0.967724006853117, 0.967724006853117, 0.967724006853117, 0.967724006853117, 0.967724006853116), (1., 1., 1., 1., 1., 1., 1., 1., 1., 1., 1., 1., 1., 1., 1., 1., 1., 1., 1., 1., 1., 1., 1., 1., 1.), (0.967724520076605, 0.967724520076605, 0.967724520076605, 0.967724520076605, 0.967724520076605, 0.967724520076605, 0.967724520076605, 0.967724520076605, 0.967724520076605, 0.967724520076605, 0.967724520076605, 0.967724520076605, 0.967724520076605, 0.967724520076605, 0.967724520076605, 0.967724520076605, 0.967724520076605, 0.967724520076605, 0.967724520076605, 0.967724520076605, 0.967724520076605, 0.967724520076605, 0.967724520076605, 0.967724520076605, 0.967724520076605), (0.94256225778594, 0.94256225778594, 0.94256225778594, 0.94256225778594, 0.94256225778594, 0.94256225778594, 0.94256225778594, 0.94256225778594, 0.94256225778594, 0.94256225778594, 0.94256225778594, 0.94256225778594, 0.94256225778594, 0.94256225778594, 0.94256225778594, 0.94256225778594, 0.94256225778594, 0.94256225778594, 0.94256225778594, 0.94256225778594, 0.94256225778594, 0.94256225778594, 0.94256225778594, 0.94256225778594, 0.94256225778594)))
   REPRESENTATION_ITEM ('')
);
#20330 = ADVANCED_FACE ('', (#19060), #20320, .T.);
#20340 = ORIENTED_EDGE ('', *, *, #4030, .T.);
#20350 = ORIENTED_EDGE ('', *, *, #15460, .T.);
#20360 = ORIENTED_EDGE ('', *, *, #2810, .F.);
#20370 = ORIENTED_EDGE ('', *, *, #8530, .T.);
#20380 = EDGE_LOOP ('', (#20340, #20350, #20360, #20370));
#20390 = FACE_OUTER_BOUND ('', #20380, .T.);
#20400 = CARTESIAN_POINT ('', (-83.7097647721865, -79.9999999999992, 56.4457014736217));
#20410 = CARTESIAN_POINT ('', (-83.5845688383963, -78.9339691764553, 55.6733076910817));
#20420 = CARTESIAN_POINT ('', (-83.12051017064, -74.7224910354885, 52.8103071218346));
#20430 = CARTESIAN_POINT ('', (-82.5245296823464, -68.3011879471497, 49.1334175477327));
#20440 = CARTESIAN_POINT ('', (-82.0177651196236, -61.8868957155819, 46.0069438228384));
#20450 = CARTESIAN_POINT ('', (-81.5851464342319, -55.4767804491931, 43.3379115891946));
#20460 = CARTESIAN_POINT ('', (-81.2164364572629, -49.069276544989, 41.0631628401771));
#20470 = CARTESIAN_POINT ('', (-80.9043702555632, -42.6634844592295, 39.1378767175646));
#20480 = CARTESIAN_POINT ('', (-80.6436468796508, -36.2588525571989, 37.5293491206937));
#20490 = CARTESIAN_POINT ('', (-80.3251798936664, -26.6854234145225, 35.5645734888363));
#20500 = CARTESIAN_POINT ('', (-80.072377885991, -13.8629291199972, 34.0049166131638));
#20510 = CARTESIAN_POINT ('', (-79.9808988808051, -1.04281941403381, 33.440538740022));
#20520 = CARTESIAN_POINT ('', (-80.0302280169912, 8.56122904127771, 33.7448738484772));
#20530 = CARTESIAN_POINT ('', (-80.1390373743576, 18.1871530747634, 34.416170979044));
#20540 = CARTESIAN_POINT ('', (-80.3705696705462, 27.7697840175286, 35.8446047996903));
#20550 = CARTESIAN_POINT ('', (-80.5690995889843, 34.173451326364, 37.0694311179851));
#20560 = CARTESIAN_POINT ('', (-80.8139965395575, 40.5778493822716, 38.5803179036755));
#20570 = CARTESIAN_POINT ('', (-81.1088261494597, 46.9832993926393, 40.39926322165));
#20580 = CARTESIAN_POINT ('', (-81.4583903199965, 53.390289934948, 42.5558923049385));
#20590 = CARTESIAN_POINT ('', (-81.8692289691308, 59.79960426009, 45.0905530452005));
#20600 = CARTESIAN_POINT ('', (-82.3504611959141, 66.2125772737164, 48.0595055396814));
#20610 = CARTESIAN_POINT ('', (-82.9152913126885, 72.6316649060866, 51.5442135264362));
#20620 = CARTESIAN_POINT ('', (-83.4098865385682, 77.3834117664848, 54.5956087736944));
#20630 = CARTESIAN_POINT ('', (-83.6488681698452, 79.4838069172794, 56.0700011165713));
#20640 = CARTESIAN_POINT ('', (-83.7094736550968, 80., 56.4439054326223));
#20650 = CARTESIAN_POINT ('', (-42.1262383828089, -79.9999999999992, 63.1859012710453));
#20660 = CARTESIAN_POINT ('', (-42.0632345771507, -78.9339691764553, 62.403426877123));
#20670 = CARTESIAN_POINT ('', (-41.8297009372616, -74.7224910354885, 59.5030609163124));
#20680 = CARTESIAN_POINT ('', (-41.5297787455115, -68.3011879471497, 55.7781837797392));
#20690 = CARTESIAN_POINT ('', (-41.2747537214738, -61.8868957155819, 52.6109060409726));
#20700 = CARTESIAN_POINT ('', (-41.0570419895239, -55.4767804491931, 49.9070399216576));
#20710 = CARTESIAN_POINT ('', (-40.8714917801046, -49.0692765449889, 47.6026031318382));
#20720 = CARTESIAN_POINT ('', (-40.7144470764216, -42.6634844592295, 45.6521898504623));
#20730 = CARTESIAN_POINT ('', (-40.5832402200227, -36.2588525571989, 44.0226691514093));
#20740 = CARTESIAN_POINT ('', (-40.4229743752297, -26.6854234145225, 42.0322509780842));
#20750 = CARTESIAN_POINT ('', (-40.2957538810858, -13.8629291199972, 40.452238818347));
#20760 = CARTESIAN_POINT ('', (-40.2497178375015, -1.04281941403381, 39.8804951764218));
#20770 = CARTESIAN_POINT ('', (-40.2745423123504, 8.5612290412777, 40.1888022018289));
#20780 = CARTESIAN_POINT ('', (-40.3292997105963, 18.1871530747634, 40.8688605182677));
#20790 = CARTESIAN_POINT ('', (-40.4458164004843, 27.7697840175286, 42.3159370138769));
#20800 = CARTESIAN_POINT ('', (-40.545724920034, 34.173451326364, 43.5567486992276));
#20810 = CARTESIAN_POINT ('', (-40.6689672603649, 40.5778493822716, 45.0873542642161));
#20820 = CARTESIAN_POINT ('', (-40.8173377935141, 46.9832993926393, 46.9300388733276));
#20830 = CARTESIAN_POINT ('', (-40.993253036117, 53.390289934948, 49.1148144023486));
#20840 = CARTESIAN_POINT ('', (-41.2000041471421, 59.79960426009, 51.6825553285029));
#20850 = CARTESIAN_POINT ('', (-41.4421802368508, 66.2125772737164, 54.6902560068582));
#20860 = CARTESIAN_POINT ('', (-41.7264262648952, 72.6316649060866, 58.2204433692751));
#20870 = CARTESIAN_POINT ('', (-41.9753271720368, 77.3834117664848, 61.3116627714614));
#20880 = CARTESIAN_POINT ('', (-42.0955926774493, 79.4838069172794, 62.8052975999325));
#20890 = CARTESIAN_POINT ('', (-42.1260918805705, 80., 63.184081789682));
#20900 = CARTESIAN_POINT ('', (2.48075218932776E-14, -79.9999999999992, 63.1859012710453));
#20910 = CARTESIAN_POINT ('', (2.48554346313742E-14, -78.9339691764553, 62.403426877123));
#20920 = CARTESIAN_POINT ('', (2.50330308258873E-14, -74.7224910354885, 59.5030609163124));
#20930 = CARTESIAN_POINT ('', (2.52611137690134E-14, -68.3011879471497, 55.7781837797392));
#20940 = CARTESIAN_POINT ('', (2.54550535962529E-14, -61.8868957155819, 52.6109060409726));
#20950 = CARTESIAN_POINT ('', (2.562061764567E-14, -55.4767804491931, 49.9070399216576));
#20960 = CARTESIAN_POINT ('', (2.57617237025945E-14, -49.0692765449889, 47.6026031318382));
#20970 = CARTESIAN_POINT ('', (2.58811520716971E-14, -42.6634844592295, 45.6521898504623));
#20980 = CARTESIAN_POINT ('', (2.59809314371091E-14, -36.2588525571989, 44.0226691514093));
#20990 = CARTESIAN_POINT ('', (2.61028093993554E-14, -26.6854234145225, 42.0322509780842));
#21000 = CARTESIAN_POINT ('', (2.61995572410572E-14, -13.8629291199972, 40.452238818347));
#21010 = CARTESIAN_POINT ('', (2.62345664421081E-14, -1.04281941403381, 39.8804951764218));
#21020 = CARTESIAN_POINT ('', (2.62156880815171E-14, 8.5612290412777, 40.1888022018289));
#21030 = CARTESIAN_POINT ('', (2.61740465194941E-14, 18.1871530747634, 40.8688605182677));
#21040 = CARTESIAN_POINT ('', (2.60854386395706E-14, 27.7697840175286, 42.3159370138769));
#21050 = CARTESIAN_POINT ('', (2.60094608366302E-14, 34.173451326364, 43.5567486992276));
#21060 = CARTESIAN_POINT ('', (2.59157382763341E-14, 40.5778493822716, 45.0873542642161));
#21070 = CARTESIAN_POINT ('', (2.58029063859148E-14, 46.9832993926393, 46.9300388733276));
#21080 = CARTESIAN_POINT ('', (2.56691274679913E-14, 53.390289934948, 49.1148144023486));
#21090 = CARTESIAN_POINT ('', (2.55118986826785E-14, 59.79960426009, 51.6825553285029));
#21100 = CARTESIAN_POINT ('', (2.53277301322515E-14, 66.2125772737164, 54.6902560068582));
#21110 = CARTESIAN_POINT ('', (2.51115684995628E-14, 72.6316649060866, 58.2204433692751));
#21120 = CARTESIAN_POINT ('', (2.49222859022453E-14, 77.3834117664848, 61.3116627714614));
#21130 = CARTESIAN_POINT ('', (2.48308271466562E-14, 79.4838069172794, 62.8052975999325));
#21140 = CARTESIAN_POINT ('', (2.4807633304379E-14, 80., 63.184081789682));
#21150 = CARTESIAN_POINT ('', (42.1269305882065, -79.9999999999992, 63.1859012710453));
#21160 = CARTESIAN_POINT ('', (42.0639257472891, -78.9339691764553, 62.403426877123));
#21170 = CARTESIAN_POINT ('', (41.8303882700471, -74.7224910354885, 59.5030609163124));
#21180 = CARTESIAN_POINT ('', (41.5304611500677, -68.3011879471497, 55.7781837797392));
#21190 = CARTESIAN_POINT ('', (41.2754319355372, -61.8868957155819, 52.6109060409726));
#21200 = CARTESIAN_POINT ('', (41.0577166262151, -55.4767804491931, 49.9070399216576));
#21210 = CARTESIAN_POINT ('', (40.8721633678919, -49.0692765449889, 47.6026031318382));
#21220 = CARTESIAN_POINT ('', (40.7151160836986, -42.6634844592295, 45.6521898504623));
#21230 = CARTESIAN_POINT ('', (40.5839070713489, -36.2588525571989, 44.0226691514093));
#21240 = CARTESIAN_POINT ('', (40.4236385931168, -26.6854234145225, 42.0322509780842));
#21250 = CARTESIAN_POINT ('', (40.2964160085249, -13.8629291199972, 40.452238818347));
#21260 = CARTESIAN_POINT ('', (40.2503792084905, -1.04281941403381, 39.8804951764218));
#21270 = CARTESIAN_POINT ('', (40.2752040912475, 8.5612290412777, 40.1888022018289));
#21280 = CARTESIAN_POINT ('', (40.3299623892501, 18.1871530747634, 40.8688605182677));
#21290 = CARTESIAN_POINT ('', (40.4464809937046, 27.7697840175286, 42.3159370138769));
#21300 = CARTESIAN_POINT ('', (40.5463911549203, 34.173451326364, 43.5567486992276));
#21310 = CARTESIAN_POINT ('', (40.6696355203314, 40.5778493822716, 45.0873542642161));
#21320 = CARTESIAN_POINT ('', (40.8180084914597, 46.9832993926393, 46.9300388733276));
#21330 = CARTESIAN_POINT ('', (40.9939266246477, 53.390289934948, 49.1148144023486));
#21340 = CARTESIAN_POINT ('', (41.2006811329435, 59.79960426009, 51.6825553285029));
#21350 = CARTESIAN_POINT ('', (41.4428612020152, 66.2125772737164, 54.6902560068582));
#21360 = CARTESIAN_POINT ('', (41.727111900703, 72.6316649060866, 58.2204433692751));
#21370 = CARTESIAN_POINT ('', (41.9760168977078, 77.3834117664848, 61.3116627714614));
#21380 = CARTESIAN_POINT ('', (42.0962843792861, 79.4838069172794, 62.8052975999325));
#21390 = CARTESIAN_POINT ('', (42.1267840835609, 80., 63.184081789682));
#21400 = CARTESIAN_POINT ('', (83.7111225444051, -79.9999999999992, 56.4454813929071));
#21410 = CARTESIAN_POINT ('', (83.5859245799371, -78.9339691764553, 55.6730879395188));
#21420 = CARTESIAN_POINT ('', (83.1218583851502, -74.7224910354885, 52.8100885903249));
#21430 = CARTESIAN_POINT ('', (82.5258682300542, -68.3011879471497, 49.1332005831108));
#21440 = CARTESIAN_POINT ('', (82.0190954476113, -61.8868957155819, 46.0067281905474));
#21450 = CARTESIAN_POINT ('', (81.5864697451454, -55.4767804491931, 43.3376970942981));
#21460 = CARTESIAN_POINT ('', (81.2177537877013, -49.0692765449889, 41.0629493146532));
#21470 = CARTESIAN_POINT ('', (80.9056825242883, -42.6634844592295, 39.1376640124916));
#21480 = CARTESIAN_POINT ('', (80.6449549194433, -36.2588525571989, 37.5291371010867));
#21490 = CARTESIAN_POINT ('', (80.326482767925, -26.6854234145225, 35.5643623065084));
#21500 = CARTESIAN_POINT ('', (80.0736766598016, -13.8629291199972, 34.0047060954758));
#21510 = CARTESIAN_POINT ('', (79.9821961708264, -1.04281941403381, 33.4403284628407));
#21520 = CARTESIAN_POINT ('', (80.031526107131, 8.5612290412777, 33.7446634416051));
#21530 = CARTESIAN_POINT ('', (80.1403372293849, 18.1871530747634, 34.415960286102));
#21540 = CARTESIAN_POINT ('', (80.371873281027, 27.7697840175286, 35.8443934980285));
#21550 = CARTESIAN_POINT ('', (80.5704064196199, 34.173451326364, 37.0692192943698));
#21560 = CARTESIAN_POINT ('', (80.8153073424212, 40.5778493822716, 38.5801054362035));
#21570 = CARTESIAN_POINT ('', (81.110141734459, 46.9832993926393, 40.3990499790436));
#21580 = CARTESIAN_POINT ('', (81.459711574926, 53.390289934948, 42.5556781432956));
#21590 = CARTESIAN_POINT ('', (81.8705568878624, 59.79960426009, 45.0903378034248));
#21600 = CARTESIAN_POINT ('', (82.3517969202314, 66.2125772737163, 48.0592890327016));
#21610 = CARTESIAN_POINT ('', (82.9166361985492, 72.6316649060866, 51.5439955344658));
#21620 = CARTESIAN_POINT ('', (83.4112394467625, 77.3834117664848, 54.5953894813874));
#21630 = CARTESIAN_POINT ('', (83.650224954321, 79.4838069172794, 56.0697811959595));
#21640 = CARTESIAN_POINT ('', (83.7108314225935, 80., 56.4436853526731));
#21650 = (
   BOUNDED_SURFACE ()
   B_SPLINE_SURFACE (2, 2, ((#20400, #20410, #20420, #20430, #20440, #20450, #20460, #20470, #20480, #20490, #20500, #20510, #20520, #20530, #20540, #20550, #20560, #20570, #20580, #20590, #20600, #20610, #20620, #20630, #20640), (#20650, #20660, #20670, #20680, #20690, #20700, #20710, #20720, #20730, #20740, #20750, #20760, #20770, #20780, #20790, #20800, #20810, #20820, #20830, #20840, #20850, #20860, #20870, #20880, #20890), (#20900, #20910, #20920, #20930, #20940, #20950, #20960, #20970, #20980, #20990, #21000, #21010, #21020, #21030, #21040, #21050, #21060, #21070, #21080, #21090, #21100, #21110, #21120, #21130, #21140), (#21150, #21160, #21170, #21180, #21190, #21200, #21210, #21220, #21230, #21240, #21250, #21260, #21270, #21280, #21290, #21300, #21310, #21320, #21330, #21340, #21350, #21360, #21370, #21380, #21390), (#21400, #21410, #21420, #21430, #21440, #21450, #21460, #21470, #21480, #21490, #21500, #21510, #21520, #21530, #21540, #21550, #21560, #21570, #21580, #21590, #21600, #21610, #21620, #21630, #21640)), .UNSPECIFIED., .F., .F., .U.)
   B_SPLINE_SURFACE_WITH_KNOTS ((3, 2, 3), (3, 1, 1, 1, 1, 1, 1, 1, 1, 1, 1, 1, 1, 1, 1, 1, 1, 1, 1, 1, 1, 1, 1, 3), (0.444902309356722, 0.5, 0.555098566770575), (0.0350561151873165, 0.0494626431367408, 0.0907301975929838, 0.130291382228581, 0.168627916391272, 0.206053018353451, 0.242783853632344, 0.278978877797064, 0.314758822094579, 0.385438971913887, 0.455415864520189, 0.525149161304753, 0.560054837641172, 0.630213167049478, 0.665587250772834, 0.70125361447342, 0.737301615435187, 0.773842700256546, 0.811021246888664, 0.849032228902759, 0.888151908073343, 0.928795577591032, 0.949883848082714, 0.956858397631161), .UNSPECIFIED.)
   SURFACE ()
   GEOMETRIC_REPRESENTATION_ITEM ()
   RATIONAL_B_SPLINE_SURFACE (((0.94256225778594, 0.94256225778594, 0.94256225778594, 0.94256225778594, 0.94256225778594, 0.94256225778594, 0.94256225778594, 0.94256225778594, 0.94256225778594, 0.94256225778594, 0.94256225778594, 0.94256225778594, 0.94256225778594, 0.94256225778594, 0.94256225778594, 0.94256225778594, 0.94256225778594, 0.94256225778594, 0.94256225778594, 0.94256225778594, 0.94256225778594, 0.94256225778594, 0.94256225778594, 0.94256225778594, 0.94256225778594), (0.967724520076605, 0.967724520076605, 0.967724520076605, 0.967724520076605, 0.967724520076605, 0.967724520076605, 0.967724520076605, 0.967724520076605, 0.967724520076605, 0.967724520076605, 0.967724520076605, 0.967724520076605, 0.967724520076605, 0.967724520076605, 0.967724520076605, 0.967724520076605, 0.967724520076605, 0.967724520076605, 0.967724520076605, 0.967724520076605, 0.967724520076605, 0.967724520076605, 0.967724520076605, 0.967724520076605, 0.967724520076605), (1., 1., 1., 1., 1., 1., 1., 1., 1., 1., 1., 1., 1., 1., 1., 1., 1., 1., 1., 1., 1., 1., 1., 1., 1.), (0.967724006853117, 0.967724006853117, 0.967724006853117, 0.967724006853117, 0.967724006853117, 0.967724006853117, 0.967724006853117, 0.967724006853117, 0.967724006853117, 0.967724006853117, 0.967724006853117, 0.967724006853117, 0.967724006853117, 0.967724006853117, 0.967724006853117, 0.967724006853117, 0.967724006853117, 0.967724006853117, 0.967724006853117, 0.967724006853117, 0.967724006853117, 0.967724006853117, 0.967724006853117, 0.967724006853117, 0.967724006853117), (0.942561457560194, 0.942561457560194, 0.942561457560194, 0.942561457560194, 0.942561457560194, 0.942561457560194, 0.942561457560194, 0.942561457560194, 0.942561457560194, 0.942561457560194, 0.942561457560194, 0.942561457560194, 0.942561457560194, 0.942561457560194, 0.942561457560194, 0.942561457560194, 0.942561457560194, 0.942561457560194, 0.942561457560194, 0.942561457560194, 0.942561457560194, 0.942561457560194, 0.942561457560194, 0.942561457560194, 0.942561457560194)))
   REPRESENTATION_ITEM ('')
);
#21660 = ADVANCED_FACE ('', (#20390), #21650, .T.);
#21670 = CLOSED_SHELL ('', (#3920, #5140, #12040, #19000, #20330, #21660));
#21680 = MANIFOLD_SOLID_BREP ('', #21670);
#21690 = (
   LENGTH_UNIT ()
   NAMED_UNIT (*)
   SI_UNIT (.MILLI., .METRE.)
);
#21700 = (
   NAMED_UNIT (*)
   SI_UNIT ($, .STERADIAN.)
   SOLID_ANGLE_UNIT ()
);
#21710 = (
   NAMED_UNIT (*)
   SI_UNIT ($, .RADIAN.)
   PLANE_ANGLE_UNIT ()
);
#21720 = UNCERTAINTY_MEASURE_WITH_UNIT (LENGTH_MEASURE(1.E-5), #21690, 'DISTANCE_ACCURACY_VALUE', '');
#21730 = (
   GEOMETRIC_REPRESENTATION_CONTEXT (3)
   GLOBAL_UNCERTAINTY_ASSIGNED_CONTEXT ((#21720))
   GLOBAL_UNIT_ASSIGNED_CONTEXT ((#21690, #21700, #21710))
   REPRESENTATION_CONTEXT ('', '3D')
);
#21740 = ADVANCED_BREP_SHAPE_REPRESENTATION ('', (#21680), #21730);
#21750 = APPLICATION_CONTEXT ('configuration controlled 3D designs of mechanical parts and assemblies');
#21760 = APPLICATION_PROTOCOL_DEFINITION ('International Standard', 'config_control_design', 1997, #21750);
#21770 = MECHANICAL_CONTEXT ('', #21750, 'mechanical');
#21780 = PRODUCT ('product-name', '', '', (#21770));
#21790 = PERSON_AND_ORGANIZATION_ROLE ('design_owner');
#21800 = PERSON ('', '', $, $, $, $);
#21810 = ORGANIZATION ($, '', '');
#21820 = PERSON_AND_ORGANIZATION (#21800, #21810);
#21830 = CC_DESIGN_PERSON_AND_ORGANIZATION_ASSIGNMENT (#21820, #21790, (#21780));
#21840 = PRODUCT_RELATED_PRODUCT_CATEGORY ('detail', $, (#21780));
#21850 = PRODUCT_DEFINITION_FORMATION_WITH_SPECIFIED_SOURCE ('', '', #21780, .NOT_KNOWN.);
#21860 = APPROVAL_STATUS ('approved');
#21870 = APPROVAL (#21860, '');
#21880 = CALENDAR_DATE (2020, 9, 9);
#21890 = COORDINATED_UNIVERSAL_TIME_OFFSET (0, $, .AHEAD.);
#21900 = LOCAL_TIME (22, 39, 20., #21890);
#21910 = DATE_AND_TIME (#21880, #21900);
#21920 = APPROVAL_DATE_TIME (#21910, #21870);
#21930 = APPROVAL_ROLE ('');
#21940 = PERSON ('', '', $, $, $, $);
#21950 = ORGANIZATION ($, '', '');
#21960 = PERSON_AND_ORGANIZATION (#21940, #21950);
#21970 = APPROVAL_PERSON_ORGANIZATION (#21960, #21870, #21930);
#21980 = CC_DESIGN_APPROVAL (#21870, (#21850));
#21990 = PERSON_AND_ORGANIZATION_ROLE ('creator');
#22000 = PERSON ('', '', $, $, $, $);
#22010 = ORGANIZATION ($, '', '');
#22020 = PERSON_AND_ORGANIZATION (#22000, #22010);
#22030 = CC_DESIGN_PERSON_AND_ORGANIZATION_ASSIGNMENT (#22020, #21990, (#21850));
#22040 = PERSON_AND_ORGANIZATION_ROLE ('part_supplier');
#22050 = PERSON ('', '', $, $, $, $);
#22060 = ORGANIZATION ($, '', '');
#22070 = PERSON_AND_ORGANIZATION (#22050, #22060);
#22080 = CC_DESIGN_PERSON_AND_ORGANIZATION_ASSIGNMENT (#22070, #22040, (#21850));
#22090 = SECURITY_CLASSIFICATION_LEVEL ('unclassified');
#22100 = SECURITY_CLASSIFICATION ('', '', #22090);
#22110 = APPROVAL_STATUS ('approved');
#22120 = APPROVAL (#22110, '');
#22130 = CALENDAR_DATE (2020, 9, 9);
#22140 = COORDINATED_UNIVERSAL_TIME_OFFSET (0, $, .AHEAD.);
#22150 = LOCAL_TIME (22, 39, 20., #22140);
#22160 = DATE_AND_TIME (#22130, #22150);
#22170 = APPROVAL_DATE_TIME (#22160, #22120);
#22180 = APPROVAL_ROLE ('');
#22190 = PERSON ('', '', $, $, $, $);
#22200 = ORGANIZATION ($, '', '');
#22210 = PERSON_AND_ORGANIZATION (#22190, #22200);
#22220 = APPROVAL_PERSON_ORGANIZATION (#22210, #22120, #22180);
#22230 = CC_DESIGN_APPROVAL (#22120, (#22100));
#22240 = DATE_TIME_ROLE ('classification_date');
#22250 = CALENDAR_DATE (2020, 9, 9);
#22260 = COORDINATED_UNIVERSAL_TIME_OFFSET (0, $, .AHEAD.);
#22270 = LOCAL_TIME (22, 39, 20., #22260);
#22280 = DATE_AND_TIME (#22250, #22270);
#22290 = CC_DESIGN_DATE_AND_TIME_ASSIGNMENT (#22280, #22240, (#22100));
#22300 = PERSON_AND_ORGANIZATION_ROLE ('classification_officer');
#22310 = PERSON ('', '', $, $, $, $);
#22320 = ORGANIZATION ($, '', '');
#22330 = PERSON_AND_ORGANIZATION (#22310, #22320);
#22340 = CC_DESIGN_PERSON_AND_ORGANIZATION_ASSIGNMENT (#22330, #22300, (#22100));
#22350 = CC_DESIGN_SECURITY_CLASSIFICATION (#22100, (#21850));
#22360 = DESIGN_CONTEXT ('', #21750, 'design');
#22370 = PRODUCT_DEFINITION ('', '', #21850, #22360);
#22380 = APPROVAL_STATUS ('approved');
#22390 = APPROVAL (#22380, '');
#22400 = CALENDAR_DATE (2020, 9, 9);
#22410 = COORDINATED_UNIVERSAL_TIME_OFFSET (0, $, .AHEAD.);
#22420 = LOCAL_TIME (22, 39, 20., #22410);
#22430 = DATE_AND_TIME (#22400, #22420);
#22440 = APPROVAL_DATE_TIME (#22430, #22390);
#22450 = APPROVAL_ROLE ('');
#22460 = PERSON ('', '', $, $, $, $);
#22470 = ORGANIZATION ($, '', '');
#22480 = PERSON_AND_ORGANIZATION (#22460, #22470);
#22490 = APPROVAL_PERSON_ORGANIZATION (#22480, #22390, #22450);
#22500 = CC_DESIGN_APPROVAL (#22390, (#22370));
#22510 = DATE_TIME_ROLE ('creation_date');
#22520 = CALENDAR_DATE (2020, 9, 9);
#22530 = COORDINATED_UNIVERSAL_TIME_OFFSET (0, $, .AHEAD.);
#22540 = LOCAL_TIME (22, 39, 20., #22530);
#22550 = DATE_AND_TIME (#22520, #22540);
#22560 = CC_DESIGN_DATE_AND_TIME_ASSIGNMENT (#22550, #22510, (#22370));
#22570 = PERSON_AND_ORGANIZATION_ROLE ('creator');
#22580 = PERSON ('', '', $, $, $, $);
#22590 = ORGANIZATION ($, '', '');
#22600 = PERSON_AND_ORGANIZATION (#22580, #22590);
#22610 = CC_DESIGN_PERSON_AND_ORGANIZATION_ASSIGNMENT (#22600, #22570, (#22370));
#22620 = PRODUCT_DEFINITION_SHAPE ('', '', #22370);
#22630 = SHAPE_DEFINITION_REPRESENTATION (#22620, #21740);
#22640 = CARTESIAN_POINT ('', (-84.8528137423857, -240., 733.225813742386));
#22650 = VERTEX_POINT ('', #22640);
#22660 = CARTESIAN_POINT ('', (84.8528137423857, -240., 563.520186257614));
#22670 = VERTEX_POINT ('', #22660);
#22680 = CARTESIAN_POINT ('', (-84.8528137423857, -240., 733.225813742386));
#22690 = CARTESIAN_POINT ('', (-28.2842712474619, -240., 676.657271247462));
#22700 = CARTESIAN_POINT ('', (28.2842712474619, -240., 620.088728752538));
#22710 = CARTESIAN_POINT ('', (84.8528137423857, -240., 563.520186257614));
#22720 = B_SPLINE_CURVE_WITH_KNOTS ('', 3, (#22680, #22690, #22700, #22710), .UNSPECIFIED., .F., .U., (4, 4), (0., 240.), .UNSPECIFIED.);
#22730 = EDGE_CURVE ('', #22650, #22670, #22720, .T.);
#22740 = ORIENTED_EDGE ('', *, *, #22730, .T.);
#22750 = CARTESIAN_POINT ('', (84.8528137423857, 240., 563.520186257614));
#22760 = VERTEX_POINT ('', #22750);
#22770 = CARTESIAN_POINT ('', (84.8528137423857, -240., 563.520186257614));
#22780 = CARTESIAN_POINT ('', (84.8528137423857, -80., 563.520186257614));
#22790 = CARTESIAN_POINT ('', (84.8528137423857, 80., 563.520186257614));
#22800 = CARTESIAN_POINT ('', (84.8528137423857, 240., 563.520186257614));
#22810 = B_SPLINE_CURVE_WITH_KNOTS ('', 3, (#22770, #22780, #22790, #22800), .UNSPECIFIED., .F., .U., (4, 4), (0., 480.), .UNSPECIFIED.);
#22820 = EDGE_CURVE ('', #22670, #22760, #22810, .T.);
#22830 = ORIENTED_EDGE ('', *, *, #22820, .T.);
#22840 = CARTESIAN_POINT ('', (-84.8528137423857, 240., 733.225813742386));
#22850 = VERTEX_POINT ('', #22840);
#22860 = CARTESIAN_POINT ('', (84.8528137423857, 240., 563.520186257614));
#22870 = CARTESIAN_POINT ('', (28.2842712474619, 240., 620.088728752538));
#22880 = CARTESIAN_POINT ('', (-28.2842712474619, 240., 676.657271247462));
#22890 = CARTESIAN_POINT ('', (-84.8528137423857, 240., 733.225813742386));
#22900 = B_SPLINE_CURVE_WITH_KNOTS ('', 3, (#22860, #22870, #22880, #22890), .UNSPECIFIED., .F., .U., (4, 4), (0., 240.), .UNSPECIFIED.);
#22910 = EDGE_CURVE ('', #22760, #22850, #22900, .T.);
#22920 = ORIENTED_EDGE ('', *, *, #22910, .T.);
#22930 = CARTESIAN_POINT ('', (-84.8528137423857, 240., 733.225813742386));
#22940 = CARTESIAN_POINT ('', (-84.8528137423857, 80., 733.225813742386));
#22950 = CARTESIAN_POINT ('', (-84.8528137423857, -80., 733.225813742386));
#22960 = CARTESIAN_POINT ('', (-84.8528137423857, -240., 733.225813742386));
#22970 = B_SPLINE_CURVE_WITH_KNOTS ('', 3, (#22930, #22940, #22950, #22960), .UNSPECIFIED., .F., .U., (4, 4), (0., 480.), .UNSPECIFIED.);
#22980 = EDGE_CURVE ('', #22850, #22650, #22970, .T.);
#22990 = ORIENTED_EDGE ('', *, *, #22980, .T.);
#23000 = EDGE_LOOP ('', (#22740, #22830, #22920, #22990));
#23010 = FACE_OUTER_BOUND ('', #23000, .T.);
#23020 = CARTESIAN_POINT ('', (-84.8528137423857, -240., 733.225813742386));
#23030 = CARTESIAN_POINT ('', (-84.8528137423857, 240., 733.225813742386));
#23040 = CARTESIAN_POINT ('', (84.8528137423857, -240., 563.520186257614));
#23050 = CARTESIAN_POINT ('', (84.8528137423857, 240., 563.520186257614));
#23060 = B_SPLINE_SURFACE_WITH_KNOTS ('', 1, 1, ((#23020, #23030), (#23040, #23050)), .UNSPECIFIED., .F., .F., .U., (2, 2), (2, 2), (0.0022261124997498, 0.99777388750025), (0.00111553956644773, 0.998884460433552), .UNSPECIFIED.);
#23070 = ADVANCED_FACE ('', (#23010), #23060, .T.);
#23080 = OPEN_SHELL ('', (#23070));
#23090 = SHELL_BASED_SURFACE_MODEL ('', (#23080));
#23100 = (
   LENGTH_UNIT ()
   NAMED_UNIT (*)
   SI_UNIT (.MILLI., .METRE.)
);
#23110 = (
   NAMED_UNIT (*)
   SI_UNIT ($, .STERADIAN.)
   SOLID_ANGLE_UNIT ()
);
#23120 = (
   NAMED_UNIT (*)
   SI_UNIT ($, .RADIAN.)
   PLANE_ANGLE_UNIT ()
);
#23130 = UNCERTAINTY_MEASURE_WITH_UNIT (LENGTH_MEASURE(1.E-5), #23100, 'DISTANCE_ACCURACY_VALUE', '');
#23140 = (
   GEOMETRIC_REPRESENTATION_CONTEXT (3)
   GLOBAL_UNCERTAINTY_ASSIGNED_CONTEXT ((#23130))
   GLOBAL_UNIT_ASSIGNED_CONTEXT ((#23100, #23110, #23120))
   REPRESENTATION_CONTEXT ('', '3D')
);
#23150 = MANIFOLD_SURFACE_SHAPE_REPRESENTATION ('', (#23090), #23140);
#23160 = APPLICATION_CONTEXT ('configuration controlled 3D designs of mechanical parts and assemblies');
#23170 = APPLICATION_PROTOCOL_DEFINITION ('International Standard', 'config_control_design', 1997, #23160);
#23180 = MECHANICAL_CONTEXT ('', #23160, 'mechanical');
#23190 = PRODUCT ('product-name', '', '', (#23180));
#23200 = PERSON_AND_ORGANIZATION_ROLE ('design_owner');
#23210 = PERSON ('', '', $, $, $, $);
#23220 = ORGANIZATION ($, '', '');
#23230 = PERSON_AND_ORGANIZATION (#23210, #23220);
#23240 = CC_DESIGN_PERSON_AND_ORGANIZATION_ASSIGNMENT (#23230, #23200, (#23190));
#23250 = PRODUCT_RELATED_PRODUCT_CATEGORY ('detail', $, (#23190));
#23260 = PRODUCT_DEFINITION_FORMATION_WITH_SPECIFIED_SOURCE ('', '', #23190, .NOT_KNOWN.);
#23270 = APPROVAL_STATUS ('approved');
#23280 = APPROVAL (#23270, '');
#23290 = CALENDAR_DATE (2020, 9, 9);
#23300 = COORDINATED_UNIVERSAL_TIME_OFFSET (0, $, .AHEAD.);
#23310 = LOCAL_TIME (22, 39, 20., #23300);
#23320 = DATE_AND_TIME (#23290, #23310);
#23330 = APPROVAL_DATE_TIME (#23320, #23280);
#23340 = APPROVAL_ROLE ('');
#23350 = PERSON ('', '', $, $, $, $);
#23360 = ORGANIZATION ($, '', '');
#23370 = PERSON_AND_ORGANIZATION (#23350, #23360);
#23380 = APPROVAL_PERSON_ORGANIZATION (#23370, #23280, #23340);
#23390 = CC_DESIGN_APPROVAL (#23280, (#23260));
#23400 = PERSON_AND_ORGANIZATION_ROLE ('creator');
#23410 = PERSON ('', '', $, $, $, $);
#23420 = ORGANIZATION ($, '', '');
#23430 = PERSON_AND_ORGANIZATION (#23410, #23420);
#23440 = CC_DESIGN_PERSON_AND_ORGANIZATION_ASSIGNMENT (#23430, #23400, (#23260));
#23450 = PERSON_AND_ORGANIZATION_ROLE ('part_supplier');
#23460 = PERSON ('', '', $, $, $, $);
#23470 = ORGANIZATION ($, '', '');
#23480 = PERSON_AND_ORGANIZATION (#23460, #23470);
#23490 = CC_DESIGN_PERSON_AND_ORGANIZATION_ASSIGNMENT (#23480, #23450, (#23260));
#23500 = SECURITY_CLASSIFICATION_LEVEL ('unclassified');
#23510 = SECURITY_CLASSIFICATION ('', '', #23500);
#23520 = APPROVAL_STATUS ('approved');
#23530 = APPROVAL (#23520, '');
#23540 = CALENDAR_DATE (2020, 9, 9);
#23550 = COORDINATED_UNIVERSAL_TIME_OFFSET (0, $, .AHEAD.);
#23560 = LOCAL_TIME (22, 39, 20., #23550);
#23570 = DATE_AND_TIME (#23540, #23560);
#23580 = APPROVAL_DATE_TIME (#23570, #23530);
#23590 = APPROVAL_ROLE ('');
#23600 = PERSON ('', '', $, $, $, $);
#23610 = ORGANIZATION ($, '', '');
#23620 = PERSON_AND_ORGANIZATION (#23600, #23610);
#23630 = APPROVAL_PERSON_ORGANIZATION (#23620, #23530, #23590);
#23640 = CC_DESIGN_APPROVAL (#23530, (#23510));
#23650 = DATE_TIME_ROLE ('classification_date');
#23660 = CALENDAR_DATE (2020, 9, 9);
#23670 = COORDINATED_UNIVERSAL_TIME_OFFSET (0, $, .AHEAD.);
#23680 = LOCAL_TIME (22, 39, 20., #23670);
#23690 = DATE_AND_TIME (#23660, #23680);
#23700 = CC_DESIGN_DATE_AND_TIME_ASSIGNMENT (#23690, #23650, (#23510));
#23710 = PERSON_AND_ORGANIZATION_ROLE ('classification_officer');
#23720 = PERSON ('', '', $, $, $, $);
#23730 = ORGANIZATION ($, '', '');
#23740 = PERSON_AND_ORGANIZATION (#23720, #23730);
#23750 = CC_DESIGN_PERSON_AND_ORGANIZATION_ASSIGNMENT (#23740, #23710, (#23510));
#23760 = CC_DESIGN_SECURITY_CLASSIFICATION (#23510, (#23260));
#23770 = DESIGN_CONTEXT ('', #23160, 'design');
#23780 = PRODUCT_DEFINITION ('', '', #23260, #23770);
#23790 = APPROVAL_STATUS ('approved');
#23800 = APPROVAL (#23790, '');
#23810 = CALENDAR_DATE (2020, 9, 9);
#23820 = COORDINATED_UNIVERSAL_TIME_OFFSET (0, $, .AHEAD.);
#23830 = LOCAL_TIME (22, 39, 20., #23820);
#23840 = DATE_AND_TIME (#23810, #23830);
#23850 = APPROVAL_DATE_TIME (#23840, #23800);
#23860 = APPROVAL_ROLE ('');
#23870 = PERSON ('', '', $, $, $, $);
#23880 = ORGANIZATION ($, '', '');
#23890 = PERSON_AND_ORGANIZATION (#23870, #23880);
#23900 = APPROVAL_PERSON_ORGANIZATION (#23890, #23800, #23860);
#23910 = CC_DESIGN_APPROVAL (#23800, (#23780));
#23920 = DATE_TIME_ROLE ('creation_date');
#23930 = CALENDAR_DATE (2020, 9, 9);
#23940 = COORDINATED_UNIVERSAL_TIME_OFFSET (0, $, .AHEAD.);
#23950 = LOCAL_TIME (22, 39, 20., #23940);
#23960 = DATE_AND_TIME (#23930, #23950);
#23970 = CC_DESIGN_DATE_AND_TIME_ASSIGNMENT (#23960, #23920, (#23780));
#23980 = PERSON_AND_ORGANIZATION_ROLE ('creator');
#23990 = PERSON ('', '', $, $, $, $);
#24000 = ORGANIZATION ($, '', '');
#24010 = PERSON_AND_ORGANIZATION (#23990, #24000);
#24020 = CC_DESIGN_PERSON_AND_ORGANIZATION_ASSIGNMENT (#24010, #23980, (#23780));
#24030 = PRODUCT_DEFINITION_SHAPE ('', '', #23780);
#24040 = SHAPE_DEFINITION_REPRESENTATION (#24030, #23150);
#24050 = CARTESIAN_POINT ('', (-170.350933882912, -240., 528.373));
#24060 = VERTEX_POINT ('', #24050);
#24070 = CARTESIAN_POINT ('', (-170.350933882911, -240., 768.373));
#24080 = VERTEX_POINT ('', #24070);
#24090 = CARTESIAN_POINT ('', (-170.350933882912, -240., 528.373));
#24100 = CARTESIAN_POINT ('', (-190.772879265391, -240., 586.635267278313));
#24110 = CARTESIAN_POINT ('', (-190.772879265391, -240., 648.373));
#24120 = CARTESIAN_POINT ('', (-190.772879265391, -240., 710.110732721687));
#24130 = CARTESIAN_POINT ('', (-170.350933882912, -240., 768.373));
#24140 = (
   BOUNDED_CURVE ()
   B_SPLINE_CURVE (2, (#24090, #24100, #24110, #24120, #24130), .UNSPECIFIED., .F., .U.)
   B_SPLINE_CURVE_WITH_KNOTS ((3, 2, 3), (0.387586772355859, 0.5, 0.612413227644142), .UNSPECIFIED.)
   CURVE ()
   GEOMETRIC_REPRESENTATION_ITEM ()
   RATIONAL_B_SPLINE_CURVE ((0.897909420657533, 0.934149855836196, 1., 0.934149855836196, 0.897909420657533))
   REPRESENTATION_ITEM ('')
);
#24150 = EDGE_CURVE ('', #24060, #24080, #24140, .T.);
#24160 = ORIENTED_EDGE ('', *, *, #24150, .F.);
#24170 = CARTESIAN_POINT ('', (-151.194179738542, -240., 528.373));
#24180 = VERTEX_POINT ('', #24170);
#24190 = CARTESIAN_POINT ('', (-170.350933882912, -240., 528.373));
#24200 = CARTESIAN_POINT ('', (-151.194179738542, -240., 528.373));
#24210 = B_SPLINE_CURVE_WITH_KNOTS ('', 1, (#24190, #24200), .UNSPECIFIED., .F., .U., (2, 2), (0., 1.), .UNSPECIFIED.);
#24220 = EDGE_CURVE ('', #24060, #24180, #24210, .T.);
#24230 = ORIENTED_EDGE ('', *, *, #24220, .T.);
#24240 = CARTESIAN_POINT ('', (-151.194179738542, -240., 768.373));
#24250 = VERTEX_POINT ('', #24240);
#24260 = CARTESIAN_POINT ('', (-151.194179738542, -240., 768.373));
#24270 = CARTESIAN_POINT ('', (-150.593536633877, -240., 766.667144450252));
#24280 = CARTESIAN_POINT ('', (-150.009589956849, -240., 764.968185483358));
#24290 = CARTESIAN_POINT ('', (-149.434571676201, -240., 763.253522463198));
#24300 = CARTESIAN_POINT ('', (-148.85963028932, -240., 761.539088734704));
#24310 = CARTESIAN_POINT ('', (-148.301102165713, -240., 759.831263902636));
#24320 = CARTESIAN_POINT ('', (-147.751910476172, -240., 758.108408976682));
#24330 = CARTESIAN_POINT ('', (-147.202791954504, -240., 756.385783583757));
#24340 = CARTESIAN_POINT ('', (-146.669816934461, -240., 754.6694757525));
#24350 = CARTESIAN_POINT ('', (-146.146567169551, -240., 752.938817184582));
#24360 = CARTESIAN_POINT ('', (-145.623386873915, -240., 751.208388387612));
#24370 = CARTESIAN_POINT ('', (-145.116093671786, -240., 749.483982370892));
#24380 = CARTESIAN_POINT ('', (-144.618895353295, -240., 747.745910083785));
#24390 = CARTESIAN_POINT ('', (-144.121762831152, -240., 746.008067803107));
#24400 = CARTESIAN_POINT ('', (-143.640274300187, -240., 744.275950272518));
#24410 = CARTESIAN_POINT ('', (-143.169231112715, -240., 742.530855761433));
#24420 = CARTESIAN_POINT ('', (-142.69825007269, -240., 740.785991490741));
#24430 = CARTESIAN_POINT ('', (-142.242683181136, -240., 739.046550885675));
#24440 = CARTESIAN_POINT ('', (-141.79789294792, -240., 737.294827131301));
#24450 = CARTESIAN_POINT ('', (-141.3531612356, -240., 735.543333850606));
#24460 = CARTESIAN_POINT ('', (-140.923627044184, -240., 733.796960287981));
#24470 = CARTESIAN_POINT ('', (-140.505181704207, -240., 732.039001669095));
#24480 = CARTESIAN_POINT ('', (-140.086791279228, -240., 730.281273757266));
#24490 = CARTESIAN_POINT ('', (-139.683394920035, -240., 728.528358941079));
#24500 = CARTESIAN_POINT ('', (-139.29138050643, -240., 726.764561146756));
#24510 = CARTESIAN_POINT ('', (-138.899417420869, -240., 725.00099429366));
#24520 = CARTESIAN_POINT ('', (-138.522258077592, -240., 723.241931424368));
#24530 = CARTESIAN_POINT ('', (-138.156754697353, -240., 721.472691365807));
#24540 = CARTESIAN_POINT ('', (-137.791299075422, -240., 719.703682484072));
#24550 = CARTESIAN_POINT ('', (-137.440469964996, -240., 717.938866167809));
#24560 = CARTESIAN_POINT ('', (-137.101551780003, -240., 716.164581889815));
#24570 = CARTESIAN_POINT ('', (-136.762677799063, -240., 714.390529026244));
#24580 = CARTESIAN_POINT ('', (-136.438266154671, -240., 712.620355183902));
#24590 = CARTESIAN_POINT ('', (-136.126001364034, -240., 710.841425776019));
#24600 = CARTESIAN_POINT ('', (-135.813777236932, -240., 709.062728022676));
#24610 = CARTESIAN_POINT ('', (-135.515864292384, -240., 707.287593798844));
#24620 = CARTESIAN_POINT ('', (-135.230315116118, -240., 705.504419306197));
#24630 = CARTESIAN_POINT ('', (-134.944803074848, -240., 703.721476711187));
#24640 = CARTESIAN_POINT ('', (-134.673464050334, -240., 701.941780382978));
#24650 = CARTESIAN_POINT ('', (-134.414686714362, -240., 700.15476171682));
#24660 = CARTESIAN_POINT ('', (-134.155942995073, -240., 698.367975194784));
#24670 = CARTESIAN_POINT ('', (-133.911247084274, -240., 696.58411608056));
#24680 = CARTESIAN_POINT ('', (-133.679291806782, -240., 694.793654928553));
#24690 = CARTESIAN_POINT ('', (-133.447366636113, -240., 693.003426170907));
#24700 = CARTESIAN_POINT ('', (-133.229376994694, -240., 691.215804538911));
#24710 = CARTESIAN_POINT ('', (-133.024287973813, -240., 689.422303275179));
#24720 = CARTESIAN_POINT ('', (-132.819225556587, -240., 687.62903466011));
#24730 = CARTESIAN_POINT ('', (-132.627999292042, -240., 685.838051637031));
#24740 = CARTESIAN_POINT ('', (-132.449814694896, -240., 684.041913231983));
#24750 = CARTESIAN_POINT ('', (-132.271653203149, -240., 682.246007734235));
#24760 = CARTESIAN_POINT ('', (-132.107241366024, -240., 680.452065213718));
#24770 = CARTESIAN_POINT ('', (-131.955993319117, -240., 678.65369314368));
#24780 = CARTESIAN_POINT ('', (-131.804764882492, -240., 676.855554244141));
#24790 = CARTESIAN_POINT ('', (-131.667212458966, -240., 675.059054795253));
#24800 = CARTESIAN_POINT ('', (-131.542927039932, -240., 673.258852951932));
#24810 = CARTESIAN_POINT ('', (-131.41865773742, -240., 671.45888454705));
#24820 = CARTESIAN_POINT ('', (-131.308003643253, -240., 669.660231322732));
#24830 = CARTESIAN_POINT ('', (-131.210700873959, -240., 667.858603922516));
#24840 = CARTESIAN_POINT ('', (-131.113410727005, -240., 666.057210233568));
#24850 = CARTESIAN_POINT ('', (-131.029687802849, -240., 664.256806879074));
#24860 = CARTESIAN_POINT ('', (-130.959381643863, -240., 662.454158372214));
#24870 = CARTESIAN_POINT ('', (-130.889084610824, -240., 660.651743854442));
#24880 = CARTESIAN_POINT ('', (-130.832319618902, -240., 658.849994415803));
#24890 = CARTESIAN_POINT ('', (-130.789017965318, -240., 657.046729395478));
#24900 = CARTESIAN_POINT ('', (-130.745721937288, -240., 655.243698647116));
#24910 = CARTESIAN_POINT ('', (-130.715935559431, -240., 653.44100747963));
#24920 = CARTESIAN_POINT ('', (-130.699640238062, -240., 651.637530590927));
#24930 = CARTESIAN_POINT ('', (-130.692392761378, -240., 650.835419579855));
#24940 = CARTESIAN_POINT ('', (-130.687816620605, -240., 650.033331382441));
#24950 = CARTESIAN_POINT ('', (-130.685911381532, -240., 649.231189892387));
#24960 = CARTESIAN_POINT ('', (-130.685346608123, -240., 648.993409662623));
#24970 = CARTESIAN_POINT ('', (-130.685016560077, -240., 648.755629912514));
#24980 = CARTESIAN_POINT ('', (-130.684921235159, -240., 648.517849031136));
#24990 = CARTESIAN_POINT ('', (-130.684825885698, -240., 648.280006930345));
#25000 = CARTESIAN_POINT ('', (-130.684965382185, -240., 648.042164562562));
#25010 = CARTESIAN_POINT ('', (-130.685339724146, -240., 647.804322737248));
#25020 = CARTESIAN_POINT ('', (-130.691756847336, -240., 643.727140761801));
#25030 = CARTESIAN_POINT ('', (-130.767250554506, -240., 639.647674437346));
#25040 = CARTESIAN_POINT ('', (-130.911689031002, -240., 635.573046654727));
#25050 = CARTESIAN_POINT ('', (-131.007833392613, -240., 632.86080199204));
#25060 = CARTESIAN_POINT ('', (-131.134712026724, -240., 630.146190764752));
#25070 = CARTESIAN_POINT ('', (-131.291970204775, -240., 627.436802510185));
#25080 = CARTESIAN_POINT ('', (-131.449182029767, -240., 624.728212868687));
#25090 = CARTESIAN_POINT ('', (-131.637287131255, -240., 622.016151338451));
#25100 = CARTESIAN_POINT ('', (-131.855510394228, -240., 619.311793371863));
#25110 = CARTESIAN_POINT ('', (-132.073669401484, -240., 616.608231701962));
#25120 = CARTESIAN_POINT ('', (-132.322946297482, -240., 613.900097554507));
#25130 = CARTESIAN_POINT ('', (-132.601983507264, -240., 611.202139569111));
#25140 = CARTESIAN_POINT ('', (-132.880938594645, -240., 608.50497560968));
#25150 = CARTESIAN_POINT ('', (-133.191301799988, -240., 605.802144600293));
#25160 = CARTESIAN_POINT ('', (-133.530971082469, -240., 603.111952387203));
#25170 = CARTESIAN_POINT ('', (-133.75730507136, -240., 601.319379535094));
#25180 = CARTESIAN_POINT ('', (-133.997713839292, -240., 599.523897937663));
#25190 = CARTESIAN_POINT ('', (-134.25093637888, -240., 597.734925369374));
#25200 = CARTESIAN_POINT ('', (-134.504125832193, -240., 595.946186549776));
#25210 = CARTESIAN_POINT ('', (-134.771509287196, -240., 594.154218765068));
#25220 = CARTESIAN_POINT ('', (-135.051525855501, -240., 592.36948287831));
#25230 = CARTESIAN_POINT ('', (-135.331505811186, -240., 590.584980348667));
#25240 = CARTESIAN_POINT ('', (-135.625811969865, -240., 588.796930408252));
#25250 = CARTESIAN_POINT ('', (-135.932551581307, -240., 587.016832415258));
#25260 = CARTESIAN_POINT ('', (-136.239251048287, -240., 585.236967392107));
#25270 = CARTESIAN_POINT ('', (-136.56042191423, -240., 583.453238460399));
#25280 = CARTESIAN_POINT ('', (-136.893807570916, -240., 581.678178442371));
#25290 = CARTESIAN_POINT ('', (-137.227149544017, -240., 579.903351010797));
#25300 = CARTESIAN_POINT ('', (-137.575121124871, -240., 578.124345296026));
#25310 = CARTESIAN_POINT ('', (-137.935069832874, -240., 576.354722112829));
#25320 = CARTESIAN_POINT ('', (-138.294971309116, -240., 574.58533113611));
#25330 = CARTESIAN_POINT ('', (-138.669673634983, -240., 572.811449801657));
#25340 = CARTESIAN_POINT ('', (-139.056096421986, -240., 571.04766100172));
#25350 = CARTESIAN_POINT ('', (-139.442468418236, -240., 569.28410403118));
#25360 = CARTESIAN_POINT ('', (-139.843825561388, -240., 567.515747107293));
#25370 = CARTESIAN_POINT ('', (-140.256627495685, -240., 565.758188837741));
#25380 = CARTESIAN_POINT ('', (-140.669375067675, -240., 564.000862022821));
#25390 = CARTESIAN_POINT ('', (-141.097305163574, -240., 562.238428318751));
#25400 = CARTESIAN_POINT ('', (-141.536385374426, -240., 560.487495235776));
#25410 = CARTESIAN_POINT ('', (-141.975407637126, -240., 558.736793234353));
#25420 = CARTESIAN_POINT ('', (-142.429822906741, -240., 556.980680250922));
#25430 = CARTESIAN_POINT ('', (-142.895074606094, -240., 555.236765430416));
#25440 = CARTESIAN_POINT ('', (-143.36026475544, -240., 553.493081319373));
#25450 = CARTESIAN_POINT ('', (-143.841071528849, -240., 551.743685162011));
#25460 = CARTESIAN_POINT ('', (-144.332382034399, -240., 550.007180010482));
#25470 = CARTESIAN_POINT ('', (-144.823627370385, -240., 548.270905196556));
#25480 = CARTESIAN_POINT ('', (-145.330726111646, -240., 546.528620488825));
#25490 = CARTESIAN_POINT ('', (-145.84797687126, -240., 544.799914654601));
#25500 = CARTESIAN_POINT ('', (-146.365158822379, -240., 543.071438785522));
#25510 = CARTESIAN_POINT ('', (-146.89844415566, -240., 541.336658583162));
#25520 = CARTESIAN_POINT ('', (-147.441510773142, -240., 539.616139867912));
#25530 = CARTESIAN_POINT ('', (-147.984504922183, -240., 537.895850743847));
#25540 = CARTESIAN_POINT ('', (-148.543865659135, -240., 536.168966449367));
#25550 = CARTESIAN_POINT ('', (-149.112617921349, -240., 534.457020719943));
#25560 = CARTESIAN_POINT ('', (-149.786936851585, -240., 532.427319056173));
#25570 = CARTESIAN_POINT ('', (-150.483846805974, -240., 530.390379981187));
#25580 = CARTESIAN_POINT ('', (-151.194179738542, -240., 528.373));
#25590 = B_SPLINE_CURVE_WITH_KNOTS ('', 3, (#24260, #24270, #24280, #24290, #24300, #24310, #24320, #24330, #24340, #24350, #24360, #24370, #24380, #24390, #24400, #24410, #24420, #24430, #24440, #24450, #24460, #24470, #24480, #24490, #24500, #24510, #24520, #24530, #24540, #24550, #24560, #24570, #24580, #24590, #24600, #24610, #24620, #24630, #24640, #24650, #24660, #24670, #24680, #24690, #24700, #24710, #24720, #24730, #24740, #24750, #24760, #24770, #24780, #24790, #24800, #24810, #24820, #24830, #24840, #24850, #24860, #24870, #24880, #24890, #24900, #24910, #24920, #24930, #24940, #24950, #24960, #24970, #24980, #24990, #25000, #25010, #25020, #25030, #25040, #25050, #25060, #25070, #25080, #25090, #25100, #25110, #25120, #25130, #25140, #25150, #25160, #25170, #25180, #25190, #25200, #25210, #25220, #25230, #25240, #25250, #25260, #25270, #25280, #25290, #25300, #25310, #25320, #25330, #25340, #25350, #25360, #25370, #25380, #25390, #25400, #25410, #25420, #25430, #25440, #25450, #25460, #25470, #25480, #25490, #25500, #25510, #25520, #25530, #25540, #25550, #25560, #25570, #25580), .UNSPECIFIED., .F., .U., (4, 3, 3, 3, 3, 3, 3, 3, 3, 3, 3, 3, 3, 3, 3, 3, 3, 3, 3, 3, 3, 3, 3, 3, 3, 3, 3, 3, 3, 3, 3, 3, 3, 3, 3, 3, 3, 3, 3, 3, 3, 3, 3, 3, 4), (0., 5.42553570277477, 10.8503458809946, 16.2744333209881, 21.6978006318111, 27.1204502455833, 32.5423844178886, 37.9636052282197, 43.3841145804497, 48.8039142033167, 54.2230056509054, 59.6413903031169, 65.0590693661125, 70.4760438727258, 75.8923146828315, 81.3078824836662, 86.722747790093, 92.1369109448058, 97.5503721184667, 102.963131309774, 108.375188345456, 113.786542880189, 119.197194396433, 121.603625654545, 122.316968356002, 123.030494715713, 135.26205579202, 143.403900401009, 151.543345138554, 159.68039322116, 167.815046519455, 173.23546168269, 178.655168609828, 184.074166901485, 189.49245598321, 194.910035105485, 200.326903343671, 205.743059597922, 211.158502593059, 216.573230878428, 221.987242827746, 227.400536638948, 232.813110334054, 238.224961759066, 244.64131226167), .UNSPECIFIED.);
#25600 = EDGE_CURVE ('', #24250, #24180, #25590, .T.);
#25610 = ORIENTED_EDGE ('', *, *, #25600, .F.);
#25620 = CARTESIAN_POINT ('', (-170.350933882911, -240., 768.373));
#25630 = CARTESIAN_POINT ('', (-151.194179738542, -240., 768.373));
#25640 = B_SPLINE_CURVE_WITH_KNOTS ('', 1, (#25620, #25630), .UNSPECIFIED., .F., .U., (2, 2), (0., 1.), .UNSPECIFIED.);
#25650 = EDGE_CURVE ('', #24080, #24250, #25640, .T.);
#25660 = ORIENTED_EDGE ('', *, *, #25650, .F.);
#25670 = EDGE_LOOP ('', (#24160, #24230, #25610, #25660));
#25680 = FACE_OUTER_BOUND ('', #25670, .T.);
#25690 = CARTESIAN_POINT ('', (-190.772879265391, -240., 528.373));
#25700 = CARTESIAN_POINT ('', (-190.772879265391, -240., 768.373));
#25710 = CARTESIAN_POINT ('', (-130.684825885698, -240., 528.373));
#25720 = CARTESIAN_POINT ('', (-130.684825885698, -240., 768.373));
#25730 = B_SPLINE_SURFACE_WITH_KNOTS ('', 1, 1, ((#25690, #25700), (#25710, #25720)), .UNSPECIFIED., .F., .F., .U., (2, 2), (2, 2), (0.453808321729581, 0.544003587686774), (0., 1.), .UNSPECIFIED.);
#25740 = ADVANCED_FACE ('', (#25680), #25730, .T.);
#25750 = CARTESIAN_POINT ('', (-170.350939165269, 240., 768.373));
#25760 = VERTEX_POINT ('', #25750);
#25770 = CARTESIAN_POINT ('', (-170.350939165269, 240., 768.373));
#25780 = CARTESIAN_POINT ('', (-171.381552072466, 236.065957230423, 768.373));
#25790 = CARTESIAN_POINT ('', (-172.384207005972, 232.13435907254, 768.373));
#25800 = CARTESIAN_POINT ('', (-173.363541099099, 228.187238576358, 768.373));
#25810 = CARTESIAN_POINT ('', (-174.016251400533, 225.556546734892, 768.373));
#25820 = CARTESIAN_POINT ('', (-174.656613500539, 222.926922610064, 768.373));
#25830 = CARTESIAN_POINT ('', (-175.286517942927, 220.290677041873, 768.373));
#25840 = CARTESIAN_POINT ('', (-175.706372720235, 218.533521159998, 768.373));
#25850 = CARTESIAN_POINT ('', (-176.120763367338, 216.776833986099, 768.373));
#25860 = CARTESIAN_POINT ('', (-176.530478672931, 215.01728626137, 768.373));
#25870 = CARTESIAN_POINT ('', (-177.452652078175, 211.056955527185, 768.373));
#25880 = CARTESIAN_POINT ('', (-178.347287601305, 207.09884202061, 768.373));
#25890 = CARTESIAN_POINT ('', (-179.218047622659, 203.126890321674, 768.373));
#25900 = CARTESIAN_POINT ('', (-180.088803374862, 199.154958096374, 768.373));
#25910 = CARTESIAN_POINT ('', (-180.932184834922, 195.185128518784, 768.373));
#25920 = CARTESIAN_POINT ('', (-181.751450800603, 191.20225713499, 768.373));
#25930 = CARTESIAN_POINT ('', (-182.57071282721, 187.219404901054, 768.373));
#25940 = CARTESIAN_POINT ('', (-183.362764589213, 183.238536135181, 768.373));
#25950 = CARTESIAN_POINT ('', (-184.130485303702, 179.245428687321, 768.373));
#25960 = CARTESIAN_POINT ('', (-184.898110822945, 175.252816373738, 768.373));
#25970 = CARTESIAN_POINT ('', (-185.638695531067, 171.262066816154, 768.373));
#25980 = CARTESIAN_POINT ('', (-186.354727402104, 167.259879865994, 768.373));
#25990 = CARTESIAN_POINT ('', (-187.070756526252, 163.257708269283, 768.373));
#26000 = CARTESIAN_POINT ('', (-187.7598715971, 159.25727433356, 768.373));
#26010 = CARTESIAN_POINT ('', (-188.424232924263, 155.246202254536, 768.373));
#26020 = CARTESIAN_POINT ('', (-189.088591742094, 151.235145325563, 768.373));
#26030 = CARTESIAN_POINT ('', (-189.726164257483, 147.225697190361, 768.373));
#26040 = CARTESIAN_POINT ('', (-190.33880714997, 143.206416282962, 768.373));
#26050 = CARTESIAN_POINT ('', (-190.611005780312, 141.420640635563, 768.373));
#26060 = CARTESIAN_POINT ('', (-190.877934187217, 139.635178689901, 768.373));
#26070 = CARTESIAN_POINT ('', (-191.139916285836, 137.84787565538, 768.373));
#26080 = CARTESIAN_POINT ('', (-192.024469606598, 131.813246408838, 768.373));
#26090 = CARTESIAN_POINT ('', (-192.849216858424, 125.781586541669, 768.373));
#26100 = CARTESIAN_POINT ('', (-193.617201441779, 119.731017609725, 768.373));
#26110 = CARTESIAN_POINT ('', (-194.129079246203, 115.698186733259, 768.373));
#26120 = CARTESIAN_POINT ('', (-194.614493406742, 111.666571623283, 768.373));
#26130 = CARTESIAN_POINT ('', (-195.074515314388, 107.627497025145, 768.373));
#26140 = CARTESIAN_POINT ('', (-195.278922349751, 105.832766707974, 768.373));
#26150 = CARTESIAN_POINT ('', (-195.478117084706, 104.038271222088, 768.373));
#26160 = CARTESIAN_POINT ('', (-195.672280759545, 102.242403850912, 768.373));
#26170 = CARTESIAN_POINT ('', (-196.327753292845, 96.1797778925138, 768.373));
#26180 = CARTESIAN_POINT ('', (-196.924040987867, 90.119211554918, 768.373));
#26190 = CARTESIAN_POINT ('', (-197.46269944491, 84.0450922920112, 768.373));
#26200 = CARTESIAN_POINT ('', (-198.001354684167, 77.9710093141022, 768.373));
#26210 = CARTESIAN_POINT ('', (-198.481018335249, 71.8985070611176, 768.373));
#26220 = CARTESIAN_POINT ('', (-198.902737446714, 65.8151867111501, 768.373));
#26230 = CARTESIAN_POINT ('', (-199.027649291463, 64.013326784826, 768.373));
#26240 = CARTESIAN_POINT ('', (-199.147397296848, 62.2116052746845, 768.373));
#26250 = CARTESIAN_POINT ('', (-199.262045214756, 60.4090631758777, 768.373));
#26260 = CARTESIAN_POINT ('', (-199.649041039036, 54.3245543766501, 768.373));
#26270 = CARTESIAN_POINT ('', (-199.977301780818, 48.2409967954128, 768.373));
#26280 = CARTESIAN_POINT ('', (-200.247277633572, 42.1501736872592, 768.373));
#26290 = CARTESIAN_POINT ('', (-200.427245101632, 38.0899957046872, 768.373));
#26300 = CARTESIAN_POINT ('', (-200.581143530997, 34.0301230603577, 768.373));
#26310 = CARTESIAN_POINT ('', (-200.709084958087, 29.9679728254504, 768.373));
#26320 = CARTESIAN_POINT ('', (-200.794372854053, 27.2600755125046, 768.373));
#26330 = CARTESIAN_POINT ('', (-200.868089714869, 24.5522788552092, 768.373));
#26340 = CARTESIAN_POINT ('', (-200.930259422273, 21.8437521689572, 768.373));
#26350 = CARTESIAN_POINT ('', (-201.140087992885, 12.7022215623117, 768.373));
#26360 = CARTESIAN_POINT ('', (-201.218177812712, 3.55971064209118, 768.373));
#26370 = CARTESIAN_POINT ('', (-201.164529500323, -5.58407039858667, 768.373));
#26380 = CARTESIAN_POINT ('', (-201.153933341941, -7.39007226144719, 768.373));
#26390 = CARTESIAN_POINT ('', (-201.138197440437, -9.19610532092315, 768.373));
#26400 = CARTESIAN_POINT ('', (-201.117324256907, -11.0020176436668, 768.373));
#26410 = CARTESIAN_POINT ('', (-201.09645163691, -12.8078812105414, 768.373));
#26420 = CARTESIAN_POINT ('', (-201.070440414463, -14.6137889060209, 768.373));
#26430 = CARTESIAN_POINT ('', (-201.039292937533, -16.4195044769543, 768.373));
#26440 = CARTESIAN_POINT ('', (-200.881633190233, -25.5595276397435, 768.373));
#26450 = CARTESIAN_POINT ('', (-200.592104361338, -34.7028725921066, 768.373));
#26460 = CARTESIAN_POINT ('', (-200.171110576995, -43.8345561305232, 768.373));
#26470 = CARTESIAN_POINT ('', (-200.087940814698, -45.6385731433775, 768.373));
#26480 = CARTESIAN_POINT ('', (-199.999617538286, -47.4427123734858, 768.373));
#26490 = CARTESIAN_POINT ('', (-199.906177931967, -49.2462266185084, 768.373));
#26500 = CARTESIAN_POINT ('', (-199.812740651374, -51.0496959737931, 768.373));
#26510 = CARTESIAN_POINT ('', (-199.7141482373, -52.8533003328081, 768.373));
#26520 = CARTESIAN_POINT ('', (-199.610444654229, -54.6562084856861, 768.373));
#26530 = CARTESIAN_POINT ('', (-199.260530126538, -60.7395446261126, 768.373));
#26540 = CARTESIAN_POINT ('', (-198.851782458666, -66.8250456852837, 768.373));
#26550 = CARTESIAN_POINT ('', (-198.384965659574, -72.9005292751055, 768.373));
#26560 = CARTESIAN_POINT ('', (-198.073724856299, -76.9512369541359, 768.373));
#26570 = CARTESIAN_POINT ('', (-197.736252446659, -81.0030211971307, 768.373));
#26580 = CARTESIAN_POINT ('', (-197.373083879693, -85.0494037952727, 768.373));
#26590 = CARTESIAN_POINT ('', (-197.130959091314, -87.7471304693086, 768.373));
#26600 = CARTESIAN_POINT ('', (-196.877155630715, -90.4453688520442, 768.373));
#26610 = CARTESIAN_POINT ('', (-196.611969986901, -93.1409263445246, 768.373));
#26620 = CARTESIAN_POINT ('', (-196.01550191622, -99.2039015260587, 768.373));
#26630 = CARTESIAN_POINT ('', (-195.359720289309, -105.270057100142, 768.373));
#26640 = CARTESIAN_POINT ('', (-194.646599174737, -111.320420765839, 768.373));
#26650 = CARTESIAN_POINT ('', (-194.171110285136, -115.35463128394, 768.373));
#26660 = CARTESIAN_POINT ('', (-193.66913565833, -119.390362591675, 768.373));
#26670 = CARTESIAN_POINT ('', (-193.141843901381, -123.418129664328, 768.373));
#26680 = CARTESIAN_POINT ('', (-192.790283217582, -126.10355860871, 768.373));
#26690 = CARTESIAN_POINT ('', (-192.426918762453, -128.789694280879, 768.373));
#26700 = CARTESIAN_POINT ('', (-192.052356740744, -131.472011715786, 768.373));
#26710 = CARTESIAN_POINT ('', (-191.490635166082, -135.494618082567, 768.373));
#26720 = CARTESIAN_POINT ('', (-190.902265045488, -139.518971266264, 768.373));
#26730 = CARTESIAN_POINT ('', (-190.28882956935, -143.534016723805, 768.373));
#26740 = CARTESIAN_POINT ('', (-189.675396197532, -147.549048408187, 768.373));
#26750 = CARTESIAN_POINT ('', (-189.035184276385, -151.565958953128, 768.373));
#26760 = CARTESIAN_POINT ('', (-188.370081174917, -155.572755403245, 768.373));
#26770 = CARTESIAN_POINT ('', (-187.926611750125, -158.24435881792, 768.373));
#26780 = CARTESIAN_POINT ('', (-187.471193384249, -160.916825244466, 768.373));
#26790 = CARTESIAN_POINT ('', (-187.004781512142, -163.584518986555, 768.373));
#26800 = CARTESIAN_POINT ('', (-186.69381234116, -165.363141189419, 768.373));
#26810 = CARTESIAN_POINT ('', (-186.377519598798, -167.142155036204, 768.373));
#26820 = CARTESIAN_POINT ('', (-186.056361663197, -168.918965759444, 768.373));
#26830 = CARTESIAN_POINT ('', (-185.33402112254, -172.915324797144, 768.373));
#26840 = CARTESIAN_POINT ('', (-184.584628116271, -176.913832377783, 768.373));
#26850 = CARTESIAN_POINT ('', (-183.810755288829, -180.900533051502, 768.373));
#26860 = CARTESIAN_POINT ('', (-183.03688575968, -184.887216733664, 768.373));
#26870 = CARTESIAN_POINT ('', (-182.23579952725, -188.87617173723, 768.373));
#26880 = CARTESIAN_POINT ('', (-181.410450646586, -192.852516799588, 768.373));
#26890 = CARTESIAN_POINT ('', (-180.585105399901, -196.828844354252, 768.373));
#26900 = CARTESIAN_POINT ('', (-179.732379985093, -200.807561407269, 768.373));
#26910 = CARTESIAN_POINT ('', (-178.855633633142, -204.772872420613, 768.373));
#26920 = CARTESIAN_POINT ('', (-177.97900154003, -208.737666668948, 768.373));
#26930 = CARTESIAN_POINT ('', (-177.074834564324, -212.70496712644, 768.373));
#26940 = CARTESIAN_POINT ('', (-176.146882044638, -216.658064820593, 768.373));
#26950 = CARTESIAN_POINT ('', (-175.218934633413, -220.611140752591, 768.373));
#26960 = CARTESIAN_POINT ('', (-174.263248888215, -224.566835096284, 768.373));
#26970 = CARTESIAN_POINT ('', (-173.284031495908, -228.507523998081, 768.373));
#26980 = CARTESIAN_POINT ('', (-172.331302732105, -232.341614053502, 768.373));
#26990 = CARTESIAN_POINT ('', (-171.352126703716, -236.178278975904, 768.373));
#27000 = CARTESIAN_POINT ('', (-170.350933882912, -240., 768.373));
#27010 = B_SPLINE_CURVE_WITH_KNOTS ('', 3, (#25770, #25780, #25790, #25800, #25810, #25820, #25830, #25840, #25850, #25860, #25870, #25880, #25890, #25900, #25910, #25920, #25930, #25940, #25950, #25960, #25970, #25980, #25990, #26000, #26010, #26020, #26030, #26040, #26050, #26060, #26070, #26080, #26090, #26100, #26110, #26120, #26130, #26140, #26150, #26160, #26170, #26180, #26190, #26200, #26210, #26220, #26230, #26240, #26250, #26260, #26270, #26280, #26290, #26300, #26310, #26320, #26330, #26340, #26350, #26360, #26370, #26380, #26390, #26400, #26410, #26420, #26430, #26440, #26450, #26460, #26470, #26480, #26490, #26500, #26510, #26520, #26530, #26540, #26550, #26560, #26570, #26580, #26590, #26600, #26610, #26620, #26630, #26640, #26650, #26660, #26670, #26680, #26690, #26700, #26710, #26720, #26730, #26740, #26750, #26760, #26770, #26780, #26790, #26800, #26810, #26820, #26830, #26840, #26850, #26860, #26870, #26880, #26890, #26900, #26910, #26920, #26930, #26940, #26950, #26960, #26970, #26980, #26990, #27000), .UNSPECIFIED., .F., .U., (4, 3, 3, 3, 3, 3, 3, 3, 3, 3, 3, 3, 3, 3, 3, 3, 3, 3, 3, 3, 3, 3, 3, 3, 3, 3, 3, 3, 3, 3, 3, 3, 3, 3, 3, 3, 3, 3, 3, 3, 3, 4), (0., 12.2003975056588, 20.3317647167211, 25.7516238887964, 37.9504603013898, 50.1492369056779, 62.3479548575993, 74.5451602022391, 86.742318755172, 98.9394312387329, 104.35863605262, 122.655976364379, 134.851536781331, 140.27053598112, 158.564406533309, 176.858167803308, 182.276721066631, 200.567131610492, 212.759625279037, 220.887345558668, 248.319160824004, 253.737259666315, 259.155212231249, 286.579360715936, 291.997160207266, 297.414824848761, 315.694999053811, 327.882941121577, 336.00865232667, 354.285385620701, 366.471791887375, 374.596821842239, 386.78173209983, 398.966600558467, 407.091080198679, 412.507886351052, 424.691233704469, 436.874529131725, 449.057770916398, 461.239424963561, 473.421011949635, 485.273077079984), .UNSPECIFIED.);
#27020 = EDGE_CURVE ('', #25760, #24080, #27010, .T.);
#27030 = ORIENTED_EDGE ('', *, *, #27020, .T.);
#27040 = ORIENTED_EDGE ('', *, *, #25650, .T.);
#27050 = CARTESIAN_POINT ('', (-151.191572165432, 240., 768.373));
#27060 = VERTEX_POINT ('', #27050);
#27070 = CARTESIAN_POINT ('', (-151.191572165432, 240., 768.373));
#27080 = CARTESIAN_POINT ('', (-150.435980032593, 237.3962562716, 768.373));
#27090 = CARTESIAN_POINT ('', (-149.697057147072, 234.794077581473, 768.373));
#27100 = CARTESIAN_POINT ('', (-148.971473587822, 232.181812401034, 768.373));
#27110 = CARTESIAN_POINT ('', (-148.487881148852, 230.440770072084, 768.373));
#27120 = CARTESIAN_POINT ('', (-148.01171322971, 228.700399688186, 768.373));
#27130 = CARTESIAN_POINT ('', (-147.541408864926, 226.955720966276, 768.373));
#27140 = CARTESIAN_POINT ('', (-146.482708624837, 223.02828180119, 768.373));
#27150 = CARTESIAN_POINT ('', (-145.459156649633, 219.103919226459, 768.373));
#27160 = CARTESIAN_POINT ('', (-144.464726753381, 215.159716673946, 768.373));
#27170 = CARTESIAN_POINT ('', (-144.023008759104, 213.407732700934, 768.373));
#27180 = CARTESIAN_POINT ('', (-143.588192254584, 211.656357262248, 768.373));
#27190 = CARTESIAN_POINT ('', (-143.159186069605, 209.901217290221, 768.373));
#27200 = CARTESIAN_POINT ('', (-142.8732287393, 208.731315414012, 768.373));
#27210 = CARTESIAN_POINT ('', (-142.590359843123, 207.561658361211, 768.373));
#27220 = CARTESIAN_POINT ('', (-142.309887682235, 206.390429364952, 768.373));
#27230 = CARTESIAN_POINT ('', (-141.362785271179, 202.435406510839, 768.373));
#27240 = CARTESIAN_POINT ('', (-140.448401066823, 198.483034568034, 768.373));
#27250 = CARTESIAN_POINT ('', (-139.56221914578, 194.513917492866, 768.373));
#27260 = CARTESIAN_POINT ('', (-138.676042443898, 190.54482379378, 768.373));
#27270 = CARTESIAN_POINT ('', (-137.822370107794, 186.57822281607, 768.373));
#27280 = CARTESIAN_POINT ('', (-136.99725675281, 182.59598702565, 768.373));
#27290 = CARTESIAN_POINT ('', (-136.172148248425, 178.613774645628, 768.373));
#27300 = CARTESIAN_POINT ('', (-135.379327159218, 174.633888693794, 768.373));
#27310 = CARTESIAN_POINT ('', (-134.615379701482, 170.639492147953, 768.373));
#27320 = CARTESIAN_POINT ('', (-134.389162347633, 169.456685912161, 768.373));
#27330 = CARTESIAN_POINT ('', (-134.165714159261, 168.274066743085, 768.373));
#27340 = CARTESIAN_POINT ('', (-133.944593815642, 167.090297054231, 768.373));
#27350 = CARTESIAN_POINT ('', (-133.198021960838, 163.09351811565, 768.373));
#27360 = CARTESIAN_POINT ('', (-132.481372916393, 159.098725910787, 768.373));
#27370 = CARTESIAN_POINT ('', (-131.79207353207, 155.091672407645, 768.373));
#27380 = CARTESIAN_POINT ('', (-131.102777072702, 151.084635907923, 768.373));
#27390 = CARTESIAN_POINT ('', (-130.44325998362, 147.079430349484, 768.373));
#27400 = CARTESIAN_POINT ('', (-129.81133376532, 143.062946766345, 768.373));
#27410 = CARTESIAN_POINT ('', (-129.390133559277, 140.385824558412, 768.373));
#27420 = CARTESIAN_POINT ('', (-128.982112765345, 137.70948097139, 768.373));
#27430 = CARTESIAN_POINT ('', (-128.586428857276, 135.028468630002, 768.373));
#27440 = CARTESIAN_POINT ('', (-128.322675884121, 133.241373017353, 768.373));
#27450 = CARTESIAN_POINT ('', (-128.06484978989, 131.454594570658, 768.373));
#27460 = CARTESIAN_POINT ('', (-127.812264514059, 129.665886366944, 768.373));
#27470 = CARTESIAN_POINT ('', (-126.959464834805, 123.626699096862, 768.373));
#27480 = CARTESIAN_POINT ('', (-126.169837424862, 117.590482399842, 768.373));
#27490 = CARTESIAN_POINT ('', (-125.440454961411, 111.53514992358, 768.373));
#27500 = CARTESIAN_POINT ('', (-124.711077888369, 105.479862198492, 768.373));
#27510 = CARTESIAN_POINT ('', (-124.044567781317, 99.4270260812656, 768.373));
#27520 = CARTESIAN_POINT ('', (-123.438790497488, 93.3581271505964, 768.373));
#27530 = CARTESIAN_POINT ('', (-123.169673949404, 90.6620189034078, 768.373));
#27540 = CARTESIAN_POINT ('', (-122.912580377258, 87.9663595451203, 768.373));
#27550 = CARTESIAN_POINT ('', (-122.667122083493, 85.2679945544208, 768.373));
#27560 = CARTESIAN_POINT ('', (-122.421665760689, 82.5696512308249, 768.373));
#27570 = CARTESIAN_POINT ('', (-122.1881570248, 79.871714462499, 768.373));
#27580 = CARTESIAN_POINT ('', (-121.966346768825, 77.1713245445901, 768.373));
#27590 = CARTESIAN_POINT ('', (-121.744536776368, 74.4709378348249, 768.373));
#27600 = CARTESIAN_POINT ('', (-121.534657366134, 71.7709133214119, 768.373));
#27610 = CARTESIAN_POINT ('', (-121.336505634049, 69.068687582118, 768.373));
#27620 = CARTESIAN_POINT ('', (-121.13835413787, 66.366465059916, 768.373));
#27630 = CARTESIAN_POINT ('', (-120.952115864358, 63.6645600163141, 768.373));
#27640 = CARTESIAN_POINT ('', (-120.777628915996, 60.9607063072934, 768.373));
#27650 = CARTESIAN_POINT ('', (-120.661311049457, 59.1582420094163, 768.373));
#27660 = CARTESIAN_POINT ('', (-120.550280879432, 57.355908155973, 768.373));
#27670 = CARTESIAN_POINT ('', (-120.444480226369, 55.5527959539709, 768.373));
#27680 = CARTESIAN_POINT ('', (-120.338683657008, 53.7497533486522, 768.373));
#27690 = CARTESIAN_POINT ('', (-120.238126974976, 51.9468251115666, 768.373));
#27700 = CARTESIAN_POINT ('', (-120.14268285348, 50.1432048715064, 768.373));
#27710 = CARTESIAN_POINT ('', (-119.659376569248, 41.0101018293784, 768.373));
#27720 = CARTESIAN_POINT ('', (-119.308703041422, 31.8777469652813, 768.373));
#27730 = CARTESIAN_POINT ('', (-119.090160518433, 22.7344764722819, 768.373));
#27740 = CARTESIAN_POINT ('', (-119.047003226121, 20.9288837118186, 768.373));
#27750 = CARTESIAN_POINT ('', (-119.009013852565, 19.123327494374, 768.373));
#27760 = CARTESIAN_POINT ('', (-118.976184705268, 17.3175174225211, 768.373));
#27770 = CARTESIAN_POINT ('', (-118.943356680261, 15.5117690836994, 768.373));
#27780 = CARTESIAN_POINT ('', (-118.915683908045, 13.7060441146193, 768.373));
#27790 = CARTESIAN_POINT ('', (-118.893137017774, 11.9001381425038, 768.373));
#27800 = CARTESIAN_POINT ('', (-118.77899096267, 2.75754507875116, 768.373));
#27810 = CARTESIAN_POINT ('', (-118.796504564776, -6.38663610482393, 768.373));
#27820 = CARTESIAN_POINT ('', (-118.945684719334, -15.5287246262046, 768.373));
#27830 = CARTESIAN_POINT ('', (-118.975151151577, -17.3344925098122, 768.373));
#27840 = CARTESIAN_POINT ('', (-119.009756246732, -19.1403152928154, 768.373));
#27850 = CARTESIAN_POINT ('', (-119.049493087419, -20.9458863669052, 768.373));
#27860 = CARTESIAN_POINT ('', (-119.089228632261, -22.751398560118, 768.373));
#27870 = CARTESIAN_POINT ('', (-119.134112436374, -24.5569793197497, 768.373));
#27880 = CARTESIAN_POINT ('', (-119.184176435569, -26.362234645001, 768.373));
#27890 = CARTESIAN_POINT ('', (-119.353118783497, -32.4541185968194, 768.373));
#27900 = CARTESIAN_POINT ('', (-119.581099715814, -38.5474209479003, 768.373));
#27910 = CARTESIAN_POINT ('', (-119.867886819041, -44.6348953631869, 768.373));
#27920 = CARTESIAN_POINT ('', (-120.059087697057, -48.6934127790855, 768.373));
#27930 = CARTESIAN_POINT ('', (-120.276582677003, -52.7526798729688, 768.373));
#27940 = CARTESIAN_POINT ('', (-120.520140205599, -56.8083920325247, 768.373));
#27950 = CARTESIAN_POINT ('', (-120.682514181791, -59.5122382795712, 768.373));
#27960 = CARTESIAN_POINT ('', (-120.856534492417, -62.2164638544878, 768.373));
#27970 = CARTESIAN_POINT ('', (-121.042432075877, -64.9187946862467, 768.373));
#27980 = CARTESIAN_POINT ('', (-121.228318574767, -67.62096438532, 768.373));
#27990 = CARTESIAN_POINT ('', (-121.426171336593, -70.3235563766809, 768.373));
#28000 = CARTESIAN_POINT ('', (-121.635807756007, -73.0239873505653, 768.373));
#28010 = CARTESIAN_POINT ('', (-121.84544392123, -75.724415050088, 768.373));
#28020 = CARTESIAN_POINT ('', (-122.067068646218, -78.4253100723149, 768.373));
#28030 = CARTESIAN_POINT ('', (-122.300449796767, -81.1237893330629, 768.373));
#28040 = CARTESIAN_POINT ('', (-122.533830664841, -83.822265327684, 768.373));
#28050 = CARTESIAN_POINT ('', (-122.779222025345, -86.5212532606047, 768.373));
#28060 = CARTESIAN_POINT ('', (-123.036336963039, -89.2175713486544, 768.373));
#28070 = CARTESIAN_POINT ('', (-123.293451589769, -91.9138861756702, 768.373));
#28080 = CARTESIAN_POINT ('', (-123.562598269083, -94.6107570708798, 768.373));
#28090 = CARTESIAN_POINT ('', (-123.843430101014, -97.3047049285485, 768.373));
#28100 = CARTESIAN_POINT ('', (-124.030656257977, -99.1007175136595, 768.373));
#28110 = CARTESIAN_POINT ('', (-124.223249099016, -100.897000999253, 768.373));
#28120 = CARTESIAN_POINT ('', (-124.421270761991, -102.691855383519, 768.373));
#28130 = CARTESIAN_POINT ('', (-125.089296146304, -108.746790342781, 768.373));
#28140 = CARTESIAN_POINT ('', (-125.820712654841, -114.805467080021, 768.373));
#28150 = CARTESIAN_POINT ('', (-126.612896505761, -120.845412445777, 768.373));
#28160 = CARTESIAN_POINT ('', (-127.141117910593, -124.87279626899, 768.373));
#28170 = CARTESIAN_POINT ('', (-127.69766598008, -128.901961333909, 768.373));
#28180 = CARTESIAN_POINT ('', (-128.281009015522, -132.921731130178, 768.373));
#28190 = CARTESIAN_POINT ('', (-128.453900334921, -134.113111264226, 768.373));
#28200 = CARTESIAN_POINT ('', (-128.62928458896, -135.304647105981, 768.373));
#28210 = CARTESIAN_POINT ('', (-128.807011302678, -136.495315509592, 768.373));
#28220 = CARTESIAN_POINT ('', (-128.984732935938, -137.68594987702, 768.373));
#28230 = CARTESIAN_POINT ('', (-129.164979096566, -138.876755704318, 768.373));
#28240 = CARTESIAN_POINT ('', (-129.347722251135, -140.066629695666, 768.373));
#28250 = CARTESIAN_POINT ('', (-129.964218761858, -144.080750857116, 768.373));
#28260 = CARTESIAN_POINT ('', (-130.610697273189, -148.097010608101, 768.373));
#28270 = CARTESIAN_POINT ('', (-131.285012517551, -152.101824660932, 768.373));
#28280 = CARTESIAN_POINT ('', (-131.959324828241, -156.106621290436, 768.373));
#28290 = CARTESIAN_POINT ('', (-132.66379395588, -160.113717414779, 768.373));
#28300 = CARTESIAN_POINT ('', (-133.395854626217, -164.108361367747, 768.373));
#28310 = CARTESIAN_POINT ('', (-133.883986812769, -166.771957933266, 768.373));
#28320 = CARTESIAN_POINT ('', (-134.38558499007, -169.436609353242, 768.373));
#28330 = CARTESIAN_POINT ('', (-134.899348886922, -172.095380940589, 768.373));
#28340 = CARTESIAN_POINT ('', (-135.127737783996, -173.277312785402, 768.373));
#28350 = CARTESIAN_POINT ('', (-135.358793342647, -174.459453957128, 768.373));
#28360 = CARTESIAN_POINT ('', (-135.592240773695, -175.640397084898, 768.373));
#28370 = CARTESIAN_POINT ('', (-136.117312629206, -178.296583947042, 768.373));
#28380 = CARTESIAN_POINT ('', (-136.656805656451, -180.953976276362, 768.373));
#28390 = CARTESIAN_POINT ('', (-137.209197749982, -183.60461621326, 768.373));
#28400 = CARTESIAN_POINT ('', (-137.761586313661, -186.255239212249, 768.373));
#28410 = CARTESIAN_POINT ('', (-138.32851881208, -188.907115198945, 768.373));
#28420 = CARTESIAN_POINT ('', (-138.908226450127, -191.551897697079, 768.373));
#28430 = CARTESIAN_POINT ('', (-139.487932547351, -194.196673165568, 768.373));
#28440 = CARTESIAN_POINT ('', (-140.082255293086, -196.842750236194, 768.373));
#28450 = CARTESIAN_POINT ('', (-140.68924596483, -199.481397382421, 768.373));
#28460 = CARTESIAN_POINT ('', (-141.296235020419, -202.120037503064, 768.373));
#28470 = CARTESIAN_POINT ('', (-141.917912748554, -204.760026038309, 768.373));
#28480 = CARTESIAN_POINT ('', (-142.552142798702, -207.392251264873, 768.373));
#28490 = CARTESIAN_POINT ('', (-142.975037691586, -209.147378769437, 768.373));
#28500 = CARTESIAN_POINT ('', (-143.404486822709, -210.903113736198, 768.373));
#28510 = CARTESIAN_POINT ('', (-143.839471708776, -212.655284046584, 768.373));
#28520 = CARTESIAN_POINT ('', (-144.129489211746, -213.823508677994, 768.373));
#28530 = CARTESIAN_POINT ('', (-144.422397277918, -214.992041473471, 768.373));
#28540 = CARTESIAN_POINT ('', (-144.718042465254, -216.158854596754, 768.373));
#28550 = CARTESIAN_POINT ('', (-145.71504839916, -220.093705078017, 768.373));
#28560 = CARTESIAN_POINT ('', (-146.748328994383, -224.03220085253, 768.373));
#28570 = CARTESIAN_POINT ('', (-147.811493302388, -227.949693774836, 768.373));
#28580 = CARTESIAN_POINT ('', (-148.903034025798, -231.971746646789, 768.373));
#28590 = CARTESIAN_POINT ('', (-150.033090051734, -235.997470650347, 768.373));
#28600 = CARTESIAN_POINT ('', (-151.194179738542, -240., 768.373));
#28610 = B_SPLINE_CURVE_WITH_KNOTS ('', 3, (#27070, #27080, #27090, #27100, #27110, #27120, #27130, #27140, #27150, #27160, #27170, #27180, #27190, #27200, #27210, #27220, #27230, #27240, #27250, #27260, #27270, #27280, #27290, #27300, #27310, #27320, #27330, #27340, #27350, #27360, #27370, #27380, #27390, #27400, #27410, #27420, #27430, #27440, #27450, #27460, #27470, #27480, #27490, #27500, #27510, #27520, #27530, #27540, #27550, #27560, #27570, #27580, #27590, #27600, #27610, #27620, #27630, #27640, #27650, #27660, #27670, #27680, #27690, #27700, #27710, #27720, #27730, #27740, #27750, #27760, #27770, #27780, #27790, #27800, #27810, #27820, #27830, #27840, #27850, #27860, #27870, #27880, #27890, #27900, #27910, #27920, #27930, #27940, #27950, #27960, #27970, #27980, #27990, #28000, #28010, #28020, #28030, #28040, #28050, #28060, #28070, #28080, #28090, #28100, #28110, #28120, #28130, #28140, #28150, #28160, #28170, #28180, #28190, #28200, #28210, #28220, #28230, #28240, #28250, #28260, #28270, #28280, #28290, #28300, #28310, #28320, #28330, #28340, #28350, #28360, #28370, #28380, #28390, #28400, #28410, #28420, #28430, #28440, #28450, #28460, #28470, #28480, #28490, #28500, #28510, #28520, #28530, #28540, #28550, #28560, #28570, #28580, #28590, #28600), .UNSPECIFIED., .F., .U., (4, 3, 3, 3, 3, 3, 3, 3, 3, 3, 3, 3, 3, 3, 3, 3, 3, 3, 3, 3, 3, 3, 3, 3, 3, 3, 3, 3, 3, 3, 3, 3, 3, 3, 3, 3, 3, 3, 3, 3, 3, 3, 3, 3, 3, 3, 3, 3, 3, 3, 3, 4), (0., 8.13348682113102, 13.5543548645356, 25.7572488386841, 31.1776790479415, 34.7907079645721, 46.9912357720983, 59.1916917247124, 71.3920759544202, 75.0048095376631, 87.2025348487379, 99.4002084003221, 107.53037053696, 112.949732790619, 131.247040012846, 149.544212011123, 157.672730361541, 165.801183442269, 173.929626866153, 182.058060612847, 187.476701265334, 192.895132768651, 220.332778536511, 225.751103915875, 231.169244065543, 258.599160858371, 264.017185708894, 269.435033874012, 287.717712134981, 299.906768395339, 308.032920530409, 316.158588124984, 324.284245866919, 332.409893773896, 340.535531853393, 345.952766716084, 364.227789492397, 376.413418110075, 380.024997029211, 383.636472708551, 395.820032525731, 408.003539337169, 416.12740401222, 419.738791469528, 427.861553432105, 435.98426348925, 444.106951956801, 452.229618797121, 457.645688758759, 461.256745456341, 473.434332338775, 485.936945429678), .UNSPECIFIED.);
#28620 = EDGE_CURVE ('', #27060, #24250, #28610, .T.);
#28630 = ORIENTED_EDGE ('', *, *, #28620, .F.);
#28640 = CARTESIAN_POINT ('', (-170.350939165269, 240., 768.373));
#28650 = CARTESIAN_POINT ('', (-151.191572165432, 240., 768.373));
#28660 = B_SPLINE_CURVE_WITH_KNOTS ('', 1, (#28640, #28650), .UNSPECIFIED., .F., .U., (2, 2), (0., 1.), .UNSPECIFIED.);
#28670 = EDGE_CURVE ('', #25760, #27060, #28660, .T.);
#28680 = ORIENTED_EDGE ('', *, *, #28670, .F.);
#28690 = EDGE_LOOP ('', (#27030, #27040, #28630, #28680));
#28700 = FACE_OUTER_BOUND ('', #28690, .T.);
#28710 = CARTESIAN_POINT ('', (-201.218177812712, -240., 768.373));
#28720 = CARTESIAN_POINT ('', (-201.218177812712, 240., 768.373));
#28730 = CARTESIAN_POINT ('', (-118.77899096267, -240., 768.373));
#28740 = CARTESIAN_POINT ('', (-118.77899096267, 240., 768.373));
#28750 = B_SPLINE_SURFACE_WITH_KNOTS ('', 1, 1, ((#28710, #28720), (#28730, #28740)), .UNSPECIFIED., .F., .F., .U., (2, 2), (2, 2), (0.43812939010361, 0.561874859710505), (0., 1.), .UNSPECIFIED.);
#28760 = ADVANCED_FACE ('', (#28700), #28750, .T.);
#28770 = CARTESIAN_POINT ('', (-170.350939165269, 240., 528.373));
#28780 = VERTEX_POINT ('', #28770);
#28790 = CARTESIAN_POINT ('', (-170.350939165269, 240., 528.373));
#28800 = CARTESIAN_POINT ('', (-190.772884250383, 240., 586.635267328919));
#28810 = CARTESIAN_POINT ('', (-190.772884250383, 240., 648.373));
#28820 = CARTESIAN_POINT ('', (-190.772884250383, 240., 710.110732671081));
#28830 = CARTESIAN_POINT ('', (-170.350939165269, 240., 768.373));
#28840 = (
   BOUNDED_CURVE ()
   B_SPLINE_CURVE (2, (#28790, #28800, #28810, #28820, #28830), .UNSPECIFIED., .F., .U.)
   B_SPLINE_CURVE_WITH_KNOTS ((3, 2, 3), (0.387586773884927, 0.5, 0.612413226115073), .UNSPECIFIED.)
   CURVE ()
   GEOMETRIC_REPRESENTATION_ITEM ()
   RATIONAL_B_SPLINE_CURVE ((0.897909421643433, 0.934149856731904, 1., 0.934149856731904, 0.897909421643433))
   REPRESENTATION_ITEM ('')
);
#28850 = EDGE_CURVE ('', #28780, #25760, #28840, .T.);
#28860 = ORIENTED_EDGE ('', *, *, #28850, .T.);
#28870 = ORIENTED_EDGE ('', *, *, #28670, .T.);
#28880 = CARTESIAN_POINT ('', (-151.191572165432, 240., 528.373));
#28890 = VERTEX_POINT ('', #28880);
#28900 = CARTESIAN_POINT ('', (-151.191572165432, 240., 528.373));
#28910 = CARTESIAN_POINT ('', (-150.590933167882, 240., 530.078856937094));
#28920 = CARTESIAN_POINT ('', (-150.006990438912, 240., 531.7778173829));
#28930 = CARTESIAN_POINT ('', (-149.431976110848, 240., 533.49248167008));
#28940 = CARTESIAN_POINT ('', (-148.857038674931, 240., 535.206916668678));
#28950 = CARTESIAN_POINT ('', (-148.298514349159, 240., 536.914742859069));
#28960 = CARTESIAN_POINT ('', (-147.749326453491, 240., 538.637598939793));
#28970 = CARTESIAN_POINT ('', (-147.200211724157, 240., 540.360225490578));
#28980 = CARTESIAN_POINT ('', (-146.667240348963, 240., 542.076534564463));
#28990 = CARTESIAN_POINT ('', (-146.143994216852, 240., 543.807194179948));
#29000 = CARTESIAN_POINT ('', (-145.620817552555, 240., 545.53762402758));
#29010 = CARTESIAN_POINT ('', (-145.113527839643, 240., 547.26203117618));
#29020 = CARTESIAN_POINT ('', (-144.616332990627, 240., 549.000104408742));
#29030 = CARTESIAN_POINT ('', (-144.119203936578, 240., 550.737947637975));
#29040 = CARTESIAN_POINT ('', (-143.637718736671, 240., 552.470066194693));
#29050 = CARTESIAN_POINT ('', (-143.166678853217, 240., 554.215161554255));
#29060 = CARTESIAN_POINT ('', (-142.695701115905, 240., 555.960026676528));
#29070 = CARTESIAN_POINT ('', (-142.240137394838, 240., 557.699468207022));
#29080 = CARTESIAN_POINT ('', (-141.795350298165, 240., 559.451192718068));
#29090 = CARTESIAN_POINT ('', (-141.350621721159, 240., 561.202686758544));
#29100 = CARTESIAN_POINT ('', (-140.921090537368, 240., 562.949061150988));
#29110 = CARTESIAN_POINT ('', (-140.502648164559, 240., 564.707020439956));
#29120 = CARTESIAN_POINT ('', (-140.084260705596, 240., 566.464749024978));
#29130 = CARTESIAN_POINT ('', (-139.680867188988, 240., 568.217664580512));
#29140 = CARTESIAN_POINT ('', (-139.288855571395, 240., 569.981462963574));
#29150 = CARTESIAN_POINT ('', (-138.896895280769, 240., 571.745030408526));
#29160 = CARTESIAN_POINT ('', (-138.519738612983, 240., 573.504093931871));
#29170 = CARTESIAN_POINT ('', (-138.154237855937, 240., 575.273334503111));
#29180 = CARTESIAN_POINT ('', (-137.788784856198, 240., 577.042343900646));
#29190 = CARTESIAN_POINT ('', (-137.437958252233, 240., 578.807160790885));
#29200 = CARTESIAN_POINT ('', (-137.099042516071, 240., 580.581445510813));
#29210 = CARTESIAN_POINT ('', (-136.760170983035, 240., 582.355498819442));
#29220 = CARTESIAN_POINT ('', (-136.435761674262, 240., 584.125673160938));
#29230 = CARTESIAN_POINT ('', (-136.12349915667, 240., 585.904602945349));
#29240 = CARTESIAN_POINT ('', (-135.811277301759, 240., 587.68330107835));
#29250 = CARTESIAN_POINT ('', (-135.513366520295, 240., 589.458435731802));
#29260 = CARTESIAN_POINT ('', (-135.227819439986, 240., 591.241610540942));
#29270 = CARTESIAN_POINT ('', (-134.942309493892, 240., 593.024553455579));
#29280 = CARTESIAN_POINT ('', (-134.670972458355, 240., 594.804250149191));
#29290 = CARTESIAN_POINT ('', (-134.412197040071, 240., 596.591269077201));
#29300 = CARTESIAN_POINT ('', (-134.153455237761, 240., 598.378055864226));
#29310 = CARTESIAN_POINT ('', (-133.908761140385, 240., 600.161915284987));
#29320 = CARTESIAN_POINT ('', (-133.67680760125, 240., 601.952376649617));
#29330 = CARTESIAN_POINT ('', (-133.444884168303, 240., 603.742605623029));
#29340 = CARTESIAN_POINT ('', (-133.226896163424, 240., 605.530227508068));
#29350 = CARTESIAN_POINT ('', (-133.021808700634, 240., 607.32372894063));
#29360 = CARTESIAN_POINT ('', (-132.816747840933, 240., 609.116997727676));
#29370 = CARTESIAN_POINT ('', (-132.625523034844, 240., 610.907980955703));
#29380 = CARTESIAN_POINT ('', (-132.447339814706, 240., 612.704119491238));
#29390 = CARTESIAN_POINT ('', (-132.269179699473, 240., 614.500025122624));
#29400 = CARTESIAN_POINT ('', (-132.10476914164, 240., 616.293967805415));
#29410 = CARTESIAN_POINT ('', (-131.953522289965, 240., 618.092339973061));
#29420 = CARTESIAN_POINT ('', (-131.80229504815, 240., 619.890478973365));
#29430 = CARTESIAN_POINT ('', (-131.664743723795, 240., 621.68697854729));
#29440 = CARTESIAN_POINT ('', (-131.540459317647, 240., 623.487180460818));
#29450 = CARTESIAN_POINT ('', (-131.416191027671, 240., 625.287148939068));
#29460 = CARTESIAN_POINT ('', (-131.305537851722, 240., 627.085802256644));
#29470 = CARTESIAN_POINT ('', (-131.208235912522, 240., 628.887429705151));
#29480 = CARTESIAN_POINT ('', (-131.110946595383, 240., 630.688823445556));
#29490 = CARTESIAN_POINT ('', (-131.027224407784, 240., 632.489226866997));
#29500 = CARTESIAN_POINT ('', (-130.956918895777, 240., 634.291875405725));
#29510 = CARTESIAN_POINT ('', (-130.886622509509, 240., 636.094289958537));
#29520 = CARTESIAN_POINT ('', (-130.829858071898, 240., 637.896039443293));
#29530 = CARTESIAN_POINT ('', (-130.78655688198, 240., 639.699304484562));
#29540 = CARTESIAN_POINT ('', (-130.743261317478, 240., 641.502335257043));
#29550 = CARTESIAN_POINT ('', (-130.713475311225, 240., 643.305026455307));
#29560 = CARTESIAN_POINT ('', (-130.697180270131, 240., 645.108503359528));
#29570 = CARTESIAN_POINT ('', (-130.689932918126, 240., 645.910614374867));
#29580 = CARTESIAN_POINT ('', (-130.685356883861, 240., 646.712702577262));
#29590 = CARTESIAN_POINT ('', (-130.68345173315, 240., 647.514844070666));
#29600 = CARTESIAN_POINT ('', (-130.682886985935, 240., 647.75262430079));
#29610 = CARTESIAN_POINT ('', (-130.682556962487, 240., 647.990404051301));
#29620 = CARTESIAN_POINT ('', (-130.682461660569, 240., 648.228184932986));
#29630 = CARTESIAN_POINT ('', (-130.682366334112, 240., 648.466027041055));
#29640 = CARTESIAN_POINT ('', (-130.682505852018, 240., 648.703869416148));
#29650 = CARTESIAN_POINT ('', (-130.682880213814, 240., 648.941711248699));
#29660 = CARTESIAN_POINT ('', (-130.689297676674, 240., 653.018893126851));
#29670 = CARTESIAN_POINT ('', (-130.764791249763, 240., 657.098359333205));
#29680 = CARTESIAN_POINT ('', (-130.909229119834, 240., 661.172987040499));
#29690 = CARTESIAN_POINT ('', (-131.005373079094, 240., 663.885231690034));
#29700 = CARTESIAN_POINT ('', (-131.132251099484, 240., 666.599842876488));
#29710 = CARTESIAN_POINT ('', (-131.2895084583, 240., 669.30923115116));
#29720 = CARTESIAN_POINT ('', (-131.446719464929, 240., 672.01782082365));
#29730 = CARTESIAN_POINT ('', (-131.634823533702, 240., 674.729882342162));
#29740 = CARTESIAN_POINT ('', (-131.853045563393, 240., 677.434240391733));
#29750 = CARTESIAN_POINT ('', (-132.071203338605, 240., 680.137802155452));
#29760 = CARTESIAN_POINT ('', (-132.320478783883, 240., 682.8459363391));
#29770 = CARTESIAN_POINT ('', (-132.599514349297, 240., 685.543894488954));
#29780 = CARTESIAN_POINT ('', (-132.878467793915, 240., 688.241058623629));
#29790 = CARTESIAN_POINT ('', (-133.188829132148, 240., 690.943889735885));
#29800 = CARTESIAN_POINT ('', (-133.528496362763, 240., 693.634082213401));
#29810 = CARTESIAN_POINT ('', (-133.754828984841, 240., 695.426655245038));
#29820 = CARTESIAN_POINT ('', (-133.995236283848, 240., 697.222136984614));
#29830 = CARTESIAN_POINT ('', (-134.248457276428, 240., 699.011109778841));
#29840 = CARTESIAN_POINT ('', (-134.501645183388, 240., 700.799848827543));
#29850 = CARTESIAN_POINT ('', (-134.769026987566, 240., 702.591816799706));
#29860 = CARTESIAN_POINT ('', (-135.049041830538, 240., 704.376552967406));
#29870 = CARTESIAN_POINT ('', (-135.329020061616, 240., 706.161055781147));
#29880 = CARTESIAN_POINT ('', (-135.623324388591, 240., 707.949105959796));
#29890 = CARTESIAN_POINT ('', (-135.930062097785, 240., 709.729204294127));
#29900 = CARTESIAN_POINT ('', (-136.236759663314, 240., 711.509069661765));
#29910 = CARTESIAN_POINT ('', (-136.557928517818, 240., 713.292798887928));
#29920 = CARTESIAN_POINT ('', (-136.89131209687, 240., 715.067859313051));
#29930 = CARTESIAN_POINT ('', (-137.224651993209, 240., 716.842687154862));
#29940 = CARTESIAN_POINT ('', (-137.572621384152, 240., 718.621693225728));
#29950 = CARTESIAN_POINT ('', (-137.932567840788, 240., 720.391316887108));
#29960 = CARTESIAN_POINT ('', (-138.292467066608, 240., 722.160708345143));
#29970 = CARTESIAN_POINT ('', (-138.667167025477, 240., 723.934590102724));
#29980 = CARTESIAN_POINT ('', (-139.053587389153, 240., 725.698379457225));
#29990 = CARTESIAN_POINT ('', (-139.439956963096, 240., 727.461936985455));
#30000 = CARTESIAN_POINT ('', (-139.841311563667, 240., 729.230294404863));
#30010 = CARTESIAN_POINT ('', (-140.254110904569, 240., 730.987853310617));
#30020 = CARTESIAN_POINT ('', (-140.666855884259, 240., 732.745180764856));
#30030 = CARTESIAN_POINT ('', (-141.094783263619, 240., 734.507615042171));
#30040 = CARTESIAN_POINT ('', (-141.533860713021, 240., 736.258548848204));
#30050 = CARTESIAN_POINT ('', (-141.972880215439, 240., 738.009251575792));
#30060 = CARTESIAN_POINT ('', (-142.4272925963, 240., 739.765365215485));
#30070 = CARTESIAN_POINT ('', (-142.892541368278, 240., 741.509280851077));
#30080 = CARTESIAN_POINT ('', (-143.357728591493, 240., 743.252965780307));
#30090 = CARTESIAN_POINT ('', (-143.838532305791, 240., 745.002362682206));
#30100 = CARTESIAN_POINT ('', (-144.329839720291, 240., 746.738868745979));
#30110 = CARTESIAN_POINT ('', (-144.821081966546, 240., 748.475144475242));
#30120 = CARTESIAN_POINT ('', (-145.328177480316, 240., 750.217430021002));
#30130 = CARTESIAN_POINT ('', (-145.845424987568, 240., 751.946136869712));
#30140 = CARTESIAN_POINT ('', (-146.362603687721, 240., 753.674613756361));
#30150 = CARTESIAN_POINT ('', (-146.895885627225, 240., 755.409394895418));
#30160 = CARTESIAN_POINT ('', (-147.438948833515, 240., 757.129914732429));
#30170 = CARTESIAN_POINT ('', (-147.981939572838, 240., 758.85020498133));
#30180 = CARTESIAN_POINT ('', (-148.541296751934, 240., 760.577090316307));
#30190 = CARTESIAN_POINT ('', (-149.110045446722, 240., 762.289037279747));
#30200 = CARTESIAN_POINT ('', (-149.78435320377, 240., 764.318719506151));
#30210 = CARTESIAN_POINT ('', (-150.481251364446, 240., 766.35563903798));
#30220 = CARTESIAN_POINT ('', (-151.191572165432, 240., 768.373));
#30230 = B_SPLINE_CURVE_WITH_KNOTS ('', 3, (#28900, #28910, #28920, #28930, #28940, #28950, #28960, #28970, #28980, #28990, #29000, #29010, #29020, #29030, #29040, #29050, #29060, #29070, #29080, #29090, #29100, #29110, #29120, #29130, #29140, #29150, #29160, #29170, #29180, #29190, #29200, #29210, #29220, #29230, #29240, #29250, #29260, #29270, #29280, #29290, #29300, #29310, #29320, #29330, #29340, #29350, #29360, #29370, #29380, #29390, #29400, #29410, #29420, #29430, #29440, #29450, #29460, #29470, #29480, #29490, #29500, #29510, #29520, #29530, #29540, #29550, #29560, #29570, #29580, #29590, #29600, #29610, #29620, #29630, #29640, #29650, #29660, #29670, #29680, #29690, #29700, #29710, #29720, #29730, #29740, #29750, #29760, #29770, #29780, #29790, #29800, #29810, #29820, #29830, #29840, #29850, #29860, #29870, #29880, #29890, #29900, #29910, #29920, #29930, #29940, #29950, #29960, #29970, #29980, #29990, #30000, #30010, #30020, #30030, #30040, #30050, #30060, #30070, #30080, #30090, #30100, #30110, #30120, #30130, #30140, #30150, #30160, #30170, #30180, #30190, #30200, #30210, #30220), .UNSPECIFIED., .F., .U., (4, 3, 3, 3, 3, 3, 3, 3, 3, 3, 3, 3, 3, 3, 3, 3, 3, 3, 3, 3, 3, 3, 3, 3, 3, 3, 3, 3, 3, 3, 3, 3, 3, 3, 3, 3, 3, 3, 3, 3, 3, 3, 3, 3, 4), (0., 5.42553553641317, 10.8503455585921, 16.2744328527803, 21.6978000279536, 27.1204495161567, 32.5423835729032, 37.9636042776201, 43.3841135341203, 48.8039130710858, 54.2230044425504, 59.6413890283691, 65.0590680346618, 70.4760424942254, 75.8923132669026, 81.3078810399028, 86.7227463280668, 92.1369094740705, 97.5503706485626, 102.963129850233, 108.375186905807, 113.78654146996, 119.197193025161, 121.603624292692, 122.316966995042, 123.030493376559, 135.262054162586, 143.40389868938, 151.543343377484, 159.680391443347, 167.815044757579, 173.235459941504, 178.655166899008, 184.074165230726, 189.49245436223, 194.910033544027, 200.32690185151, 205.743058184871, 211.158501268971, 216.573229653202, 221.987241711333, 227.400535641354, 232.813109465345, 238.224961029374, 244.641245625818), .UNSPECIFIED.);
#30240 = EDGE_CURVE ('', #28890, #27060, #30230, .T.);
#30250 = ORIENTED_EDGE ('', *, *, #30240, .F.);
#30260 = CARTESIAN_POINT ('', (-170.350939165269, 240., 528.373));
#30270 = CARTESIAN_POINT ('', (-151.191572165432, 240., 528.373));
#30280 = B_SPLINE_CURVE_WITH_KNOTS ('', 1, (#30260, #30270), .UNSPECIFIED., .F., .U., (2, 2), (0., 1.), .UNSPECIFIED.);
#30290 = EDGE_CURVE ('', #28780, #28890, #30280, .T.);
#30300 = ORIENTED_EDGE ('', *, *, #30290, .F.);
#30310 = EDGE_LOOP ('', (#28860, #28870, #30250, #30300));
#30320 = FACE_OUTER_BOUND ('', #30310, .T.);
#30330 = CARTESIAN_POINT ('', (-190.772884250383, 240., 768.373));
#30340 = CARTESIAN_POINT ('', (-190.772884250383, 240., 528.373));
#30350 = CARTESIAN_POINT ('', (-130.682366334112, 240., 768.373));
#30360 = CARTESIAN_POINT ('', (-130.682366334112, 240., 528.373));
#30370 = B_SPLINE_SURFACE_WITH_KNOTS ('', 1, 1, ((#30330, #30340), (#30350, #30360)), .UNSPECIFIED., .F., .F., .U., (2, 2), (2, 2), (0.453808314246851, 0.544007279600507), (0., 1.), .UNSPECIFIED.);
#30380 = ADVANCED_FACE ('', (#30320), #30370, .T.);
#30390 = CARTESIAN_POINT ('', (-170.350933882912, -240., 528.373));
#30400 = CARTESIAN_POINT ('', (-171.381517577063, -236.066089079761, 528.373));
#30410 = CARTESIAN_POINT ('', (-172.384150976238, -232.13462325841, 528.373));
#30420 = CARTESIAN_POINT ('', (-173.363460487026, -228.187635703185, 528.373));
#30430 = CARTESIAN_POINT ('', (-174.342764214133, -224.240671458378, 528.373));
#30440 = CARTESIAN_POINT ('', (-175.294308294177, -220.296046432689, 528.373));
#30450 = CARTESIAN_POINT ('', (-176.222261087598, -216.33669469877, 528.373));
#30460 = CARTESIAN_POINT ('', (-177.150208583836, -212.377365566657, 528.373));
#30470 = CARTESIAN_POINT ('', (-178.050586947647, -208.42026458384, 528.373));
#30480 = CARTESIAN_POINT ('', (-178.927130567216, -204.449238895789, 528.373));
#30490 = CARTESIAN_POINT ('', (-179.803559458705, -200.478732962993, 528.373));
#30500 = CARTESIAN_POINT ('', (-180.652612760355, -196.510342657147, 528.373));
#30510 = CARTESIAN_POINT ('', (-181.477578260009, -192.52882574916, 528.373));
#30520 = CARTESIAN_POINT ('', (-182.30254005092, -188.547326740614, 528.373));
#30530 = CARTESIAN_POINT ('', (-183.100276164058, -184.567825629778, 528.373));
#30540 = CARTESIAN_POINT ('', (-183.873693779437, -180.575993781649, 528.373));
#30550 = CARTESIAN_POINT ('', (-184.647107999536, -176.584179457538, 528.373));
#30560 = CARTESIAN_POINT ('', (-185.393447099227, -172.59424091328, 528.373));
#30570 = CARTESIAN_POINT ('', (-186.115261585468, -168.592774306961, 528.373));
#30580 = CARTESIAN_POINT ('', (-186.435951314716, -166.814991695173, 528.373));
#30590 = CARTESIAN_POINT ('', (-186.751317038109, -165.037576553807, 528.373));
#30600 = CARTESIAN_POINT ('', (-187.061812749701, -163.257985215802, 528.373));
#30610 = CARTESIAN_POINT ('', (-187.760596416144, -159.252940013831, 528.373));
#30620 = CARTESIAN_POINT ('', (-188.432521088193, -155.24959010965, 528.373));
#30630 = CARTESIAN_POINT ('', (-189.07963002565, -151.235871670922, 528.373));
#30640 = CARTESIAN_POINT ('', (-189.726736672494, -147.222167439805, 528.373));
#30650 = CARTESIAN_POINT ('', (-190.347099401606, -143.210029161018, 528.373));
#30660 = CARTESIAN_POINT ('', (-190.942466821355, -139.188324758308, 528.373));
#30670 = CARTESIAN_POINT ('', (-191.339311377877, -136.507641457183, 528.373));
#30680 = CARTESIAN_POINT ('', (-191.724314530574, -133.827624759259, 528.373));
#30690 = CARTESIAN_POINT ('', (-192.098152919114, -131.143636416842, 528.373));
#30700 = CARTESIAN_POINT ('', (-192.471980922084, -128.459722638061, 528.373));
#30710 = CARTESIAN_POINT ('', (-192.834005011983, -125.776435816409, 528.373));
#30720 = CARTESIAN_POINT ('', (-193.184818621728, -123.089416955486, 528.373));
#30730 = CARTESIAN_POINT ('', (-193.974356847966, -117.042034395672, 528.373));
#30740 = CARTESIAN_POINT ('', (-194.70436240366, -110.997248652296, 528.373));
#30750 = CARTESIAN_POINT ('', (-195.377210901279, -104.935773474199, 528.373));
#30760 = CARTESIAN_POINT ('', (-195.825688635345, -100.895582164289, 528.373));
#30770 = CARTESIAN_POINT ('', (-196.247810335684, -96.8564374319741, 528.373));
#30780 = CARTESIAN_POINT ('', (-196.644387080038, -92.8108219059437, 528.373));
#30790 = CARTESIAN_POINT ('', (-196.908731680088, -90.1141518832929, 528.373));
#30800 = CARTESIAN_POINT ('', (-197.161397883569, -87.4179144196669, 528.373));
#30810 = CARTESIAN_POINT ('', (-197.402672590607, -84.7190824881857, 528.373));
#30820 = CARTESIAN_POINT ('', (-197.945626203019, -78.6457540217191, 528.373));
#30830 = CARTESIAN_POINT ('', (-198.429606773091, -72.5740249566862, 528.373));
#30840 = CARTESIAN_POINT ('', (-198.855635088947, -66.4913760961227, 528.373));
#30850 = CARTESIAN_POINT ('', (-199.139616379035, -62.4368135088798, 528.373));
#30860 = CARTESIAN_POINT ('', (-199.39744942905, -58.3828471768883, 528.373));
#30870 = CARTESIAN_POINT ('', (-199.629439160058, -54.3249777960806, 528.373));
#30880 = CARTESIAN_POINT ('', (-199.784082002033, -51.620028526619, 528.373));
#30890 = CARTESIAN_POINT ('', (-199.927126816385, -48.915309883882, 528.373));
#30900 = CARTESIAN_POINT ('', (-200.058663768065, -46.2091386052528, 528.373));
#30910 = CARTESIAN_POINT ('', (-200.502673691475, -37.0743146124074, 528.373));
#30920 = CARTESIAN_POINT ('', (-200.814765043287, -27.9399981358636, 528.373));
#30930 = CARTESIAN_POINT ('', (-200.99532891459, -18.7961723019618, 528.373));
#30940 = CARTESIAN_POINT ('', (-201.030987127001, -16.9904263269742, 528.373));
#30950 = CARTESIAN_POINT ('', (-201.061504422817, -15.1847073758826, 528.373));
#30960 = CARTESIAN_POINT ('', (-201.086886175889, -13.3787877207188, 528.373));
#30970 = CARTESIAN_POINT ('', (-201.112266970184, -11.5729362829072, 528.373));
#30980 = CARTESIAN_POINT ('', (-201.132509782669, -9.76709895020801, 528.373));
#30990 = CARTESIAN_POINT ('', (-201.147615119156, -7.96113233119898, 528.373));
#31000 = CARTESIAN_POINT ('', (-201.224086091665, 1.18159837122609, 528.373));
#31010 = CARTESIAN_POINT ('', (-201.168823285833, 10.3261594731336, 528.373));
#31020 = CARTESIAN_POINT ('', (-200.981838679212, 19.4672977645932, 528.373));
#31030 = CARTESIAN_POINT ('', (-200.944904191861, 21.2729183592963, 528.373));
#31040 = CARTESIAN_POINT ('', (-200.902827309462, 23.0786032778756, 528.373));
#31050 = CARTESIAN_POINT ('', (-200.855617607869, 24.8839844377549, 528.373));
#31060 = CARTESIAN_POINT ('', (-200.808409584824, 26.68930140704, 528.373));
#31070 = CARTESIAN_POINT ('', (-200.756059372626, 28.4946956075049, 528.373));
#31080 = CARTESIAN_POINT ('', (-200.698578529016, 30.2997146959486, 528.373));
#31090 = CARTESIAN_POINT ('', (-200.504609100859, 36.3907617023853, 528.373));
#31100 = CARTESIAN_POINT ('', (-200.251991155876, 42.4833181732191, 528.373));
#31110 = CARTESIAN_POINT ('', (-199.941012485238, 48.5695132111792, 528.373));
#31120 = CARTESIAN_POINT ('', (-199.733682038311, 52.6271983724144, 528.373));
#31130 = CARTESIAN_POINT ('', (-199.500228475953, 56.6856716598452, 528.373));
#31140 = CARTESIAN_POINT ('', (-199.240915125966, 60.7403666383176, 528.373));
#31150 = CARTESIAN_POINT ('', (-199.068036753024, 63.4435405037845, 528.373));
#31160 = CARTESIAN_POINT ('', (-198.883536217738, 66.1470989697998, 528.373));
#31170 = CARTESIAN_POINT ('', (-198.687569578041, 68.8486971921304, 528.373));
#31180 = CARTESIAN_POINT ('', (-198.24675843674, 74.9257243716781, 528.373));
#31190 = CARTESIAN_POINT ('', (-197.746960732165, 81.0052944159776, 528.373));
#31200 = CARTESIAN_POINT ('', (-197.18932466208, 87.0727169178804, 528.373));
#31210 = CARTESIAN_POINT ('', (-196.81752388803, 91.1181374057537, 528.373));
#31220 = CARTESIAN_POINT ('', (-196.419409786556, 95.1648001249264, 528.373));
#31230 = CARTESIAN_POINT ('', (-195.99572320527, 99.2051160061575, 528.373));
#31240 = CARTESIAN_POINT ('', (-195.713249345299, 101.898813831115, 528.373));
#31250 = CARTESIAN_POINT ('', (-195.419056906072, 104.593096264993, 528.373));
#31260 = CARTESIAN_POINT ('', (-195.113542250424, 107.284278207733, 528.373));
#31270 = CARTESIAN_POINT ('', (-194.426383721118, 113.337240288883, 528.373));
#31280 = CARTESIAN_POINT ('', (-193.679674630215, 119.393747279561, 528.373));
#31290 = CARTESIAN_POINT ('', (-192.875977112411, 125.432340418705, 528.373));
#31300 = CARTESIAN_POINT ('', (-192.340082780245, 129.458790377599, 528.373));
#31310 = CARTESIAN_POINT ('', (-191.777583344137, 133.486919684932, 528.373));
#31320 = CARTESIAN_POINT ('', (-191.18994359458, 137.506143681112, 528.373));
#31330 = CARTESIAN_POINT ('', (-190.7981444479, 140.185895235029, 528.373));
#31340 = CARTESIAN_POINT ('', (-190.394484703767, 142.866422943466, 528.373));
#31350 = CARTESIAN_POINT ('', (-189.979710865023, 145.54271471096, 528.373));
#31360 = CARTESIAN_POINT ('', (-189.357689069813, 149.556255716253, 528.373));
#31370 = CARTESIAN_POINT ('', (-188.708877828486, 153.571697441925, 528.373));
#31380 = CARTESIAN_POINT ('', (-188.035204479652, 157.576892410207, 528.373));
#31390 = CARTESIAN_POINT ('', (-187.361533615714, 161.582072605024, 528.373));
#31400 = CARTESIAN_POINT ('', (-186.66093171211, 165.589282260266, 528.373));
#31410 = CARTESIAN_POINT ('', (-185.935659097289, 169.585440472858, 528.373));
#31420 = CARTESIAN_POINT ('', (-185.452063428555, 172.24999000043, 528.373));
#31430 = CARTESIAN_POINT ('', (-184.95644665389, 174.91546803097, 528.373));
#31440 = CARTESIAN_POINT ('', (-184.449940385122, 177.575757555702, 528.373));
#31450 = CARTESIAN_POINT ('', (-184.112238651322, 179.349446136297, 528.373));
#31460 = CARTESIAN_POINT ('', (-183.769180076115, 181.12355504881, 528.373));
#31470 = CARTESIAN_POINT ('', (-183.42130403585, 182.895276218338, 528.373));
#31480 = CARTESIAN_POINT ('', (-182.638885124037, 186.880109863227, 528.373));
#31490 = CARTESIAN_POINT ('', (-181.82923485845, 190.867235041551, 528.373));
#31500 = CARTESIAN_POINT ('', (-180.995358966761, 194.841619211238, 528.373));
#31510 = CARTESIAN_POINT ('', (-180.161486957623, 198.815984876069, 528.373));
#31520 = CARTESIAN_POINT ('', (-179.300206268503, 202.792760799881, 528.373));
#31530 = CARTESIAN_POINT ('', (-178.414933194654, 206.755993892968, 528.373));
#31540 = CARTESIAN_POINT ('', (-177.824627060474, 209.398704797824, 528.373));
#31550 = CARTESIAN_POINT ('', (-177.222073513516, 212.042509074196, 528.373));
#31560 = CARTESIAN_POINT ('', (-176.608946776796, 214.680018858713, 528.373));
#31570 = CARTESIAN_POINT ('', (-175.995838371357, 217.317449786885, 528.373));
#31580 = CARTESIAN_POINT ('', (-175.370433023097, 219.956007202651, 528.373));
#31590 = CARTESIAN_POINT ('', (-174.734531141409, 222.588035434749, 528.373));
#31600 = CARTESIAN_POINT ('', (-173.780972014896, 226.534862161055, 528.373));
#31610 = CARTESIAN_POINT ('', (-172.79958442664, 230.484361448458, 528.373));
#31620 = CARTESIAN_POINT ('', (-171.79480122961, 234.418459431758, 528.373));
#31630 = CARTESIAN_POINT ('', (-171.31941796879, 236.279760788324, 528.373));
#31640 = CARTESIAN_POINT ('', (-170.837773784696, 238.14166094645, 528.373));
#31650 = CARTESIAN_POINT ('', (-170.350939165269, 240., 528.373));
#31660 = B_SPLINE_CURVE_WITH_KNOTS ('', 3, (#30390, #30400, #30410, #30420, #30430, #30440, #30450, #30460, #30470, #30480, #30490, #30500, #30510, #30520, #30530, #30540, #30550, #30560, #30570, #30580, #30590, #30600, #30610, #30620, #30630, #30640, #30650, #30660, #30670, #30680, #30690, #30700, #30710, #30720, #30730, #30740, #30750, #30760, #30770, #30780, #30790, #30800, #30810, #30820, #30830, #30840, #30850, #30860, #30870, #30880, #30890, #30900, #30910, #30920, #30930, #30940, #30950, #30960, #30970, #30980, #30990, #31000, #31010, #31020, #31030, #31040, #31050, #31060, #31070, #31080, #31090, #31100, #31110, #31120, #31130, #31140, #31150, #31160, #31170, #31180, #31190, #31200, #31210, #31220, #31230, #31240, #31250, #31260, #31270, #31280, #31290, #31300, #31310, #31320, #31330, #31340, #31350, #31360, #31370, #31380, #31390, #31400, #31410, #31420, #31430, #31440, #31450, #31460, #31470, #31480, #31490, #31500, #31510, #31520, #31530, #31540, #31550, #31560, #31570, #31580, #31590, #31600, #31610, #31620, #31630, #31640, #31650), .UNSPECIFIED., .F., .U., (4, 3, 3, 3, 3, 3, 3, 3, 3, 3, 3, 3, 3, 3, 3, 3, 3, 3, 3, 3, 3, 3, 3, 3, 3, 3, 3, 3, 3, 3, 3, 3, 3, 3, 3, 3, 3, 3, 3, 3, 3, 3, 4), (0., 12.1999926602934, 24.3999132689435, 36.599764234818, 48.7980183999784, 60.9962177262573, 73.1943635028213, 78.6137893261879, 90.8104352233545, 103.007037947289, 111.136732718113, 119.266201638629, 137.562317563025, 149.757337156596, 157.88612338258, 176.178773698525, 188.372260005685, 196.500358469066, 223.937183863619, 229.355477904058, 234.773567272229, 262.202718782262, 267.620713706156, 273.03851599244, 291.320920100301, 303.509855781376, 311.635944810482, 329.914926298227, 342.102336386248, 350.227740689034, 368.503266158967, 380.689132482726, 388.813858610946, 400.998225752245, 413.182547950581, 421.306783336224, 426.723435695154, 438.906198385899, 451.088904353323, 459.212415929502, 467.335684628694, 479.516835885332, 485.279985012468), .UNSPECIFIED.);
#31670 = EDGE_CURVE ('', #24060, #28780, #31660, .T.);
#31680 = ORIENTED_EDGE ('', *, *, #31670, .T.);
#31690 = ORIENTED_EDGE ('', *, *, #30290, .T.);
#31700 = CARTESIAN_POINT ('', (-151.194179738542, -240., 528.373));
#31710 = CARTESIAN_POINT ('', (-150.060798547757, -236.092987878538, 528.373));
#31720 = CARTESIAN_POINT ('', (-148.964055592971, -232.189322026167, 528.373));
#31730 = CARTESIAN_POINT ('', (-147.896795854518, -228.263732479161, 528.373));
#31740 = CARTESIAN_POINT ('', (-146.829545254693, -224.338176545808, 528.373));
#31750 = CARTESIAN_POINT ('', (-145.7986133099, -220.41580548471, 528.373));
#31760 = CARTESIAN_POINT ('', (-144.797669536347, -216.472821235325, 528.373));
#31770 = CARTESIAN_POINT ('', (-144.353099444596, -214.721541177604, 528.373));
#31780 = CARTESIAN_POINT ('', (-143.915732601464, -212.97081474253, 528.373));
#31790 = CARTESIAN_POINT ('', (-143.483701808261, -211.216399227102, 528.373));
#31800 = CARTESIAN_POINT ('', (-142.511251285003, -207.26741616194, 528.373));
#31810 = CARTESIAN_POINT ('', (-141.571877594786, -203.321166916444, 528.373));
#31820 = CARTESIAN_POINT ('', (-140.660773834535, -199.357580509265, 528.373));
#31830 = CARTESIAN_POINT ('', (-139.749675642815, -195.394018326937, 528.373));
#31840 = CARTESIAN_POINT ('', (-138.871431871737, -191.43303236447, 528.373));
#31850 = CARTESIAN_POINT ('', (-138.021831778849, -187.455834258981, 528.373));
#31860 = CARTESIAN_POINT ('', (-137.455593768811, -184.805127462183, 528.373));
#31870 = CARTESIAN_POINT ('', (-136.90387178386, -182.155533122676, 528.373));
#31880 = CARTESIAN_POINT ('', (-136.364998745318, -179.49912806039, 528.373));
#31890 = CARTESIAN_POINT ('', (-136.125573487118, -178.318867734801, 528.373));
#31900 = CARTESIAN_POINT ('', (-135.889005063097, -177.138826226471, 528.373));
#31910 = CARTESIAN_POINT ('', (-135.654986719574, -175.957481947559, 528.373));
#31920 = CARTESIAN_POINT ('', (-135.420981196942, -174.776202389582, 528.373));
#31930 = CARTESIAN_POINT ('', (-135.189682312352, -173.595121620399, 528.373));
#31940 = CARTESIAN_POINT ('', (-134.960757099229, -172.412847022214, 528.373));
#31950 = CARTESIAN_POINT ('', (-134.187803440707, -168.420960486086, 528.373));
#31960 = CARTESIAN_POINT ('', (-133.445116841362, -164.431146969166, 528.373));
#31970 = CARTESIAN_POINT ('', (-132.729905547318, -160.428511802127, 528.373));
#31980 = CARTESIAN_POINT ('', (-132.01469742892, -156.425894407392, 528.373));
#31990 = CARTESIAN_POINT ('', (-131.329603799922, -152.425193493524, 528.373));
#32000 = CARTESIAN_POINT ('', (-130.672239722076, -148.412670455532, 528.373));
#32010 = CARTESIAN_POINT ('', (-130.234088806454, -145.738215458212, 528.373));
#32020 = CARTESIAN_POINT ('', (-129.809262699844, -143.064577189975, 528.373));
#32030 = CARTESIAN_POINT ('', (-129.396839453706, -140.386034148768, 528.373));
#32040 = CARTESIAN_POINT ('', (-129.121931926689, -138.600607041156, 528.373));
#32050 = CARTESIAN_POINT ('', (-128.853010599414, -136.815508983613, 528.373));
#32060 = CARTESIAN_POINT ('', (-128.589298942856, -135.028393915353, 528.373));
#32070 = CARTESIAN_POINT ('', (-127.995838435095, -131.006644442158, 528.373));
#32080 = CARTESIAN_POINT ('', (-127.430714878203, -126.986403585851, 528.373));
#32090 = CARTESIAN_POINT ('', (-126.892404232587, -122.956901650347, 528.373));
#32100 = CARTESIAN_POINT ('', (-126.354095412679, -118.927413381105, 528.373));
#32110 = CARTESIAN_POINT ('', (-125.844022690996, -114.899280810111, 528.373));
#32120 = CARTESIAN_POINT ('', (-125.360935639876, -110.86279979336, 528.373));
#32130 = CARTESIAN_POINT ('', (-124.877850249951, -106.826332656881, 528.373));
#32140 = CARTESIAN_POINT ('', (-124.422928958362, -102.791061649844, 528.373));
#32150 = CARTESIAN_POINT ('', (-123.9950723038, -98.7483673600196, 528.373));
#32160 = CARTESIAN_POINT ('', (-123.567277588697, -94.7062583182993, 528.373));
#32170 = CARTESIAN_POINT ('', (-123.166540273433, -90.6651629773391, 528.373));
#32180 = CARTESIAN_POINT ('', (-122.792132753659, -86.6177597564376, 528.373));
#32190 = CARTESIAN_POINT ('', (-122.417726262503, -82.5703676550605, 528.373));
#32200 = CARTESIAN_POINT ('', (-122.070317382078, -78.5238397816637, 528.373));
#32210 = CARTESIAN_POINT ('', (-121.749351800496, -74.4718595079765, 528.373));
#32220 = CARTESIAN_POINT ('', (-121.428387103361, -70.4198903998399, 528.373));
#32230 = CARTESIAN_POINT ('', (-121.134358419179, -66.3686340235158, 528.373));
#32240 = CARTESIAN_POINT ('', (-120.866858142107, -62.3127844710956, 528.373));
#32250 = CARTESIAN_POINT ('', (-120.74799095331, -60.5105155547532, 528.373));
#32260 = CARTESIAN_POINT ('', (-120.634431160872, -58.7083767796472, 528.373));
#32270 = CARTESIAN_POINT ('', (-120.525973924924, -56.9054514668965, 528.373));
#32280 = CARTESIAN_POINT ('', (-119.976759080616, -47.7756471132932, 528.373));
#32290 = CARTESIAN_POINT ('', (-119.560529086232, -38.6470067753449, 528.373));
#32300 = CARTESIAN_POINT ('', (-119.276567002991, -29.5051070813227, 528.373));
#32310 = CARTESIAN_POINT ('', (-119.22049290503, -27.699852756052, 528.373));
#32320 = CARTESIAN_POINT ('', (-119.169599184145, -25.8946513417987, 528.373));
#32330 = CARTESIAN_POINT ('', (-119.123873001716, -24.0891052749228, 528.373));
#32340 = CARTESIAN_POINT ('', (-119.07814784381, -22.2835996624642, 528.373));
#32350 = CARTESIAN_POINT ('', (-119.037601254418, -20.4781334686345, 528.373));
#32360 = CARTESIAN_POINT ('', (-119.002172976416, -18.6723964601521, 528.373));
#32370 = CARTESIAN_POINT ('', (-118.8228098234, -9.53047081147671, 528.373));
#32380 = CARTESIAN_POINT ('', (-118.775102768957, -0.387372625506551, 528.373));
#32390 = CARTESIAN_POINT ('', (-118.859071498351, 8.75592683142108, 528.373));
#32400 = CARTESIAN_POINT ('', (-118.883949327829, 11.4648572439144, 528.373));
#32410 = CARTESIAN_POINT ('', (-118.920378617917, 14.1738949683558, 528.373));
#32420 = CARTESIAN_POINT ('', (-118.9683763771, 16.8825143770664, 528.373));
#32430 = CARTESIAN_POINT ('', (-119.130335315214, 26.0222144517381, 528.373));
#32440 = CARTESIAN_POINT ('', (-119.424807632161, 35.1652923076744, 528.373));
#32450 = CARTESIAN_POINT ('', (-119.851408894095, 44.2964674519757, 528.373));
#32460 = CARTESIAN_POINT ('', (-119.977824994059, 47.002337436042, 528.373));
#32470 = CARTESIAN_POINT ('', (-120.115899306391, 49.7085073870023, 528.373));
#32480 = CARTESIAN_POINT ('', (-120.265539309267, 52.4131924464021, 528.373));
#32490 = CARTESIAN_POINT ('', (-120.365299705846, 54.2163229526966, 528.373));
#32500 = CARTESIAN_POINT ('', (-120.470230059607, 56.01960113013, 528.373));
#32510 = CARTESIAN_POINT ('', (-120.580423669159, 57.8221241196836, 528.373));
#32520 = CARTESIAN_POINT ('', (-120.952226556092, 63.9039945112468, 528.373));
#32530 = CARTESIAN_POINT ('', (-121.384330789295, 69.9881931374691, 528.373));
#32540 = CARTESIAN_POINT ('', (-121.875860942154, 76.0615598278094, 528.373));
#32550 = CARTESIAN_POINT ('', (-122.203581717696, 80.1108911462054, 528.373));
#32560 = CARTESIAN_POINT ('', (-122.5581950466, 84.161376645584, 528.373));
#32570 = CARTESIAN_POINT ('', (-122.939095830758, 88.2060521116124, 528.373));
#32580 = CARTESIAN_POINT ('', (-123.108406509732, 90.0039133339072, 528.373));
#32590 = CARTESIAN_POINT ('', (-123.28300794138, 91.8020119219828, 528.373));
#32600 = CARTESIAN_POINT ('', (-123.462851420034, 93.5988500904975, 528.373));
#32610 = CARTESIAN_POINT ('', (-124.069552001051, 99.6604697221189, 528.373));
#32620 = CARTESIAN_POINT ('', (-124.739059355324, 105.725541476453, 528.373));
#32630 = CARTESIAN_POINT ('', (-125.46920138425, 111.773533769029, 528.373));
#32640 = CARTESIAN_POINT ('', (-125.956047784021, 115.806233102634, 528.373));
#32650 = CARTESIAN_POINT ('', (-126.470953735421, 119.840586354667, 528.373));
#32660 = CARTESIAN_POINT ('', (-127.012617926714, 123.866289179777, 528.373));
#32670 = CARTESIAN_POINT ('', (-127.253407566838, 125.655862037064, 528.373));
#32680 = CARTESIAN_POINT ('', (-127.499754753274, 127.445766965341, 528.373));
#32690 = CARTESIAN_POINT ('', (-127.751363641045, 129.233850752506, 528.373));
#32700 = CARTESIAN_POINT ('', (-128.002966207535, 131.021889616859, 528.373));
#32710 = CARTESIAN_POINT ('', (-128.260100367102, 132.81029862251, 528.373));
#32720 = CARTESIAN_POINT ('', (-128.522823458006, 134.596737373043, 528.373));
#32730 = CARTESIAN_POINT ('', (-129.113744444983, 138.614824043711, 528.373));
#32740 = CARTESIAN_POINT ('', (-129.734318907535, 142.634956497232, 528.373));
#32750 = CARTESIAN_POINT ('', (-130.382587522284, 146.644190327901, 528.373));
#32760 = CARTESIAN_POINT ('', (-131.03085344, 150.653407478703, 528.373));
#32770 = CARTESIAN_POINT ('', (-131.708937960579, 154.664830328629, 528.373));
#32780 = CARTESIAN_POINT ('', (-132.414484615649, 158.664364649007, 528.373));
#32790 = CARTESIAN_POINT ('', (-132.884932904385, 161.331196194791, 528.373));
#32800 = CARTESIAN_POINT ('', (-133.368693263178, 163.99904114802, 528.373));
#32810 = CARTESIAN_POINT ('', (-133.864566735428, 166.661262323182, 528.373));
#32820 = CARTESIAN_POINT ('', (-134.195184462264, 168.436266558179, 528.373));
#32830 = CARTESIAN_POINT ('', (-134.53161218896, 170.211772571813, 528.373));
#32840 = CARTESIAN_POINT ('', (-134.873833629537, 171.984576170965, 528.373));
#32850 = CARTESIAN_POINT ('', (-135.643445476335, 175.971382636548, 528.373));
#32860 = CARTESIAN_POINT ('', (-136.445334126945, 179.960915076037, 528.373));
#32870 = CARTESIAN_POINT ('', (-137.275994957747, 183.935450366221, 528.373));
#32880 = CARTESIAN_POINT ('', (-138.106651014022, 187.909962811309, 528.373));
#32890 = CARTESIAN_POINT ('', (-138.969824983646, 191.887367609187, 528.373));
#32900 = CARTESIAN_POINT ('', (-139.861432850393, 195.848652005938, 528.373));
#32910 = CARTESIAN_POINT ('', (-140.753035584951, 199.809913601115, 528.373));
#32920 = CARTESIAN_POINT ('', (-141.677393979014, 203.774225278817, 528.373));
#32930 = CARTESIAN_POINT ('', (-142.629806293122, 207.721307700762, 528.373));
#32940 = CARTESIAN_POINT ('', (-142.912145279544, 208.891405182522, 528.373));
#32950 = CARTESIAN_POINT ('', (-143.197455613113, 210.061788943651, 528.373));
#32960 = CARTESIAN_POINT ('', (-143.485395424693, 211.23052077131, 528.373));
#32970 = CARTESIAN_POINT ('', (-144.456520491691, 215.172263902316, 528.373));
#32980 = CARTESIAN_POINT ('', (-145.462687869082, 219.117464726463, 528.373));
#32990 = CARTESIAN_POINT ('', (-146.498012833172, 223.042834139056, 528.373));
#33000 = CARTESIAN_POINT ('', (-146.804982585483, 224.206690626736, 528.373));
#33010 = CARTESIAN_POINT ('', (-147.115046102302, 225.370846281661, 528.373));
#33020 = CARTESIAN_POINT ('', (-147.427645769284, 226.533203284029, 528.373));
#33030 = CARTESIAN_POINT ('', (-147.74023666151, 227.695527658725, 528.373));
#33040 = CARTESIAN_POINT ('', (-148.055961151375, 228.858180734444, 528.373));
#33050 = CARTESIAN_POINT ('', (-148.374402572996, 230.018915880338, 528.373));
#33060 = CARTESIAN_POINT ('', (-149.288157576742, 233.349599251191, 528.373));
#33070 = CARTESIAN_POINT ('', (-150.229022803419, 236.683088989822, 528.373));
#33080 = CARTESIAN_POINT ('', (-151.191572165432, 240., 528.373));
#33090 = B_SPLINE_CURVE_WITH_KNOTS ('', 3, (#31700, #31710, #31720, #31730, #31740, #31750, #31760, #31770, #31780, #31790, #31800, #31810, #31820, #31830, #31840, #31850, #31860, #31870, #31880, #31890, #31900, #31910, #31920, #31930, #31940, #31950, #31960, #31970, #31980, #31990, #32000, #32010, #32020, #32030, #32040, #32050, #32060, #32070, #32080, #32090, #32100, #32110, #32120, #32130, #32140, #32150, #32160, #32170, #32180, #32190, #32200, #32210, #32220, #32230, #32240, #32250, #32260, #32270, #32280, #32290, #32300, #32310, #32320, #32330, #32340, #32350, #32360, #32370, #32380, #32390, #32400, #32410, #32420, #32430, #32440, #32450, #32460, #32470, #32480, #32490, #32500, #32510, #32520, #32530, #32540, #32550, #32560, #32570, #32580, #32590, #32600, #32610, #32620, #32630, #32640, #32650, #32660, #32670, #32680, #32690, #32700, #32710, #32720, #32730, #32740, #32750, #32760, #32770, #32780, #32790, #32800, #32810, #32820, #32830, #32840, #32850, #32860, #32870, #32880, #32890, #32900, #32910, #32920, #32930, #32940, #32950, #32960, #32970, #32980, #32990, #33000, #33010, #33020, #33030, #33040, #33050, #33060, #33070, #33080), .UNSPECIFIED., .F., .U., (4, 3, 3, 3, 3, 3, 3, 3, 3, 3, 3, 3, 3, 3, 3, 3, 3, 3, 3, 3, 3, 3, 3, 3, 3, 3, 3, 3, 3, 3, 3, 3, 3, 3, 3, 3, 3, 3, 3, 3, 3, 3, 3, 3, 3, 3, 4), (0., 12.2042480214026, 24.4083915414704, 29.8288730388519, 42.029739623734, 54.2305316387325, 62.3620658149789, 65.97496631372, 69.5876688766858, 81.7857646001953, 93.9838061623203, 102.114130375901, 107.533532275102, 119.729432315474, 131.925290992827, 144.121107732205, 156.315158921652, 168.5091766101, 180.703160696973, 186.12171436917, 213.560640738883, 218.979015712096, 224.397269283143, 251.828324336843, 259.955458270474, 287.378863116942, 295.505327330178, 300.922991571814, 319.202665081441, 331.390378784009, 336.807826497261, 355.083544359527, 367.269485028596, 372.686583510344, 378.103545895954, 390.287464516522, 402.471332447571, 410.595359083033, 416.011957004237, 428.193186568561, 440.374346116808, 452.555435549009, 456.166472904212, 468.345299007711, 471.95627272331, 475.567145077914, 485.928399795068), .UNSPECIFIED.);
#33100 = EDGE_CURVE ('', #24180, #28890, #33090, .T.);
#33110 = ORIENTED_EDGE ('', *, *, #33100, .F.);
#33120 = ORIENTED_EDGE ('', *, *, #24220, .F.);
#33130 = EDGE_LOOP ('', (#31680, #31690, #33110, #33120));
#33140 = FACE_OUTER_BOUND ('', #33130, .T.);
#33150 = CARTESIAN_POINT ('', (-201.224086091665, 240., 528.373));
#33160 = CARTESIAN_POINT ('', (-201.224086091665, -240., 528.373));
#33170 = CARTESIAN_POINT ('', (-118.775102768957, 240., 528.373));
#33180 = CARTESIAN_POINT ('', (-118.775102768957, -240., 528.373));
#33190 = B_SPLINE_SURFACE_WITH_KNOTS ('', 1, 1, ((#33150, #33160), (#33170, #33180)), .UNSPECIFIED., .F., .F., .U., (2, 2), (2, 2), (0.438120521472301, 0.561880696089724), (0., 1.), .UNSPECIFIED.);
#33200 = ADVANCED_FACE ('', (#33140), #33190, .T.);
#33210 = ORIENTED_EDGE ('', *, *, #25600, .T.);
#33220 = ORIENTED_EDGE ('', *, *, #33100, .T.);
#33230 = ORIENTED_EDGE ('', *, *, #30240, .T.);
#33240 = ORIENTED_EDGE ('', *, *, #28620, .T.);
#33250 = EDGE_LOOP ('', (#33210, #33220, #33230, #33240));
#33260 = FACE_OUTER_BOUND ('', #33250, .T.);
#33270 = CARTESIAN_POINT ('', (-151.194179738542, -240., 768.373));
#33280 = CARTESIAN_POINT ('', (-147.873470289044, -227.13357561112, 769.542243922049));
#33290 = CARTESIAN_POINT ('', (-140.710999624535, -195.045662772031, 772.064197564395));
#33300 = CARTESIAN_POINT ('', (-133.915903329184, -156.618986107428, 774.456796243657));
#33310 = CARTESIAN_POINT ('', (-128.745576282442, -118.198002801235, 776.277302845137));
#33320 = CARTESIAN_POINT ('', (-125.091798067992, -79.7805002220954, 777.563822498462));
#33330 = CARTESIAN_POINT ('', (-122.883946242175, -41.365202075457, 778.341221836581));
#33340 = CARTESIAN_POINT ('', (-122.081226276308, -2.95030895138377, 778.623864884842));
#33350 = CARTESIAN_POINT ('', (-122.669460158084, 35.4643297147106, 778.416743815845));
#33360 = CARTESIAN_POINT ('', (-124.659087435083, 73.8796319646215, 777.71618279533));
#33370 = CARTESIAN_POINT ('', (-128.086483320885, 112.296929835714, 776.509373868238));
#33380 = CARTESIAN_POINT ('', (-133.017277444258, 150.717615639014, 774.773208405011));
#33390 = CARTESIAN_POINT ('', (-139.553185670846, 189.143787472049, 772.471871571653));
#33400 = CARTESIAN_POINT ('', (-145.757243268779, 217.880170761244, 770.287381555664));
#33410 = CARTESIAN_POINT ('', (-149.575800416603, 233.740696762704, 768.942842142026));
#33420 = CARTESIAN_POINT ('', (-151.191859789527, 240., 768.373816869505));
#33430 = CARTESIAN_POINT ('', (-130.684892200609, -240., 710.12562864714));
#33440 = CARTESIAN_POINT ('', (-127.164346419451, -227.13357561112, 710.727327694775));
#33450 = CARTESIAN_POINT ('', (-119.570846818207, -195.045662772031, 712.025138250951));
#33460 = CARTESIAN_POINT ('', (-112.366829737224, -156.618986107428, 713.256382065468));
#33470 = CARTESIAN_POINT ('', (-106.885358579194, -118.198002801235, 714.193224299726));
#33480 = CARTESIAN_POINT ('', (-103.011700352301, -79.7805002220954, 714.855274053051));
#33490 = CARTESIAN_POINT ('', (-100.670982638507, -41.365202075457, 715.255327825029));
#33500 = CARTESIAN_POINT ('', (-99.8199559430781, -2.95030895138377, 715.400777418354));
#33510 = CARTESIAN_POINT ('', (-100.443589037847, 35.4643297147106, 715.294191831197));
#33520 = CARTESIAN_POINT ('', (-102.552949709909, 73.8796319646215, 714.933679459993));
#33530 = CARTESIAN_POINT ('', (-106.186602189788, 112.296929835714, 714.31264926397));
#33540 = CARTESIAN_POINT ('', (-111.414125618983, 150.717615639014, 713.419209421298));
#33550 = CARTESIAN_POINT ('', (-118.343357002546, 189.143787472049, 712.234929430778));
#33560 = CARTESIAN_POINT ('', (-124.920767382659, 217.880170761244, 711.110779424606));
#33570 = CARTESIAN_POINT ('', (-128.969120742487, 233.740696762704, 710.418872398673));
#33580 = CARTESIAN_POINT ('', (-130.682432639832, 240., 710.126049012467));
#33590 = CARTESIAN_POINT ('', (-130.684892200609, -240., 648.373));
#33600 = CARTESIAN_POINT ('', (-127.164346419451, -227.13357561112, 648.373));
#33610 = CARTESIAN_POINT ('', (-119.570846818207, -195.045662772031, 648.373));
#33620 = CARTESIAN_POINT ('', (-112.366829737224, -156.618986107428, 648.373));
#33630 = CARTESIAN_POINT ('', (-106.885358579194, -118.198002801235, 648.373));
#33640 = CARTESIAN_POINT ('', (-103.011700352301, -79.7805002220954, 648.373));
#33650 = CARTESIAN_POINT ('', (-100.670982638507, -41.365202075457, 648.373));
#33660 = CARTESIAN_POINT ('', (-99.8199559430781, -2.95030895138377, 648.373));
#33670 = CARTESIAN_POINT ('', (-100.443589037847, 35.4643297147106, 648.373));
#33680 = CARTESIAN_POINT ('', (-102.552949709909, 73.8796319646215, 648.373));
#33690 = CARTESIAN_POINT ('', (-106.186602189788, 112.296929835714, 648.373));
#33700 = CARTESIAN_POINT ('', (-111.414125618983, 150.717615639014, 648.373));
#33710 = CARTESIAN_POINT ('', (-118.343357002546, 189.143787472049, 648.373));
#33720 = CARTESIAN_POINT ('', (-124.920767382659, 217.880170761244, 648.373));
#33730 = CARTESIAN_POINT ('', (-128.969120742487, 233.740696762704, 648.373));
#33740 = CARTESIAN_POINT ('', (-130.682432639832, 240., 648.373));
#33750 = CARTESIAN_POINT ('', (-130.684892200609, -240., 586.620371352653));
#33760 = CARTESIAN_POINT ('', (-127.164346419451, -227.13357561112, 586.018672305015));
#33770 = CARTESIAN_POINT ('', (-119.570846818207, -195.045662772031, 584.720861748835));
#33780 = CARTESIAN_POINT ('', (-112.366829737224, -156.618986107428, 583.489617934314));
#33790 = CARTESIAN_POINT ('', (-106.885358579194, -118.198002801235, 582.552775700053));
#33800 = CARTESIAN_POINT ('', (-103.011700352301, -79.7805002220954, 581.890725946726));
#33810 = CARTESIAN_POINT ('', (-100.670982638507, -41.365202075457, 581.490672174747));
#33820 = CARTESIAN_POINT ('', (-99.8199559430781, -2.95030895138377, 581.345222581421));
#33830 = CARTESIAN_POINT ('', (-100.443589037847, 35.4643297147106, 581.451808168578));
#33840 = CARTESIAN_POINT ('', (-102.552949709909, 73.8796319646215, 581.812320539784));
#33850 = CARTESIAN_POINT ('', (-106.186602189788, 112.296929835714, 582.433350735809));
#33860 = CARTESIAN_POINT ('', (-111.414125618983, 150.717615639014, 583.326790578484));
#33870 = CARTESIAN_POINT ('', (-118.343357002546, 189.143787472049, 584.511070569007));
#33880 = CARTESIAN_POINT ('', (-124.920767382659, 217.880170761244, 585.635220575184));
#33890 = CARTESIAN_POINT ('', (-128.969120742487, 233.740696762704, 586.327127601118));
#33900 = CARTESIAN_POINT ('', (-130.682432639832, 240., 586.619950987326));
#33910 = CARTESIAN_POINT ('', (-151.194179738676, -240., 528.37299999962));
#33920 = CARTESIAN_POINT ('', (-147.873470289179, -227.13357561112, 527.203756077567));
#33930 = CARTESIAN_POINT ('', (-140.710999624673, -195.045662772031, 524.681802435213));
#33940 = CARTESIAN_POINT ('', (-133.915903329325, -156.618986107428, 522.289203755944));
#33950 = CARTESIAN_POINT ('', (-128.745576282585, -118.198002801235, 520.468697154458));
#33960 = CARTESIAN_POINT ('', (-125.091798068136, -79.7805002220954, 519.182177501128));
#33970 = CARTESIAN_POINT ('', (-122.88394624232, -41.365202075457, 518.404778163008));
#33980 = CARTESIAN_POINT ('', (-122.081226276454, -2.95030895138377, 518.122135114745));
#33990 = CARTESIAN_POINT ('', (-122.669460158229, 35.4643297147106, 518.329256183743));
#34000 = CARTESIAN_POINT ('', (-124.659087435227, 73.8796319646215, 519.02981720426));
#34010 = CARTESIAN_POINT ('', (-128.086483321028, 112.296929835714, 520.236626131356));
#34020 = CARTESIAN_POINT ('', (-133.017277444399, 150.717615639014, 521.972791594589));
#34030 = CARTESIAN_POINT ('', (-139.553185670984, 189.143787472049, 524.274128427954));
#34040 = CARTESIAN_POINT ('', (-145.757243268915, 217.880170761244, 526.458618443949));
#34050 = CARTESIAN_POINT ('', (-149.575800416738, 233.740696762704, 527.803157857592));
#34060 = CARTESIAN_POINT ('', (-151.191859789661, 240., 528.372183130115));
#34070 = (
   BOUNDED_SURFACE ()
   B_SPLINE_SURFACE (2, 2, ((#33270, #33280, #33290, #33300, #33310, #33320, #33330, #33340, #33350, #33360, #33370, #33380, #33390, #33400, #33410, #33420), (#33430, #33440, #33450, #33460, #33470, #33480, #33490, #33500, #33510, #33520, #33530, #33540, #33550, #33560, #33570, #33580), (#33590, #33600, #33610, #33620, #33630, #33640, #33650, #33660, #33670, #33680, #33690, #33700, #33710, #33720, #33730, #33740), (#33750, #33760, #33770, #33780, #33790, #33800, #33810, #33820, #33830, #33840, #33850, #33860, #33870, #33880, #33890, #33900), (#33910, #33920, #33930, #33940, #33950, #33960, #33970, #33980, #33990, #34000, #34010, #34020, #34030, #34040, #34050, #34060)), .UNSPECIFIED., .F., .F., .U.)
   B_SPLINE_SURFACE_WITH_KNOTS ((3, 2, 3), (3, 1, 1, 1, 1, 1, 1, 1, 1, 1, 1, 1, 1, 1, 3), (0.387137780494059, 0.5, 0.612862219506295), (0.0298756419674559, 0.0811555003981752, 0.156610098839152, 0.23142218001537, 0.305780233869078, 0.379834129611464, 0.453710550959282, 0.527523603374132, 0.60138306614176, 0.675401878542962, 0.749704183224903, 0.824435442420827, 0.899776907885034, 0.937748253817625, 0.962696947901644), .UNSPECIFIED.)
   SURFACE ()
   GEOMETRIC_REPRESENTATION_ITEM ()
   RATIONAL_B_SPLINE_SURFACE (((0.897620395765064, 0.897620395765064, 0.897620395765064, 0.897620395765064, 0.897620395765064, 0.897620395765064, 0.897620395765064, 0.897620395765064, 0.897620395765064, 0.897620395765064, 0.897620395765064, 0.897620395765064, 0.897620395765064, 0.897620395765064, 0.897620395765064, 0.897620395765064), (0.933886842492949, 0.933886842492949, 0.933886842492949, 0.933886842492949, 0.933886842492949, 0.933886842492949, 0.933886842492949, 0.933886842492949, 0.933886842492949, 0.933886842492949, 0.933886842492949, 0.933886842492949, 0.933886842492949, 0.933886842492949, 0.933886842492949, 0.933886842492949), (1., 1., 1., 1., 1., 1., 1., 1., 1., 1., 1., 1., 1., 1., 1., 1.), (0.933886842492741, 0.933886842492741, 0.933886842492741, 0.933886842492741, 0.933886842492741, 0.933886842492741, 0.933886842492741, 0.933886842492741, 0.933886842492741, 0.933886842492741, 0.933886842492741, 0.933886842492741, 0.933886842492741, 0.933886842492741, 0.933886842492741, 0.933886842492741), (0.897620395764837, 0.897620395764837, 0.897620395764837, 0.897620395764837, 0.897620395764837, 0.897620395764837, 0.897620395764837, 0.897620395764837, 0.897620395764837, 0.897620395764837, 0.897620395764837, 0.897620395764837, 0.897620395764837, 0.897620395764837, 0.897620395764837, 0.897620395764837)))
   REPRESENTATION_ITEM ('')
);
#34080 = ADVANCED_FACE ('', (#33260), #34070, .T.);
#34090 = ORIENTED_EDGE ('', *, *, #24150, .T.);
#34100 = ORIENTED_EDGE ('', *, *, #27020, .F.);
#34110 = ORIENTED_EDGE ('', *, *, #28850, .F.);
#34120 = ORIENTED_EDGE ('', *, *, #31670, .F.);
#34130 = EDGE_LOOP ('', (#34090, #34100, #34110, #34120));
#34140 = FACE_OUTER_BOUND ('', #34130, .T.);
#34150 = CARTESIAN_POINT ('', (-170.350933882911, -240., 528.373));
#34160 = CARTESIAN_POINT ('', (-174.468887909866, -222.349811877427, 526.929584970778));
#34170 = CARTESIAN_POINT ('', (-181.751468891317, -185.420880389019, 524.376912752647));
#34180 = CARTESIAN_POINT ('', (-187.859800901966, -147.005369566149, 522.235835370547));
#34190 = CARTESIAN_POINT ('', (-192.529310018978, -108.590379032643, 520.599090619521));
#34200 = CARTESIAN_POINT ('', (-195.781436858667, -70.1757591872151, 519.459163187934));
#34210 = CARTESIAN_POINT ('', (-197.63086202935, -31.7613762873666, 518.810907265378));
#34220 = CARTESIAN_POINT ('', (-198.08584328333, 6.65291340189938, 518.651428365005));
#34230 = CARTESIAN_POINT ('', (-197.148401929399, 45.0672184269147, 518.980017982669));
#34240 = CARTESIAN_POINT ('', (-194.814368857274, 83.481672047802, 519.798137464565));
#34250 = CARTESIAN_POINT ('', (-191.073288276487, 121.896414397705, 521.109451748428));
#34260 = CARTESIAN_POINT ('', (-185.908190208094, 160.311555392971, 522.919909109176));
#34270 = CARTESIAN_POINT ('', (-179.295158469387, 198.727376429726, 525.237892587837));
#34280 = CARTESIAN_POINT ('', (-172.927576701022, 228.956073289957, 527.469841551836));
#34290 = CARTESIAN_POINT ('', (-170.350938587278, 240., 528.372998351037));
#34300 = CARTESIAN_POINT ('', (-190.772879265391, -240., 586.635267278313));
#34310 = CARTESIAN_POINT ('', (-195.136477816437, -222.349811877427, 585.892657517641));
#34320 = CARTESIAN_POINT ('', (-202.853479903039, -185.420880389019, 584.579355891566));
#34330 = CARTESIAN_POINT ('', (-209.326186624995, -147.005369566149, 583.477812031961));
#34340 = CARTESIAN_POINT ('', (-214.274241674595, -108.590379032643, 582.635737782191));
#34350 = CARTESIAN_POINT ('', (-217.720364645515, -70.1757591872151, 582.049266656412));
#34360 = CARTESIAN_POINT ('', (-219.680111874902, -31.7613762873666, 581.715751232395));
#34370 = CARTESIAN_POINT ('', (-220.162233707157, 6.65291340189938, 581.633702351345));
#34380 = CARTESIAN_POINT ('', (-219.168872026349, 45.0672184269147, 581.802755501266));
#34390 = CARTESIAN_POINT ('', (-216.695609026094, 83.481672047802, 582.223662517164));
#34400 = CARTESIAN_POINT ('', (-212.731365206271, 121.896414397705, 582.898308940257));
#34410 = CARTESIAN_POINT ('', (-207.25815829339, 160.311555392971, 583.829755045606));
#34420 = CARTESIAN_POINT ('', (-200.250645454695, 198.727376429726, 585.02231374943));
#34430 = CARTESIAN_POINT ('', (-193.503224187669, 228.956073289957, 586.170609320995));
#34440 = CARTESIAN_POINT ('', (-190.772884250383, 240., 586.635266429952));
#34450 = CARTESIAN_POINT ('', (-190.772879265391, -240., 648.373));
#34460 = CARTESIAN_POINT ('', (-195.136477816437, -222.349811877426, 648.373));
#34470 = CARTESIAN_POINT ('', (-202.853479903039, -185.420880389019, 648.373));
#34480 = CARTESIAN_POINT ('', (-209.326186624995, -147.005369566149, 648.373));
#34490 = CARTESIAN_POINT ('', (-214.274241674595, -108.590379032643, 648.373));
#34500 = CARTESIAN_POINT ('', (-217.720364645515, -70.1757591872151, 648.373));
#34510 = CARTESIAN_POINT ('', (-219.680111874902, -31.7613762873666, 648.373));
#34520 = CARTESIAN_POINT ('', (-220.162233707157, 6.65291340189938, 648.373));
#34530 = CARTESIAN_POINT ('', (-219.168872026349, 45.0672184269147, 648.373));
#34540 = CARTESIAN_POINT ('', (-216.695609026094, 83.481672047802, 648.373));
#34550 = CARTESIAN_POINT ('', (-212.731365206271, 121.896414397705, 648.373));
#34560 = CARTESIAN_POINT ('', (-207.25815829339, 160.311555392971, 648.373));
#34570 = CARTESIAN_POINT ('', (-200.250645454695, 198.727376429726, 648.373));
#34580 = CARTESIAN_POINT ('', (-193.503224187669, 228.956073289957, 648.373));
#34590 = CARTESIAN_POINT ('', (-190.772884250383, 240., 648.373));
#34600 = CARTESIAN_POINT ('', (-190.772879265391, -240., 710.110732721687));
#34610 = CARTESIAN_POINT ('', (-195.136477816437, -222.349811877427, 710.853342482358));
#34620 = CARTESIAN_POINT ('', (-202.853479903039, -185.420880389019, 712.166644108434));
#34630 = CARTESIAN_POINT ('', (-209.326186624995, -147.005369566149, 713.268187968039));
#34640 = CARTESIAN_POINT ('', (-214.274241674595, -108.590379032643, 714.110262217809));
#34650 = CARTESIAN_POINT ('', (-217.720364645515, -70.1757591872151, 714.696733343588));
#34660 = CARTESIAN_POINT ('', (-219.680111874902, -31.7613762873666, 715.030248767604));
#34670 = CARTESIAN_POINT ('', (-220.162233707157, 6.65291340189938, 715.112297648654));
#34680 = CARTESIAN_POINT ('', (-219.168872026349, 45.0672184269147, 714.943244498734));
#34690 = CARTESIAN_POINT ('', (-216.695609026094, 83.481672047802, 714.522337482836));
#34700 = CARTESIAN_POINT ('', (-212.731365206271, 121.896414397705, 713.847691059742));
#34710 = CARTESIAN_POINT ('', (-207.25815829339, 160.311555392971, 712.916244954393));
#34720 = CARTESIAN_POINT ('', (-200.250645454695, 198.727376429726, 711.723686250569));
#34730 = CARTESIAN_POINT ('', (-193.503224187669, 228.956073289957, 710.575390679005));
#34740 = CARTESIAN_POINT ('', (-190.772884250383, 240., 710.110733570048));
#34750 = CARTESIAN_POINT ('', (-170.350933882912, -240., 768.373));
#34760 = CARTESIAN_POINT ('', (-174.468887909866, -222.349811877426, 769.816415029221));
#34770 = CARTESIAN_POINT ('', (-181.751468891318, -185.420880389019, 772.369087247352));
#34780 = CARTESIAN_POINT ('', (-187.859800901966, -147.005369566149, 774.510164629453));
#34790 = CARTESIAN_POINT ('', (-192.529310018979, -108.590379032643, 776.146909380478));
#34800 = CARTESIAN_POINT ('', (-195.781436858667, -70.1757591872151, 777.286836812066));
#34810 = CARTESIAN_POINT ('', (-197.630862029351, -31.7613762873666, 777.935092734621));
#34820 = CARTESIAN_POINT ('', (-198.08584328333, 6.65291340189938, 778.094571634995));
#34830 = CARTESIAN_POINT ('', (-197.148401929399, 45.0672184269147, 777.76598201733));
#34840 = CARTESIAN_POINT ('', (-194.814368857275, 83.481672047802, 776.947862535434));
#34850 = CARTESIAN_POINT ('', (-191.073288276487, 121.896414397705, 775.636548251571));
#34860 = CARTESIAN_POINT ('', (-185.908190208094, 160.311555392971, 773.826090890823));
#34870 = CARTESIAN_POINT ('', (-179.295158469387, 198.727376429726, 771.508107412162));
#34880 = CARTESIAN_POINT ('', (-172.927576701022, 228.956073289957, 769.276158448164));
#34890 = CARTESIAN_POINT ('', (-170.350938587279, 240., 768.373001648963));
#34900 = (
   BOUNDED_SURFACE ()
   B_SPLINE_SURFACE (2, 2, ((#34150, #34160, #34170, #34180, #34190, #34200, #34210, #34220, #34230, #34240, #34250, #34260, #34270, #34280, #34290), (#34300, #34310, #34320, #34330, #34340, #34350, #34360, #34370, #34380, #34390, #34400, #34410, #34420, #34430, #34440), (#34450, #34460, #34470, #34480, #34490, #34500, #34510, #34520, #34530, #34540, #34550, #34560, #34570, #34580, #34590), (#34600, #34610, #34620, #34630, #34640, #34650, #34660, #34670, #34680, #34690, #34700, #34710, #34720, #34730, #34740), (#34750, #34760, #34770, #34780, #34790, #34800, #34810, #34820, #34830, #34840, #34850, #34860, #34870, #34880, #34890)), .UNSPECIFIED., .F., .F., .U.)
   B_SPLINE_SURFACE_WITH_KNOTS ((3, 2, 3), (3, 1, 1, 1, 1, 1, 1, 1, 1, 1, 1, 1, 1, 3), (0.387586772355858, 0.5, 0.612413227644141), (0.0297038210211821, 0.0997099854751104, 0.174947669101494, 0.249692849568143, 0.324065864286842, 0.398181862589998, 0.472152490941854, 0.546087443147471, 0.620095936931715, 0.694288172743626, 0.768776829327507, 0.843678653327839, 0.919116207299888, 0.962922993565587), .UNSPECIFIED.)
   SURFACE ()
   GEOMETRIC_REPRESENTATION_ITEM ()
   RATIONAL_B_SPLINE_SURFACE (((0.897909420657533, 0.897909420657533, 0.897909420657533, 0.897909420657533, 0.897909420657533, 0.897909420657533, 0.897909420657533, 0.897909420657533, 0.897909420657533, 0.897909420657533, 0.897909420657533, 0.897909420657533, 0.897909420657533, 0.897909420657533, 0.897909420657533), (0.934149855836196, 0.934149855836196, 0.934149855836196, 0.934149855836196, 0.934149855836196, 0.934149855836196, 0.934149855836196, 0.934149855836196, 0.934149855836196, 0.934149855836196, 0.934149855836196, 0.934149855836196, 0.934149855836196, 0.934149855836196, 0.934149855836196), (1., 1., 1., 1., 1., 1., 1., 1., 1., 1., 1., 1., 1., 1., 1.), (0.934149855836196, 0.934149855836196, 0.934149855836196, 0.934149855836196, 0.934149855836196, 0.934149855836196, 0.934149855836196, 0.934149855836196, 0.934149855836196, 0.934149855836196, 0.934149855836196, 0.934149855836196, 0.934149855836196, 0.934149855836196, 0.934149855836196), (0.897909420657533, 0.897909420657533, 0.897909420657533, 0.897909420657533, 0.897909420657533, 0.897909420657533, 0.897909420657533, 0.897909420657533, 0.897909420657533, 0.897909420657533, 0.897909420657533, 0.897909420657533, 0.897909420657533, 0.897909420657533, 0.897909420657533)))
   REPRESENTATION_ITEM ('')
);
#34910 = ADVANCED_FACE ('', (#34140), #34900, .T.);
#34920 = CLOSED_SHELL ('', (#25740, #28760, #30380, #33200, #34080, #34910));
#34930 = MANIFOLD_SOLID_BREP ('', #34920);
#34940 = (
   LENGTH_UNIT ()
   NAMED_UNIT (*)
   SI_UNIT (.MILLI., .METRE.)
);
#34950 = (
   NAMED_UNIT (*)
   SI_UNIT ($, .STERADIAN.)
   SOLID_ANGLE_UNIT ()
);
#34960 = (
   NAMED_UNIT (*)
   SI_UNIT ($, .RADIAN.)
   PLANE_ANGLE_UNIT ()
);
#34970 = UNCERTAINTY_MEASURE_WITH_UNIT (LENGTH_MEASURE(1.E-5), #34940, 'DISTANCE_ACCURACY_VALUE', '');
#34980 = (
   GEOMETRIC_REPRESENTATION_CONTEXT (3)
   GLOBAL_UNCERTAINTY_ASSIGNED_CONTEXT ((#34970))
   GLOBAL_UNIT_ASSIGNED_CONTEXT ((#34940, #34950, #34960))
   REPRESENTATION_CONTEXT ('', '3D')
);
#34990 = ADVANCED_BREP_SHAPE_REPRESENTATION ('', (#34930), #34980);
#35000 = APPLICATION_CONTEXT ('configuration controlled 3D designs of mechanical parts and assemblies');
#35010 = APPLICATION_PROTOCOL_DEFINITION ('International Standard', 'config_control_design', 1997, #35000);
#35020 = MECHANICAL_CONTEXT ('', #35000, 'mechanical');
#35030 = PRODUCT ('product-name', '', '', (#35020));
#35040 = PERSON_AND_ORGANIZATION_ROLE ('design_owner');
#35050 = PERSON ('', '', $, $, $, $);
#35060 = ORGANIZATION ($, '', '');
#35070 = PERSON_AND_ORGANIZATION (#35050, #35060);
#35080 = CC_DESIGN_PERSON_AND_ORGANIZATION_ASSIGNMENT (#35070, #35040, (#35030));
#35090 = PRODUCT_RELATED_PRODUCT_CATEGORY ('detail', $, (#35030));
#35100 = PRODUCT_DEFINITION_FORMATION_WITH_SPECIFIED_SOURCE ('', '', #35030, .NOT_KNOWN.);
#35110 = APPROVAL_STATUS ('approved');
#35120 = APPROVAL (#35110, '');
#35130 = CALENDAR_DATE (2020, 9, 9);
#35140 = COORDINATED_UNIVERSAL_TIME_OFFSET (0, $, .AHEAD.);
#35150 = LOCAL_TIME (22, 39, 20., #35140);
#35160 = DATE_AND_TIME (#35130, #35150);
#35170 = APPROVAL_DATE_TIME (#35160, #35120);
#35180 = APPROVAL_ROLE ('');
#35190 = PERSON ('', '', $, $, $, $);
#35200 = ORGANIZATION ($, '', '');
#35210 = PERSON_AND_ORGANIZATION (#35190, #35200);
#35220 = APPROVAL_PERSON_ORGANIZATION (#35210, #35120, #35180);
#35230 = CC_DESIGN_APPROVAL (#35120, (#35100));
#35240 = PERSON_AND_ORGANIZATION_ROLE ('creator');
#35250 = PERSON ('', '', $, $, $, $);
#35260 = ORGANIZATION ($, '', '');
#35270 = PERSON_AND_ORGANIZATION (#35250, #35260);
#35280 = CC_DESIGN_PERSON_AND_ORGANIZATION_ASSIGNMENT (#35270, #35240, (#35100));
#35290 = PERSON_AND_ORGANIZATION_ROLE ('part_supplier');
#35300 = PERSON ('', '', $, $, $, $);
#35310 = ORGANIZATION ($, '', '');
#35320 = PERSON_AND_ORGANIZATION (#35300, #35310);
#35330 = CC_DESIGN_PERSON_AND_ORGANIZATION_ASSIGNMENT (#35320, #35290, (#35100));
#35340 = SECURITY_CLASSIFICATION_LEVEL ('unclassified');
#35350 = SECURITY_CLASSIFICATION ('', '', #35340);
#35360 = APPROVAL_STATUS ('approved');
#35370 = APPROVAL (#35360, '');
#35380 = CALENDAR_DATE (2020, 9, 9);
#35390 = COORDINATED_UNIVERSAL_TIME_OFFSET (0, $, .AHEAD.);
#35400 = LOCAL_TIME (22, 39, 20., #35390);
#35410 = DATE_AND_TIME (#35380, #35400);
#35420 = APPROVAL_DATE_TIME (#35410, #35370);
#35430 = APPROVAL_ROLE ('');
#35440 = PERSON ('', '', $, $, $, $);
#35450 = ORGANIZATION ($, '', '');
#35460 = PERSON_AND_ORGANIZATION (#35440, #35450);
#35470 = APPROVAL_PERSON_ORGANIZATION (#35460, #35370, #35430);
#35480 = CC_DESIGN_APPROVAL (#35370, (#35350));
#35490 = DATE_TIME_ROLE ('classification_date');
#35500 = CALENDAR_DATE (2020, 9, 9);
#35510 = COORDINATED_UNIVERSAL_TIME_OFFSET (0, $, .AHEAD.);
#35520 = LOCAL_TIME (22, 39, 20., #35510);
#35530 = DATE_AND_TIME (#35500, #35520);
#35540 = CC_DESIGN_DATE_AND_TIME_ASSIGNMENT (#35530, #35490, (#35350));
#35550 = PERSON_AND_ORGANIZATION_ROLE ('classification_officer');
#35560 = PERSON ('', '', $, $, $, $);
#35570 = ORGANIZATION ($, '', '');
#35580 = PERSON_AND_ORGANIZATION (#35560, #35570);
#35590 = CC_DESIGN_PERSON_AND_ORGANIZATION_ASSIGNMENT (#35580, #35550, (#35350));
#35600 = CC_DESIGN_SECURITY_CLASSIFICATION (#35350, (#35100));
#35610 = DESIGN_CONTEXT ('', #35000, 'design');
#35620 = PRODUCT_DEFINITION ('', '', #35100, #35610);
#35630 = APPROVAL_STATUS ('approved');
#35640 = APPROVAL (#35630, '');
#35650 = CALENDAR_DATE (2020, 9, 9);
#35660 = COORDINATED_UNIVERSAL_TIME_OFFSET (0, $, .AHEAD.);
#35670 = LOCAL_TIME (22, 39, 20., #35660);
#35680 = DATE_AND_TIME (#35650, #35670);
#35690 = APPROVAL_DATE_TIME (#35680, #35640);
#35700 = APPROVAL_ROLE ('');
#35710 = PERSON ('', '', $, $, $, $);
#35720 = ORGANIZATION ($, '', '');
#35730 = PERSON_AND_ORGANIZATION (#35710, #35720);
#35740 = APPROVAL_PERSON_ORGANIZATION (#35730, #35640, #35700);
#35750 = CC_DESIGN_APPROVAL (#35640, (#35620));
#35760 = DATE_TIME_ROLE ('creation_date');
#35770 = CALENDAR_DATE (2020, 9, 9);
#35780 = COORDINATED_UNIVERSAL_TIME_OFFSET (0, $, .AHEAD.);
#35790 = LOCAL_TIME (22, 39, 20., #35780);
#35800 = DATE_AND_TIME (#35770, #35790);
#35810 = CC_DESIGN_DATE_AND_TIME_ASSIGNMENT (#35800, #35760, (#35620));
#35820 = PERSON_AND_ORGANIZATION_ROLE ('creator');
#35830 = PERSON ('', '', $, $, $, $);
#35840 = ORGANIZATION ($, '', '');
#35850 = PERSON_AND_ORGANIZATION (#35830, #35840);
#35860 = CC_DESIGN_PERSON_AND_ORGANIZATION_ASSIGNMENT (#35850, #35820, (#35620));
#35870 = PRODUCT_DEFINITION_SHAPE ('', '', #35620);
#35880 = SHAPE_DEFINITION_REPRESENTATION (#35870, #34990);
#35890 = CARTESIAN_POINT ('', (-675., -200., 748.373));
#35900 = VERTEX_POINT ('', #35890);
#35910 = CARTESIAN_POINT ('', (-675., -200., 548.373));
#35920 = VERTEX_POINT ('', #35910);
#35930 = CARTESIAN_POINT ('', (-675., -200., 748.373));
#35940 = CARTESIAN_POINT ('', (-675., -200., 681.706333333333));
#35950 = CARTESIAN_POINT ('', (-675., -200., 615.039666666667));
#35960 = CARTESIAN_POINT ('', (-675., -200., 548.373));
#35970 = B_SPLINE_CURVE_WITH_KNOTS ('', 3, (#35930, #35940, #35950, #35960), .UNSPECIFIED., .F., .U., (4, 4), (0., 200.), .UNSPECIFIED.);
#35980 = EDGE_CURVE ('', #35900, #35920, #35970, .T.);
#35990 = ORIENTED_EDGE ('', *, *, #35980, .T.);
#36000 = CARTESIAN_POINT ('', (-675., 200., 548.373));
#36010 = VERTEX_POINT ('', #36000);
#36020 = CARTESIAN_POINT ('', (-675., -200., 548.373));
#36030 = CARTESIAN_POINT ('', (-675., -66.6666666666667, 548.373));
#36040 = CARTESIAN_POINT ('', (-675., 66.6666666666667, 548.373));
#36050 = CARTESIAN_POINT ('', (-675., 200., 548.373));
#36060 = B_SPLINE_CURVE_WITH_KNOTS ('', 3, (#36020, #36030, #36040, #36050), .UNSPECIFIED., .F., .U., (4, 4), (0., 400.), .UNSPECIFIED.);
#36070 = EDGE_CURVE ('', #35920, #36010, #36060, .T.);
#36080 = ORIENTED_EDGE ('', *, *, #36070, .T.);
#36090 = CARTESIAN_POINT ('', (-675., 200., 748.373));
#36100 = VERTEX_POINT ('', #36090);
#36110 = CARTESIAN_POINT ('', (-675., 200., 548.373));
#36120 = CARTESIAN_POINT ('', (-675., 200., 615.039666666667));
#36130 = CARTESIAN_POINT ('', (-675., 200., 681.706333333333));
#36140 = CARTESIAN_POINT ('', (-675., 200., 748.373));
#36150 = B_SPLINE_CURVE_WITH_KNOTS ('', 3, (#36110, #36120, #36130, #36140), .UNSPECIFIED., .F., .U., (4, 4), (0., 200.), .UNSPECIFIED.);
#36160 = EDGE_CURVE ('', #36010, #36100, #36150, .T.);
#36170 = ORIENTED_EDGE ('', *, *, #36160, .T.);
#36180 = CARTESIAN_POINT ('', (-675., 200., 748.373));
#36190 = CARTESIAN_POINT ('', (-675., 66.6666666666667, 748.373));
#36200 = CARTESIAN_POINT ('', (-675., -66.6666666666667, 748.373));
#36210 = CARTESIAN_POINT ('', (-675., -200., 748.373));
#36220 = B_SPLINE_CURVE_WITH_KNOTS ('', 3, (#36180, #36190, #36200, #36210), .UNSPECIFIED., .F., .U., (4, 4), (0., 400.), .UNSPECIFIED.);
#36230 = EDGE_CURVE ('', #36100, #35900, #36220, .T.);
#36240 = ORIENTED_EDGE ('', *, *, #36230, .T.);
#36250 = EDGE_LOOP ('', (#35990, #36080, #36170, #36240));
#36260 = FACE_OUTER_BOUND ('', #36250, .T.);
#36270 = CARTESIAN_POINT ('', (-675., -200., 748.373));
#36280 = CARTESIAN_POINT ('', (-675., 200., 748.373));
#36290 = CARTESIAN_POINT ('', (-675., -200., 548.373));
#36300 = CARTESIAN_POINT ('', (-675., 200., 548.373));
#36310 = B_SPLINE_SURFACE_WITH_KNOTS ('', 1, 1, ((#36270, #36280), (#36290, #36300)), .UNSPECIFIED., .F., .F., .U., (2, 2), (2, 2), (0.0022261124997498, 0.99777388750025), (0.00111553956644773, 0.998884460433552), .UNSPECIFIED.);
#36320 = ADVANCED_FACE ('', (#36260), #36310, .T.);
#36330 = OPEN_SHELL ('', (#36320));
#36340 = SHELL_BASED_SURFACE_MODEL ('', (#36330));
#36350 = (
   LENGTH_UNIT ()
   NAMED_UNIT (*)
   SI_UNIT (.MILLI., .METRE.)
);
#36360 = (
   NAMED_UNIT (*)
   SI_UNIT ($, .STERADIAN.)
   SOLID_ANGLE_UNIT ()
);
#36370 = (
   NAMED_UNIT (*)
   SI_UNIT ($, .RADIAN.)
   PLANE_ANGLE_UNIT ()
);
#36380 = UNCERTAINTY_MEASURE_WITH_UNIT (LENGTH_MEASURE(1.E-5), #36350, 'DISTANCE_ACCURACY_VALUE', '');
#36390 = (
   GEOMETRIC_REPRESENTATION_CONTEXT (3)
   GLOBAL_UNCERTAINTY_ASSIGNED_CONTEXT ((#36380))
   GLOBAL_UNIT_ASSIGNED_CONTEXT ((#36350, #36360, #36370))
   REPRESENTATION_CONTEXT ('', '3D')
);
#36400 = MANIFOLD_SURFACE_SHAPE_REPRESENTATION ('', (#36340), #36390);
#36410 = APPLICATION_CONTEXT ('configuration controlled 3D designs of mechanical parts and assemblies');
#36420 = APPLICATION_PROTOCOL_DEFINITION ('International Standard', 'config_control_design', 1997, #36410);
#36430 = MECHANICAL_CONTEXT ('', #36410, 'mechanical');
#36440 = PRODUCT ('product-name', '', '', (#36430));
#36450 = PERSON_AND_ORGANIZATION_ROLE ('design_owner');
#36460 = PERSON ('', '', $, $, $, $);
#36470 = ORGANIZATION ($, '', '');
#36480 = PERSON_AND_ORGANIZATION (#36460, #36470);
#36490 = CC_DESIGN_PERSON_AND_ORGANIZATION_ASSIGNMENT (#36480, #36450, (#36440));
#36500 = PRODUCT_RELATED_PRODUCT_CATEGORY ('detail', $, (#36440));
#36510 = PRODUCT_DEFINITION_FORMATION_WITH_SPECIFIED_SOURCE ('', '', #36440, .NOT_KNOWN.);
#36520 = APPROVAL_STATUS ('approved');
#36530 = APPROVAL (#36520, '');
#36540 = CALENDAR_DATE (2020, 9, 9);
#36550 = COORDINATED_UNIVERSAL_TIME_OFFSET (0, $, .AHEAD.);
#36560 = LOCAL_TIME (22, 39, 20., #36550);
#36570 = DATE_AND_TIME (#36540, #36560);
#36580 = APPROVAL_DATE_TIME (#36570, #36530);
#36590 = APPROVAL_ROLE ('');
#36600 = PERSON ('', '', $, $, $, $);
#36610 = ORGANIZATION ($, '', '');
#36620 = PERSON_AND_ORGANIZATION (#36600, #36610);
#36630 = APPROVAL_PERSON_ORGANIZATION (#36620, #36530, #36590);
#36640 = CC_DESIGN_APPROVAL (#36530, (#36510));
#36650 = PERSON_AND_ORGANIZATION_ROLE ('creator');
#36660 = PERSON ('', '', $, $, $, $);
#36670 = ORGANIZATION ($, '', '');
#36680 = PERSON_AND_ORGANIZATION (#36660, #36670);
#36690 = CC_DESIGN_PERSON_AND_ORGANIZATION_ASSIGNMENT (#36680, #36650, (#36510));
#36700 = PERSON_AND_ORGANIZATION_ROLE ('part_supplier');
#36710 = PERSON ('', '', $, $, $, $);
#36720 = ORGANIZATION ($, '', '');
#36730 = PERSON_AND_ORGANIZATION (#36710, #36720);
#36740 = CC_DESIGN_PERSON_AND_ORGANIZATION_ASSIGNMENT (#36730, #36700, (#36510));
#36750 = SECURITY_CLASSIFICATION_LEVEL ('unclassified');
#36760 = SECURITY_CLASSIFICATION ('', '', #36750);
#36770 = APPROVAL_STATUS ('approved');
#36780 = APPROVAL (#36770, '');
#36790 = CALENDAR_DATE (2020, 9, 9);
#36800 = COORDINATED_UNIVERSAL_TIME_OFFSET (0, $, .AHEAD.);
#36810 = LOCAL_TIME (22, 39, 20., #36800);
#36820 = DATE_AND_TIME (#36790, #36810);
#36830 = APPROVAL_DATE_TIME (#36820, #36780);
#36840 = APPROVAL_ROLE ('');
#36850 = PERSON ('', '', $, $, $, $);
#36860 = ORGANIZATION ($, '', '');
#36870 = PERSON_AND_ORGANIZATION (#36850, #36860);
#36880 = APPROVAL_PERSON_ORGANIZATION (#36870, #36780, #36840);
#36890 = CC_DESIGN_APPROVAL (#36780, (#36760));
#36900 = DATE_TIME_ROLE ('classification_date');
#36910 = CALENDAR_DATE (2020, 9, 9);
#36920 = COORDINATED_UNIVERSAL_TIME_OFFSET (0, $, .AHEAD.);
#36930 = LOCAL_TIME (22, 39, 20., #36920);
#36940 = DATE_AND_TIME (#36910, #36930);
#36950 = CC_DESIGN_DATE_AND_TIME_ASSIGNMENT (#36940, #36900, (#36760));
#36960 = PERSON_AND_ORGANIZATION_ROLE ('classification_officer');
#36970 = PERSON ('', '', $, $, $, $);
#36980 = ORGANIZATION ($, '', '');
#36990 = PERSON_AND_ORGANIZATION (#36970, #36980);
#37000 = CC_DESIGN_PERSON_AND_ORGANIZATION_ASSIGNMENT (#36990, #36960, (#36760));
#37010 = CC_DESIGN_SECURITY_CLASSIFICATION (#36760, (#36510));
#37020 = DESIGN_CONTEXT ('', #36410, 'design');
#37030 = PRODUCT_DEFINITION ('', '', #36510, #37020);
#37040 = APPROVAL_STATUS ('approved');
#37050 = APPROVAL (#37040, '');
#37060 = CALENDAR_DATE (2020, 9, 9);
#37070 = COORDINATED_UNIVERSAL_TIME_OFFSET (0, $, .AHEAD.);
#37080 = LOCAL_TIME (22, 39, 20., #37070);
#37090 = DATE_AND_TIME (#37060, #37080);
#37100 = APPROVAL_DATE_TIME (#37090, #37050);
#37110 = APPROVAL_ROLE ('');
#37120 = PERSON ('', '', $, $, $, $);
#37130 = ORGANIZATION ($, '', '');
#37140 = PERSON_AND_ORGANIZATION (#37120, #37130);
#37150 = APPROVAL_PERSON_ORGANIZATION (#37140, #37050, #37110);
#37160 = CC_DESIGN_APPROVAL (#37050, (#37030));
#37170 = DATE_TIME_ROLE ('creation_date');
#37180 = CALENDAR_DATE (2020, 9, 9);
#37190 = COORDINATED_UNIVERSAL_TIME_OFFSET (0, $, .AHEAD.);
#37200 = LOCAL_TIME (22, 39, 20., #37190);
#37210 = DATE_AND_TIME (#37180, #37200);
#37220 = CC_DESIGN_DATE_AND_TIME_ASSIGNMENT (#37210, #37170, (#37030));
#37230 = PERSON_AND_ORGANIZATION_ROLE ('creator');
#37240 = PERSON ('', '', $, $, $, $);
#37250 = ORGANIZATION ($, '', '');
#37260 = PERSON_AND_ORGANIZATION (#37240, #37250);
#37270 = CC_DESIGN_PERSON_AND_ORGANIZATION_ASSIGNMENT (#37260, #37230, (#37030));
#37280 = PRODUCT_DEFINITION_SHAPE ('', '', #37030);
#37290 = SHAPE_DEFINITION_REPRESENTATION (#37280, #36400);
#37300 = GEOMETRIC_CURVE_SET ('', (#30, #60, #90, #120, #150, #180, #210, #240, #270, #300, #330, #360, #390, #420, #450, #480, #510, #540, #570, #600, #630, #660, #690, #720, #750, #780, #810, #840, #870, #900, #930, #960, #990, #1020, #1050, #1080, #1110, #1140, #1170, #1200, #1230, #1260, #1290, #1320, #1350, #1380, #1410, #1440, #1470, #1500, #1530, #1560, #1590, #1620, #1650, #1680, #1710, #1740, #1770, #1800, #1830, #1860, #1890, #1920, #1950, #1980, #2010, #2040, #2070, #2100, #2130, #2160, #2190, #2220, #2250, #2280, #2310, #2340, #2370, #2400, #2430, #2460, #2490, #2520, #2550, #2580, #2610, #2640, #2670, #2700));
#37310 = (
   LENGTH_UNIT ()
   NAMED_UNIT (*)
   SI_UNIT (.MILLI., .METRE.)
);
#37320 = (
   NAMED_UNIT (*)
   SI_UNIT ($, .STERADIAN.)
   SOLID_ANGLE_UNIT ()
);
#37330 = (
   NAMED_UNIT (*)
   SI_UNIT ($, .RADIAN.)
   PLANE_ANGLE_UNIT ()
);
#37340 = UNCERTAINTY_MEASURE_WITH_UNIT (LENGTH_MEASURE(1.E-5), #37310, 'DISTANCE_ACCURACY_VALUE', '');
#37350 = (
   GEOMETRIC_REPRESENTATION_CONTEXT (3)
   GLOBAL_UNCERTAINTY_ASSIGNED_CONTEXT ((#37340))
   GLOBAL_UNIT_ASSIGNED_CONTEXT ((#37310, #37320, #37330))
   REPRESENTATION_CONTEXT ('', '3D')
);
#37360 = GEOMETRICALLY_BOUNDED_WIREFRAME_SHAPE_REPRESENTATION ('', (#37300), #37350);
#37370 = APPLICATION_CONTEXT ('configuration controlled 3D designs of mechanical parts and assemblies');
#37380 = APPLICATION_PROTOCOL_DEFINITION ('International Standard', 'config_control_design', 1997, #37370);
#37390 = MECHANICAL_CONTEXT ('', #37370, 'mechanical');
#37400 = PRODUCT ('product-name', '', '', (#37390));
#37410 = PERSON_AND_ORGANIZATION_ROLE ('design_owner');
#37420 = PERSON ('', '', $, $, $, $);
#37430 = ORGANIZATION ($, '', '');
#37440 = PERSON_AND_ORGANIZATION (#37420, #37430);
#37450 = CC_DESIGN_PERSON_AND_ORGANIZATION_ASSIGNMENT (#37440, #37410, (#37400));
#37460 = PRODUCT_RELATED_PRODUCT_CATEGORY ('detail', $, (#37400));
#37470 = PRODUCT_DEFINITION_FORMATION_WITH_SPECIFIED_SOURCE ('', '', #37400, .NOT_KNOWN.);
#37480 = APPROVAL_STATUS ('approved');
#37490 = APPROVAL (#37480, '');
#37500 = CALENDAR_DATE (2020, 9, 9);
#37510 = COORDINATED_UNIVERSAL_TIME_OFFSET (0, $, .AHEAD.);
#37520 = LOCAL_TIME (22, 39, 20., #37510);
#37530 = DATE_AND_TIME (#37500, #37520);
#37540 = APPROVAL_DATE_TIME (#37530, #37490);
#37550 = APPROVAL_ROLE ('');
#37560 = PERSON ('', '', $, $, $, $);
#37570 = ORGANIZATION ($, '', '');
#37580 = PERSON_AND_ORGANIZATION (#37560, #37570);
#37590 = APPROVAL_PERSON_ORGANIZATION (#37580, #37490, #37550);
#37600 = CC_DESIGN_APPROVAL (#37490, (#37470));
#37610 = PERSON_AND_ORGANIZATION_ROLE ('creator');
#37620 = PERSON ('', '', $, $, $, $);
#37630 = ORGANIZATION ($, '', '');
#37640 = PERSON_AND_ORGANIZATION (#37620, #37630);
#37650 = CC_DESIGN_PERSON_AND_ORGANIZATION_ASSIGNMENT (#37640, #37610, (#37470));
#37660 = PERSON_AND_ORGANIZATION_ROLE ('part_supplier');
#37670 = PERSON ('', '', $, $, $, $);
#37680 = ORGANIZATION ($, '', '');
#37690 = PERSON_AND_ORGANIZATION (#37670, #37680);
#37700 = CC_DESIGN_PERSON_AND_ORGANIZATION_ASSIGNMENT (#37690, #37660, (#37470));
#37710 = SECURITY_CLASSIFICATION_LEVEL ('unclassified');
#37720 = SECURITY_CLASSIFICATION ('', '', #37710);
#37730 = APPROVAL_STATUS ('approved');
#37740 = APPROVAL (#37730, '');
#37750 = CALENDAR_DATE (2020, 9, 9);
#37760 = COORDINATED_UNIVERSAL_TIME_OFFSET (0, $, .AHEAD.);
#37770 = LOCAL_TIME (22, 39, 20., #37760);
#37780 = DATE_AND_TIME (#37750, #37770);
#37790 = APPROVAL_DATE_TIME (#37780, #37740);
#37800 = APPROVAL_ROLE ('');
#37810 = PERSON ('', '', $, $, $, $);
#37820 = ORGANIZATION ($, '', '');
#37830 = PERSON_AND_ORGANIZATION (#37810, #37820);
#37840 = APPROVAL_PERSON_ORGANIZATION (#37830, #37740, #37800);
#37850 = CC_DESIGN_APPROVAL (#37740, (#37720));
#37860 = DATE_TIME_ROLE ('classification_date');
#37870 = CALENDAR_DATE (2020, 9, 9);
#37880 = COORDINATED_UNIVERSAL_TIME_OFFSET (0, $, .AHEAD.);
#37890 = LOCAL_TIME (22, 39, 20., #37880);
#37900 = DATE_AND_TIME (#37870, #37890);
#37910 = CC_DESIGN_DATE_AND_TIME_ASSIGNMENT (#37900, #37860, (#37720));
#37920 = PERSON_AND_ORGANIZATION_ROLE ('classification_officer');
#37930 = PERSON ('', '', $, $, $, $);
#37940 = ORGANIZATION ($, '', '');
#37950 = PERSON_AND_ORGANIZATION (#37930, #37940);
#37960 = CC_DESIGN_PERSON_AND_ORGANIZATION_ASSIGNMENT (#37950, #37920, (#37720));
#37970 = CC_DESIGN_SECURITY_CLASSIFICATION (#37720, (#37470));
#37980 = DESIGN_CONTEXT ('', #37370, 'design');
#37990 = PRODUCT_DEFINITION ('', '', #37470, #37980);
#38000 = APPROVAL_STATUS ('approved');
#38010 = APPROVAL (#38000, '');
#38020 = CALENDAR_DATE (2020, 9, 9);
#38030 = COORDINATED_UNIVERSAL_TIME_OFFSET (0, $, .AHEAD.);
#38040 = LOCAL_TIME (22, 39, 20., #38030);
#38050 = DATE_AND_TIME (#38020, #38040);
#38060 = APPROVAL_DATE_TIME (#38050, #38010);
#38070 = APPROVAL_ROLE ('');
#38080 = PERSON ('', '', $, $, $, $);
#38090 = ORGANIZATION ($, '', '');
#38100 = PERSON_AND_ORGANIZATION (#38080, #38090);
#38110 = APPROVAL_PERSON_ORGANIZATION (#38100, #38010, #38070);
#38120 = CC_DESIGN_APPROVAL (#38010, (#37990));
#38130 = DATE_TIME_ROLE ('creation_date');
#38140 = CALENDAR_DATE (2020, 9, 9);
#38150 = COORDINATED_UNIVERSAL_TIME_OFFSET (0, $, .AHEAD.);
#38160 = LOCAL_TIME (22, 39, 20., #38150);
#38170 = DATE_AND_TIME (#38140, #38160);
#38180 = CC_DESIGN_DATE_AND_TIME_ASSIGNMENT (#38170, #38130, (#37990));
#38190 = PERSON_AND_ORGANIZATION_ROLE ('creator');
#38200 = PERSON ('', '', $, $, $, $);
#38210 = ORGANIZATION ($, '', '');
#38220 = PERSON_AND_ORGANIZATION (#38200, #38210);
#38230 = CC_DESIGN_PERSON_AND_ORGANIZATION_ASSIGNMENT (#38220, #38190, (#37990));
#38240 = PRODUCT_DEFINITION_SHAPE ('', '', #37990);
#38250 = SHAPE_DEFINITION_REPRESENTATION (#38240, #37360);
ENDSEC;
END-ISO-10303-21;
