ISO-10303-21;
HEADER;
FILE_DESCRIPTION ((), '1');
FILE_NAME ('D:\optical\lo_optical\MIRLO_20190116.stp', '2019-01-16T10:57:48', ('Unknown'), ('Unknown'), 'HarmonyWare STEP v1.1.9', 'HarmonyWare Translators', '');
FILE_SCHEMA (('CONFIG_CONTROL_DESIGN'));
ENDSEC;

DATA;
#10 = CARTESIAN_POINT ('', (0., 0., -150.));
#20 = CARTESIAN_POINT ('', (0., 0., 0.));
#30 = B_SPLINE_CURVE_WITH_KNOTS ('', 1, (#10, #20), .UNSPECIFIED., .F., .U., (2, 2), (0., 1.), .UNSPECIFIED.);
#40 = CARTESIAN_POINT ('', (0., 0., -3.79766891029221E-20));
#50 = CARTESIAN_POINT ('', (0., 0., 50.));
#60 = B_SPLINE_CURVE_WITH_KNOTS ('', 1, (#40, #50), .UNSPECIFIED., .F., .U., (2, 2), (0., 1.), .UNSPECIFIED.);
#70 = CARTESIAN_POINT ('', (0., 0., 50.));
#80 = CARTESIAN_POINT ('', (0., 0., 758.373));
#90 = B_SPLINE_CURVE_WITH_KNOTS ('', 1, (#70, #80), .UNSPECIFIED., .F., .U., (2, 2), (0., 1.), .UNSPECIFIED.);
#100 = CARTESIAN_POINT ('', (0., 0., 758.373));
#110 = CARTESIAN_POINT ('', (0., 0., 878.373));
#120 = B_SPLINE_CURVE_WITH_KNOTS ('', 1, (#100, #110), .UNSPECIFIED., .F., .U., (2, 2), (0., 1.), .UNSPECIFIED.);
#130 = CARTESIAN_POINT ('', (0., 0., 878.373));
#140 = CARTESIAN_POINT ('', (0., 0., 1178.373));
#150 = B_SPLINE_CURVE_WITH_KNOTS ('', 1, (#130, #140), .UNSPECIFIED., .F., .U., (2, 2), (0., 1.), .UNSPECIFIED.);
#160 = CARTESIAN_POINT ('', (0., 0., -150.));
#170 = CARTESIAN_POINT ('', (0., 14.9328990693596, -0.671009306403789));
#180 = B_SPLINE_CURVE_WITH_KNOTS ('', 1, (#160, #170), .UNSPECIFIED., .F., .U., (2, 2), (0., 1.), .UNSPECIFIED.);
#190 = CARTESIAN_POINT ('', (0., 14.9328990693596, -0.671009306403782));
#200 = CARTESIAN_POINT ('', (0., 19.9271489650813, 51.1996684943637));
#210 = B_SPLINE_CURVE_WITH_KNOTS ('', 1, (#190, #200), .UNSPECIFIED., .F., .U., (2, 2), (0., 1.), .UNSPECIFIED.);
#220 = CARTESIAN_POINT ('', (0., 19.9271489650813, 51.1996684943637));
#230 = CARTESIAN_POINT ('', (0., 194.726330743006, 778.111379166563));
#240 = B_SPLINE_CURVE_WITH_KNOTS ('', 1, (#220, #230), .UNSPECIFIED., .F., .U., (2, 2), (0., 1.), .UNSPECIFIED.);
#250 = CARTESIAN_POINT ('', (0., 194.726330743006, 778.111379166563));
#260 = CARTESIAN_POINT ('', (0., 199.511567847811, 858.268471106438));
#270 = B_SPLINE_CURVE_WITH_KNOTS ('', 1, (#250, #260), .UNSPECIFIED., .F., .U., (2, 2), (0., 1.), .UNSPECIFIED.);
#280 = CARTESIAN_POINT ('', (0., 199.511567847811, 858.268471106438));
#290 = CARTESIAN_POINT ('', (0., 190.001887575253, 1178.373));
#300 = B_SPLINE_CURVE_WITH_KNOTS ('', 1, (#280, #290), .UNSPECIFIED., .F., .U., (2, 2), (0., 1.), .UNSPECIFIED.);
#310 = CARTESIAN_POINT ('', (0., 0., -150.));
#320 = CARTESIAN_POINT ('', (0., -14.9328990693596, -0.671009306403789));
#330 = B_SPLINE_CURVE_WITH_KNOTS ('', 1, (#310, #320), .UNSPECIFIED., .F., .U., (2, 2), (0., 1.), .UNSPECIFIED.);
#340 = CARTESIAN_POINT ('', (0., -14.9328990693596, -0.671009306403782));
#350 = CARTESIAN_POINT ('', (0., -19.9271489650813, 51.1996684943637));
#360 = B_SPLINE_CURVE_WITH_KNOTS ('', 1, (#340, #350), .UNSPECIFIED., .F., .U., (2, 2), (0., 1.), .UNSPECIFIED.);
#370 = CARTESIAN_POINT ('', (0., -19.9271489650813, 51.1996684943637));
#380 = CARTESIAN_POINT ('', (0., -194.726330743006, 778.111379166563));
#390 = B_SPLINE_CURVE_WITH_KNOTS ('', 1, (#370, #380), .UNSPECIFIED., .F., .U., (2, 2), (0., 1.), .UNSPECIFIED.);
#400 = CARTESIAN_POINT ('', (0., -194.726330743006, 778.111379166563));
#410 = CARTESIAN_POINT ('', (0., -199.511567847811, 858.268471106438));
#420 = B_SPLINE_CURVE_WITH_KNOTS ('', 1, (#400, #410), .UNSPECIFIED., .F., .U., (2, 2), (0., 1.), .UNSPECIFIED.);
#430 = CARTESIAN_POINT ('', (0., -199.511567847811, 858.268471106438));
#440 = CARTESIAN_POINT ('', (0., -190.001887575253, 1178.373));
#450 = B_SPLINE_CURVE_WITH_KNOTS ('', 1, (#430, #440), .UNSPECIFIED., .F., .U., (2, 2), (0., 1.), .UNSPECIFIED.);
#460 = CARTESIAN_POINT ('', (0., 0., -150.));
#470 = CARTESIAN_POINT ('', (15.0225728648904, 0., 0.225728648903868));
#480 = B_SPLINE_CURVE_WITH_KNOTS ('', 1, (#460, #470), .UNSPECIFIED., .F., .U., (2, 2), (0., 1.), .UNSPECIFIED.);
#490 = CARTESIAN_POINT ('', (15.0225728648904, 0., 0.225728648903877));
#500 = CARTESIAN_POINT ('', (17.4838714133958, 0., 49.6942207394437));
#510 = B_SPLINE_CURVE_WITH_KNOTS ('', 1, (#490, #500), .UNSPECIFIED., .F., .U., (2, 2), (0., 1.), .UNSPECIFIED.);
#520 = CARTESIAN_POINT ('', (17.4838714133958, 0., 49.6942207394437));
#530 = CARTESIAN_POINT ('', (59.5447164088224, 0., 762.921807270138));
#540 = B_SPLINE_CURVE_WITH_KNOTS ('', 1, (#520, #530), .UNSPECIFIED., .F., .U., (2, 2), (0., 1.), .UNSPECIFIED.);
#550 = CARTESIAN_POINT ('', (59.5447164088224, 0., 762.921807270138));
#560 = CARTESIAN_POINT ('', (56.9978339567817, 0., 874.207045597128));
#570 = B_SPLINE_CURVE_WITH_KNOTS ('', 1, (#550, #560), .UNSPECIFIED., .F., .U., (2, 2), (0., 1.), .UNSPECIFIED.);
#580 = CARTESIAN_POINT ('', (56.9978339567817, 0., 874.207045597128));
#590 = CARTESIAN_POINT ('', (17.1323740173453, 0., 1178.373));
#600 = B_SPLINE_CURVE_WITH_KNOTS ('', 1, (#580, #590), .UNSPECIFIED., .F., .U., (2, 2), (0., 1.), .UNSPECIFIED.);
#610 = CARTESIAN_POINT ('', (0., 0., -150.));
#620 = CARTESIAN_POINT ('', (-15.0225728648904, 0., 0.225728648903868));
#630 = B_SPLINE_CURVE_WITH_KNOTS ('', 1, (#610, #620), .UNSPECIFIED., .F., .U., (2, 2), (0., 1.), .UNSPECIFIED.);
#640 = CARTESIAN_POINT ('', (-15.0225728648904, 0., 0.225728648903877));
#650 = CARTESIAN_POINT ('', (-17.4838714133958, 0., 49.6942207394437));
#660 = B_SPLINE_CURVE_WITH_KNOTS ('', 1, (#640, #650), .UNSPECIFIED., .F., .U., (2, 2), (0., 1.), .UNSPECIFIED.);
#670 = CARTESIAN_POINT ('', (-17.4838714133958, 0., 49.6942207394437));
#680 = CARTESIAN_POINT ('', (-59.5447164088224, 0., 762.921807270138));
#690 = B_SPLINE_CURVE_WITH_KNOTS ('', 1, (#670, #680), .UNSPECIFIED., .F., .U., (2, 2), (0., 1.), .UNSPECIFIED.);
#700 = CARTESIAN_POINT ('', (-59.5447164088224, 0., 762.921807270138));
#710 = CARTESIAN_POINT ('', (-56.9978339567817, 0., 874.207045597128));
#720 = B_SPLINE_CURVE_WITH_KNOTS ('', 1, (#700, #710), .UNSPECIFIED., .F., .U., (2, 2), (0., 1.), .UNSPECIFIED.);
#730 = CARTESIAN_POINT ('', (-56.9978339567817, 0., 874.207045597128));
#740 = CARTESIAN_POINT ('', (-17.1323740173453, 0., 1178.373));
#750 = B_SPLINE_CURVE_WITH_KNOTS ('', 1, (#730, #740), .UNSPECIFIED., .F., .U., (2, 2), (0., 1.), .UNSPECIFIED.);
#760 = CARTESIAN_POINT ('', (-80., 80., 67.0325593717014));
#770 = VERTEX_POINT ('', #760);
#780 = CARTESIAN_POINT ('', (80., 80., 67.0325593717014));
#790 = VERTEX_POINT ('', #780);
#800 = CARTESIAN_POINT ('', (-80.0000000000001, 80., 67.0325593717013));
#810 = CARTESIAN_POINT ('', (-40.2365873423696, 80., 73.1851177646894));
#820 = CARTESIAN_POINT ('', (2.48075698692051E-14, 80., 73.1851177646894));
#830 = CARTESIAN_POINT ('', (40.2365873423695, 80., 73.1851177646894));
#840 = CARTESIAN_POINT ('', (80., 80., 67.0325593717014));
#850 = (
   BOUNDED_CURVE ()
   B_SPLINE_CURVE (2, (#800, #810, #820, #830, #840), .UNSPECIFIED., .F., .U.)
   B_SPLINE_CURVE_WITH_KNOTS ((3, 2, 3), (0.447297441171393, 0.5, 0.552702558828607), .UNSPECIFIED.)
   CURVE ()
   GEOMETRIC_REPRESENTATION_ITEM ()
   RATIONAL_B_SPLINE_CURVE ((0.944763338844368, 0.969127555809968, 1., 0.969127555809968, 0.944763338844368))
   REPRESENTATION_ITEM ('')
);
#860 = EDGE_CURVE ('', #770, #790, #850, .T.);
#870 = ORIENTED_EDGE ('', *, *, #860, .T.);
#880 = CARTESIAN_POINT ('', (80., 80., -17.0315106984308));
#890 = VERTEX_POINT ('', #880);
#900 = CARTESIAN_POINT ('', (80., 80., -17.0315106984308));
#910 = CARTESIAN_POINT ('', (80., 80., 67.0325593717014));
#920 = B_SPLINE_CURVE_WITH_KNOTS ('', 1, (#900, #910), .UNSPECIFIED., .F., .U., (2, 2), (0., 1.), .UNSPECIFIED.);
#930 = EDGE_CURVE ('', #890, #790, #920, .T.);
#940 = ORIENTED_EDGE ('', *, *, #930, .F.);
#950 = CARTESIAN_POINT ('', (-80., 80., -17.0315106984308));
#960 = VERTEX_POINT ('', #950);
#970 = CARTESIAN_POINT ('', (80., 80., -17.0315106984308));
#980 = CARTESIAN_POINT ('', (78.2447216172005, 80., -17.3031039528424));
#990 = CARTESIAN_POINT ('', (76.4919983405905, 80., -17.5651765817148));
#1000 = CARTESIAN_POINT ('', (74.7340468634104, 80., -17.8188923692521));
#1010 = CARTESIAN_POINT ('', (72.976210797244, 80., -18.0725915001316));
#1020 = CARTESIAN_POINT ('', (71.220755787138, 80., -18.3168349099756));
#1030 = CARTESIAN_POINT ('', (69.4604289012529, 80., -18.5526317279236));
#1040 = CARTESIAN_POINT ('', (67.7002174248766, 80., -18.7884130867002));
#1050 = CARTESIAN_POINT ('', (65.9422126711634, 80., -19.0147989994344));
#1060 = CARTESIAN_POINT ('', (64.1796928758342, 80., -19.2326550569264));
#1070 = CARTESIAN_POINT ('', (62.4172884957864, 80., -19.4504968485258));
#1080 = CARTESIAN_POINT ('', (60.6569162449923, 80., -19.6589988550131));
#1090 = CARTESIAN_POINT ('', (58.8923862539535, 80., -19.8588942168987));
#1100 = CARTESIAN_POINT ('', (57.1279716912048, 80., -20.0587765024524));
#1110 = CARTESIAN_POINT ('', (55.3654144275058, 80., -20.2493700640582));
#1120 = CARTESIAN_POINT ('', (53.59905714999, 80., -20.4312866534195));
#1130 = CARTESIAN_POINT ('', (51.8328153209702, 80., -20.6131913527758));
#1140 = CARTESIAN_POINT ('', (50.0682557471823, 80., -20.7858538027454));
#1150 = CARTESIAN_POINT ('', (48.300254268923, 80., -20.9497754032138));
#1160 = CARTESIAN_POINT ('', (46.5323682665263, 80., -21.1136862972499));
#1170 = CARTESIAN_POINT ('', (44.7659892850789, 80., -21.2683968419037));
#1180 = CARTESIAN_POINT ('', (42.9965268492934, 80., -21.4143090997787));
#1190 = CARTESIAN_POINT ('', (41.2271799238634, 80., -21.560211832514));
#1200 = CARTESIAN_POINT ('', (39.4591646177559, 80., -21.6969515522592));
#1210 = CARTESIAN_POINT ('', (37.6884246061103, 80., -21.8248419784277));
#1220 = CARTESIAN_POINT ('', (35.9178001464082, 80., -21.95272405894));
#1230 = CARTESIAN_POINT ('', (34.148331760151, 80., -22.0714759090981));
#1240 = CARTESIAN_POINT ('', (32.3764976737099, 80., -22.1813338807562));
#1250 = CARTESIAN_POINT ('', (30.6047791878659, 80., -22.2911846848995));
#1260 = CARTESIAN_POINT ('', (28.8340411084099, 80., -22.3919334963474));
#1270 = CARTESIAN_POINT ('', (27.0612965485719, 80., -22.4837502585241));
#1280 = CARTESIAN_POINT ('', (25.2886676450236, 80., -22.5755610304491));
#1290 = CARTESIAN_POINT ('', (23.5168433826781, 80., -22.658293510075));
#1300 = CARTESIAN_POINT ('', (21.7433720320996, 80., -22.7320621769582));
#1310 = CARTESIAN_POINT ('', (19.9700164005179, 80., -22.8058260304362));
#1320 = CARTESIAN_POINT ('', (18.1972895698602, 80., -22.8705307614059));
#1330 = CARTESIAN_POINT ('', (16.4232751733699, 80., -22.9262463174719));
#1340 = CARTESIAN_POINT ('', (14.6493765655755, 80., -22.981958237022));
#1350 = CARTESIAN_POINT ('', (12.8759308663528, 80., -23.0286256788582));
#1360 = CARTESIAN_POINT ('', (11.1015572118575, 80., -23.0662849798039));
#1370 = CARTESIAN_POINT ('', (9.32729942272994, 80., -23.1039418216233));
#1380 = CARTESIAN_POINT ('', (7.55331862075687, 80., -23.1325643100942));
#1390 = CARTESIAN_POINT ('', (5.77876952014224, 80., -23.1521660835733));
#1400 = CARTESIAN_POINT ('', (4.0043363685221, 80., -23.1717665762729));
#1410 = CARTESIAN_POINT ('', (2.23000427657487, 80., -23.1823383230907));
#1420 = CARTESIAN_POINT ('', (0.455463546601902, 80., -23.1838831692537));
#1430 = CARTESIAN_POINT ('', (0.221570993551052, 80., -23.1840867870163));
#1440 = CARTESIAN_POINT ('', (-0.0123215038990167, 80., -23.1841335601166));
#1450 = CARTESIAN_POINT ('', (-0.246214119680484, 80., -23.1840234885893));
#1460 = CARTESIAN_POINT ('', (-4.25214913304892, 80., -23.1821382671022));
#1470 = CARTESIAN_POINT ('', (-8.25916016866857, 80., -23.1342245038984));
#1480 = CARTESIAN_POINT ('', (-12.2639948761244, 80., -23.0403210889003));
#1490 = CARTESIAN_POINT ('', (-14.9312702072637, 80., -22.9777801151448));
#1500 = CARTESIAN_POINT ('', (-17.599767457078, 80., -22.8947786214965));
#1510 = CARTESIAN_POINT ('', (-20.2657735639643, 80., -22.7914320997961));
#1520 = CARTESIAN_POINT ('', (-22.9313855620962, 80., -22.6881008555433));
#1530 = CARTESIAN_POINT ('', (-25.5988167549897, 80., -22.5642542314932));
#1540 = CARTESIAN_POINT ('', (-28.2625356529461, 80., -22.4201490501371));
#1550 = CARTESIAN_POINT ('', (-30.9258610015949, 80., -22.2760651595015));
#1560 = CARTESIAN_POINT ('', (-33.5916020544455, 80., -22.1113879131517));
#1570 = CARTESIAN_POINT ('', (-36.2524111173911, 80., -21.9265712179034));
#1580 = CARTESIAN_POINT ('', (-38.9128271355565, 80., -21.7417818230872));
#1590 = CARTESIAN_POINT ('', (-41.5762544251796, 80., -21.5362979540201));
#1600 = CARTESIAN_POINT ('', (-44.2335318076165, 80., -21.3108263971947));
#1610 = CARTESIAN_POINT ('', (-46.8904165947543, 80., -21.0853881523126));
#1620 = CARTESIAN_POINT ('', (-49.5509071027127, 80., -20.839131133188));
#1630 = CARTESIAN_POINT ('', (-52.2040318845904, 80., -20.5730708652669));
#1640 = CARTESIAN_POINT ('', (-53.9721822333498, 80., -20.3957574728742));
#1650 = CARTESIAN_POINT ('', (-55.7421525851754, 80., -20.2091437835051));
#1660 = CARTESIAN_POINT ('', (-57.5084033917905, 80., -20.0138138496213));
#1670 = CARTESIAN_POINT ('', (-59.2745382083316, 80., -19.8184967430967));
#1680 = CARTESIAN_POINT ('', (-61.042668371952, 80., -19.6138307186364));
#1690 = CARTESIAN_POINT ('', (-62.8067202405396, 80., -19.4005188173459));
#1700 = CARTESIAN_POINT ('', (-64.5706561710914, 80., -19.1872209354634));
#1710 = CARTESIAN_POINT ('', (-66.3367625005005, 80., -18.9645209087103));
#1720 = CARTESIAN_POINT ('', (-68.0984323259082, 80., -18.733251845161));
#1730 = CARTESIAN_POINT ('', (-69.8599862580043, 80., -18.5019979958915));
#1740 = CARTESIAN_POINT ('', (-71.6238853252411, 80., -18.2612841575345));
#1750 = CARTESIAN_POINT ('', (-73.3829902626259, 80., -18.0120846034549));
#1760 = CARTESIAN_POINT ('', (-75.1419793440798, 80., -17.7629014618391));
#1770 = CARTESIAN_POINT ('', (-76.9034879581685, 80., -17.5041958571892));
#1780 = CARTESIAN_POINT ('', (-78.6598454419492, 80., -17.2370943485687));
#1790 = CARTESIAN_POINT ('', (-79.1065661874459, 80., -17.1691584151633));
#1800 = CARTESIAN_POINT ('', (-79.5534568103716, 80., -17.1006040794551));
#1810 = CARTESIAN_POINT ('', (-80., 80., -17.0315106984308));
#1820 = B_SPLINE_CURVE_WITH_KNOTS ('', 3, (#970, #980, #990, #1000, #1010, #1020, #1030, #1040, #1050, #1060, #1070, #1080, #1090, #1100, #1110, #1120, #1130, #1140, #1150, #1160, #1170, #1180, #1190, #1200, #1210, #1220, #1230, #1240, #1250, #1260, #1270, #1280, #1290, #1300, #1310, #1320, #1330, #1340, #1350, #1360, #1370, #1380, #1390, #1400, #1410, #1420, #1430, #1440, #1450, #1460, #1470, #1480, #1490, #1500, #1510, #1520, #1530, #1540, #1550, #1560, #1570, #1580, #1590, #1600, #1610, #1620, #1630, #1640, #1650, #1660, #1670, #1680, #1690, #1700, #1710, #1720, #1730, #1740, #1750, #1760, #1770, #1780, #1790, #1800, #1810), .UNSPECIFIED., .F., .U., (4, 3, 3, 3, 3, 3, 3, 3, 3, 3, 3, 3, 3, 3, 3, 3, 3, 3, 3, 3, 3, 3, 3, 3, 3, 3, 3, 3, 4), (0., 5.32849752488321, 10.6566452293598, 15.9844436129719, 21.3118931157649, 26.6389941187364, 31.965746944243, 37.2921518563659, 42.6182090612347, 47.9439187073104, 53.2692808856293, 58.5942956300057, 63.9189629171969, 69.2432826670271, 74.5672547424743, 79.8908789497173, 80.5925568747624, 92.6103632456656, 100.614388582302, 108.617230704675, 116.618890452668, 124.61936822536, 132.618663979951, 137.94972027814, 143.280426484703, 148.610782343515, 153.940787539231, 159.270441696928, 160.626012587566), .UNSPECIFIED.);
#1830 = EDGE_CURVE ('', #890, #960, #1820, .T.);
#1840 = ORIENTED_EDGE ('', *, *, #1830, .T.);
#1850 = CARTESIAN_POINT ('', (-80., 80., -17.0315106984308));
#1860 = CARTESIAN_POINT ('', (-80., 80., 67.0325593717014));
#1870 = B_SPLINE_CURVE_WITH_KNOTS ('', 1, (#1850, #1860), .UNSPECIFIED., .F., .U., (2, 2), (0., 1.), .UNSPECIFIED.);
#1880 = EDGE_CURVE ('', #960, #770, #1870, .T.);
#1890 = ORIENTED_EDGE ('', *, *, #1880, .T.);
#1900 = EDGE_LOOP ('', (#870, #940, #1840, #1890));
#1910 = FACE_OUTER_BOUND ('', #1900, .T.);
#1920 = CARTESIAN_POINT ('', (-80., 80., -23.1841335601166));
#1930 = CARTESIAN_POINT ('', (80., 80., -23.1841335601166));
#1940 = CARTESIAN_POINT ('', (-80., 80., 73.1851177646894));
#1950 = CARTESIAN_POINT ('', (80., 80., 73.1851177646894));
#1960 = B_SPLINE_SURFACE_WITH_KNOTS ('', 1, 1, ((#1920, #1930), (#1940, #1950)), .UNSPECIFIED., .F., .F., .U., (2, 2), (2, 2), (0.449331143531663, 0.550669891425626), (0., 1.), .UNSPECIFIED.);
#1970 = ADVANCED_FACE ('', (#1910), #1960, .T.);
#1980 = CARTESIAN_POINT ('', (-80., -80., 67.0335329727452));
#1990 = VERTEX_POINT ('', #1980);
#2000 = CARTESIAN_POINT ('', (80., -80., 67.0335329727451));
#2010 = VERTEX_POINT ('', #2000);
#2020 = CARTESIAN_POINT ('', (-80.0000000000001, -80., 67.0335329727451));
#2030 = CARTESIAN_POINT ('', (-40.236586461836, -80., 73.1860799163895));
#2040 = CARTESIAN_POINT ('', (2.48075109544051E-14, -80., 73.1860799163895));
#2050 = CARTESIAN_POINT ('', (40.2365864618359, -80., 73.1860799163895));
#2060 = CARTESIAN_POINT ('', (80., -80., 67.0335329727451));
#2070 = (
   BOUNDED_CURVE ()
   B_SPLINE_CURVE (2, (#2020, #2030, #2040, #2050, #2060), .UNSPECIFIED., .F., .U.)
   B_SPLINE_CURVE_WITH_KNOTS ((3, 2, 3), (0.447297536218196, 0.5, 0.552702463781804), .UNSPECIFIED.)
   CURVE ()
   GEOMETRIC_REPRESENTATION_ITEM ()
   RATIONAL_B_SPLINE_CURVE ((0.944763426724028, 0.969127611487096, 1., 0.969127611487096, 0.944763426724029))
   REPRESENTATION_ITEM ('')
);
#2080 = EDGE_CURVE ('', #1990, #2010, #2070, .T.);
#2090 = ORIENTED_EDGE ('', *, *, #2080, .F.);
#2100 = CARTESIAN_POINT ('', (-80., -80., -17.0333526929114));
#2110 = VERTEX_POINT ('', #2100);
#2120 = CARTESIAN_POINT ('', (-80., -80., -17.0333526929114));
#2130 = CARTESIAN_POINT ('', (-80., -80., 67.0335329727452));
#2140 = B_SPLINE_CURVE_WITH_KNOTS ('', 1, (#2120, #2130), .UNSPECIFIED., .F., .U., (2, 2), (0., 1.), .UNSPECIFIED.);
#2150 = EDGE_CURVE ('', #2110, #1990, #2140, .T.);
#2160 = ORIENTED_EDGE ('', *, *, #2150, .F.);
#2170 = CARTESIAN_POINT ('', (80., -80., -17.0333526929113));
#2180 = VERTEX_POINT ('', #2170);
#2190 = CARTESIAN_POINT ('', (-80., -80., -17.0333526929114));
#2200 = CARTESIAN_POINT ('', (-78.2447214765261, -80., -17.3049450015053));
#2210 = CARTESIAN_POINT ('', (-76.4919980414699, -80., -17.567016721094));
#2220 = CARTESIAN_POINT ('', (-74.7340464422269, -80., -17.8207316236416));
#2230 = CARTESIAN_POINT ('', (-72.9762102531949, -80., -18.0744298697065));
#2240 = CARTESIAN_POINT ('', (-71.2207551036475, -80., -18.3186724305871));
#2250 = CARTESIAN_POINT ('', (-69.4604281122518, -80., -18.554468424808));
#2260 = CARTESIAN_POINT ('', (-67.7002165295626, -80., -18.7902489600199));
#2270 = CARTESIAN_POINT ('', (-65.9422116541609, -80., -19.0166340844067));
#2280 = CARTESIAN_POINT ('', (-64.1796917686143, -80., -19.2344893796618));
#2290 = CARTESIAN_POINT ('', (-62.4172872975472, -80., -19.452330409174));
#2300 = CARTESIAN_POINT ('', (-60.6569149415621, -80., -19.6608316882064));
#2310 = CARTESIAN_POINT ('', (-58.8923848743372, -80., -19.8607263495536));
#2320 = CARTESIAN_POINT ('', (-57.1279702346007, -80., -20.0606079347061));
#2330 = CARTESIAN_POINT ('', (-55.3654128809491, -80., -20.2512008300062));
#2340 = CARTESIAN_POINT ('', (-53.5990555400136, -80., -20.4331167807166));
#2350 = CARTESIAN_POINT ('', (-51.8328136467726, -80., -20.6150208415468));
#2360 = CARTESIAN_POINT ('', (-50.0682539970087, -80., -20.7876826865976));
#2370 = CARTESIAN_POINT ('', (-48.3002524668289, -80., -20.9516037104724));
#2380 = CARTESIAN_POINT ('', (-46.5323664117101, -80., -21.1155140280271));
#2390 = CARTESIAN_POINT ('', (-44.7659873669987, -80., -21.2702240293668));
#2400 = CARTESIAN_POINT ('', (-42.9965248895224, -80., -21.4161357728557));
#2410 = CARTESIAN_POINT ('', (-41.2271779216, -80., -21.5620379913049));
#2420 = CARTESIAN_POINT ('', (-39.4591625636732, -80., -21.6987772295391));
#2430 = CARTESIAN_POINT ('', (-37.6884225192952, -80., -21.8266672036602));
#2440 = CARTESIAN_POINT ('', (-35.9177980260588, -80., -21.9545488322126));
#2450 = CARTESIAN_POINT ('', (-34.1483295981576, -80., -22.0733002628415));
#2460 = CARTESIAN_POINT ('', (-32.3764954866694, -80., -22.1831578449023));
#2470 = CARTESIAN_POINT ('', (-30.6047769749762, -80., -22.2930082595235));
#2480 = CARTESIAN_POINT ('', (-28.83403886278, -80., -22.3937567135832));
#2490 = CARTESIAN_POINT ('', (-27.0612942843056, -80., -22.4855731487049));
#2500 = CARTESIAN_POINT ('', (-25.2886653613186, -80., -22.5773835936378));
#2510 = CARTESIAN_POINT ('', (-23.5168410738636, -80., -22.6601157781561));
#2520 = CARTESIAN_POINT ('', (-21.7433697097841, -80., -22.7338841805992));
#2530 = CARTESIAN_POINT ('', (-19.9700140638984, -80., -22.8076477696879));
#2540 = CARTESIAN_POINT ('', (-18.1972872144871, -80., -22.8723522679506));
#2550 = CARTESIAN_POINT ('', (-16.4232728083545, -80., -22.9280676222446));
#2560 = CARTESIAN_POINT ('', (-14.6493741901145, -80., -22.9837793400612));
#2570 = CARTESIAN_POINT ('', (-12.8759284772183, -80., -23.0304466116913));
#2580 = CARTESIAN_POINT ('', (-11.1015548156625, -80., -23.0681057735668));
#2590 = CARTESIAN_POINT ('', (-9.32729701867023, -80., -23.1057624763422));
#2600 = CARTESIAN_POINT ('', (-7.55331620682715, -80., -23.1343848571891));
#2610 = CARTESIAN_POINT ('', (-5.77876710045631, -80., -23.1539865543138));
#2620 = CARTESIAN_POINT ('', (-4.00433394227501, -80., -23.173586970673));
#2630 = CARTESIAN_POINT ('', (-2.23000184298375, -80., -23.1841586725098));
#2640 = CARTESIAN_POINT ('', (-0.455461107281363, -80., -23.1857035050291));
#2650 = CARTESIAN_POINT ('', (-0.221568553987021, -80., -23.185907120993));
#2660 = CARTESIAN_POINT ('', (0.0123239437082676, -80., -23.1859538928399));
#2670 = CARTESIAN_POINT ('', (0.246216559731327, -80., -23.1858438206047));
#2680 = CARTESIAN_POINT ('', (4.25215154150981, -80., -23.1839585870087));
#2690 = CARTESIAN_POINT ('', (8.25916253843678, -80., -23.1360449726901));
#2700 = CARTESIAN_POINT ('', (12.2639972215567, -80., -23.0421418671942));
#2710 = CARTESIAN_POINT ('', (14.9312725473947, -80., -22.9796010993157));
#2720 = CARTESIAN_POINT ('', (17.5997697835685, -80., -22.8965998832363));
#2730 = CARTESIAN_POINT ('', (20.2657758938147, -80., -22.7932537096229));
#2740 = CARTESIAN_POINT ('', (22.9313878980518, -80., -22.6899228132993));
#2750 = CARTESIAN_POINT ('', (25.5988190845525, -80., -22.5660766094371));
#2760 = CARTESIAN_POINT ('', (28.2625380016199, -80., -22.4219719178927));
#2770 = CARTESIAN_POINT ('', (30.925863372119, -80., -22.277888516848));
#2780 = CARTESIAN_POINT ('', (33.591604430174, -80., -22.1132118331567));
#2790 = CARTESIAN_POINT ('', (36.2524135323107, -80., -21.9283957689549));
#2800 = CARTESIAN_POINT ('', (38.9128295924016, -80., -21.7436070049017));
#2810 = CARTESIAN_POINT ('', (41.5762569031695, -80., -21.5381238407162));
#2820 = CARTESIAN_POINT ('', (44.233534349196, -80., -21.3126530555833));
#2830 = CARTESIAN_POINT ('', (46.8904192026535, -80., -21.0872155820471));
#2840 = CARTESIAN_POINT ('', (49.5509097520317, -80., -20.8409594096815));
#2850 = CARTESIAN_POINT ('', (52.2040346262032, -80., -20.5749000534108));
#2860 = CARTESIAN_POINT ('', (53.9721850374188, -80., -20.397587268484));
#2870 = CARTESIAN_POINT ('', (55.7421554391323, -80., -20.2109742206256));
#2880 = CARTESIAN_POINT ('', (57.5084063213274, -80., -20.0156449562393));
#2890 = CARTESIAN_POINT ('', (59.2745412142544, -80., -19.8203285190785));
#2900 = CARTESIAN_POINT ('', (61.0426714404819, -80., -19.6156631985342));
#2910 = CARTESIAN_POINT ('', (62.8067233998474, -80., -19.4023520284131));
#2920 = CARTESIAN_POINT ('', (64.5706594219828, -80., -19.1890548775538));
#2930 = CARTESIAN_POINT ('', (66.3367658279901, -80., -18.9663556169317));
#2940 = CARTESIAN_POINT ('', (68.0984357606381, -80., -18.7350873459657));
#2950 = CARTESIAN_POINT ('', (69.85998980078, -80., -18.5038342891208));
#2960 = CARTESIAN_POINT ('', (71.6238889598751, -80., -18.2631212789008));
#2970 = CARTESIAN_POINT ('', (73.3829940222234, -80., -18.0139225785411));
#2980 = CARTESIAN_POINT ('', (75.1419832294462, -80., -17.7647402904739));
#2990 = CARTESIAN_POINT ('', (76.903491951919, -80., -17.5060355757384));
#3000 = CARTESIAN_POINT ('', (78.6598495796433, -80., -17.2389349816778));
#3010 = CARTESIAN_POINT ('', (79.1065689458744, -80., -17.1709994962077));
#3020 = CARTESIAN_POINT ('', (79.5534581872815, -80., -17.1024456147343));
#3030 = CARTESIAN_POINT ('', (80., -80., -17.0333526929113));
#3040 = B_SPLINE_CURVE_WITH_KNOTS ('', 3, (#2190, #2200, #2210, #2220, #2230, #2240, #2250, #2260, #2270, #2280, #2290, #2300, #2310, #2320, #2330, #2340, #2350, #2360, #2370, #2380, #2390, #2400, #2410, #2420, #2430, #2440, #2450, #2460, #2470, #2480, #2490, #2500, #2510, #2520, #2530, #2540, #2550, #2560, #2570, #2580, #2590, #2600, #2610, #2620, #2630, #2640, #2650, #2660, #2670, #2680, #2690, #2700, #2710, #2720, #2730, #2740, #2750, #2760, #2770, #2780, #2790, #2800, #2810, #2820, #2830, #2840, #2850, #2860, #2870, #2880, #2890, #2900, #2910, #2920, #2930, #2940, #2950, #2960, #2970, #2980, #2990, #3000, #3010, #3020, #3030), .UNSPECIFIED., .F., .U., (4, 3, 3, 3, 3, 3, 3, 3, 3, 3, 3, 3, 3, 3, 3, 3, 3, 3, 3, 3, 3, 3, 3, 3, 3, 3, 3, 3, 4), (0., 5.32849750806945, 10.6566451981905, 15.9844435698973, 21.3118930632276, 26.6389940591724, 31.9657468800826, 37.2921517900346, 42.6182089951537, 47.9439186438979, 53.2692808273009, 58.5942955791754, 63.9189628762776, 69.2432826384317, 74.5672547286164, 79.8908789530121, 80.5925568787829, 92.6103631549333, 100.614388461193, 108.617230561435, 116.61889029554, 124.619368062586, 132.618663819779, 137.949720122561, 143.280426336165, 148.610782204469, 153.940787412137, 159.270441584249, 160.626008182085), .UNSPECIFIED.);
#3050 = EDGE_CURVE ('', #2110, #2180, #3040, .T.);
#3060 = ORIENTED_EDGE ('', *, *, #3050, .T.);
#3070 = CARTESIAN_POINT ('', (80., -80., -17.0333526929113));
#3080 = CARTESIAN_POINT ('', (80., -80., 67.0335329727451));
#3090 = B_SPLINE_CURVE_WITH_KNOTS ('', 1, (#3070, #3080), .UNSPECIFIED., .F., .U., (2, 2), (0., 1.), .UNSPECIFIED.);
#3100 = EDGE_CURVE ('', #2180, #2010, #3090, .T.);
#3110 = ORIENTED_EDGE ('', *, *, #3100, .T.);
#3120 = EDGE_LOOP ('', (#2090, #2160, #3060, #3110));
#3130 = FACE_OUTER_BOUND ('', #3120, .T.);
#3140 = CARTESIAN_POINT ('', (80., -80., -23.1859538928399));
#3150 = CARTESIAN_POINT ('', (-80., -80., -23.1859538928399));
#3160 = CARTESIAN_POINT ('', (80., -80., 73.1860799163895));
#3170 = CARTESIAN_POINT ('', (-80., -80., 73.1860799163895));
#3180 = B_SPLINE_SURFACE_WITH_KNOTS ('', 1, 1, ((#3140, #3150), (#3160, #3170)), .UNSPECIFIED., .F., .F., .U., (2, 2), (2, 2), (0.449329229329401, 0.550670903192836), (0., 1.), .UNSPECIFIED.);
#3190 = ADVANCED_FACE ('', (#3130), #3180, .T.);
#3200 = CARTESIAN_POINT ('', (-80., 80., 67.0325593717014));
#3210 = CARTESIAN_POINT ('', (-80., 79.717063164918, 66.8224948341243));
#3220 = CARTESIAN_POINT ('', (-80., 79.4364583722131, 66.6168163140702));
#3230 = CARTESIAN_POINT ('', (-80., 79.151026828044, 66.4101542803366));
#3240 = CARTESIAN_POINT ('', (-80., 78.8657339807967, 66.2035926678372));
#3250 = CARTESIAN_POINT ('', (-80., 78.5826027727505, 66.0010155859875));
#3260 = CARTESIAN_POINT ('', (-80., 78.2950013586738, 65.7976805544018));
#3270 = CARTESIAN_POINT ('', (-80., 78.007415478773, 65.5943565055235));
#3280 = CARTESIAN_POINT ('', (-80., 77.7219609681492, 65.3949423905936));
#3290 = CARTESIAN_POINT ('', (-80., 77.432101172619, 65.1948733872327));
#3300 = CARTESIAN_POINT ('', (-80., 77.1422571368792, 64.9948152617017));
#3310 = CARTESIAN_POINT ('', (-80., 76.8545129066413, 64.7985927917278));
#3320 = CARTESIAN_POINT ('', (-80., 76.5624308297702, 64.6018165761539));
#3330 = CARTESIAN_POINT ('', (-80., 76.270364723429, 64.4050511199544));
#3340 = CARTESIAN_POINT ('', (-80., 75.9803656216092, 64.2120474381214));
#3350 = CARTESIAN_POINT ('', (-80., 75.6860985145996, 64.0185891093812));
#3360 = CARTESIAN_POINT ('', (-80., 75.3918773857854, 63.8251610078211));
#3370 = CARTESIAN_POINT ('', (-80., 75.0996153466483, 63.6354106872831));
#3380 = CARTESIAN_POINT ('', (-80., 74.8033076808543, 63.4451943096875));
#3390 = CARTESIAN_POINT ('', (-80., 74.5070957399975, 63.2550393832553));
#3400 = CARTESIAN_POINT ('', (-80., 74.2127484929946, 63.068257496694));
#3410 = CARTESIAN_POINT ('', (-80., 73.9145544779824, 62.8812261106555));
#3420 = CARTESIAN_POINT ('', (-80., 73.6163732921818, 62.6942027712749));
#3430 = CARTESIAN_POINT ('', (-80., 73.3200283635848, 62.5104948207652));
#3440 = CARTESIAN_POINT ('', (-80., 73.0198968619652, 62.3266176041939));
#3450 = CARTESIAN_POINT ('', (-80., 72.7197783608023, 62.1427483524239));
#3460 = CARTESIAN_POINT ('', (-80., 72.4214667299974, 61.9621371088169));
#3470 = CARTESIAN_POINT ('', (-80., 72.1194305778432, 61.7814352015812));
#3480 = CARTESIAN_POINT ('', (-80., 71.8174078308508, 61.600741314373));
#3490 = CARTESIAN_POINT ('', (-80., 71.5171556794921, 61.4232575777074));
#3500 = CARTESIAN_POINT ('', (-80., 71.2132548076762, 61.2457405906758));
#3510 = CARTESIAN_POINT ('', (-80., 70.9094561593159, 61.0682833152197));
#3520 = CARTESIAN_POINT ('', (-80., 70.6072970438659, 60.8937781114171));
#3530 = CARTESIAN_POINT ('', (-80., 70.301760855933, 60.7193294335164));
#3540 = CARTESIAN_POINT ('', (-80., 69.9962354102793, 60.5448868890181));
#3550 = CARTESIAN_POINT ('', (-80., 69.692323494755, 60.3733506258177));
#3560 = CARTESIAN_POINT ('', (-80., 69.3850891579804, 60.2019357443761));
#3570 = CARTESIAN_POINT ('', (-80., 69.0778657026771, 60.0305269340207));
#3580 = CARTESIAN_POINT ('', (-80., 68.7722290318349, 59.861978820699));
#3590 = CARTESIAN_POINT ('', (-80., 68.4633260486287, 59.6936155862257));
#3600 = CARTESIAN_POINT ('', (-80., 68.1544340773057, 59.5252583536248));
#3610 = CARTESIAN_POINT ('', (-80., 67.8471014374007, 59.3597164796663));
#3620 = CARTESIAN_POINT ('', (-80., 67.5365599798426, 59.1944215588293));
#3630 = CARTESIAN_POINT ('', (-80., 67.3297267355857, 59.0843284169837));
#3640 = CARTESIAN_POINT ('', (-80., 67.123555667059, 58.9754665935157));
#3650 = CARTESIAN_POINT ('', (-80., 66.9160218582663, 58.8666998292018));
#3660 = CARTESIAN_POINT ('', (-80., 66.4482171197741, 58.6215272087379));
#3670 = CARTESIAN_POINT ('', (-80., 65.9836326208737, 58.3821916695933));
#3680 = CARTESIAN_POINT ('', (-80., 65.512424604486, 58.1436253423951));
#3690 = CARTESIAN_POINT ('', (-80., 65.0412484990572, 57.9050751712893));
#3700 = CARTESIAN_POINT ('', (-80., 64.5732081475023, 57.6722365611151));
#3710 = CARTESIAN_POINT ('', (-80., 64.0987205693664, 57.4403429547861));
#3720 = CARTESIAN_POINT ('', (-80., 63.7827723820168, 57.2859314001876));
#3730 = CARTESIAN_POINT ('', (-80., 63.4681723499372, 57.1340292463647));
#3740 = CARTESIAN_POINT ('', (-80., 63.1508009694241, 56.9825644249896));
#3750 = CARTESIAN_POINT ('', (-80., 62.6744310959422, 56.7552179084928));
#3760 = CARTESIAN_POINT ('', (-80., 62.2008354985486, 56.5329749618289));
#3770 = CARTESIAN_POINT ('', (-80., 61.7215394355972, 56.3118641774613));
#3780 = CARTESIAN_POINT ('', (-80., 61.2422688533938, 56.0907651479747));
#3790 = CARTESIAN_POINT ('', (-80., 60.765699950968, 55.8746754040698));
#3800 = CARTESIAN_POINT ('', (-80., 60.2835815108229, 55.6598571518714));
#3810 = CARTESIAN_POINT ('', (-80., 59.8014889992408, 55.4450504527026));
#3820 = CARTESIAN_POINT ('', (-80., 59.3220233444771, 55.235159438281));
#3830 = CARTESIAN_POINT ('', (-80., 58.8371634780085, 55.0266743845736));
#3840 = CARTESIAN_POINT ('', (-80., 58.3523299479295, 54.8182006552591));
#3850 = CARTESIAN_POINT ('', (-80., 57.8700463946719, 54.6145498449791));
#3860 = CARTESIAN_POINT ('', (-80., 57.3825280102034, 54.4124343519847));
#3870 = CARTESIAN_POINT ('', (-80., 56.8950363283137, 54.210329929352));
#3880 = CARTESIAN_POINT ('', (-80., 56.4100158638891, 54.0129566404779));
#3890 = CARTESIAN_POINT ('', (-80., 55.9199236434911, 53.8172426832222));
#3900 = CARTESIAN_POINT ('', (-80., 55.702434112404, 53.7303901786953));
#3910 = CARTESIAN_POINT ('', (-80., 55.4854206840652, 53.6444577149412));
#3920 = CARTESIAN_POINT ('', (-80., 55.2674304592895, 53.5588696574955));
#3930 = CARTESIAN_POINT ('', (-80., 54.7764599413396, 53.3661031564395));
#3940 = CARTESIAN_POINT ('', (-80., 54.2876463250422, 53.1775478128744));
#3950 = CARTESIAN_POINT ('', (-80., 53.7944077328886, 52.9906610433166));
#3960 = CARTESIAN_POINT ('', (-80., 53.3011911159324, 52.8037826001017));
#3970 = CARTESIAN_POINT ('', (-80., 52.8100668224021, 52.6210455509342));
#3980 = CARTESIAN_POINT ('', (-80., 52.3146510359438, 52.4400776468512));
#3990 = CARTESIAN_POINT ('', (-80., 51.8192556895516, 52.2591172092157));
#4000 = CARTESIAN_POINT ('', (-80., 51.3258874651785, 52.0822347491194));
#4010 = CARTESIAN_POINT ('', (-80., 50.8283623597195, 51.9072147541065));
#4020 = CARTESIAN_POINT ('', (-80., 50.3308579730858, 51.7322020475875));
#4030 = CARTESIAN_POINT ('', (-80., 49.8353141549474, 51.5612045541822));
#4040 = CARTESIAN_POINT ('', (-80., 49.3357507420417, 51.3921588247216));
#4050 = CARTESIAN_POINT ('', (-80., 48.8362082975623, 51.2231201907024));
#4060 = CARTESIAN_POINT ('', (-80., 48.3385586433645, 51.0580347430188));
#4070 = CARTESIAN_POINT ('', (-80., 47.8370290970829, 50.894986198609));
#4080 = CARTESIAN_POINT ('', (-80., 47.5029203546242, 50.7863665877877));
#4090 = CARTESIAN_POINT ('', (-80., 47.1696034745906, 50.6795025222141));
#4100 = CARTESIAN_POINT ('', (-80., 46.8346631256245, 50.5734750056119));
#4110 = CARTESIAN_POINT ('', (-80., 46.3320684699785, 50.4143754424801));
#4120 = CARTESIAN_POINT ('', (-80., 45.8311376534863, 50.2588735401388));
#4130 = CARTESIAN_POINT ('', (-80., 45.3267973263901, 50.1053975050808));
#4140 = CARTESIAN_POINT ('', (-80., 44.8224740343457, 49.9519266539673));
#4150 = CARTESIAN_POINT ('', (-80., 44.3197563779059, 49.8020084071972));
#4160 = CARTESIAN_POINT ('', (-80., 43.8137489915887, 49.6541848298073));
#4170 = CARTESIAN_POINT ('', (-80., 43.3077588482493, 49.5063662897325));
#4180 = CARTESIAN_POINT ('', (-80., 42.8033151582587, 49.3620558283678));
#4190 = CARTESIAN_POINT ('', (-80., 42.2957034613279, 49.2199055167765));
#4200 = CARTESIAN_POINT ('', (-80., 41.7881091932141, 49.0777600859077));
#4210 = CARTESIAN_POINT ('', (-80., 41.2820013155154, 48.9390787944879));
#4220 = CARTESIAN_POINT ('', (-80., 40.7728488974209, 48.8026197175185));
#4230 = CARTESIAN_POINT ('', (-80., 40.2637140825963, 48.6661653584407));
#4240 = CARTESIAN_POINT ('', (-80., 39.7560040423916, 48.5331348097853));
#4250 = CARTESIAN_POINT ('', (-80., 39.2453760141449, 48.4023790506517));
#4260 = CARTESIAN_POINT ('', (-80., 38.7348804561703, 48.2716572129834));
#4270 = CARTESIAN_POINT ('', (-80., 38.2256779877566, 48.1441323497369));
#4280 = CARTESIAN_POINT ('', (-80., 37.7138276374343, 48.0188202097423));
#4290 = CARTESIAN_POINT ('', (-80., 37.2019921325159, 47.8935117042266));
#4300 = CARTESIAN_POINT ('', (-80., 36.6913962083151, 47.7713681330657));
#4310 = CARTESIAN_POINT ('', (-80., 36.1782622515137, 47.6514875757309));
#4320 = CARTESIAN_POINT ('', (-80., 35.6651432916672, 47.5316105220492));
#4330 = CARTESIAN_POINT ('', (-80., 35.1532097052681, 47.4148668390125));
#4340 = CARTESIAN_POINT ('', (-80., 34.6388493243414, 47.3004335681243));
#4350 = CARTESIAN_POINT ('', (-80., 34.1245040739809, 47.1860036634366));
#4360 = CARTESIAN_POINT ('', (-80., 33.6112893719096, 47.0746760784543));
#4370 = CARTESIAN_POINT ('', (-80., 33.0957603390075, 46.9657033484241));
#4380 = CARTESIAN_POINT ('', (-80., 32.5802465519774, 46.8567338410724));
#4390 = CARTESIAN_POINT ('', (-80., 32.0658079523947, 46.7508361491419));
#4400 = CARTESIAN_POINT ('', (-80., 31.5491685448439, 46.6473347447264));
#4410 = CARTESIAN_POINT ('', (-80., 31.2048992109139, 46.578365248714));
#4420 = CARTESIAN_POINT ('', (-80., 30.861073433132, 46.510740228936));
#4430 = CARTESIAN_POINT ('', (-80., 30.516339723024, 46.4441306592037));
#4440 = CARTESIAN_POINT ('', (-80., 29.7401611894989, 46.294157167672));
#4450 = CARTESIAN_POINT ('', (-80., 28.9660795050096, 46.1506954397185));
#4460 = CARTESIAN_POINT ('', (-80., 28.1877057661671, 46.0125669243872));
#4470 = CARTESIAN_POINT ('', (-80., 27.4093776220603, 45.8744465001988));
#4480 = CARTESIAN_POINT ('', (-80., 26.6329749708167, 45.7427647362057));
#4490 = CARTESIAN_POINT ('', (-80., 25.8526313283722, 45.6165278510129));
#4500 = CARTESIAN_POINT ('', (-80., 25.0723337409891, 45.4902984161884));
#4510 = CARTESIAN_POINT ('', (-80., 24.2937882595425, 45.3704369433389));
#4520 = CARTESIAN_POINT ('', (-80., 23.5116568800113, 45.256118527305));
#4530 = CARTESIAN_POINT ('', (-80., 23.1643091310438, 45.2053492505389));
#4540 = CARTESIAN_POINT ('', (-80., 22.8172752872363, 45.1558179558272));
#4550 = CARTESIAN_POINT ('', (-80., 22.4695991653112, 45.1073484559402));
#4560 = CARTESIAN_POINT ('', (-80., 21.6869655631672, 44.9982415691034));
#4570 = CARTESIAN_POINT ('', (-80., 20.9057919080308, 44.8952180733263));
#4580 = CARTESIAN_POINT ('', (-80., 20.1216305153064, 44.7976958803617));
#4590 = CARTESIAN_POINT ('', (-80., 19.3375114512904, 44.7001789516048));
#4600 = CARTESIAN_POINT ('', (-80., 18.554688995708, 44.608698035394));
#4610 = CARTESIAN_POINT ('', (-80., 17.769213070421, 44.5227921057842));
#4620 = CARTESIAN_POINT ('', (-80., 16.983779773575, 44.4368908383616));
#4630 = CARTESIAN_POINT ('', (-80., 16.1994784740959, 44.3569804598732));
#4640 = CARTESIAN_POINT ('', (-80., 15.412860499296, 44.282706283601));
#4650 = CARTESIAN_POINT ('', (-80., 14.888664669031, 44.2332105757154));
#4660 = CARTESIAN_POINT ('', (-80., 14.3649035431926, 44.1863261111946));
#4670 = CARTESIAN_POINT ('', (-80., 13.8402529866469, 44.1419089176476));
#4680 = CARTESIAN_POINT ('', (-80., 13.3156266358481, 44.0974937733719));
#4690 = CARTESIAN_POINT ('', (-80., 12.7913874199273, 44.055662775296));
#4700 = CARTESIAN_POINT ('', (-80., 12.2663561055949, 44.0163228215087));
#4710 = CARTESIAN_POINT ('', (-80., 11.7413367526904, 43.9769837639767));
#4720 = CARTESIAN_POINT ('', (-80., 11.2166576358042, 43.9402209438055));
#4730 = CARTESIAN_POINT ('', (-80., 10.691282333773, 43.9059620123058));
#4740 = CARTESIAN_POINT ('', (-80., 10.165919029401, 43.8717038631554));
#4750 = CARTESIAN_POINT ('', (-80., 9.64084890992925, 43.8400144672031));
#4760 = CARTESIAN_POINT ('', (-80., 9.11517882156596, 43.8108394682467));
#4770 = CARTESIAN_POINT ('', (-80., 8.58952075417234, 43.7816651364612));
#4780 = CARTESIAN_POINT ('', (-80., 8.06410872711286, 43.7550525049071));
#4790 = CARTESIAN_POINT ('', (-80., 7.53819313135869, 43.7309624323945));
#4800 = CARTESIAN_POINT ('', (-80., 7.01233100502101, 43.7068748091003));
#4810 = CARTESIAN_POINT ('', (-80., 6.48666643896792, 43.685332213482));
#4820 = CARTESIAN_POINT ('', (-80., 5.96059742616204, 43.6662905938608));
#4830 = CARTESIAN_POINT ('', (-80., 5.43455978414246, 43.6472501097382));
#4840 = CARTESIAN_POINT ('', (-80., 4.90867319757499, 43.6307371057278));
#4850 = CARTESIAN_POINT ('', (-80., 4.38247725849678, 43.616738014516));
#4860 = CARTESIAN_POINT ('', (-80., 3.85629302380801, 43.6027392346916));
#4870 = CARTESIAN_POINT ('', (-80., 3.33021360312689, 43.5912657242226));
#4880 = CARTESIAN_POINT ('', (-80., 2.80391936771966, 43.5823107005652));
#4890 = CARTESIAN_POINT ('', (-80., 2.27763685157211, 43.5733558763138));
#4900 = CARTESIAN_POINT ('', (-80., 1.75141285547511, 43.5669245278816));
#4910 = CARTESIAN_POINT ('', (-80., 1.22506868753238, 43.5630139585311));
#4920 = CARTESIAN_POINT ('', (-80., 0.69873624124777, 43.5591034762689));
#4930 = CARTESIAN_POINT ('', (-80., 0.172416025345139, 43.5577150946585));
#4940 = CARTESIAN_POINT ('', (-80., -0.353929729400779, 43.5588475011279));
#4950 = CARTESIAN_POINT ('', (-80., -0.880229347525439, 43.5599798083366));
#4960 = CARTESIAN_POINT ('', (-80., -1.40656301676948, 43.5636328612907));
#4970 = CARTESIAN_POINT ('', (-80., -1.93282761003035, 43.569809271069));
#4980 = CARTESIAN_POINT ('', (-80., -2.45905456558677, 43.5759852391192));
#4990 = CARTESIAN_POINT ('', (-80., -2.98536191846381, 43.5846859251024));
#5000 = CARTESIAN_POINT ('', (-80., -3.51150544743438, 43.5959081467156));
#5010 = CARTESIAN_POINT ('', (-80., -4.03763723089929, 43.6071301178066));
#5020 = CARTESIAN_POINT ('', (-80., -4.56389577481379, 43.6208801616232));
#5030 = CARTESIAN_POINT ('', (-80., -5.08989571004176, 43.6371483621171));
#5040 = CARTESIAN_POINT ('', (-80., -5.61588390476079, 43.6534161994989));
#5050 = CARTESIAN_POINT ('', (-80., -6.14204518242441, 43.6722158840649));
#5060 = CARTESIAN_POINT ('', (-80., -6.66785314619626, 43.6935280578387));
#5070 = CARTESIAN_POINT ('', (-80., -7.19364938696213, 43.7148397564528));
#5080 = CARTESIAN_POINT ('', (-80., -7.71966493562342, 43.7386874924225));
#5090 = CARTESIAN_POINT ('', (-80., -8.24523265995841, 43.7650397682004));
#5100 = CARTESIAN_POINT ('', (-80., -8.77075992326467, 43.7913900152385));
#5110 = CARTESIAN_POINT ('', (-80., -9.29655494294296, 43.820281416954));
#5120 = CARTESIAN_POINT ('', (-80., -9.82180311752526, 43.8517074427144));
#5130 = CARTESIAN_POINT ('', (-80., -10.3470069281023, 43.8831308141402));
#5140 = CARTESIAN_POINT ('', (-80., -10.8725266897082, 43.9171310629739));
#5150 = CARTESIAN_POINT ('', (-80., -11.3974010314234, 43.9536467626861));
#5160 = CARTESIAN_POINT ('', (-80., -11.9222632763959, 43.9901616208235));
#5170 = CARTESIAN_POINT ('', (-80., -12.4474887826074, 44.0292624570523));
#5180 = CARTESIAN_POINT ('', (-80., -12.9719721200103, 44.0708670222944));
#5190 = CARTESIAN_POINT ('', (-80., -13.4964433872689, 44.112470630074));
#5200 = CARTESIAN_POINT ('', (-80., -14.0213250829808, 44.1566697489401));
#5210 = CARTESIAN_POINT ('', (-80., -14.5453681436444, 44.2033585155809));
#5220 = CARTESIAN_POINT ('', (-80., -15.0693991738081, 44.2500462103837));
#5230 = CARTESIAN_POINT ('', (-80., -15.5938875974212, 44.299339372005));
#5240 = CARTESIAN_POINT ('', (-80., -16.1174413223072, 44.3511057566424));
#5250 = CARTESIAN_POINT ('', (-80., -16.6409583039912, 44.4028685082951));
#5260 = CARTESIAN_POINT ('', (-80., -17.1649866599779, 44.4572406260371));
#5270 = CARTESIAN_POINT ('', (-80., -17.6879700388627, 44.5141422778629));
#5280 = CARTESIAN_POINT ('', (-80., -18.2108976207768, 44.5710378588652));
#5290 = CARTESIAN_POINT ('', (-80., -18.7343898544396, 44.6306202437598));
#5300 = CARTESIAN_POINT ('', (-80., -19.2567280002473, 44.6926945902991));
#5310 = CARTESIAN_POINT ('', (-80., -19.7790533578003, 44.7547674170901));
#5320 = CARTESIAN_POINT ('', (-80., -20.3019924812442, 44.819542676794));
#5330 = CARTESIAN_POINT ('', (-80., -20.8236770168125, 44.8867889429921));
#5340 = CARTESIAN_POINT ('', (-80., -21.3453488143065, 44.9540335672249));
#5350 = CARTESIAN_POINT ('', (-80., -21.867683234521, 45.0239967103368));
#5360 = CARTESIAN_POINT ('', (-80., -22.3886630758841, 45.0964074048655));
#5370 = CARTESIAN_POINT ('', (-80., -22.9096302435077, 45.1688163378783));
#5380 = CARTESIAN_POINT ('', (-80., -23.4313085693807, 45.2439603163059));
#5390 = CARTESIAN_POINT ('', (-80., -23.9515329640149, 45.321525917892));
#5400 = CARTESIAN_POINT ('', (-80., -24.471725541623, 45.3990867755507));
#5410 = CARTESIAN_POINT ('', (-80., -24.9926908403289, 45.4793785123638));
#5420 = CARTESIAN_POINT ('', (-80., -25.5120765153108, 45.5621705715418));
#5430 = CARTESIAN_POINT ('', (-80., -26.0313894306572, 45.6449510325561));
#5440 = CARTESIAN_POINT ('', (-80., -26.551539202523, 45.7305959462767));
#5450 = CARTESIAN_POINT ('', (-80., -27.0699777660361, 45.8186866077212));
#5460 = CARTESIAN_POINT ('', (-80., -27.5884024246968, 45.9067749065181));
#5470 = CARTESIAN_POINT ('', (-80., -28.1077158742332, 45.9977511594359));
#5480 = CARTESIAN_POINT ('', (-80., -28.6252117383677, 46.0911412322275));
#5490 = CARTESIAN_POINT ('', (-80., -29.1426937763279, 46.1845288098737));
#5500 = CARTESIAN_POINT ('', (-80., -29.6611161400884, 46.2808283401598));
#5510 = CARTESIAN_POINT ('', (-80., -30.1776153313807, 46.3795070342354));
#5520 = CARTESIAN_POINT ('', (-80., -30.694100791201, 46.4781831048727));
#5530 = CARTESIAN_POINT ('', (-80., -31.2115776403366, 46.5797955982469));
#5540 = CARTESIAN_POINT ('', (-80., -31.7270266656567, 46.6837499123409));
#5550 = CARTESIAN_POINT ('', (-80., -32.0707591323429, 46.7530729123872));
#5560 = CARTESIAN_POINT ('', (-80., -32.4149513802517, 46.8237085975859));
#5570 = CARTESIAN_POINT ('', (-80., -32.7582030116881, 46.8953745204906));
#5580 = CARTESIAN_POINT ('', (-80., -33.5296722135978, 47.0564460123172));
#5590 = CARTESIAN_POINT ('', (-80., -34.3037068282145, 47.2245394367632));
#5600 = CARTESIAN_POINT ('', (-80., -35.0724938188879, 47.3979618054062));
#5610 = CARTESIAN_POINT ('', (-80., -35.8412282496086, 47.5713723176161));
#5620 = CARTESIAN_POINT ('', (-80., -36.6127166748306, 47.7519192969232));
#5630 = CARTESIAN_POINT ('', (-80., -37.3785706155553, 47.9376383648637));
#5640 = CARTESIAN_POINT ('', (-80., -38.1443726039214, 48.1233448343919));
#5650 = CARTESIAN_POINT ('', (-80., -38.9131140217693, 48.3163050671253));
#5660 = CARTESIAN_POINT ('', (-80., -39.6758403192987, 48.5142650965935));
#5670 = CARTESIAN_POINT ('', (-80., -40.0151715036751, 48.6023360225289));
#5680 = CARTESIAN_POINT ('', (-80., -40.3551096869591, 48.6918577060251));
#5690 = CARTESIAN_POINT ('', (-80., -40.6938052724673, 48.7823421855925));
#5700 = CARTESIAN_POINT ('', (-80., -41.0324476345899, 48.8728124462253));
#5710 = CARTESIAN_POINT ('', (-80., -41.371748897593, 48.9648167227868));
#5720 = CARTESIAN_POINT ('', (-80., -41.7097012836841, 49.0578312497073));
#5730 = CARTESIAN_POINT ('', (-80., -42.4690762520721, 49.2668337789004));
#5740 = CARTESIAN_POINT ('', (-80., -43.2319428056719, 49.4837768355348));
#5750 = CARTESIAN_POINT ('', (-80., -43.987661454635, 49.7056365286579));
#5760 = CARTESIAN_POINT ('', (-80., -44.4918429929697, 49.8536513507438));
#5770 = CARTESIAN_POINT ('', (-80., -44.9976534545433, 50.0052581204462));
#5780 = CARTESIAN_POINT ('', (-80., -45.5001280818007, 50.1589677822025));
#5790 = CARTESIAN_POINT ('', (-80., -46.0025849531868, 50.3126720123432));
#5800 = CARTESIAN_POINT ('', (-80., -46.5067306784144, 50.4700168179244));
#5810 = CARTESIAN_POINT ('', (-80., -47.0074172331676, 50.6293933276604));
#5820 = CARTESIAN_POINT ('', (-80., -47.5080862425839, 50.7887642524361));
#5830 = CARTESIAN_POINT ('', (-80., -48.0105029800855, 50.9518249193519));
#5840 = CARTESIAN_POINT ('', (-80., -48.5093393055374, 51.1168427034341));
#5850 = CARTESIAN_POINT ('', (-80., -48.7312364966815, 51.1902475075921));
#5860 = CARTESIAN_POINT ('', (-80., -48.9535051543095, 51.2643932064274));
#5870 = CARTESIAN_POINT ('', (-80., -49.1750129362013, 51.3389648583633));
#5880 = CARTESIAN_POINT ('', (-80., -49.6727901561006, 51.5065439351205));
#5890 = CARTESIAN_POINT ('', (-80., -50.1725411900794, 51.6781706355795));
#5900 = CARTESIAN_POINT ('', (-80., -50.6682475901777, 51.8517795999767));
#5910 = CARTESIAN_POINT ('', (-80., -51.1639321947252, 52.0253809310188));
#5920 = CARTESIAN_POINT ('', (-80., -51.6616598316505, 52.2030973714437));
#5930 = CARTESIAN_POINT ('', (-80., -52.1552000852644, 52.3827043517862));
#5940 = CARTESIAN_POINT ('', (-80., -52.6487187883712, 52.5623034895638));
#5950 = CARTESIAN_POINT ('', (-80., -53.1443484418743, 52.7460860143047));
#5960 = CARTESIAN_POINT ('', (-80., -53.6356505241476, 52.9316630187009));
#5970 = CARTESIAN_POINT ('', (-80., -54.1269313321475, 53.1172319872753));
#5980 = CARTESIAN_POINT ('', (-80., -54.6203895739963, 53.3070533162371));
#5990 = CARTESIAN_POINT ('', (-80., -55.1093828901527, 53.4985688799942));
#6000 = CARTESIAN_POINT ('', (-80., -55.598355238509, 53.6900762316553));
#6010 = CARTESIAN_POINT ('', (-80., -56.0895699402255, 53.8859055123224));
#6020 = CARTESIAN_POINT ('', (-80., -56.576185457425, 54.0833247657348));
#6030 = CARTESIAN_POINT ('', (-80., -56.7927005625522, 54.1711646493717));
#6040 = CARTESIAN_POINT ('', (-80., -57.0097001005228, 54.2598932322155));
#6050 = CARTESIAN_POINT ('', (-80., -57.2257061751685, 54.3489775272496));
#6060 = CARTESIAN_POINT ('', (-80., -57.7109331906276, 54.5490927632428));
#6070 = CARTESIAN_POINT ('', (-80., -58.1987188027194, 54.7540497897394));
#6080 = CARTESIAN_POINT ('', (-80., -58.6812546851272, 54.9605697316261));
#6090 = CARTESIAN_POINT ('', (-80., -59.1637630732205, 55.1670779062548));
#6100 = CARTESIAN_POINT ('', (-80., -59.6489095798598, 55.3785259967955));
#6110 = CARTESIAN_POINT ('', (-80., -60.1286415628778, 55.5914043546399));
#6120 = CARTESIAN_POINT ('', (-80., -60.6083464175738, 55.8042706744445));
#6130 = CARTESIAN_POINT ('', (-80., -61.0907669008243, 56.0221760527349));
#6140 = CARTESIAN_POINT ('', (-80., -61.5676120189838, 56.2413735687188));
#6150 = CARTESIAN_POINT ('', (-80., -62.0444304186565, 56.460558802673));
#6160 = CARTESIAN_POINT ('', (-80., -62.5240397613975, 56.6848830936382));
#6170 = CARTESIAN_POINT ('', (-80., -62.9979172216956, 56.9103561644725));
#6180 = CARTESIAN_POINT ('', (-80., -63.4717684155153, 57.1358167375958));
#6190 = CARTESIAN_POINT ('', (-80., -63.9484834966415, 57.3665170542723));
#6200 = CARTESIAN_POINT ('', (-80., -64.4193148562363, 57.5982178413654));
#6210 = CARTESIAN_POINT ('', (-80., -64.6288989713148, 57.7013562654238));
#6220 = CARTESIAN_POINT ('', (-80., -64.8390937269814, 57.8055388895235));
#6230 = CARTESIAN_POINT ('', (-80., -65.0480344591739, 57.90997454551));
#6240 = CARTESIAN_POINT ('', (-80., -65.517076243859, 58.1444175186662));
#6250 = CARTESIAN_POINT ('', (-80., -65.9894402262071, 58.3848864434812));
#6260 = CARTESIAN_POINT ('', (-80., -66.4549753961211, 58.6262175625187));
#6270 = CARTESIAN_POINT ('', (-80., -66.9204734560619, 58.8675294439305));
#6280 = CARTESIAN_POINT ('', (-80., -67.3893885693548, 59.1150165761386));
#6290 = CARTESIAN_POINT ('', (-80., -67.8512768567125, 59.3631678967494));
#6300 = CARTESIAN_POINT ('', (-80., -68.3131285800171, 59.611299573177));
#6310 = CARTESIAN_POINT ('', (-80., -68.7784890049494, 59.865757330992));
#6320 = CARTESIAN_POINT ('', (-80., -69.2366308565192, 60.120673762409));
#6330 = CARTESIAN_POINT ('', (-80., -69.6947367582155, 60.3755701908216));
#6340 = CARTESIAN_POINT ('', (-80., -70.1564395265139, 60.6369447738289));
#6350 = CARTESIAN_POINT ('', (-80., -70.610738797569, 60.8985654509654));
#6360 = CARTESIAN_POINT ('', (-80., -71.0650027981388, 61.1601658166271));
#6370 = CARTESIAN_POINT ('', (-80., -71.5229480878441, 61.428397352318));
#6380 = CARTESIAN_POINT ('', (-80., -71.9733123041899, 61.6966558212678));
#6390 = CARTESIAN_POINT ('', (-80., -72.1739145019688, 61.8161440854127));
#6400 = CARTESIAN_POINT ('', (-80., -72.3752568577568, 61.9369663996507));
#6410 = CARTESIAN_POINT ('', (-80., -72.5750741829756, 62.0577626063977));
#6420 = CARTESIAN_POINT ('', (-80., -72.7748535478751, 62.1785358648714));
#6430 = CARTESIAN_POINT ('', (-80., -72.975441261566, 62.3007064641875));
#6440 = CARTESIAN_POINT ('', (-80., -73.1743641228341, 62.4228853079655));
#6450 = CARTESIAN_POINT ('', (-80., -73.4723690753621, 62.6059205825835));
#6460 = CARTESIAN_POINT ('', (-80., -73.7722658637217, 62.7923709536623));
#6470 = CARTESIAN_POINT ('', (-80., -74.0682627370709, 62.9786361260731));
#6480 = CARTESIAN_POINT ('', (-80., -74.3642452210872, 63.164892243552));
#6490 = CARTESIAN_POINT ('', (-80., -74.6621510158947, 63.3546280901211));
#6500 = CARTESIAN_POINT ('', (-80., -74.9560903337724, 63.5440922016261));
#6510 = CARTESIAN_POINT ('', (-80., -75.2500154337516, 63.7335471487174));
#6520 = CARTESIAN_POINT ('', (-80., -75.5458942867119, 63.9265468360924));
#6530 = CARTESIAN_POINT ('', (-80., -75.8377421104774, 64.1191863677014));
#6540 = CARTESIAN_POINT ('', (-80., -76.1295759009322, 64.3118166363651));
#6550 = CARTESIAN_POINT ('', (-80., -76.4233928031775, 64.5080569695651));
#6560 = CARTESIAN_POINT ('', (-80., -76.7131162356092, 64.7038469446831));
#6570 = CARTESIAN_POINT ('', (-80., -77.0027149287722, 64.8995526232078));
#6580 = CARTESIAN_POINT ('', (-80., -77.2944713528257, 65.0991832530508));
#6590 = CARTESIAN_POINT ('', (-80., -77.5817721129064, 65.2982470341502));
#6600 = CARTESIAN_POINT ('', (-80., -77.8690476797283, 65.4972933594469));
#6610 = CARTESIAN_POINT ('', (-80., -78.1585205560325, 65.7003725928661));
#6620 = CARTESIAN_POINT ('', (-80., -78.4434533050402, 65.9027584111684));
#6630 = CARTESIAN_POINT ('', (-80., -78.7283685365349, 66.1051317868987));
#6640 = CARTESIAN_POINT ('', (-80., -79.015514864817, 66.3116219477634));
#6650 = CARTESIAN_POINT ('', (-80., -79.2980487089516, 66.517306899232));
#6660 = CARTESIAN_POINT ('', (-80., -79.5320678749027, 66.6876731112475));
#6670 = CARTESIAN_POINT ('', (-80., -79.7676370307601, 66.8609147038541));
#6680 = CARTESIAN_POINT ('', (-80., -80., 67.0335329727451));
#6690 = B_SPLINE_CURVE_WITH_KNOTS ('', 3, (#3200, #3210, #3220, #3230, #3240, #3250, #3260, #3270, #3280, #3290, #3300, #3310, #3320, #3330, #3340, #3350, #3360, #3370, #3380, #3390, #3400, #3410, #3420, #3430, #3440, #3450, #3460, #3470, #3480, #3490, #3500, #3510, #3520, #3530, #3540, #3550, #3560, #3570, #3580, #3590, #3600, #3610, #3620, #3630, #3640, #3650, #3660, #3670, #3680, #3690, #3700, #3710, #3720, #3730, #3740, #3750, #3760, #3770, #3780, #3790, #3800, #3810, #3820, #3830, #3840, #3850, #3860, #3870, #3880, #3890, #3900, #3910, #3920, #3930, #3940, #3950, #3960, #3970, #3980, #3990, #4000, #4010, #4020, #4030, #4040, #4050, #4060, #4070, #4080, #4090, #4100, #4110, #4120, #4130, #4140, #4150, #4160, #4170, #4180, #4190, #4200, #4210, #4220, #4230, #4240, #4250, #4260, #4270, #4280, #4290, #4300, #4310, #4320, #4330, #4340, #4350, #4360, #4370, #4380, #4390, #4400, #4410, #4420, #4430, #4440, #4450, #4460, #4470, #4480, #4490, #4500, #4510, #4520, #4530, #4540, #4550, #4560, #4570, #4580, #4590, #4600, #4610, #4620, #4630, #4640, #4650, #4660, #4670, #4680, #4690, #4700, #4710, #4720, #4730, #4740, #4750, #4760, #4770, #4780, #4790, #4800, #4810, #4820, #4830, #4840, #4850, #4860, #4870, #4880, #4890, #4900, #4910, #4920, #4930, #4940, #4950, #4960, #4970, #4980, #4990, #5000, #5010, #5020, #5030, #5040, #5050, #5060, #5070, #5080, #5090, #5100, #5110, #5120, #5130, #5140, #5150, #5160, #5170, #5180, #5190, #5200, #5210, #5220, #5230, #5240, #5250, #5260, #5270, #5280, #5290, #5300, #5310, #5320, #5330, #5340, #5350, #5360, #5370, #5380, #5390, #5400, #5410, #5420, #5430, #5440, #5450, #5460, #5470, #5480, #5490, #5500, #5510, #5520, #5530, #5540, #5550, #5560, #5570, #5580, #5590, #5600, #5610, #5620, #5630, #5640, #5650, #5660, #5670, #5680, #5690, #5700, #5710, #5720, #5730, #5740, #5750, #5760, #5770, #5780, #5790, #5800, #5810, #5820, #5830, #5840, #5850, #5860, #5870, #5880, #5890, #5900, #5910, #5920, #5930, #5940, #5950, #5960, #5970, #5980, #5990, #6000, #6010, #6020, #6030, #6040, #6050, #6060, #6070, #6080, #6090, #6100, #6110, #6120, #6130, #6140, #6150, #6160, #6170, #6180, #6190, #6200, #6210, #6220, #6230, #6240, #6250, #6260, #6270, #6280, #6290, #6300, #6310, #6320, #6330, #6340, #6350, #6360, #6370, #6380, #6390, #6400, #6410, #6420, #6430, #6440, #6450, #6460, #6470, #6480, #6490, #6500, #6510, #6520, #6530, #6540, #6550, #6560, #6570, #6580, #6590, #6600, #6610, #6620, #6630, #6640, #6650, #6660, #6670, #6680), .UNSPECIFIED., .F., .U., (4, 3, 3, 3, 3, 3, 3, 3, 3, 3, 3, 3, 3, 3, 3, 3, 3, 3, 3, 3, 3, 3, 3, 3, 3, 3, 3, 3, 3, 3, 3, 3, 3, 3, 3, 3, 3, 3, 3, 3, 3, 3, 3, 3, 3, 3, 3, 3, 3, 3, 3, 3, 3, 3, 3, 3, 3, 3, 3, 3, 3, 3, 3, 3, 3, 3, 3, 3, 3, 3, 3, 3, 3, 3, 3, 3, 3, 3, 3, 3, 3, 3, 3, 3, 3, 3, 3, 3, 3, 3, 3, 3, 3, 3, 3, 3, 3, 3, 3, 3, 3, 3, 3, 3, 3, 3, 3, 3, 3, 3, 3, 3, 3, 3, 3, 3, 4), (0., 1.05717702554632, 2.11384034753658, 3.17044659611531, 4.22699539659937, 5.28348642686919, 6.33981238414975, 7.39579708554149, 8.45173635526585, 9.50762988606361, 10.5634765535193, 11.6189680647218, 12.6744224661323, 13.7298394859893, 14.7852188819656, 15.4881444948875, 17.0726185352644, 18.6569852725303, 19.7119713708022, 21.2954903174269, 22.8789250796606, 24.4622746840064, 26.0455382847148, 27.6287151661889, 28.3312857911624, 29.9136570373714, 31.4959577843919, 33.0781932482046, 34.6603628217541, 36.2424659861046, 37.2964308075199, 38.8779574528388, 40.4594306790933, 42.0408500142217, 43.6222150514126, 45.2035254150035, 46.7844255453078, 48.3652798241223, 49.9460879005756, 51.526849475544, 53.1075643022458, 54.1608940184235, 56.5324982174007, 58.9039634951099, 61.2752888114314, 62.3284040964715, 64.6990109832498, 67.0694899056467, 69.4398401801533, 71.0194223534184, 72.5989316496689, 74.1784049610441, 75.7578422029995, 77.3372433265461, 78.9164838736481, 80.4956302467606, 82.0747414942806, 83.6538175789326, 85.2328584976396, 86.8117610061625, 88.390550593796, 89.9693049368982, 91.5480240416321, 93.126707948471, 94.7052703197361, 96.2836993609819, 97.8620920242823, 99.4404483634027, 101.018768468066, 102.596977805617, 104.175018764393, 105.753021088447, 107.330984882106, 108.908910289056, 110.486739189778, 112.064347055802, 113.641912609379, 115.219436014413, 116.796917479946, 117.848877166866, 120.213190765941, 122.577342723088, 124.94133430596, 125.993056353922, 127.044613131916, 129.407448631567, 130.983826346581, 132.560148357369, 134.136415129805, 134.837585336245, 136.41327063749, 137.988886657948, 139.564433878903, 141.1399128758, 142.715324316908, 143.416289168488, 144.990907305647, 146.565435722959, 148.1398751024, 149.71422626318, 151.2884901595, 151.989252117867, 153.562361564468, 155.1353456112, 156.708205137189, 158.280941242669, 159.853555245453, 160.55403235657, 161.254376394467, 162.303556918195, 163.352686437981, 164.40176521118, 165.450793540116, 166.499370214087, 167.547854938898, 168.596275203429, 169.464668286117), .UNSPECIFIED.);
#6700 = EDGE_CURVE ('', #770, #1990, #6690, .T.);
#6710 = ORIENTED_EDGE ('', *, *, #6700, .F.);
#6720 = ORIENTED_EDGE ('', *, *, #1880, .F.);
#6730 = CARTESIAN_POINT ('', (-80., 80., -17.0315106984308));
#6740 = CARTESIAN_POINT ('', (-80., 79.7170495921832, -16.8214103632058));
#6750 = CARTESIAN_POINT ('', (-80., 79.4364830531415, -16.6157311346557));
#6760 = CARTESIAN_POINT ('', (-80., 79.1509838188335, -16.4091076331976));
#6770 = CARTESIAN_POINT ('', (-80., 78.9609690026209, -16.271588782228));
#6780 = CARTESIAN_POINT ('', (-80., 78.771939903081, -16.1359532065794));
#6790 = CARTESIAN_POINT ('', (-80., 78.5808709864486, -15.9999027238562));
#6800 = CARTESIAN_POINT ('', (-80., 78.2939698866493, -15.7956150050085));
#6810 = CARTESIAN_POINT ('', (-80., 78.0092032196873, -15.5952481337682));
#6820 = CARTESIAN_POINT ('', (-80., 77.7200242538457, -15.3941977946667));
#6830 = CARTESIAN_POINT ('', (-80., 77.4308607928102, -15.1931582352099));
#6840 = CARTESIAN_POINT ('', (-80., 77.1438009569964, -14.9959659206614));
#6850 = CARTESIAN_POINT ('', (-80., 76.8523947318531, -14.7981912417655));
#6860 = CARTESIAN_POINT ('', (-80., 76.5610042283383, -14.6004272329918));
#6870 = CARTESIAN_POINT ('', (-79.9999999999999, 76.2716852893178, -14.406437216492));
#6880 = CARTESIAN_POINT ('', (-79.9999999999999, 75.9780883074853, -14.2119639767811));
#6890 = CARTESIAN_POINT ('', (-79.9999999999999, 75.7826234387638, -14.0824916435416));
#6900 = CARTESIAN_POINT ('', (-80., 75.5880231184851, -13.9546446536119));
#6910 = CARTESIAN_POINT ('', (-80., 75.3916371706621, -13.8265737378019));
#6920 = CARTESIAN_POINT ('', (-80., 75.0967990231795, -13.634298312893));
#6930 = CARTESIAN_POINT ('', (-80., 74.8038319301125, -13.445412669134));
#6940 = CARTESIAN_POINT ('', (-80., 74.5070038496896, -13.2562237082846));
#6950 = CARTESIAN_POINT ('', (-80., 74.2101881715934, -13.0670426522914));
#6960 = CARTESIAN_POINT ('', (-80., 73.9152164270575, -12.8811948196025));
#6970 = CARTESIAN_POINT ('', (-80., 73.6164412268805, -12.6951238695065));
#6980 = CARTESIAN_POINT ('', (-80., 73.3176786085876, -12.509060755145));
#6990 = CARTESIAN_POINT ('', (-80., 73.0207318299268, -12.3262745090259));
#7000 = CARTESIAN_POINT ('', (-80., 72.7200410326348, -12.1433438417253));
#7010 = CARTESIAN_POINT ('', (-80., 72.4193629861511, -11.9604209316087));
#7020 = CARTESIAN_POINT ('', (-80., 72.1204717538643, -11.7807187917186));
#7030 = CARTESIAN_POINT ('', (-80., 71.8178977612571, -11.6009493346896));
#7040 = CARTESIAN_POINT ('', (-80., 71.5153366773119, -11.4211875471339));
#7050 = CARTESIAN_POINT ('', (-80., 71.2145324944724, -11.2445907419071));
#7060 = CARTESIAN_POINT ('', (-80., 70.9101085423838, -11.0680020469742));
#7070 = CARTESIAN_POINT ('', (-80., 70.605697645342, -10.8914209249463));
#7080 = CARTESIAN_POINT ('', (-80., 70.3030128946191, -10.7179493591589));
#7090 = CARTESIAN_POINT ('', (-80., 69.9967730057487, -10.5445595746874));
#7100 = CARTESIAN_POINT ('', (-80., 69.7928207272308, -10.429083952798));
#7110 = CARTESIAN_POINT ('', (-80., 69.5896232964416, -10.3149685337095));
#7120 = CARTESIAN_POINT ('', (-80., 69.3848717387198, -10.2009161300792));
#7130 = CARTESIAN_POINT ('', (-80., 69.1801811979056, -10.0868977145909));
#7140 = CARTESIAN_POINT ('', (-80., 68.9761667876195, -9.97410742478262));
#7150 = CARTESIAN_POINT ('', (-80., 68.7707604851833, -9.86138356977073));
#7160 = CARTESIAN_POINT ('', (-80., 68.3076775238091, -9.60725068301265));
#7170 = CARTESIAN_POINT ('', (-80., 67.8479530759494, -9.35917841004775));
#7180 = CARTESIAN_POINT ('', (-80., 67.3813167913661, -9.11163057394856));
#7190 = CARTESIAN_POINT ('', (-80., 66.9147125209164, -8.86409972116108));
#7200 = CARTESIAN_POINT ('', (-80., 66.4513842923467, -8.62249930005218));
#7210 = CARTESIAN_POINT ('', (-80., 65.9813167909015, -8.38161008823734));
#7220 = CARTESIAN_POINT ('', (-80., 65.5112819016487, -8.14073758875698));
#7230 = CARTESIAN_POINT ('', (-80., 65.0444374832349, -7.90566626322021));
#7240 = CARTESIAN_POINT ('', (-80., 64.5710324510815, -7.67148677297263));
#7250 = CARTESIAN_POINT ('', (-80., 64.0976605728638, -7.43732368299807));
#7260 = CARTESIAN_POINT ('', (-80., 63.6273907280533, -7.20883366863418));
#7270 = CARTESIAN_POINT ('', (-80., 63.1507445523195, -6.98140959129827));
#7280 = CARTESIAN_POINT ('', (-80., 62.9393330129244, -6.88053796632181));
#7290 = CARTESIAN_POINT ('', (-80., 62.7284867144501, -6.78074580187267));
#7300 = CARTESIAN_POINT ('', (-80., 62.5164784546363, -6.68113444968066));
#7310 = CARTESIAN_POINT ('', (-80., 62.038752317313, -6.45667646602453));
#7320 = CARTESIAN_POINT ('', (-80., 61.5637695359604, -6.23728284807037));
#7330 = CARTESIAN_POINT ('', (-80., 61.0831506600838, -6.01908764908565));
#7340 = CARTESIAN_POINT ('', (-80., 60.6025575585911, -5.80090415136173));
#7350 = CARTESIAN_POINT ('', (-80., 60.1246339612233, -5.58769073654061));
#7360 = CARTESIAN_POINT ('', (-80., 59.6412276972132, -5.37581305532516));
#7370 = CARTESIAN_POINT ('', (-80., 59.1578476365323, -5.16394685906771));
#7380 = CARTESIAN_POINT ('', (-80., 58.6770610794418, -4.9569572267733));
#7390 = CARTESIAN_POINT ('', (-80., 58.1909495231639, -4.75143563901798));
#7400 = CARTESIAN_POINT ('', (-80., 57.7048645581575, -4.54592529370339));
#7410 = CARTESIAN_POINT ('', (-80., 57.2212951219521, -4.34519890651578));
#7420 = CARTESIAN_POINT ('', (-80., 56.73256224028, -4.14606762919101));
#7430 = CARTESIAN_POINT ('', (-80., 56.5156980683033, -4.05770762479773));
#7440 = CARTESIAN_POINT ('', (-80., 56.299294410552, -3.97026031813884));
#7450 = CARTESIAN_POINT ('', (-80., 56.081945462328, -3.88309958059346));
#7460 = CARTESIAN_POINT ('', (-80., 55.5923256676755, -3.68675346174885));
#7470 = CARTESIAN_POINT ('', (-80., 55.1049491150155, -3.49474876354238));
#7480 = CARTESIAN_POINT ('', (-80., 54.6129698360366, -3.30439191245375));
#7490 = CARTESIAN_POINT ('', (-80., 54.1210120869923, -3.11404339173739));
#7500 = CARTESIAN_POINT ('', (-80.0000000000001, 53.6312305366184, -2.92796641707379));
#7510 = CARTESIAN_POINT ('', (-80.0000000000001, 53.1369848614255, -2.74364007946354));
#7520 = CARTESIAN_POINT ('', (-80.0000000000001, 52.6427610276689, -2.55932188750261));
#7530 = CARTESIAN_POINT ('', (-80., 52.1506448281854, -2.37920603716047));
#7540 = CARTESIAN_POINT ('', (-80., 51.6542061129316, -2.20093939491338));
#7550 = CARTESIAN_POINT ('', (-80., 51.1577895191525, -2.02268069628731));
#7560 = CARTESIAN_POINT ('', (-80., 50.6634106108659, -1.8485559031178));
#7570 = CARTESIAN_POINT ('', (-80., 50.164853526511, -1.67637451081686));
#7580 = CARTESIAN_POINT ('', (-80., 49.6664502066777, -1.50424622254401));
#7590 = CARTESIAN_POINT ('', (-80., 49.1699022075899, -1.3359508069122));
#7600 = CARTESIAN_POINT ('', (-80., 48.6695507726817, -1.16957034402697));
#7610 = CARTESIAN_POINT ('', (-80., 48.1692184775445, -1.00319624563622));
#7620 = CARTESIAN_POINT ('', (-80., 47.6706800927435, -0.840600048852217));
#7630 = CARTESIAN_POINT ('', (-80., 47.1684648411225, -0.679999341469184));
#7640 = CARTESIAN_POINT ('', (-80., 46.666268261782, -0.519404605194034));
#7650 = CARTESIAN_POINT ('', (-80., 46.1658033409027, -0.362535568153209));
#7660 = CARTESIAN_POINT ('', (-80., 45.661789753712, -0.207737707871612));
#7670 = CARTESIAN_POINT ('', (-80., 45.1577950526936, -0.052945648106362));
#7680 = CARTESIAN_POINT ('', (-80., 44.6554687299355, 0.0981722715600789));
#7690 = CARTESIAN_POINT ('', (-80., 44.1497239744688, 0.2471470437162));
#7700 = CARTESIAN_POINT ('', (-80., 43.8127825424464, 0.346398242117998));
#7710 = CARTESIAN_POINT ('', (-80., 43.4765368598018, 0.444036340517779));
#7720 = CARTESIAN_POINT ('', (-80., 43.1388655161213, 0.540775126195977));
#7730 = CARTESIAN_POINT ('', (-80., 42.3782514501277, 0.758681923710883));
#7740 = CARTESIAN_POINT ('', (-80., 41.6209563195587, 0.968919139010181));
#7750 = CARTESIAN_POINT ('', (-80., 40.8568619856055, 1.17428948402427));
#7760 = CARTESIAN_POINT ('', (-80., 40.0928231117681, 1.37964492268113));
#7770 = CARTESIAN_POINT ('', (-80., 39.3319088030287, 1.57746347477329));
#7780 = CARTESIAN_POINT ('', (-80., 38.5645946713538, 1.77022052458654));
#7790 = CARTESIAN_POINT ('', (-80., 38.2239809148494, 1.85578613600867));
#7800 = CARTESIAN_POINT ('', (-80., 37.8839557427485, 1.93988339175164));
#7810 = CARTESIAN_POINT ('', (-80., 37.5427254504865, 2.02295620692525));
#7820 = CARTESIAN_POINT ('', (-80., 37.2015262206344, 2.1060214599278));
#7830 = CARTESIAN_POINT ('', (-80.0000000000001, 36.860879145916, 2.18765512046373));
#7840 = CARTESIAN_POINT ('', (-80.0000000000001, 36.5191014692863, 2.26830727769202));
#7850 = CARTESIAN_POINT ('', (-80.0000000000001, 35.7493949822781, 2.4499414008506));
#7860 = CARTESIAN_POINT ('', (-80., 34.9823345878057, 2.62457195535435));
#7870 = CARTESIAN_POINT ('', (-80., 34.2098561446666, 2.79403016767682));
#7880 = CARTESIAN_POINT ('', (-80., 33.4374277640318, 2.96347739781261));
#7890 = CARTESIAN_POINT ('', (-80., 32.667463063135, 3.12602089755756));
#7900 = CARTESIAN_POINT ('', (-80., 31.8924544670844, 3.28324571448707));
#7910 = CARTESIAN_POINT ('', (-80., 31.3761040180738, 3.38799694593258));
#7920 = CARTESIAN_POINT ('', (-80., 30.8607672716504, 3.48969272175109));
#7930 = CARTESIAN_POINT ('', (-80., 30.3433553517549, 3.5890683315999));
#7940 = CARTESIAN_POINT ('', (-80., 29.826013831123, 3.68843042036525));
#7950 = CARTESIAN_POINT ('', (-80., 29.3096156360872, 3.78488174731089));
#7960 = CARTESIAN_POINT ('', (-80., 28.7912868381875, 3.87895794473319));
#7970 = CARTESIAN_POINT ('', (-80., 28.2729717459941, 3.97303165458248));
#7980 = CARTESIAN_POINT ('', (-80., 27.7555487178051, 4.06421750229987));
#7990 = CARTESIAN_POINT ('', (-80., 27.2363001182767, 4.15299412967467));
#8000 = CARTESIAN_POINT ('', (-80., 26.7170653162445, 4.24176839807309));
#8010 = CARTESIAN_POINT ('', (-80., 26.1986708999852, 4.32767722125444));
#8020 = CARTESIAN_POINT ('', (-80., 25.6785567700615, 4.4111454321183));
#8030 = CARTESIAN_POINT ('', (-80., 25.3319202195263, 4.46677386255036));
#8040 = CARTESIAN_POINT ('', (-80., 24.9856379004372, 4.52113734667775));
#8050 = CARTESIAN_POINT ('', (-80., 24.6386308290028, 4.57440565633511));
#8060 = CARTESIAN_POINT ('', (-80., 24.2916635626548, 4.62766785559921));
#8070 = CARTESIAN_POINT ('', (-80., 23.9450238748324, 4.67970516273421));
#8080 = CARTESIAN_POINT ('', (-80., 23.5977139573569, 4.73068522756967));
#8090 = CARTESIAN_POINT ('', (-80., 22.8158814924472, 4.84544690797688));
#8100 = CARTESIAN_POINT ('', (-80., 22.0355866172751, 4.95410863602276));
#8110 = CARTESIAN_POINT ('', (-80., 21.2521450837611, 5.05731527361029));
#8120 = CARTESIAN_POINT ('', (-80., 20.468745478167, 5.16051638782507));
#8130 = CARTESIAN_POINT ('', (-80., 19.6867215204973, 5.25766479374501));
#8140 = CARTESIAN_POINT ('', (-80., 18.9018823551159, 5.34927754669754));
#8150 = CARTESIAN_POINT ('', (-80., 18.1170854878679, 5.44088536227103));
#8160 = CARTESIAN_POINT ('', (-80., 17.3335007356298, 5.52648554028202));
#8170 = CARTESIAN_POINT ('', (-80., 16.5474353999297, 5.60648180723885));
#8180 = CARTESIAN_POINT ('', (-80., 15.761412627966, 5.68647374257099));
#8190 = CARTESIAN_POINT ('', (-80., 14.9764373228682, 5.76050083698131));
#8200 = CARTESIAN_POINT ('', (-80., 14.1893182687564, 5.82886824455186));
#8210 = CARTESIAN_POINT ('', (-80., 13.4022419380131, 5.89723194126581));
#8220 = CARTESIAN_POINT ('', (-80., 12.616047792045, 5.9596712402109));
#8230 = CARTESIAN_POINT ('', (-80., 11.8280479675325, 6.01640766601399));
#8240 = CARTESIAN_POINT ('', (-80., 11.0402779537876, 6.07312754531394));
#8250 = CARTESIAN_POINT ('', (-80., 10.2532094859748, 6.12409733559897));
#8260 = CARTESIAN_POINT ('', (-80., 9.46470483902672, 6.16947531489194));
#8270 = CARTESIAN_POINT ('', (-80., 8.67625087238743, 6.21485037756289));
#8280 = CARTESIAN_POINT ('', (-80., 7.88834207438005, 6.25450994447868));
#8290 = CARTESIAN_POINT ('', (-80., 7.09931688208414, 6.28853640100924));
#8300 = CARTESIAN_POINT ('', (-80., 6.57338190182025, 6.31121717713475));
#8310 = CARTESIAN_POINT ('', (-80., 6.04763154145382, 6.33136402888479));
#8320 = CARTESIAN_POINT ('', (-80., 5.52150320350036, 6.3489990245796));
#8330 = CARTESIAN_POINT ('', (-80., 4.99543596392562, 6.3666319723527));
#8340 = CARTESIAN_POINT ('', (-80., 4.46950674748275, 6.38174003917429));
#8350 = CARTESIAN_POINT ('', (-80., 3.94329482298856, 6.39433654349376));
#8360 = CARTESIAN_POINT ('', (-80., 3.41710651226313, 6.40693248254489));
#8370 = CARTESIAN_POINT ('', (-80., 2.89101009125974, 6.41700655784235));
#8380 = CARTESIAN_POINT ('', (-80., 2.36472527928248, 6.4245625294352));
#8390 = CARTESIAN_POINT ('', (-80., 1.83845215508789, 6.43211833322432));
#8400 = CARTESIAN_POINT ('', (-80., 1.31222470906127, 6.43715233542961));
#8410 = CARTESIAN_POINT ('', (-80., 0.785903345141336, 6.43966496391266));
#8420 = CARTESIAN_POINT ('', (-80., 0.259593687705962, 6.44217753650961));
#8430 = CARTESIAN_POINT ('', (-80., -0.266716571909903, 6.44216795198783));
#8440 = CARTESIAN_POINT ('', (-80., -0.793026136489478, 6.43963600355774));
#8450 = CARTESIAN_POINT ('', (-80., -1.31932398833262, 6.43710411147479));
#8460 = CARTESIAN_POINT ('', (-80., -1.84566873476031, 6.43204928852304));
#8470 = CARTESIAN_POINT ('', (-80., -2.37191814821968, 6.42447339478702));
#8480 = CARTESIAN_POINT ('', (-80., -2.89815585516292, 6.41689766957816));
#8490 = CARTESIAN_POINT ('', (-80., -3.42448670435587, 6.40679782267261));
#8500 = CARTESIAN_POINT ('', (-80., -3.95062767260619, 6.39418047945214));
#8510 = CARTESIAN_POINT ('', (-80., -4.47675695301233, 6.38156341651689));
#8520 = CARTESIAN_POINT ('', (-80., -5.00302552194505, 6.36642062675982));
#8530 = CARTESIAN_POINT ('', (-80., -5.52900986658736, 6.34876618910223));
#8540 = CARTESIAN_POINT ('', (-80., -6.05498255444598, 6.33111214269956));
#8550 = CARTESIAN_POINT ('', (-80., -6.58114051941497, 6.31093035446163));
#8560 = CARTESIAN_POINT ('', (-80., -7.10692023534711, 6.2882450278839));
#8570 = CARTESIAN_POINT ('', (-80., -7.4574233607967, 6.27312219673162));
#8580 = CARTESIAN_POINT ('', (-80., -7.80802682165993, 6.25687505119094));
#8590 = CARTESIAN_POINT ('', (-80., -8.15842532906499, 6.23949612774027));
#8600 = CARTESIAN_POINT ('', (-80., -9.34033281628489, 6.18087635821477));
#8610 = CARTESIAN_POINT ('', (-80., -10.5237424529461, 6.10922441349513));
#8620 = CARTESIAN_POINT ('', (-80., -11.7040872384304, 6.02479827355232));
#8630 = CARTESIAN_POINT ('', (-80., -12.8842934689482, 5.94038204398581));
#8640 = CARTESIAN_POINT ('', (-80., -14.0665426549016, 5.8428171677788));
#8650 = CARTESIAN_POINT ('', (-80., -15.2446210378618, 5.73261657808447));
#8660 = CARTESIAN_POINT ('', (-80., -16.4225615287948, 5.62242888717763));
#8670 = CARTESIAN_POINT ('', (-80., -17.6030816356904, 5.4989649559741));
#8680 = CARTESIAN_POINT ('', (-80., -18.7783331758956, 5.36306446056637));
#8690 = CARTESIAN_POINT ('', (-80., -19.3009146114755, 5.30263563017846));
#8700 = CARTESIAN_POINT ('', (-80., -19.8240828525439, 5.23957921008083));
#8710 = CARTESIAN_POINT ('', (-80., -20.3460517130905, 5.17406960029351));
#8720 = CARTESIAN_POINT ('', (-80., -20.8678925199559, 5.10857606186086));
#8730 = CARTESIAN_POINT ('', (-80., -21.3903946553099, 5.04030965999453));
#8740 = CARTESIAN_POINT ('', (-80., -21.9115449172608, 4.96953087959464));
#8750 = CARTESIAN_POINT ('', (-80., -22.4326814806075, 4.898753959638));
#8760 = CARTESIAN_POINT ('', (-80., -22.954531090786, 4.82518380464382));
#8770 = CARTESIAN_POINT ('', (-80., -23.4749229697451, 4.74912473306972));
#8780 = CARTESIAN_POINT ('', (-80., -23.9953011887707, 4.67306765799461));
#8790 = CARTESIAN_POINT ('', (-80., -24.5164439579228, 4.59419644916619));
#8800 = CARTESIAN_POINT ('', (-80., -25.0360235566632, 4.51286250743221));
#8810 = CARTESIAN_POINT ('', (-80., -25.5555895499187, 4.43153069547337));
#8820 = CARTESIAN_POINT ('', (-80., -26.075971310339, 4.34736334242727));
#8830 = CARTESIAN_POINT ('', (-80., -26.5946850238836, 4.26076213940519));
#8840 = CARTESIAN_POINT ('', (-80., -27.1133852020749, 4.17416319616118));
#8850 = CARTESIAN_POINT ('', (-80., -27.6329520075281, 4.08470681660716));
#8860 = CARTESIAN_POINT ('', (-80., -28.1507465954469, 3.99284813956091));
#8870 = CARTESIAN_POINT ('', (-80., -28.6685277336721, 3.90099184854012));
#8880 = CARTESIAN_POINT ('', (-80., -29.1872259324333, 3.80625576099506));
#8890 = CARTESIAN_POINT ('', (-80., -29.7040485902917, 3.70915156115767));
#8900 = CARTESIAN_POINT ('', (-80., -30.2208578994301, 3.6120498693697));
#8910 = CARTESIAN_POINT ('', (-80., -30.7386342067529, 3.51204558083399));
#8920 = CARTESIAN_POINT ('', (-80., -31.2544326364313, 3.40970995408799));
#8930 = CARTESIAN_POINT ('', (-80., -31.7702178334063, 3.3073769527416));
#8940 = CARTESIAN_POINT ('', (-80., -32.2870194031328, 3.20211814138499));
#8950 = CARTESIAN_POINT ('', (-80., -32.8017418817461, 3.09456730413428));
#8960 = CARTESIAN_POINT ('', (-80., -33.1449549776991, 3.02285321089201));
#8970 = CARTESIAN_POINT ('', (-79.9999999999999, -33.4886600157825, 2.94980871747306));
#8980 = CARTESIAN_POINT ('', (-79.9999999999999, -33.8313587996928, 2.87567583738858));
#8990 = CARTESIAN_POINT ('', (-79.9999999999999, -34.601607040463, 2.70905511053113));
#9000 = CARTESIAN_POINT ('', (-80., -35.3745129287181, 2.53534355248569));
#9010 = CARTESIAN_POINT ('', (-80., -36.14198205778, 2.35635764531674));
#9020 = CARTESIAN_POINT ('', (-80., -36.9093983376912, 2.17738406340339));
#9030 = CARTESIAN_POINT ('', (-80., -37.6796610451516, 1.99120181541788));
#9040 = CARTESIAN_POINT ('', (-80., -38.4440996271159, 1.79990899249977));
#9050 = CARTESIAN_POINT ('', (-80., -38.9540072589953, 1.67230989869287));
#9060 = CARTESIAN_POINT ('', (-80., -39.4652683701617, 1.5414939604405));
#9070 = CARTESIAN_POINT ('', (-80., -39.9737598415144, 1.40836340290127));
#9080 = CARTESIAN_POINT ('', (-80., -40.4821661691964, 1.27525513722923));
#9090 = CARTESIAN_POINT ('', (-80., -40.9920181775822, 1.13873098643946));
#9100 = CARTESIAN_POINT ('', (-80., -41.4989108471706, 0.999969947473513));
#9110 = CARTESIAN_POINT ('', (-80., -42.0057862601387, 0.861213632479143));
#9120 = CARTESIAN_POINT ('', (-80.0000000000001, -42.5141669117144, 0.718997683079777));
#9130 = CARTESIAN_POINT ('', (-80.0000000000001, -43.0194658329046, 0.574605856904094));
#9140 = CARTESIAN_POINT ('', (-80.0000000000001, -43.5247476615726, 0.430218915006594));
#9150 = CARTESIAN_POINT ('', (-80., -44.0315934496257, 0.282327993894497));
#9160 = CARTESIAN_POINT ('', (-80., -44.5352367711149, 0.132325593607388));
#9170 = CARTESIAN_POINT ('', (-80., -44.8711631866668, 0.0322750886118669));
#9180 = CARTESIAN_POINT ('', (-80., -45.2078063804903, -0.0693499178404553));
#9190 = CARTESIAN_POINT ('', (-80., -45.5429815279829, -0.171889084594958));
#9200 = CARTESIAN_POINT ('', (-80., -45.8781266641029, -0.274419070056772));
#9210 = CARTESIAN_POINT ('', (-80., -46.2140347015329, -0.378551546106511));
#9220 = CARTESIAN_POINT ('', (-80., -46.5483804910813, -0.483658887405668));
#9230 = CARTESIAN_POINT ('', (-80., -47.0495445023282, -0.64120840178159));
#9240 = CARTESIAN_POINT ('', (-80., -47.5525042369785, -0.802570068005362));
#9250 = CARTESIAN_POINT ('', (-80., -48.0517854899758, -0.965988078195993));
#9260 = CARTESIAN_POINT ('', (-80., -48.5510469850976, -1.12939962150513));
#9270 = CARTESIAN_POINT ('', (-80., -49.0521688960991, -1.29668112045708));
#9280 = CARTESIAN_POINT ('', (-80., -49.5494790613431, -1.46593824007954));
#9290 = CARTESIAN_POINT ('', (-80., -50.0467696928598, -1.635188711492));
#9300 = CARTESIAN_POINT ('', (-80., -50.5459842745813, -1.8083676095181));
#9310 = CARTESIAN_POINT ('', (-80., -51.0412561344286, -1.98343753586465));
#9320 = CARTESIAN_POINT ('', (-80., -51.3716403066588, -2.10022255312008));
#9330 = CARTESIAN_POINT ('', (-80., -51.7029030977253, -2.21877622426603));
#9340 = CARTESIAN_POINT ('', (-80., -52.0323648924768, -2.33813856051461));
#9350 = CARTESIAN_POINT ('', (-80., -52.3617814882212, -2.45748452139231));
#9360 = CARTESIAN_POINT ('', (-80., -52.6921422857836, -2.57866132339943));
#9370 = CARTESIAN_POINT ('', (-80., -53.0205679103107, -2.7007078763358));
#9380 = CARTESIAN_POINT ('', (-80., -53.5127815728192, -2.88361985497282));
#9390 = CARTESIAN_POINT ('', (-80., -54.0072049893303, -3.07087210890241));
#9400 = CARTESIAN_POINT ('', (-80., -54.4970977179931, -3.25991230540118));
#9410 = CARTESIAN_POINT ('', (-80., -54.986967194061, -3.44894352917015));
#9420 = CARTESIAN_POINT ('', (-80., -55.4791176969543, -3.64239207589225));
#9430 = CARTESIAN_POINT ('', (-80., -55.9665902099092, -3.83752140801897));
#9440 = CARTESIAN_POINT ('', (-80., -56.4540397760564, -4.03264155481704));
#9450 = CARTESIAN_POINT ('', (-80., -56.9438400299954, -4.23225684462552));
#9460 = CARTESIAN_POINT ('', (-80., -57.4288181708459, -4.43344122304681));
#9470 = CARTESIAN_POINT ('', (-80., -57.7523858028128, -4.56766738177704));
#9480 = CARTESIAN_POINT ('', (-80., -58.0770240886993, -4.70392166554309));
#9490 = CARTESIAN_POINT ('', (-80., -58.3994654113765, -4.84083137145999));
#9500 = CARTESIAN_POINT ('', (-80., -58.6145261322583, -4.93214690076537));
#9510 = CARTESIAN_POINT ('', (-80., -58.8300942224642, -5.0243787431991));
#9520 = CARTESIAN_POINT ('', (-80., -59.0446214763886, -5.11694059755717));
#9530 = CARTESIAN_POINT ('', (-80., -59.5264802050417, -5.32484768929892));
#9540 = CARTESIAN_POINT ('', (-80., -60.0110305553713, -5.53778294869014));
#9550 = CARTESIAN_POINT ('', (-80., -60.490056208292, -5.75213690134705));
#9560 = CARTESIAN_POINT ('', (-80., -60.9690535091387, -5.96647816704435));
#9570 = CARTESIAN_POINT ('', (-80., -61.4508226960557, -6.1859518170413));
#9580 = CARTESIAN_POINT ('', (-80., -61.9269005996553, -6.40670149904206));
#9590 = CARTESIAN_POINT ('', (-80., -62.4029505603516, -6.62743822436712));
#9600 = CARTESIAN_POINT ('', (-80., -62.8818504368545, -6.85341253217874));
#9610 = CARTESIAN_POINT ('', (-80., -63.3548968372932, -7.08051464581533));
#9620 = CARTESIAN_POINT ('', (-80., -63.8279157494518, -7.30760356276228));
#9630 = CARTESIAN_POINT ('', (-80., -64.3038601839947, -7.54003606436835));
#9640 = CARTESIAN_POINT ('', (-80., -64.773793724599, -7.77344286562931));
#9650 = CARTESIAN_POINT ('', (-80., -64.9829874455047, -7.87734529655108));
#9660 = CARTESIAN_POINT ('', (-80., -65.1928020998245, -7.98232422277533));
#9670 = CARTESIAN_POINT ('', (-80., -65.4013412370117, -8.087534280655));
#9680 = CARTESIAN_POINT ('', (-80., -65.8695218449606, -8.32373602928048));
#9690 = CARTESIAN_POINT ('', (-80., -66.3410184969718, -8.56594696829187));
#9700 = CARTESIAN_POINT ('', (-80., -66.8056982401862, -8.80896360138413));
#9710 = CARTESIAN_POINT ('', (-80., -67.2703421768651, -9.05196150849621));
#9720 = CARTESIAN_POINT ('', (-80., -67.7383935580326, -9.30111379181746));
#9730 = CARTESIAN_POINT ('', (-80., -68.1994370966157, -9.5508753306583));
#9740 = CARTESIAN_POINT ('', (-80., -68.660445401176, -9.80061778213963));
#9750 = CARTESIAN_POINT ('', (-80., -69.1249492867336, -10.0566610879483));
#9760 = CARTESIAN_POINT ('', (-80., -69.5822607876633, -10.3131101863341));
#9770 = CARTESIAN_POINT ('', (-80., -70.0395376908682, -10.5695398831625));
#9780 = CARTESIAN_POINT ('', (-79.9999999999999, -70.5003947917697, -10.832417922121));
#9790 = CARTESIAN_POINT ('', (-79.9999999999999, -70.9538818753021, -11.0954917153606));
#9800 = CARTESIAN_POINT ('', (-79.9999999999999, -71.2565530402303, -11.2710752200587));
#9810 = CARTESIAN_POINT ('', (-80., -71.5609322483968, -11.4495714596167));
#9820 = CARTESIAN_POINT ('', (-80., -71.8617964149726, -11.6282335833915));
#9830 = CARTESIAN_POINT ('', (-80., -72.1625340704642, -11.8068205811079));
#9840 = CARTESIAN_POINT ('', (-80., -72.4651021813562, -11.9887050292234));
#9850 = CARTESIAN_POINT ('', (-80., -72.7638990014291, -12.1705206322344));
#9860 = CARTESIAN_POINT ('', (-80., -73.0626816762582, -12.3523276279718));
#9870 = CARTESIAN_POINT ('', (-80., -73.3633266521747, -12.5374942439344));
#9880 = CARTESIAN_POINT ('', (-80., -73.6601331984735, -12.7225097690972));
#9890 = CARTESIAN_POINT ('', (-80., -73.9569257548032, -12.9075165735579));
#9900 = CARTESIAN_POINT ('', (-80., -74.2556115060015, -13.0959455827375));
#9910 = CARTESIAN_POINT ('', (-80., -74.5503935394026, -13.2841393445186));
#9920 = CARTESIAN_POINT ('', (-80., -74.8451617511326, -13.4723242823145));
#9930 = CARTESIAN_POINT ('', (-80., -75.1418530486498, -13.6639943628581));
#9940 = CARTESIAN_POINT ('', (-80., -75.4345772934801, -13.8553432221394));
#9950 = CARTESIAN_POINT ('', (-80., -75.7272878975166, -14.0466831646659));
#9960 = CARTESIAN_POINT ('', (-80., -76.021950426943, -14.2415714787446));
#9970 = CARTESIAN_POINT ('', (-80., -76.3125846197802, -14.43605087939));
#9980 = CARTESIAN_POINT ('', (-80., -76.6032053647899, -14.6305212813509));
#9990 = CARTESIAN_POINT ('', (-80., -76.8958057777326, -14.8286035102978));
#10000 = CARTESIAN_POINT ('', (-80., -77.1843187134789, -15.0261875192051));
#10010 = CARTESIAN_POINT ('', (-80., -77.3768730968443, -15.1580556688933));
#10020 = CARTESIAN_POINT ('', (-80., -77.5703181127094, -15.2915541281927));
#10030 = CARTESIAN_POINT ('', (-80., -77.7619233702854, -15.4247976073001));
#10040 = CARTESIAN_POINT ('', (-80., -77.9534660270604, -15.5579975534241));
#10050 = CARTESIAN_POINT ('', (-80., -78.1459963882236, -15.6929673111013));
#10060 = CARTESIAN_POINT ('', (-80., -78.3364866912774, -15.8276679401063));
#10070 = CARTESIAN_POINT ('', (-80., -78.6217883779858, -16.029412155112));
#10080 = CARTESIAN_POINT ('', (-80., -78.9093701609167, -16.2353587914064));
#10090 = CARTESIAN_POINT ('', (-80., -79.1922386469727, -16.4405006943012));
#10100 = CARTESIAN_POINT ('', (-80., -79.4615402315613, -16.6358036079815));
#10110 = CARTESIAN_POINT ('', (-80., -79.7329398269472, -16.8349958540504));
#10120 = CARTESIAN_POINT ('', (-80., -80., -17.0333526929114));
#10130 = B_SPLINE_CURVE_WITH_KNOTS ('', 3, (#6730, #6740, #6750, #6760, #6770, #6780, #6790, #6800, #6810, #6820, #6830, #6840, #6850, #6860, #6870, #6880, #6890, #6900, #6910, #6920, #6930, #6940, #6950, #6960, #6970, #6980, #6990, #7000, #7010, #7020, #7030, #7040, #7050, #7060, #7070, #7080, #7090, #7100, #7110, #7120, #7130, #7140, #7150, #7160, #7170, #7180, #7190, #7200, #7210, #7220, #7230, #7240, #7250, #7260, #7270, #7280, #7290, #7300, #7310, #7320, #7330, #7340, #7350, #7360, #7370, #7380, #7390, #7400, #7410, #7420, #7430, #7440, #7450, #7460, #7470, #7480, #7490, #7500, #7510, #7520, #7530, #7540, #7550, #7560, #7570, #7580, #7590, #7600, #7610, #7620, #7630, #7640, #7650, #7660, #7670, #7680, #7690, #7700, #7710, #7720, #7730, #7740, #7750, #7760, #7770, #7780, #7790, #7800, #7810, #7820, #7830, #7840, #7850, #7860, #7870, #7880, #7890, #7900, #7910, #7920, #7930, #7940, #7950, #7960, #7970, #7980, #7990, #8000, #8010, #8020, #8030, #8040, #8050, #8060, #8070, #8080, #8090, #8100, #8110, #8120, #8130, #8140, #8150, #8160, #8170, #8180, #8190, #8200, #8210, #8220, #8230, #8240, #8250, #8260, #8270, #8280, #8290, #8300, #8310, #8320, #8330, #8340, #8350, #8360, #8370, #8380, #8390, #8400, #8410, #8420, #8430, #8440, #8450, #8460, #8470, #8480, #8490, #8500, #8510, #8520, #8530, #8540, #8550, #8560, #8570, #8580, #8590, #8600, #8610, #8620, #8630, #8640, #8650, #8660, #8670, #8680, #8690, #8700, #8710, #8720, #8730, #8740, #8750, #8760, #8770, #8780, #8790, #8800, #8810, #8820, #8830, #8840, #8850, #8860, #8870, #8880, #8890, #8900, #8910, #8920, #8930, #8940, #8950, #8960, #8970, #8980, #8990, #9000, #9010, #9020, #9030, #9040, #9050, #9060, #9070, #9080, #9090, #9100, #9110, #9120, #9130, #9140, #9150, #9160, #9170, #9180, #9190, #9200, #9210, #9220, #9230, #9240, #9250, #9260, #9270, #9280, #9290, #9300, #9310, #9320, #9330, #9340, #9350, #9360, #9370, #9380, #9390, #9400, #9410, #9420, #9430, #9440, #9450, #9460, #9470, #9480, #9490, #9500, #9510, #9520, #9530, #9540, #9550, #9560, #9570, #9580, #9590, #9600, #9610, #9620, #9630, #9640, #9650, #9660, #9670, #9680, #9690, #9700, #9710, #9720, #9730, #9740, #9750, #9760, #9770, #9780, #9790, #9800, #9810, #9820, #9830, #9840, #9850, #9860, #9870, #9880, #9890, #9900, #9910, #9920, #9930, #9940, #9950, #9960, #9970, #9980, #9990, #10000, #10010, #10020, #10030, #10040, #10050, #10060, #10070, #10080, #10090, #10100, #10110, #10120), .UNSPECIFIED., .F., .U., (4, 3, 3, 3, 3, 3, 3, 3, 3, 3, 3, 3, 3, 3, 3, 3, 3, 3, 3, 3, 3, 3, 3, 3, 3, 3, 3, 3, 3, 3, 3, 3, 3, 3, 3, 3, 3, 3, 3, 3, 3, 3, 3, 3, 3, 3, 3, 3, 3, 3, 3, 3, 3, 3, 3, 3, 3, 3, 3, 3, 3, 3, 3, 3, 3, 3, 3, 3, 3, 3, 3, 3, 3, 3, 3, 3, 3, 3, 3, 3, 3, 3, 3, 3, 3, 3, 3, 3, 3, 3, 3, 3, 3, 3, 3, 3, 3, 3, 3, 3, 3, 3, 3, 3, 3, 3, 3, 3, 3, 3, 3, 3, 3, 4), (0., 1.05727373811512, 1.76094524014609, 2.81754895878539, 3.87409602587771, 4.93058609130372, 5.63395398921261, 6.68993426843826, 7.74587042578568, 8.80176211603449, 9.85760903114329, 10.9134109008375, 11.9691674930737, 12.6722893605123, 13.3752016943943, 14.9598985673715, 16.5444867203478, 18.1289649382754, 19.7133321905701, 20.4160620913379, 21.999549646824, 23.5829522838476, 25.1662690915725, 26.7494992887103, 27.452021911244, 29.0345875734863, 30.6170839796917, 32.1995104530761, 33.7818664130092, 35.3637343441593, 36.9455417646607, 38.5272903738225, 40.1089797124061, 41.1627457969702, 43.5363831256525, 45.9098481690619, 46.9634386230823, 48.0169331680952, 50.3894742694342, 52.7618616119855, 54.3424676540292, 55.9228586382107, 57.5032078335224, 59.0835150357271, 60.1367304856485, 61.1898251215131, 63.5604558853165, 65.9309597786231, 68.3013359159581, 70.6715837025562, 73.0417028364823, 75.4111307533793, 77.7804063777832, 79.3596777887945, 80.9387658017338, 82.5177829530725, 84.0967650374496, 85.6757120019729, 87.2546238278802, 88.8335005306002, 90.4123421597069, 91.9911487987696, 93.0436364560596, 96.5937173384525, 100.143381494018, 103.692630167563, 105.270821221648, 106.848625100961, 108.426387507187, 110.00410849822, 111.581788175739, 113.15942668517, 114.737024215504, 116.314580998965, 117.892097310528, 118.943973379097, 121.308165285702, 123.672194390273, 125.249085602786, 126.825712774871, 128.402286272365, 129.978806439808, 131.030333872612, 132.081767152308, 133.657801714379, 135.233773908608, 136.8096842006, 137.860936774267, 138.912045126135, 140.487348186946, 142.062576476523, 143.637730615334, 144.688641680694, 145.389574456377, 146.963969177717, 148.538270715413, 150.112479851099, 151.686597510976, 152.387325384091, 153.960493884099, 155.53354116145, 157.106468222858, 158.679276285077, 159.729016543812, 160.778315394786, 161.827564571242, 162.876764291365, 163.925914816855, 164.975016452491, 166.024069545532, 166.724210670663, 167.424123047398, 168.472397833197, 169.470395400321), .UNSPECIFIED.);
#10140 = EDGE_CURVE ('', #960, #2110, #10130, .T.);
#10150 = ORIENTED_EDGE ('', *, *, #10140, .T.);
#10160 = ORIENTED_EDGE ('', *, *, #2150, .T.);
#10170 = EDGE_LOOP ('', (#6710, #6720, #10150, #10160));
#10180 = FACE_OUTER_BOUND ('', #10170, .T.);
#10190 = CARTESIAN_POINT ('', (-80., -80., -17.0333526929114));
#10200 = CARTESIAN_POINT ('', (-80., 80., -17.0333526929114));
#10210 = CARTESIAN_POINT ('', (-80., -80., 67.0335329727452));
#10220 = CARTESIAN_POINT ('', (-80., 80., 67.0335329727452));
#10230 = B_SPLINE_SURFACE_WITH_KNOTS ('', 1, 1, ((#10190, #10200), (#10210, #10220)), .UNSPECIFIED., .F., .F., .U., (2, 2), (2, 2), (0.455799103208468, 0.5442010863679), (0., 1.), .UNSPECIFIED.);
#10240 = ADVANCED_FACE ('', (#10180), #10230, .T.);
#10250 = CARTESIAN_POINT ('', (80., -80., 67.0335329727451));
#10260 = CARTESIAN_POINT ('', (80., -79.7171822522744, 66.8234327567609));
#10270 = CARTESIAN_POINT ('', (80., -79.4366390559492, 66.617550313847));
#10280 = CARTESIAN_POINT ('', (80., -79.1513893281989, 66.4107640183544));
#10290 = CARTESIAN_POINT ('', (80., -78.8661570256106, 66.2039903548974));
#10300 = CARTESIAN_POINT ('', (80., -78.5831662878084, 66.0013503695031));
#10310 = CARTESIAN_POINT ('', (80., -78.2955399180845, 65.7979200724019));
#10320 = CARTESIAN_POINT ('', (80., -78.0079312079158, 65.5945022654231));
#10330 = CARTESIAN_POINT ('', (79.9999999999999, -77.722529659849, 65.3951345152677));
#10340 = CARTESIAN_POINT ('', (79.9999999999999, -77.4325661212354, 65.1950877191533));
#10350 = CARTESIAN_POINT ('', (79.9999999999999, -77.1426254522685, 64.9950567008832));
#10360 = CARTESIAN_POINT ('', (80., -76.8548241714239, 64.7990194651317));
#10370 = CARTESIAN_POINT ('', (80., -76.5626016064615, 64.6023370502646));
#10380 = CARTESIAN_POINT ('', (80., -76.2705094254669, 64.4057423912274));
#10390 = CARTESIAN_POINT ('', (80., -75.9804074204255, 64.212768357413));
#10400 = CARTESIAN_POINT ('', (80., -75.6861961395418, 64.0193594011547));
#10410 = CARTESIAN_POINT ('', (80., -75.3919989720304, 63.8259597227614));
#10420 = CARTESIAN_POINT ('', (80., -75.0997621694012, 63.6361156662576));
#10430 = CARTESIAN_POINT ('', (80., -74.8034794691699, 63.4459263644605));
#10440 = CARTESIAN_POINT ('', (80., -74.5072110729525, 63.2557462446723));
#10450 = CARTESIAN_POINT ('', (80., -74.2128721485825, 63.0690570596526));
#10460 = CARTESIAN_POINT ('', (80., -73.9145528138482, 62.882110502895));
#10470 = CARTESIAN_POINT ('', (80., -73.6162479606238, 62.695173021206));
#10480 = CARTESIAN_POINT ('', (80., -73.3198406556765, 62.5116621678891));
#10490 = CARTESIAN_POINT ('', (80., -73.0195204329481, 62.3279799114303));
#10500 = CARTESIAN_POINT ('', (80., -72.81955296078, 62.2056755385428));
#10510 = CARTESIAN_POINT ('', (80., -72.6203709230731, 62.0848624024931));
#10520 = CARTESIAN_POINT ('', (80., -72.4195685759824, 61.9639336343873));
#10530 = CARTESIAN_POINT ('', (80., -72.1181668973812, 61.7824211459808));
#10540 = CARTESIAN_POINT ('', (80., -71.8184289322302, 61.6039052497028));
#10550 = CARTESIAN_POINT ('', (80., -71.5152624999537, 61.4253559017571));
#10560 = CARTESIAN_POINT ('', (80., -71.2121063798853, 61.2468126271686));
#10570 = CARTESIAN_POINT ('', (80., -70.9105895387272, 61.0712208532952));
#10580 = CARTESIAN_POINT ('', (80., -70.6056957380272, 60.8956614493022));
#10590 = CARTESIAN_POINT ('', (80., -70.3008124006202, 60.7201080701265));
#10600 = CARTESIAN_POINT ('', (80., -69.9975431231118, 60.5474612310126));
#10610 = CARTESIAN_POINT ('', (80., -69.6909499370566, 60.3749113639221));
#10620 = CARTESIAN_POINT ('', (80., -69.3843673573738, 60.2023674660712));
#10630 = CARTESIAN_POINT ('', (80.0000000000001, -69.0793728659537, 60.0326853185105));
#10640 = CARTESIAN_POINT ('', (80.0000000000001, -68.7711089958719, 59.8631634578177));
#10650 = CARTESIAN_POINT ('', (80.0000000000001, -68.4628558669011, 59.6936475039252));
#10660 = CARTESIAN_POINT ('', (80., -68.1561641354824, 59.5269487207853));
#10670 = CARTESIAN_POINT ('', (80., -67.8462589662661, 59.3604721871916));
#10680 = CARTESIAN_POINT ('', (80., -67.5363646642484, 59.1940014912983));
#10690 = CARTESIAN_POINT ('', (80., -67.2280043851329, 59.0303036353063));
#10700 = CARTESIAN_POINT ('', (80., -66.9164879489981, 58.8668885777622));
#10710 = CARTESIAN_POINT ('', (80., -66.604982497216, 58.7034792823815));
#10720 = CARTESIAN_POINT ('', (80., -66.2949830463424, 58.542798782166));
#10730 = CARTESIAN_POINT ('', (80., -65.9818859851777, 58.3824601573844));
#10740 = CARTESIAN_POINT ('', (80., -65.6688000163335, 58.2221272130374));
#10750 = CARTESIAN_POINT ('', (79.9999999999999, -65.357191416981, 58.0644793415204));
#10760 = CARTESIAN_POINT ('', (79.9999999999999, -65.0425449434227, 57.9072308960355));
#10770 = CARTESIAN_POINT ('', (79.9999999999999, -64.8329761049545, 57.8024962911993));
#10780 = CARTESIAN_POINT ('', (80., -64.6240169493637, 57.6989405422616));
#10790 = CARTESIAN_POINT ('', (80., -64.4138034994806, 57.5955058237414));
#10800 = CARTESIAN_POINT ('', (80., -63.9401355160235, 57.3624393164932));
#10810 = CARTESIAN_POINT ('', (80., -63.4693452187132, 57.1346353242958));
#10820 = CARTESIAN_POINT ('', (80., -62.9926401552747, 56.9078454703664));
#10830 = CARTESIAN_POINT ('', (80., -62.5159613384954, 56.6810681031431));
#10840 = CARTESIAN_POINT ('', (80., -62.0420867831503, 56.4594539611976));
#10850 = CARTESIAN_POINT ('', (80., -61.562450309739, 56.2390009684204));
#10860 = CARTESIAN_POINT ('', (80., -61.0828405616764, 56.018560259286));
#10870 = CARTESIAN_POINT ('', (80., -60.6059592645053, 55.8031841573079));
#10880 = CARTESIAN_POINT ('', (80., -60.1234736092912, 55.5891112510516));
#10890 = CARTESIAN_POINT ('', (80., -59.6410151164821, 55.3750503964177));
#10900 = CARTESIAN_POINT ('', (80., -59.1612070538162, 55.1659563663613));
#10910 = CARTESIAN_POINT ('', (80., -58.6759565491733, 54.9583023403614));
#10920 = CARTESIAN_POINT ('', (80., -58.1907336005356, 54.750660106447));
#10930 = CARTESIAN_POINT ('', (80., -57.708081035653, 54.5478879073693));
#10940 = CARTESIAN_POINT ('', (80., -57.2201519272009, 54.3466870318374));
#10950 = CARTESIAN_POINT ('', (80., -56.8952049584324, 54.2126929464568));
#10960 = CARTESIAN_POINT ('', (80., -56.5713208395964, 54.0808399194624));
#10970 = CARTESIAN_POINT ('', (80., -56.2452543000717, 53.9495937414943));
#10980 = CARTESIAN_POINT ('', (80., -55.7559005536818, 53.752622261435));
#10990 = CARTESIAN_POINT ('', (80., -55.2687823704469, 53.559970762684));
#11000 = CARTESIAN_POINT ('', (80., -54.7770771076473, 53.3689451424189));
#11010 = CARTESIAN_POINT ('', (80., -54.2853928546389, 53.1779276843776));
#11020 = CARTESIAN_POINT ('', (80., -53.7958785789292, 52.9911619676397));
#11030 = CARTESIAN_POINT ('', (80., -53.3019128336677, 52.8061243594593));
#11040 = CARTESIAN_POINT ('', (80., -52.807968416989, 52.6210947408814));
#11050 = CARTESIAN_POINT ('', (80., -52.3161268474285, 52.4402492318949));
#11060 = CARTESIAN_POINT ('', (80., -51.819972475911, 52.2612299978915));
#11070 = CARTESIAN_POINT ('', (80., -51.3238397216124, 52.0822185636741));
#11080 = CARTESIAN_POINT ('', (80., -50.8297412709191, 51.9073243124843));
#11090 = CARTESIAN_POINT ('', (80., -50.3314714779971, 51.7343502770632));
#11100 = CARTESIAN_POINT ('', (80., -49.8332235597661, 51.5613838354268));
#11110 = CARTESIAN_POINT ('', (80., -49.3369401241083, 51.3924684476183));
#11120 = CARTESIAN_POINT ('', (80., -48.8366293230478, 51.2255628446686));
#11130 = CARTESIAN_POINT ('', (80., -48.5033883252113, 51.1143923691291));
#11140 = CARTESIAN_POINT ('', (80., -48.1709411348555, 51.0049122589779));
#11150 = CARTESIAN_POINT ('', (80., -47.8368667252155, 50.8962719069241));
#11160 = CARTESIAN_POINT ('', (80., -47.335496113956, 50.733227153585));
#11170 = CARTESIAN_POINT ('', (79.9999999999999, -46.835851036953, 50.5738587695914));
#11180 = CARTESIAN_POINT ('', (79.9999999999999, -46.3326696095615, 50.4164912616541));
#11190 = CARTESIAN_POINT ('', (79.9999999999999, -45.8295057987972, 50.25912926323));
#11200 = CARTESIAN_POINT ('', (80., -45.3280079612075, 50.1053957434449));
#11210 = CARTESIAN_POINT ('', (80., -44.8230963953988, 49.9537351693874));
#11220 = CARTESIAN_POINT ('', (80., -44.3182026608729, 49.8020799513225));
#11230 = CARTESIAN_POINT ('', (80., -43.814914321631, 49.6540058822266));
#11240 = CARTESIAN_POINT ('', (80., -43.3083368921374, 49.5080733763976));
#11250 = CARTESIAN_POINT ('', (80., -42.801777485299, 49.3621460624526));
#11260 = CARTESIAN_POINT ('', (80., -42.2967619821516, 49.2197531882318));
#11270 = CARTESIAN_POINT ('', (80., -41.7885838336512, 49.0795669442617));
#11280 = CARTESIAN_POINT ('', (80., -41.4499878181528, 48.9861617008918));
#11290 = CARTESIAN_POINT ('', (80., -41.1120546886018, 48.8943093063087));
#11300 = CARTESIAN_POINT ('', (80., -40.7727639363749, 48.8034600539527));
#11310 = CARTESIAN_POINT ('', (80., -40.4335287432075, 48.7126256782149));
#11320 = CARTESIAN_POINT ('', (80., -40.0949034956641, 48.6232540977937));
#11330 = CARTESIAN_POINT ('', (80., -39.7550291234954, 48.5348413654416));
#11340 = CARTESIAN_POINT ('', (80., -38.9895064915172, 48.3357032334939));
#11350 = CARTESIAN_POINT ('', (80., -38.2269358882488, 48.1438421646423));
#11360 = CARTESIAN_POINT ('', (80., -37.4583194521923, 47.9570008686446));
#11370 = CARTESIAN_POINT ('', (80., -36.6897548597013, 47.7701721751864));
#11380 = CARTESIAN_POINT ('', (80., -35.9239562865071, 47.5905078126809));
#11390 = CARTESIAN_POINT ('', (80., -35.1524937145156, 47.4160314717453));
#11400 = CARTESIAN_POINT ('', (80., -34.3810836868292, 47.2415670143909));
#11410 = CARTESIAN_POINT ('', (80., -33.6122504732227, 47.0741568676495));
#11420 = CARTESIAN_POINT ('', (80., -32.8381414271427, 46.91208755386));
#11430 = CARTESIAN_POINT ('', (80., -32.3224856299807, 46.8041286278911));
#11440 = CARTESIAN_POINT ('', (80., -31.807861170182, 46.6991577684689));
#11450 = CARTESIAN_POINT ('', (80., -31.2911255866028, 46.5964914765023));
#11460 = CARTESIAN_POINT ('', (80., -30.7744154139666, 46.4938302332441));
#11470 = CARTESIAN_POINT ('', (80., -30.2586828413463, 46.3941020100075));
#11480 = CARTESIAN_POINT ('', (80., -29.7409494287336, 46.2967323697825));
#11490 = CARTESIAN_POINT ('', (80., -29.2232297598163, 46.1993653143214));
#11500 = CARTESIAN_POINT ('', (80., -28.7064363961046, 46.1049077712192));
#11510 = CARTESIAN_POINT ('', (80., -28.1877473099928, 46.0128445808465));
#11520 = CARTESIAN_POINT ('', (80., -27.6690720674859, 45.9207838476037));
#11530 = CARTESIAN_POINT ('', (80., -27.1512713815671, 45.831609595233));
#11540 = CARTESIAN_POINT ('', (80., -26.6316809918617, 45.7448627640488));
#11550 = CARTESIAN_POINT ('', (80., -26.1121045296489, 45.6581182580921));
#11560 = CARTESIAN_POINT ('', (80., -25.5933504939771, 45.5742377012685));
#11570 = CARTESIAN_POINT ('', (80., -25.0729135276112, 45.4928148946413));
#11580 = CARTESIAN_POINT ('', (80., -24.7260777884826, 45.4385521478659));
#11590 = CARTESIAN_POINT ('', (80., -24.3795806100984, 45.3855510975344));
#11600 = CARTESIAN_POINT ('', (80., -24.0323906451543, 45.3336030093442));
#11610 = CARTESIAN_POINT ('', (80., -23.250828574451, 45.2166622579559));
#11620 = CARTESIAN_POINT ('', (80., -22.4708443005146, 45.1058730009624));
#11630 = CARTESIAN_POINT ('', (80., -21.6876310474741, 45.0005572378543));
#11640 = CARTESIAN_POINT ('', (80., -20.9044606149258, 44.895247232658));
#11650 = CARTESIAN_POINT ('', (80., -20.1227034292628, 44.7960368627008));
#11660 = CARTESIAN_POINT ('', (80., -19.3380540712728, 44.7023805301961));
#11670 = CARTESIAN_POINT ('', (80., -18.5534478634278, 44.6087293481248));
#11680 = CARTESIAN_POINT ('', (80., -17.770088940077, 44.5211282177507));
#11690 = CARTESIAN_POINT ('', (80., -16.9841774559368, 44.4391490472937));
#11700 = CARTESIAN_POINT ('', (80., -16.4604603645914, 44.3845196220097));
#11710 = CARTESIAN_POINT ('', (80., -15.9372274838672, 44.3325329929527));
#11720 = CARTESIAN_POINT ('', (80., -15.4130038701883, 44.2829994817149));
#11730 = CARTESIAN_POINT ('', (80., -14.8888118280273, 44.233468953647));
#11740 = CARTESIAN_POINT ('', (80., -14.3650554183104, 44.1865401026617));
#11750 = CARTESIAN_POINT ('', (80., -13.8404077136716, 44.1420951221475));
#11760 = CARTESIAN_POINT ('', (80., -13.3157720488579, 44.0976511615745));
#11770 = CARTESIAN_POINT ('', (80., -12.7915249206047, 44.0557998430378));
#11780 = CARTESIAN_POINT ('', (80., -12.2664828236875, 44.0164470427462));
#11790 = CARTESIAN_POINT ('', (80., -11.7414528082189, 43.9770951479797));
#11800 = CARTESIAN_POINT ('', (80., -11.2167640561024, 43.9403272866454));
#11810 = CARTESIAN_POINT ('', (80., -10.6913770145205, 43.906070239159));
#11820 = CARTESIAN_POINT ('', (80., -10.1660020829543, 43.8718139812873));
#11830 = CARTESIAN_POINT ('', (80., -9.64092102362295, 43.8401335824293));
#11840 = CARTESIAN_POINT ('', (80., -9.11523858669286, 43.8109739283708));
#11850 = CARTESIAN_POINT ('', (80., -8.58960380790121, 43.7818169179137));
#11860 = CARTESIAN_POINT ('', (80., -8.0642135582792, 43.755220776661));
#11870 = CARTESIAN_POINT ('', (80., -7.53832281413138, 43.7311173089896));
#11880 = CARTESIAN_POINT ('', (80., -7.01246946047914, 43.7070155550593));
#11890 = CARTESIAN_POINT ('', (80.0000000000001, -6.48681373816153, 43.6854476183556));
#11900 = CARTESIAN_POINT ('', (80.0000000000001, -5.96075343656564, 43.6663897282662));
#11910 = CARTESIAN_POINT ('', (80.0000000000001, -5.43470486022443, 43.6473322629545));
#11920 = CARTESIAN_POINT ('', (80., -4.90880762816493, 43.6308053228708));
#11930 = CARTESIAN_POINT ('', (80., -4.38260045165934, 43.6167946466293));
#11940 = CARTESIAN_POINT ('', (80., -3.85640501978512, 43.6027842830978));
#11950 = CARTESIAN_POINT ('', (80., -3.33031457164346, 43.5913015703466));
#11960 = CARTESIAN_POINT ('', (80., -2.80400896072063, 43.5823390526907));
#11970 = CARTESIAN_POINT ('', (80., -2.27771510129574, 43.5733767351523));
#11980 = CARTESIAN_POINT ('', (80., -1.75147984853582, 43.5669396137079));
#11990 = CARTESIAN_POINT ('', (80., -1.22512424616068, 43.5630243292599));
#12000 = CARTESIAN_POINT ('', (80., -0.698809359509311, 43.5591093476749));
#12010 = CARTESIAN_POINT ('', (80., -0.172506745558592, 43.5577166260928));
#12020 = CARTESIAN_POINT ('', (80., 0.353821493729625, 43.5588442427902));
#12030 = CARTESIAN_POINT ('', (80., 0.88010665708678, 43.5599717672007));
#12040 = CARTESIAN_POINT ('', (80., 1.40642581341635, 43.5636205965002));
#12050 = CARTESIAN_POINT ('', (80., 1.93267601212295, 43.5697909159751));
#12060 = CARTESIAN_POINT ('', (80., 2.45891449392365, 43.5759610980684));
#12070 = CARTESIAN_POINT ('', (80., 2.98523325766051, 43.5846548582927));
#12080 = CARTESIAN_POINT ('', (80., 3.51138843258442, 43.5958683669207));
#12090 = CARTESIAN_POINT ('', (80., 4.03753189113818, 43.6070816258475));
#12100 = CARTESIAN_POINT ('', (79.9999999999999, 4.56380190083808, 43.6208211548094));
#12110 = CARTESIAN_POINT ('', (79.9999999999999, 5.08981372858495, 43.6370764070395));
#12120 = CARTESIAN_POINT ('', (79.9999999999999, 5.61581385296632, 43.6533312976026));
#12130 = CARTESIAN_POINT ('', (80., 6.14198672119127, 43.6721155658822));
#12140 = CARTESIAN_POINT ('', (80., 6.66780696726147, 43.6934092536585));
#12150 = CARTESIAN_POINT ('', (80., 7.19359170724739, 43.7147015035757));
#12160 = CARTESIAN_POINT ('', (80., 7.71959674254774, 43.738524122603));
#12170 = CARTESIAN_POINT ('', (80., 8.24515196338631, 43.7648805745252));
#12180 = CARTESIAN_POINT ('', (80., 8.77065803186836, 43.79123456147));
#12190 = CARTESIAN_POINT ('', (80., 9.29643215694733, 43.8201509090115));
#12200 = CARTESIAN_POINT ('', (80., 9.82165879379157, 43.8515856125831));
#12210 = CARTESIAN_POINT ('', (80., 10.3468734216871, 43.8830195974216));
#12220 = CARTESIAN_POINT ('', (80., 10.8724031847972, 43.9170239154927));
#12230 = CARTESIAN_POINT ('', (80., 11.3972891923986, 43.9535366500176));
#12240 = CARTESIAN_POINT ('', (80., 11.9221632124205, 43.9900485506484));
#12250 = CARTESIAN_POINT ('', (80., 12.4473993279753, 44.0291391869698));
#12260 = CARTESIAN_POINT ('', (80., 12.9718956542305, 44.0707259580197));
#12270 = CARTESIAN_POINT ('', (80., 13.4963800271862, 44.1123117813049));
#12280 = CARTESIAN_POINT ('', (80., 14.0212732790466, 44.1564851642313));
#12290 = CARTESIAN_POINT ('', (80., 14.5453310600161, 44.203140071566));
#12300 = CARTESIAN_POINT ('', (80., 15.0693572612033, 44.2497921674706));
#12310 = CARTESIAN_POINT ('', (80., 15.5938443210093, 44.2990307362717));
#12320 = CARTESIAN_POINT ('', (80., 16.1173897134361, 44.3508004151556));
#12330 = CARTESIAN_POINT ('', (80., 16.6408762639391, 44.4025642755804));
#12340 = CARTESIAN_POINT ('', (80., 17.1648762691337, 44.4569886762017));
#12350 = CARTESIAN_POINT ('', (80., 17.6878269234496, 44.5139121243945));
#12360 = CARTESIAN_POINT ('', (80., 18.2107649453288, 44.5708341975401));
#12370 = CARTESIAN_POINT ('', (80., 18.7342651407254, 44.6304311077486));
#12380 = CARTESIAN_POINT ('', (80., 19.2566163093505, 44.6925081065008));
#12390 = CARTESIAN_POINT ('', (80., 19.7789548900872, 44.7545836092894));
#12400 = CARTESIAN_POINT ('', (80., 20.3019041330893, 44.8193486982419));
#12410 = CARTESIAN_POINT ('', (80., 20.8236051283837, 44.8865724476269));
#12420 = CARTESIAN_POINT ('', (80., 21.3452935942429, 44.9537945825324));
#12430 = CARTESIAN_POINT ('', (80., 21.8676409181147, 45.0237214900951));
#12440 = CARTESIAN_POINT ('', (80., 22.3886413556818, 45.0960831849805));
#12450 = CARTESIAN_POINT ('', (80., 22.909614418851, 45.1684410778387));
#12460 = CARTESIAN_POINT ('', (80., 23.4313046611711, 45.2434958896655));
#12470 = CARTESIAN_POINT ('', (80., 23.9515289293504, 45.3210543063859));
#12480 = CARTESIAN_POINT ('', (80., 24.4716787718027, 45.3986016272351));
#12490 = CARTESIAN_POINT ('', (80., 24.9926088104636, 45.4789729791099));
#12500 = CARTESIAN_POINT ('', (80., 25.5119436477122, 45.5618027587429));
#12510 = CARTESIAN_POINT ('', (80., 26.0312648222098, 45.6446303592756));
#12520 = CARTESIAN_POINT ('', (80., 26.5514175362568, 45.7303038498934));
#12530 = CARTESIAN_POINT ('', (80., 27.0698699071211, 45.8184062496156));
#12540 = CARTESIAN_POINT ('', (80., 27.5883086870289, 45.9065063397797));
#12550 = CARTESIAN_POINT ('', (80., 28.1076299845753, 45.9974746687652));
#12560 = CARTESIAN_POINT ('', (80., 28.6251465194046, 46.0908397081405));
#12570 = CARTESIAN_POINT ('', (80., 29.1426495506888, 46.1842023113443));
#12580 = CARTESIAN_POINT ('', (80., 29.6610856421949, 46.2804559683591));
#12590 = CARTESIAN_POINT ('', (80., 30.1776134159264, 46.3790714946692));
#12600 = CARTESIAN_POINT ('', (80., 30.5220587830286, 46.4448330333306));
#12610 = CARTESIAN_POINT ('', (80., 30.8669374271388, 46.5118882569828));
#12620 = CARTESIAN_POINT ('', (80., 31.2109297519627, 46.5799798963196));
#12630 = CARTESIAN_POINT ('', (80., 31.5548811172917, 46.6480634279199));
#12640 = CARTESIAN_POINT ('', (80., 31.8992995383103, 46.7174941338664));
#12650 = CARTESIAN_POINT ('', (80., 32.2427625301854, 46.7880000357402));
#12660 = CARTESIAN_POINT ('', (80., 33.014822447451, 46.9464880884713));
#12670 = CARTESIAN_POINT ('', (80., 33.7893851210514, 47.1119147880183));
#12680 = CARTESIAN_POINT ('', (80., 34.5588285152733, 47.2826538924879));
#12690 = CARTESIAN_POINT ('', (80., 35.3282208011805, 47.453381656048));
#12700 = CARTESIAN_POINT ('', (80., 36.1003004054219, 47.6311565421784));
#12710 = CARTESIAN_POINT ('', (80., 36.8668821540346, 47.8140906329259));
#12720 = CARTESIAN_POINT ('', (80., 37.633413418313, 47.9970126762879));
#12730 = CARTESIAN_POINT ('', (80., 38.4028133758512, 48.1870929018049));
#12740 = CARTESIAN_POINT ('', (80., 39.1663432189975, 48.3821642520566));
#12750 = CARTESIAN_POINT ('', (80., 39.5059762235047, 48.4689358031282));
#12760 = CARTESIAN_POINT ('', (80., 39.846232917173, 48.5571935942116));
#12770 = CARTESIAN_POINT ('', (80., 40.185213060749, 48.6464815670141));
#12780 = CARTESIAN_POINT ('', (80., 40.9469408181636, 48.8471220132935));
#12790 = CARTESIAN_POINT ('', (80., 41.7119860566272, 49.0555131333084));
#12800 = CARTESIAN_POINT ('', (80., 42.4702408633265, 49.2689034170996));
#12810 = CARTESIAN_POINT ('', (80., 43.2284369056632, 49.4822771632521));
#12820 = CARTESIAN_POINT ('', (80., 43.9901519691616, 49.7035543451431));
#12830 = CARTESIAN_POINT ('', (80., 44.7446623048267, 49.9296157251634));
#12840 = CARTESIAN_POINT ('', (80., 45.2480310778092, 50.0804317366885));
#12850 = CARTESIAN_POINT ('', (80., 45.7530378469146, 50.2348199643157));
#12860 = CARTESIAN_POINT ('', (80., 46.2546899048247, 50.3912514309097));
#12870 = CARTESIAN_POINT ('', (80., 46.5892945249481, 50.4955920602955));
#12880 = CARTESIAN_POINT ('', (80., 46.9246487023528, 50.601538034876));
#12890 = CARTESIAN_POINT ('', (80., 47.2584673968841, 50.7083663922065));
#12900 = CARTESIAN_POINT ('', (80., 47.7587641548903, 50.8684709091528));
#12910 = CARTESIAN_POINT ('', (80., 48.2609214073944, 51.0324863503682));
#12920 = CARTESIAN_POINT ('', (80., 48.7592672056952, 51.1985639458892));
#12930 = CARTESIAN_POINT ('', (80., 49.2575915315077, 51.3646343855372));
#12940 = CARTESIAN_POINT ('', (80., 49.7578444354503, 51.5346799779338));
#12950 = CARTESIAN_POINT ('', (80., 50.2541455957071, 51.7067023106382));
#12960 = CARTESIAN_POINT ('', (80., 50.7504259439217, 51.8787174297064));
#12970 = CARTESIAN_POINT ('', (80., 51.248701615645, 52.0547713411471));
#12980 = CARTESIAN_POINT ('', (80., 51.7428879124677, 52.2327131553584));
#12990 = CARTESIAN_POINT ('', (80., 52.2370536466, 52.4106475655554));
#13000 = CARTESIAN_POINT ('', (80., 52.7332801539564, 52.5926851050557));
#13010 = CARTESIAN_POINT ('', (80., 53.2252822136875, 52.7765176384738));
#13020 = CARTESIAN_POINT ('', (80., 53.7172639889453, 52.960342592765));
#13030 = CARTESIAN_POINT ('', (80., 54.2113705671897, 53.1483356197599));
#13040 = CARTESIAN_POINT ('', (80., 54.7011204353998, 53.3380268098404));
#13050 = CARTESIAN_POINT ('', (80., 55.0278241530239, 53.4645665416965));
#13060 = CARTESIAN_POINT ('', (80., 55.3555368045705, 53.5929563389328));
#13070 = CARTESIAN_POINT ('', (80., 55.681181385228, 53.7221973151593));
#13080 = CARTESIAN_POINT ('', (80., 56.169095251433, 53.9158393043965));
#13090 = CARTESIAN_POINT ('', (80., 56.6594563309902, 54.1141702606703));
#13100 = CARTESIAN_POINT ('', (80., 57.1447976590032, 54.3141726510395));
#13110 = CARTESIAN_POINT ('', (80., 57.6301122909615, 54.5141640403371));
#13120 = CARTESIAN_POINT ('', (80., 58.1179526946643, 54.7189373109979));
#13130 = CARTESIAN_POINT ('', (80., 58.6006107364422, 54.9252576020339));
#13140 = CARTESIAN_POINT ('', (80., 59.0832424149299, 55.1315666236384));
#13150 = CARTESIAN_POINT ('', (80., 59.5684765868765, 55.3427514687858));
#13160 = CARTESIAN_POINT ('', (80., 60.048369392886, 55.5553535483045));
#13170 = CARTESIAN_POINT ('', (80., 60.5282362105727, 55.767944114478));
#13180 = CARTESIAN_POINT ('', (80., 61.0107802287746, 55.9855053263708));
#13190 = CARTESIAN_POINT ('', (80., 61.4878278436219, 56.2043488428644));
#13200 = CARTESIAN_POINT ('', (80., 61.9648498858516, 56.423180628031));
#13210 = CARTESIAN_POINT ('', (80., 62.4446216507758, 56.647078606578));
#13220 = CARTESIAN_POINT ('', (80., 62.9187462863388, 56.8721190672167));
#13230 = CARTESIAN_POINT ('', (80., 63.1297876248117, 56.9722885932473));
#13240 = CARTESIAN_POINT ('', (80.0000000000001, 63.3414039708177, 57.0734667540532));
#13250 = CARTESIAN_POINT ('', (80.0000000000001, 63.5518396189911, 57.1749025389984));
#13260 = CARTESIAN_POINT ('', (80.0000000000001, 64.0243641637373, 57.4026723988976));
#13270 = CARTESIAN_POINT ('', (80., 64.4999730664887, 57.636068480507));
#13280 = CARTESIAN_POINT ('', (80., 64.9692445152145, 57.8704674179554));
#13290 = CARTESIAN_POINT ('', (80., 65.438483916154, 58.1048503476815));
#13300 = CARTESIAN_POINT ('', (80., 65.9108925744222, 58.3449860577725));
#13310 = CARTESIAN_POINT ('', (80., 66.3767867809989, 58.5859498754286));
#13320 = CARTESIAN_POINT ('', (80., 66.8426285383444, 58.826886565967));
#13330 = CARTESIAN_POINT ('', (80., 67.3117904204778, 59.0736642966188));
#13340 = CARTESIAN_POINT ('', (80., 67.7741274455132, 59.3212597469318));
#13350 = CARTESIAN_POINT ('', (80., 68.2362972874132, 59.5687656656228));
#13360 = CARTESIAN_POINT ('', (80., 68.7019868034422, 59.8226179828153));
#13370 = CARTESIAN_POINT ('', (80., 69.1604354854632, 60.0769503411619));
#13380 = CARTESIAN_POINT ('', (80., 69.6188474261142, 60.3312623165962));
#13390 = CARTESIAN_POINT ('', (80., 70.0808691691082, 60.5920755756792));
#13400 = CARTESIAN_POINT ('', (80., 70.5354611064452, 60.8531546033488));
#13410 = CARTESIAN_POINT ('', (80., 70.8389041318906, 61.0274265240092));
#13420 = CARTESIAN_POINT ('', (80., 71.1440086916962, 61.2046252369372));
#13430 = CARTESIAN_POINT ('', (80., 71.4456928233597, 61.3819245790809));
#13440 = CARTESIAN_POINT ('', (80., 71.7472800523703, 61.5591669716712));
#13450 = CARTESIAN_POINT ('', (80., 72.0506419848016, 61.7396055964671));
#13460 = CARTESIAN_POINT ('', (80., 72.3503480804008, 61.9200106371232));
#13470 = CARTESIAN_POINT ('', (80., 72.6500411016131, 62.1004078077849));
#13480 = CARTESIAN_POINT ('', (80., 72.9515386567487, 62.2840586314075));
#13490 = CARTESIAN_POINT ('', (80., 73.249317503756, 62.4675982849461));
#13500 = CARTESIAN_POINT ('', (80., 73.5470834318512, 62.6511299757545));
#13510 = CARTESIAN_POINT ('', (80., 73.8466828132639, 62.837973058825));
#13520 = CARTESIAN_POINT ('', (80., 74.1425023927804, 63.0246256929884));
#13530 = CARTESIAN_POINT ('', (80., 74.4383092202502, 63.2112702810207));
#13540 = CARTESIAN_POINT ('', (80., 74.7359774650254, 63.4012842635331));
#13550 = CARTESIAN_POINT ('', (80., 75.0298066810739, 63.5910269134986));
#13560 = CARTESIAN_POINT ('', (80., 75.2258756283462, 63.717640060182));
#13570 = CARTESIAN_POINT ('', (80., 75.4228215788703, 63.8457910694057));
#13580 = CARTESIAN_POINT ('', (80., 75.6179590372117, 63.9738351764532));
#13590 = CARTESIAN_POINT ('', (80., 75.9102590020927, 64.1656347843363));
#13600 = CARTESIAN_POINT ('', (80., 76.2046098369304, 64.3611636360966));
#13610 = CARTESIAN_POINT ('', (80., 76.494727841998, 64.5562479824423));
#13620 = CARTESIAN_POINT ('', (80., 76.7848299409201, 64.7513216330023));
#13630 = CARTESIAN_POINT ('', (80., 77.0770154814913, 64.9501985951321));
#13640 = CARTESIAN_POINT ('', (80., 77.3648988700571, 65.1485319295207));
#13650 = CARTESIAN_POINT ('', (80., 77.6527665524364, 65.3468544433464));
#13660 = CARTESIAN_POINT ('', (80., 77.9427490241109, 65.5490547496798));
#13670 = CARTESIAN_POINT ('', (80., 78.2283623981818, 65.7506102571718));
#13680 = CARTESIAN_POINT ('', (80., 78.5139602810714, 65.9521548326375));
#13690 = CARTESIAN_POINT ('', (80., 78.8017030203746, 66.1576520152358));
#13700 = CARTESIAN_POINT ('', (80., 79.0850122067276, 66.3624013047063));
#13710 = CARTESIAN_POINT ('', (80., 79.2740907779291, 66.4990495497066));
#13720 = CARTESIAN_POINT ('', (80., 79.4641842873654, 66.637524374325));
#13730 = CARTESIAN_POINT ('', (80., 79.6521798686724, 66.7756587667053));
#13740 = CARTESIAN_POINT ('', (80., 79.7681290264513, 66.860855271567));
#13750 = CARTESIAN_POINT ('', (80., 79.8844749895404, 66.94678860985));
#13760 = CARTESIAN_POINT ('', (80., 80., 67.0325593717014));
#13770 = B_SPLINE_CURVE_WITH_KNOTS ('', 3, (#10250, #10260, #10270, #10280, #10290, #10300, #10310, #10320, #10330, #10340, #10350, #10360, #10370, #10380, #10390, #10400, #10410, #10420, #10430, #10440, #10450, #10460, #10470, #10480, #10490, #10500, #10510, #10520, #10530, #10540, #10550, #10560, #10570, #10580, #10590, #10600, #10610, #10620, #10630, #10640, #10650, #10660, #10670, #10680, #10690, #10700, #10710, #10720, #10730, #10740, #10750, #10760, #10770, #10780, #10790, #10800, #10810, #10820, #10830, #10840, #10850, #10860, #10870, #10880, #10890, #10900, #10910, #10920, #10930, #10940, #10950, #10960, #10970, #10980, #10990, #11000, #11010, #11020, #11030, #11040, #11050, #11060, #11070, #11080, #11090, #11100, #11110, #11120, #11130, #11140, #11150, #11160, #11170, #11180, #11190, #11200, #11210, #11220, #11230, #11240, #11250, #11260, #11270, #11280, #11290, #11300, #11310, #11320, #11330, #11340, #11350, #11360, #11370, #11380, #11390, #11400, #11410, #11420, #11430, #11440, #11450, #11460, #11470, #11480, #11490, #11500, #11510, #11520, #11530, #11540, #11550, #11560, #11570, #11580, #11590, #11600, #11610, #11620, #11630, #11640, #11650, #11660, #11670, #11680, #11690, #11700, #11710, #11720, #11730, #11740, #11750, #11760, #11770, #11780, #11790, #11800, #11810, #11820, #11830, #11840, #11850, #11860, #11870, #11880, #11890, #11900, #11910, #11920, #11930, #11940, #11950, #11960, #11970, #11980, #11990, #12000, #12010, #12020, #12030, #12040, #12050, #12060, #12070, #12080, #12090, #12100, #12110, #12120, #12130, #12140, #12150, #12160, #12170, #12180, #12190, #12200, #12210, #12220, #12230, #12240, #12250, #12260, #12270, #12280, #12290, #12300, #12310, #12320, #12330, #12340, #12350, #12360, #12370, #12380, #12390, #12400, #12410, #12420, #12430, #12440, #12450, #12460, #12470, #12480, #12490, #12500, #12510, #12520, #12530, #12540, #12550, #12560, #12570, #12580, #12590, #12600, #12610, #12620, #12630, #12640, #12650, #12660, #12670, #12680, #12690, #12700, #12710, #12720, #12730, #12740, #12750, #12760, #12770, #12780, #12790, #12800, #12810, #12820, #12830, #12840, #12850, #12860, #12870, #12880, #12890, #12900, #12910, #12920, #12930, #12940, #12950, #12960, #12970, #12980, #12990, #13000, #13010, #13020, #13030, #13040, #13050, #13060, #13070, #13080, #13090, #13100, #13110, #13120, #13130, #13140, #13150, #13160, #13170, #13180, #13190, #13200, #13210, #13220, #13230, #13240, #13250, #13260, #13270, #13280, #13290, #13300, #13310, #13320, #13330, #13340, #13350, #13360, #13370, #13380, #13390, #13400, #13410, #13420, #13430, #13440, #13450, #13460, #13470, #13480, #13490, #13500, #13510, #13520, #13530, #13540, #13550, #13560, #13570, #13580, #13590, #13600, #13610, #13620, #13630, #13640, #13650, #13660, #13670, #13680, #13690, #13700, #13710, #13720, #13730, #13740, #13750, #13760), .UNSPECIFIED., .F., .U., (4, 3, 3, 3, 3, 3, 3, 3, 3, 3, 3, 3, 3, 3, 3, 3, 3, 3, 3, 3, 3, 3, 3, 3, 3, 3, 3, 3, 3, 3, 3, 3, 3, 3, 3, 3, 3, 3, 3, 3, 3, 3, 3, 3, 3, 3, 3, 3, 3, 3, 3, 3, 3, 3, 3, 3, 3, 3, 3, 3, 3, 3, 3, 3, 3, 3, 3, 3, 3, 3, 3, 3, 3, 3, 3, 3, 3, 3, 3, 3, 3, 3, 3, 3, 3, 3, 3, 3, 3, 3, 3, 3, 3, 3, 3, 3, 3, 3, 3, 3, 3, 3, 3, 3, 3, 3, 3, 3, 3, 3, 3, 3, 3, 3, 3, 3, 3, 4), (0., 1.0569540258056, 2.11384348504594, 3.17066805385977, 4.22740927010933, 5.28367898918739, 6.33989803880239, 7.39606609599725, 8.45218288293733, 9.15539561460134, 10.2109086641655, 11.2663858104464, 12.3218267350443, 13.3772311474166, 14.4325987853982, 15.4879294156409, 16.5432228339664, 17.5984788656342, 18.3013272984872, 19.8850356675308, 21.4686568399888, 23.0521897730609, 24.6356335582746, 26.2189874241892, 27.2734562605519, 28.8559807240476, 30.4384375687661, 32.0208260857466, 33.6031456587836, 35.1853957659363, 36.239281877163, 37.8209280869188, 39.4025189224695, 40.9840539031032, 42.5655326169989, 43.6192622838505, 44.6728194018518, 47.0458192040005, 49.4186589461176, 51.7913370741525, 53.3718446753959, 54.9522745537384, 56.5326624781599, 58.113008222658, 59.6933116063767, 60.746476019287, 63.1172627425658, 65.4879198482037, 67.8584465845284, 69.4381224034442, 71.0177030859295, 72.5972475195665, 74.1767556071943, 75.7562272876286, 77.3355557738554, 78.9147719708368, 80.4939529689787, 82.0730987207395, 83.6522092128952, 85.2311975545003, 86.8100566680156, 88.3888806283971, 89.9676694316866, 91.5464231081187, 93.1250701789922, 94.7035696074856, 96.2820329446666, 97.8604602322014, 99.4388515472931, 101.017147748343, 102.595266562701, 104.173347255899, 105.751389919693, 107.329394684415, 108.907316537632, 110.485012645939, 112.062667247943, 113.640280492561, 115.217852572559, 116.269852913798, 117.321727992352, 119.686205695431, 122.050526344111, 124.414691287082, 125.466318083258, 127.829445647714, 130.192390070983, 131.768819682008, 132.820306709382, 134.396178760585, 135.971982911358, 137.547720981885, 139.123393487231, 140.699001030071, 141.750061735087, 143.324867896961, 144.899587437093, 146.474220964387, 148.048769218295, 149.623233066959, 150.324055030375, 151.897721764533, 153.471281028835, 155.04466314568, 156.617476320517, 158.190163445672, 159.239942159592, 160.289383678639, 161.338779416821, 162.388129627756, 163.437434603812, 164.137624070298, 165.186450667731, 166.235219761705, 167.283931637502, 168.332586632959, 169.032451648903, 169.464104130273), .UNSPECIFIED.);
#13780 = EDGE_CURVE ('', #2010, #790, #13770, .T.);
#13790 = ORIENTED_EDGE ('', *, *, #13780, .F.);
#13800 = ORIENTED_EDGE ('', *, *, #3100, .F.);
#13810 = CARTESIAN_POINT ('', (80., -80., -17.0333526929113));
#13820 = CARTESIAN_POINT ('', (80., -79.7171193124161, -16.8232452915622));
#13830 = CARTESIAN_POINT ('', (80., -79.4365705520789, -16.617462384753));
#13840 = CARTESIAN_POINT ('', (80., -79.151196550987, -16.4107541773437));
#13850 = CARTESIAN_POINT ('', (80., -78.8658416212964, -16.2040597841403));
#13860 = CARTESIAN_POINT ('', (80., -78.5827824498935, -16.0015988435118));
#13870 = CARTESIAN_POINT ('', (80., -78.2949756508287, -15.7983323817123));
#13880 = CARTESIAN_POINT ('', (80., -78.0072284315193, -15.5951079987174));
#13890 = CARTESIAN_POINT ('', (80., -77.7216271834021, -15.3960195975757));
#13900 = CARTESIAN_POINT ('', (80., -77.431586503942, -15.196082066526));
#13910 = CARTESIAN_POINT ('', (80., -77.1417003350676, -14.9962510462772));
#13920 = CARTESIAN_POINT ('', (80., -76.8538134745336, -14.8000703934931));
#13930 = CARTESIAN_POINT ('', (80., -76.5617965024827, -14.6033662613743));
#13940 = CARTESIAN_POINT ('', (80., -76.2697929517219, -14.4066711699055));
#13950 = CARTESIAN_POINT ('', (80., -75.9797610482137, -14.2135632263617));
#13960 = CARTESIAN_POINT ('', (80., -75.6856580645963, -14.0200213247171));
#13970 = CARTESIAN_POINT ('', (80., -75.3915687063707, -13.826488389606));
#13980 = CARTESIAN_POINT ('', (80., -75.0994222175095, -13.6364795842744));
#13990 = CARTESIAN_POINT ('', (80., -74.8032658633465, -13.4461247538049));
#14000 = CARTESIAN_POINT ('', (80., -74.5071233268708, -13.2557788046695));
#14010 = CARTESIAN_POINT ('', (80., -74.2128938102867, -13.068894232316));
#14020 = CARTESIAN_POINT ('', (80., -73.9147177353212, -12.8817498747181));
#14030 = CARTESIAN_POINT ('', (80., -73.6165556580003, -12.6946143024671));
#14040 = CARTESIAN_POINT ('', (80., -73.3202757275264, -12.5108776816172));
#14050 = CARTESIAN_POINT ('', (80., -73.0201145408518, -12.326965722332));
#14060 = CARTESIAN_POINT ('', (80., -72.7199675189545, -12.1430624419568));
#14070 = CARTESIAN_POINT ('', (80., -72.4216707978935, -11.9624960761622));
#14080 = CARTESIAN_POINT ('', (80., -72.1195600160641, -11.7818369308387));
#14090 = CARTESIAN_POINT ('', (80., -71.9183749462888, -11.6615303249725));
#14100 = CARTESIAN_POINT ('', (80., -71.7179993461709, -11.5426823283392));
#14110 = CARTESIAN_POINT ('', (80., -71.5159558144647, -11.4238230711849));
#14120 = CARTESIAN_POINT ('', (80., -71.3139664671858, -11.3049956899373));
#14130 = CARTESIAN_POINT ('', (80., -71.1127081016671, -11.1875156137002));
#14140 = CARTESIAN_POINT ('', (80., -70.9099433892754, -11.0700161909058));
#14150 = CARTESIAN_POINT ('', (80., -70.4527606332548, -10.8050849348193));
#14160 = CARTESIAN_POINT ('', (80., -69.9991795285682, -10.5466385053495));
#14170 = CARTESIAN_POINT ('', (80., -69.5381806857495, -10.2884046776391));
#14180 = CARTESIAN_POINT ('', (80., -69.0772165133014, -10.0301902709374));
#14190 = CARTESIAN_POINT ('', (80., -68.6197684805454, -9.77831475379506));
#14200 = CARTESIAN_POINT ('', (80., -68.1550822282893, -9.52686031443631));
#14210 = CARTESIAN_POINT ('', (80., -67.6904313210786, -9.27542500124827));
#14220 = CARTESIAN_POINT ('', (80., -67.2292075012454, -9.03018362507791));
#14230 = CARTESIAN_POINT ('', (80., -66.7609319345126, -8.7855651959055));
#14240 = CARTESIAN_POINT ('', (80., -66.2926923243534, -8.54096554977706));
#14250 = CARTESIAN_POINT ('', (80., -65.8277874667943, -8.30241614918654));
#14260 = CARTESIAN_POINT ('', (80., -65.3560237665335, -8.06468451367209));
#14270 = CARTESIAN_POINT ('', (80., -65.1468033064551, -7.9592539302465));
#14280 = CARTESIAN_POINT ('', (80., -64.9381994931719, -7.85499958969869));
#14290 = CARTESIAN_POINT ('', (80., -64.7283271492205, -7.750872705172));
#14300 = CARTESIAN_POINT ('', (80., -64.2553852821863, -7.51622547986665));
#14310 = CARTESIAN_POINT ('', (80., -63.7853815433866, -7.28694429934701));
#14320 = CARTESIAN_POINT ('', (80., -63.3093382694054, -7.05865472176063));
#14330 = CARTESIAN_POINT ('', (80., -62.8333224975206, -6.83037833297935));
#14340 = CARTESIAN_POINT ('', (80., -62.3601686522446, -6.60736342010246));
#14350 = CARTESIAN_POINT ('', (80., -61.8811339324004, -6.38549214674344));
#14360 = CARTESIAN_POINT ('', (80., -61.4021271965234, -6.16363383452934));
#14370 = CARTESIAN_POINT ('', (80., -60.9259037512279, -5.94693321815822));
#14380 = CARTESIAN_POINT ('', (80., -60.4439628918366, -5.73152297754001));
#14390 = CARTESIAN_POINT ('', (80., -59.9620504532664, -5.51612544000722));
#14400 = CARTESIAN_POINT ('', (80., -59.4828404246337, -5.30578278023251));
#14410 = CARTESIAN_POINT ('', (80., -58.998080857859, -5.09687165069569));
#14420 = CARTESIAN_POINT ('', (80., -58.675268762639, -4.95775311841117));
#14430 = CARTESIAN_POINT ('', (80., -58.3535729201188, -4.82082637096224));
#14440 = CARTESIAN_POINT ('', (80., -58.0295844986279, -4.68446978848377));
#14450 = CARTESIAN_POINT ('', (80., -57.5432873767798, -4.47980255593521));
#14460 = CARTESIAN_POINT ('', (80., -57.0593784210534, -4.27968002460665));
#14470 = CARTESIAN_POINT ('', (80., -56.5705676715829, -4.08109095643084));
#14480 = CARTESIAN_POINT ('', (80., -56.0817797189512, -3.88251114992321));
#14490 = CARTESIAN_POINT ('', (80., -55.5953106209178, -3.68839919748584));
#14500 = CARTESIAN_POINT ('', (80., -55.1040832036528, -3.4959330271659));
#14510 = CARTESIAN_POINT ('', (80., -54.612878924663, -3.30347592257614));
#14520 = CARTESIAN_POINT ('', (80., -54.1239225061333, -3.1154105352325));
#14530 = CARTESIAN_POINT ('', (80., -53.6303545669996, -2.92909877966054));
#14540 = CARTESIAN_POINT ('', (80., -53.1368106221022, -2.74279608141981));
#14550 = CARTESIAN_POINT ('', (80., -52.6454335373769, -2.56083071412617));
#14560 = CARTESIAN_POINT ('', (80., -52.1496117238728, -2.38067786188656));
#14570 = CARTESIAN_POINT ('', (80., -51.6539554982887, -2.2005851746806));
#14580 = CARTESIAN_POINT ('', (80., -51.1602755350791, -2.02447622089019));
#14590 = CARTESIAN_POINT ('', (80., -50.6625431266446, -1.85020367704182));
#14600 = CARTESIAN_POINT ('', (80., -50.1648300415844, -1.67593789894453));
#14610 = CARTESIAN_POINT ('', (80., -49.6690303730179, -1.50559806040809));
#14620 = CARTESIAN_POINT ('', (80., -49.1693078975254, -1.33718094743052));
#14630 = CARTESIAN_POINT ('', (80., -48.6696050062833, -1.16877043476223));
#14640 = CARTESIAN_POINT ('', (80., -48.1717514335046, -1.00422866731561));
#14650 = CARTESIAN_POINT ('', (80., -47.670107172048, -0.841692162983036));
#14660 = CARTESIAN_POINT ('', (80., -47.1684827289903, -0.679162079960372));
#14670 = CARTESIAN_POINT ('', (80., -46.6686423715216, -0.52044422371039));
#14680 = CARTESIAN_POINT ('', (80., -46.1651456859203, -0.363810263954255));
#14690 = CARTESIAN_POINT ('', (80., -45.8297223599133, -0.259462638141569));
#14700 = CARTESIAN_POINT ('', (80., -45.4950400690467, -0.156777269072832));
#14710 = CARTESIAN_POINT ('', (80., -45.1588390046665, -0.0549633262557935));
#14720 = CARTESIAN_POINT ('', (80., -44.4014635779048, 0.174397572804723));
#14730 = CARTESIAN_POINT ('', (80., -43.647637496307, 0.39583465949589));
#14740 = CARTESIAN_POINT ('', (80., -42.8865387836146, 0.612520396494054));
#14750 = CARTESIAN_POINT ('', (80., -42.1254977475466, 0.829189712886536));
#14760 = CARTESIAN_POINT ('', (80., -41.3678068571457, 1.03808046583355));
#14770 = CARTESIAN_POINT ('', (80., -40.6032529072867, 1.24200768079123));
#14780 = CARTESIAN_POINT ('', (80., -40.2638954125782, 1.33252350218444));
#14790 = CARTESIAN_POINT ('', (80., -39.9251702276951, 1.42152520171681));
#14800 = CARTESIAN_POINT ('', (80., -39.5851501782078, 1.50951945768843));
#14810 = CARTESIAN_POINT ('', (80., -39.2451610206757, 1.5975057190885));
#14820 = CARTESIAN_POINT ('', (80., -38.9057667141407, 1.68402036227088));
#14830 = CARTESIAN_POINT ('', (80., -38.5651542274551, 1.7695618337828));
#14840 = CARTESIAN_POINT ('', (80., -37.7979884394314, 1.96222796601927));
#14850 = CARTESIAN_POINT ('', (80., -37.0336850259624, 2.14765563413603));
#14860 = CARTESIAN_POINT ('', (80., -36.2635198767762, 2.32795878941603));
#14870 = CARTESIAN_POINT ('', (80., -35.493407530337, 2.50824958305915));
#14880 = CARTESIAN_POINT ('', (80., -34.7259682041061, 2.68141525007128));
#14890 = CARTESIAN_POINT ('', (80., -33.9530557170564, 2.8492964097443));
#14900 = CARTESIAN_POINT ('', (80., -33.6099038323302, 2.92383102694488));
#14910 = CARTESIAN_POINT ('', (80., -33.2672491043523, 2.9969630634186));
#14920 = CARTESIAN_POINT ('', (80., -32.9235766489884, 3.06905930865012));
#14930 = CARTESIAN_POINT ('', (80., -32.1498466567374, 3.23137382176773));
#14940 = CARTESIAN_POINT ('', (80., -31.3783859164644, 3.38711027068671));
#14950 = CARTESIAN_POINT ('', (80., -30.6022797602814, 3.53765374086198));
#14960 = CARTESIAN_POINT ('', (80., -29.8262182953651, 3.68818854214795));
#14970 = CARTESIAN_POINT ('', (80., -29.0522583053396, 3.83221959168052));
#14980 = CARTESIAN_POINT ('', (80., -28.2739967795382, 3.97093196021205));
#14990 = CARTESIAN_POINT ('', (80., -27.4957805396218, 4.10963625727638));
#15000 = CARTESIAN_POINT ('', (80., -26.7194953604199, 4.2419089351661));
#15010 = CARTESIAN_POINT ('', (80., -25.9392577854628, 4.36875027195677));
#15020 = CARTESIAN_POINT ('', (80., -25.1590659758647, 4.49558416878364));
#15030 = CARTESIAN_POINT ('', (80., -24.3806326977097, 4.61605622063678));
#15040 = CARTESIAN_POINT ('', (80., -23.5986003665296, 4.73099764109712));
#15050 = CARTESIAN_POINT ('', (80., -22.8166141622482, 4.84593228192567));
#15060 = CARTESIAN_POINT ('', (80., -22.0362123790941, 4.95457233885487));
#15070 = CARTESIAN_POINT ('', (80., -21.2525680071352, 5.05759609167949));
#15080 = CARTESIAN_POINT ('', (80., -20.9045155171876, 5.10335367634092));
#15090 = CARTESIAN_POINT ('', (80., -20.556750658939, 5.14787553684908));
#15100 = CARTESIAN_POINT ('', (80., -20.2083973694388, 5.19128380803312));
#15110 = CARTESIAN_POINT ('', (80., -19.0319706029678, 5.33787823859066));
#15120 = CARTESIAN_POINT ('', (80., -17.8583320341996, 5.47114545798302));
#15130 = CARTESIAN_POINT ('', (80., -16.6789854601954, 5.5920235880331));
#15140 = CARTESIAN_POINT ('', (80., -15.499775815924, 5.71288768335379));
#15150 = CARTESIAN_POINT ('', (80., -14.3228194765758, 5.82053764394474));
#15160 = CARTESIAN_POINT ('', (80., -13.1412493994206, 5.91559377184869));
#15170 = CARTESIAN_POINT ('', (80., -11.9598176748217, 6.01063876942823));
#15180 = CARTESIAN_POINT ('', (80., -10.7800987312787, 6.09257187446678));
#15190 = CARTESIAN_POINT ('', (80., -9.59687155768091, 6.1617667233617));
#15200 = CARTESIAN_POINT ('', (80., -9.07127777414145, 6.19250332512647));
#15210 = CARTESIAN_POINT ('', (80., -8.54594541432298, 6.22066573369919));
#15220 = CARTESIAN_POINT ('', (80., -8.02007802605224, 6.24629879704877));
#15230 = CARTESIAN_POINT ('', (80., -7.66955401966242, 6.2633848614478));
#15240 = CARTESIAN_POINT ('', (80., -7.31912802954791, 6.2793256397427));
#15250 = CARTESIAN_POINT ('', (80., -6.96850147362196, 6.2941590793888));
#15260 = CARTESIAN_POINT ('', (80., -5.19314622272404, 6.36926641087725));
#15270 = CARTESIAN_POINT ('', (80., -3.41920731020106, 6.4156509426554));
#15280 = CARTESIAN_POINT ('', (80., -1.64235229397638, 6.4333605290812));
#15290 = CARTESIAN_POINT ('', (80., 0.134053328849234, 6.45106563648582));
#15300 = CARTESIAN_POINT ('', (80., 1.91082010369485, 6.44002652603626));
#15310 = CARTESIAN_POINT ('', (80., 3.68686916029181, 6.40027534749092));
#15320 = CARTESIAN_POINT ('', (80., 4.21302713006784, 6.388498983926));
#15330 = CARTESIAN_POINT ('', (80., 4.7393166298128, 6.37419809491544));
#15340 = CARTESIAN_POINT ('', (80., 5.26533776676627, 6.35738573708477));
#15350 = CARTESIAN_POINT ('', (80., 5.79129304230949, 6.3405754842752));
#15360 = CARTESIAN_POINT ('', (80., 6.31742634603186, 6.32123506585664));
#15370 = CARTESIAN_POINT ('', (80., 6.8431962268026, 6.29938171495612));
#15380 = CARTESIAN_POINT ('', (80., 7.3689472676898, 6.27752914712554));
#15390 = CARTESIAN_POINT ('', (80., 7.89492268317659, 6.25313960424614));
#15400 = CARTESIAN_POINT ('', (80., 8.42043991609969, 6.22624481635672));
#15410 = CARTESIAN_POINT ('', (80., 8.9459453980354, 6.19935062985635));
#15420 = CARTESIAN_POINT ('', (80., 9.47172149226651, 6.1699135608714));
#15430 = CARTESIAN_POINT ('', (80., 9.99694486164265, 6.13798048909329));
#15440 = CARTESIAN_POINT ('', (80., 10.5221565085583, 6.10604813002942));
#15450 = CARTESIAN_POINT ('', (80., 11.047684856779, 6.07156656935511));
#15460 = CARTESIAN_POINT ('', (80., 11.5725662347476, 6.03460052178325));
#15470 = CARTESIAN_POINT ('', (80., 11.9224847914483, 6.00995665641439));
#15480 = CARTESIAN_POINT ('', (80., 12.2725646568278, 5.98416634397063));
#15490 = CARTESIAN_POINT ('', (80., 12.6223149081671, 5.95723906947194));
#15500 = CARTESIAN_POINT ('', (80., 13.8018141254399, 5.86642941580374));
#15510 = CARTESIAN_POINT ('', (80., 14.9835222977119, 5.76227988642792));
#15520 = CARTESIAN_POINT ('', (80., 16.1607203615728, 5.64536318450422));
#15530 = CARTESIAN_POINT ('', (80., 17.3377748221173, 5.52846074494356));
#15540 = CARTESIAN_POINT ('', (80., 18.5175930719467, 5.39805914487951));
#15550 = CARTESIAN_POINT ('', (80., 19.6917662192786, 5.25508780667651));
#15560 = CARTESIAN_POINT ('', (80., 20.4747844530509, 5.15974482853555));
#15570 = CARTESIAN_POINT ('', (80., 21.2592343160143, 5.05833813323023));
#15580 = CARTESIAN_POINT ('', (80., 22.0407583033723, 4.95143586438295));
#15590 = CARTESIAN_POINT ('', (80., 22.8222403838418, 4.8445393278504));
#15600 = CARTESIAN_POINT ('', (80., 23.6053151504694, 4.73152727119995));
#15610 = CARTESIAN_POINT ('', (80., 24.38513436687, 4.61310809475492));
#15620 = CARTESIAN_POINT ('', (80., 24.7318569067653, 4.56045666380038));
#15630 = CARTESIAN_POINT ('', (80., 25.078927858597, 4.50656989086734));
#15640 = CARTESIAN_POINT ('', (80., 25.4252864279309, 4.4515750338173));
#15650 = CARTESIAN_POINT ('', (80., 26.2040134131561, 4.32792866550075));
#15660 = CARTESIAN_POINT ('', (80., 26.984640696238, 4.19784572163831));
#15670 = CARTESIAN_POINT ('', (80., 27.7613828751032, 4.06228861379271));
#15680 = CARTESIAN_POINT ('', (80., 28.5380785666221, 3.92673961892255));
#15690 = CARTESIAN_POINT ('', (80., 29.316848113512, 3.78467436377302));
#15700 = CARTESIAN_POINT ('', (80., 30.09137701833, 3.6372474231017));
#15710 = CARTESIAN_POINT ('', (80., 30.6079221372379, 3.5389261517772));
#15720 = CARTESIAN_POINT ('', (80., 31.1254672067617, 3.43770129532525));
#15730 = CARTESIAN_POINT ('', (80., 31.6409673376142, 3.33404056335085));
#15740 = CARTESIAN_POINT ('', (80., 32.1563995263927, 3.23039349369136));
#15750 = CARTESIAN_POINT ('', (80., 32.6729028317202, 3.12369881218157));
#15760 = CARTESIAN_POINT ('', (80., 33.1872150349615, 3.01462996293919));
#15770 = CARTESIAN_POINT ('', (80., 33.7015123169447, 2.90556427800916));
#15780 = CARTESIAN_POINT ('', (80., 34.2169349824158, 2.79342063565691));
#15790 = CARTESIAN_POINT ('', (80., 34.7300552660294, 2.67894534387383));
#15800 = CARTESIAN_POINT ('', (80., 35.2431607404289, 2.56447335597322));
#15810 = CARTESIAN_POINT ('', (80., 35.7574453010344, 2.44689254657949));
#15820 = CARTESIAN_POINT ('', (80., 36.2693173173603, 2.32702552536386));
#15830 = CARTESIAN_POINT ('', (80., 36.6106872150867, 2.24708563518025));
#15840 = CARTESIAN_POINT ('', (80., 36.9526009301696, 2.16575212086244));
#15850 = CARTESIAN_POINT ('', (80., 37.29340171378, 2.08341975173061));
#15860 = CARTESIAN_POINT ('', (80., 37.6341644114255, 2.00109658359794));
#15870 = CARTESIAN_POINT ('', (80., 37.9755093237297, 1.91732456407512));
#15880 = CARTESIAN_POINT ('', (80., 38.3156627065906, 1.83251892601763));
#15890 = CARTESIAN_POINT ('', (80., 39.080113191138, 1.64192928507345));
#15900 = CARTESIAN_POINT ('', (80., 39.8476587916425, 1.44384736618553));
#15910 = CARTESIAN_POINT ('', (80., 40.608870216567, 1.24070672248153));
#15920 = CARTESIAN_POINT ('', (80., 41.3700260272113, 1.03758092027924));
#15930 = CARTESIAN_POINT ('', (80., 42.1344709110681, 0.826825537242243));
#15940 = CARTESIAN_POINT ('', (80., 42.8921831359121, 0.611209109482424));
#15950 = CARTESIAN_POINT ('', (80., 43.3976390869427, 0.467375338589267));
#15960 = CARTESIAN_POINT ('', (80., 43.904663551202, 0.3201349729876));
#15970 = CARTESIAN_POINT ('', (80., 44.4084772602724, 0.170650463307488));
#15980 = CARTESIAN_POINT ('', (80., 44.9121868016519, 0.0211968607978789));
#15990 = CARTESIAN_POINT ('', (80., 45.4175713676962, -0.131926699023315));
#16000 = CARTESIAN_POINT ('', (80., 45.9195255572489, -0.287173834166987));
#16010 = CARTESIAN_POINT ('', (80., 46.421460896914, -0.442415139314414));
#16020 = CARTESIAN_POINT ('', (80., 46.9251341375186, -0.601379143374718));
#16030 = CARTESIAN_POINT ('', (80., 47.4252475916456, -0.762393059014971));
#16040 = CARTESIAN_POINT ('', (80., 47.9253423983928, -0.923400971042218));
#16050 = CARTESIAN_POINT ('', (80., 48.4272369411075, -1.08818496465396));
#16060 = CARTESIAN_POINT ('', (80., 48.9254443451928, -1.25494151170829));
#16070 = CARTESIAN_POINT ('', (80., 49.2577721853845, -1.36617599490941));
#16080 = CARTESIAN_POINT ('', (80., 49.5909227847329, -1.47910943494633));
#16090 = CARTESIAN_POINT ('', (80., 49.9223873821451, -1.5928904715118));
#16100 = CARTESIAN_POINT ('', (80., 50.2538125748376, -1.70665798171614));
#16110 = CARTESIAN_POINT ('', (80., 50.5861188159718, -1.82217307706828));
#16120 = CARTESIAN_POINT ('', (80., 50.9166198786979, -1.93859795527882));
#16130 = CARTESIAN_POINT ('', (80., 51.411970724539, -2.11309410189586));
#16140 = CARTESIAN_POINT ('', (80., 51.9093875631174, -2.29174050964312));
#16150 = CARTESIAN_POINT ('', (80., 52.4025698243056, -2.47227478037573));
#16160 = CARTESIAN_POINT ('', (80., 52.8957301120785, -2.65280100752117));
#16170 = CARTESIAN_POINT ('', (80., 53.3910253293343, -2.83754752374048));
#16180 = CARTESIAN_POINT ('', (80., 53.88194366469, -3.02408431940061));
#16190 = CARTESIAN_POINT ('', (80., 54.3728403027959, -3.21061287064376));
#16200 = CARTESIAN_POINT ('', (80., 54.8659393622375, -3.40143247176167));
#16210 = CARTESIAN_POINT ('', (80., 55.3545220867549, -3.59394047428539));
#16220 = CARTESIAN_POINT ('', (80., 55.6804768050614, -3.7223709090625));
#16230 = CARTESIAN_POINT ('', (80., 56.0074354372137, -3.8527359825753));
#16240 = CARTESIAN_POINT ('', (80., 56.3323348360883, -3.9838131948367));
#16250 = CARTESIAN_POINT ('', (80., 56.5490271978245, -4.07123542705103));
#16260 = CARTESIAN_POINT ('', (80., 56.7661951154179, -4.15953272998485));
#16270 = CARTESIAN_POINT ('', (80., 56.9823878004733, -4.24818344486449));
#16280 = CARTESIAN_POINT ('', (80., 57.4680507553765, -4.44733157113759));
#16290 = CARTESIAN_POINT ('', (80., 57.9562312234676, -4.65125304106543));
#16300 = CARTESIAN_POINT ('', (80., 58.4392464743262, -4.85673965717786));
#16310 = CARTESIAN_POINT ('', (80., 58.9222352381008, -5.06221500503061));
#16320 = CARTESIAN_POINT ('', (80., 59.4078186838744, -5.27255779240936));
#16330 = CARTESIAN_POINT ('', (80., 59.8880770102167, -5.48433646103904));
#16340 = CARTESIAN_POINT ('', (80., 60.3683092181995, -5.69610361230166));
#16350 = CARTESIAN_POINT ('', (80., 60.8512112862362, -5.91283320855147));
#16360 = CARTESIAN_POINT ('', (80., 61.3286322502687, -6.13086422249232));
#16370 = CARTESIAN_POINT ('', (80., 61.8060275058235, -6.34888349575584));
#16380 = CARTESIAN_POINT ('', (80., 62.2861656365062, -6.57196097494755));
#16390 = CARTESIAN_POINT ('', (80., 62.7606709450577, -6.79620045786015));
#16400 = CARTESIAN_POINT ('', (80., 62.9718697145816, -6.89600777722265));
#16410 = CARTESIAN_POINT ('', (80., 63.1836544835627, -6.99684706996511));
#16420 = CARTESIAN_POINT ('', (80., 63.3942359906735, -7.09795023564081));
#16430 = CARTESIAN_POINT ('', (80., 63.8670962681768, -7.32497715568611));
#16440 = CARTESIAN_POINT ('', (80., 64.3430553385802, -7.55765952743379));
#16450 = CARTESIAN_POINT ('', (80., 64.8126475736722, -7.79137130977898));
#16460 = CARTESIAN_POINT ('', (80., 65.2822068401148, -8.02506668392733));
#16470 = CARTESIAN_POINT ('', (80., 65.7549521440062, -8.26454725919379));
#16480 = CARTESIAN_POINT ('', (80., 66.2211487834323, -8.50488062347819));
#16490 = CARTESIAN_POINT ('', (80., 66.6873129693086, -8.7451972573314));
#16500 = CARTESIAN_POINT ('', (80., 67.1567475528148, -8.99142999540958));
#16510 = CARTESIAN_POINT ('', (80., 67.6194573004097, -9.23833245019881));
#16520 = CARTESIAN_POINT ('', (80., 68.0821351660689, -9.48521789275044));
#16530 = CARTESIAN_POINT ('', (80., 68.5481646759353, -9.738151254584));
#16540 = CARTESIAN_POINT ('', (80., 69.007299300078, -9.99156519663978));
#16550 = CARTESIAN_POINT ('', (80., 69.2117497786786, -10.1044092275907));
#16560 = CARTESIAN_POINT ('', (80., 69.4169064108605, -10.2184582158956));
#16570 = CARTESIAN_POINT ('', (80., 69.6206108007501, -10.3326435698645));
#16580 = CARTESIAN_POINT ('', (80., 69.925789565344, -10.5037098157999));
#16590 = CARTESIAN_POINT ('', (80., 70.2326725666143, -10.6778438657743));
#16600 = CARTESIAN_POINT ('', (80., 70.536047357909, -10.8520893100891));
#16610 = CARTESIAN_POINT ('', (80., 70.8394090922161, -11.0263272550314));
#16620 = CARTESIAN_POINT ('', (80., 71.1445059143436, -11.2036885343147));
#16630 = CARTESIAN_POINT ('', (80., 71.4460297544239, -11.3810880189891));
#16640 = CARTESIAN_POINT ('', (80., 71.7475406718569, -11.5584799007126));
#16650 = CARTESIAN_POINT ('', (80., 72.0508167110432, -11.7390510378359));
#16660 = CARTESIAN_POINT ('', (80., 72.3504565865174, -11.9195854059171));
#16670 = CARTESIAN_POINT ('', (80., 72.6500836853564, -12.1001120760183));
#16680 = CARTESIAN_POINT ('', (80., 72.951505076193, -12.2838742616678));
#16690 = CARTESIAN_POINT ('', (80., 73.2492288057845, -12.467522996525));
#16700 = CARTESIAN_POINT ('', (80., 73.5469399160682, -12.6511639472532));
#16710 = CARTESIAN_POINT ('', (80., 73.846473580436, -12.8380969596137));
#16720 = CARTESIAN_POINT ('', (80., 74.1422498598968, -13.0248382150423));
#16730 = CARTESIAN_POINT ('', (80., 74.4380136882949, -13.2115716093702));
#16740 = CARTESIAN_POINT ('', (80., 74.7356273824273, -13.4016538428984));
#16750 = CARTESIAN_POINT ('', (80., 75.0294258272484, -13.5914644763376));
#16760 = CARTESIAN_POINT ('', (80., 75.2254905355114, -13.7181335146748));
#16770 = CARTESIAN_POINT ('', (80., 75.4223879512897, -13.8463133047298));
#16780 = CARTESIAN_POINT ('', (80., 75.6175672471202, -13.9743424325821));
#16790 = CARTESIAN_POINT ('', (80., 75.8127133602959, -14.1023497940563));
#16800 = CARTESIAN_POINT ('', (80., 76.0087513406457, -14.2319340452163));
#16810 = CARTESIAN_POINT ('', (80., 76.2029494617274, -14.3613750736714));
#16820 = CARTESIAN_POINT ('', (80., 76.4938533363443, -14.5552744610714));
#16830 = CARTESIAN_POINT ('', (80., 76.7868234984262, -14.7529403845392));
#16840 = CARTESIAN_POINT ('', (80., 77.0755276883271, -14.9501000341505));
#16850 = CARTESIAN_POINT ('', (80., 77.3642162804444, -15.1472490318431));
#16860 = CARTESIAN_POINT ('', (80., 77.6550025939193, -15.34823815028));
#16870 = CARTESIAN_POINT ('', (80., 77.941455878257, -15.548621149564));
#16880 = CARTESIAN_POINT ('', (80., 78.227893775978, -15.74899338543));
#16890 = CARTESIAN_POINT ('', (80., 78.5164595704416, -15.9532796659615));
#16900 = CARTESIAN_POINT ('', (80., 78.800627726542, -16.1568580567973));
#16910 = CARTESIAN_POINT ('', (80., 78.9902691884359, -16.2927174161917));
#16920 = CARTESIAN_POINT ('', (80., 79.180930478255, -16.4304002936252));
#16930 = CARTESIAN_POINT ('', (80., 79.3694843200787, -16.5677651302387));
#16940 = CARTESIAN_POINT ('', (80., 79.5796861784488, -16.7209009329971));
#16950 = CARTESIAN_POINT ('', (80., 79.7911996844678, -16.8764693375545));
#16960 = CARTESIAN_POINT ('', (80., 80., -17.0315106984308));
#16970 = B_SPLINE_CURVE_WITH_KNOTS ('', 3, (#13810, #13820, #13830, #13840, #13850, #13860, #13870, #13880, #13890, #13900, #13910, #13920, #13930, #13940, #13950, #13960, #13970, #13980, #13990, #14000, #14010, #14020, #14030, #14040, #14050, #14060, #14070, #14080, #14090, #14100, #14110, #14120, #14130, #14140, #14150, #14160, #14170, #14180, #14190, #14200, #14210, #14220, #14230, #14240, #14250, #14260, #14270, #14280, #14290, #14300, #14310, #14320, #14330, #14340, #14350, #14360, #14370, #14380, #14390, #14400, #14410, #14420, #14430, #14440, #14450, #14460, #14470, #14480, #14490, #14500, #14510, #14520, #14530, #14540, #14550, #14560, #14570, #14580, #14590, #14600, #14610, #14620, #14630, #14640, #14650, #14660, #14670, #14680, #14690, #14700, #14710, #14720, #14730, #14740, #14750, #14760, #14770, #14780, #14790, #14800, #14810, #14820, #14830, #14840, #14850, #14860, #14870, #14880, #14890, #14900, #14910, #14920, #14930, #14940, #14950, #14960, #14970, #14980, #14990, #15000, #15010, #15020, #15030, #15040, #15050, #15060, #15070, #15080, #15090, #15100, #15110, #15120, #15130, #15140, #15150, #15160, #15170, #15180, #15190, #15200, #15210, #15220, #15230, #15240, #15250, #15260, #15270, #15280, #15290, #15300, #15310, #15320, #15330, #15340, #15350, #15360, #15370, #15380, #15390, #15400, #15410, #15420, #15430, #15440, #15450, #15460, #15470, #15480, #15490, #15500, #15510, #15520, #15530, #15540, #15550, #15560, #15570, #15580, #15590, #15600, #15610, #15620, #15630, #15640, #15650, #15660, #15670, #15680, #15690, #15700, #15710, #15720, #15730, #15740, #15750, #15760, #15770, #15780, #15790, #15800, #15810, #15820, #15830, #15840, #15850, #15860, #15870, #15880, #15890, #15900, #15910, #15920, #15930, #15940, #15950, #15960, #15970, #15980, #15990, #16000, #16010, #16020, #16030, #16040, #16050, #16060, #16070, #16080, #16090, #16100, #16110, #16120, #16130, #16140, #16150, #16160, #16170, #16180, #16190, #16200, #16210, #16220, #16230, #16240, #16250, #16260, #16270, #16280, #16290, #16300, #16310, #16320, #16330, #16340, #16350, #16360, #16370, #16380, #16390, #16400, #16410, #16420, #16430, #16440, #16450, #16460, #16470, #16480, #16490, #16500, #16510, #16520, #16530, #16540, #16550, #16560, #16570, #16580, #16590, #16600, #16610, #16620, #16630, #16640, #16650, #16660, #16670, #16680, #16690, #16700, #16710, #16720, #16730, #16740, #16750, #16760, #16770, #16780, #16790, #16800, #16810, #16820, #16830, #16840, #16850, #16860, #16870, #16880, #16890, #16900, #16910, #16920, #16930, #16940, #16950, #16960), .UNSPECIFIED., .F., .U., (4, 3, 3, 3, 3, 3, 3, 3, 3, 3, 3, 3, 3, 3, 3, 3, 3, 3, 3, 3, 3, 3, 3, 3, 3, 3, 3, 3, 3, 3, 3, 3, 3, 3, 3, 3, 3, 3, 3, 3, 3, 3, 3, 3, 3, 3, 3, 3, 3, 3, 3, 3, 3, 3, 3, 3, 3, 3, 3, 3, 3, 3, 3, 3, 3, 3, 3, 3, 3, 3, 3, 3, 3, 3, 3, 3, 3, 3, 3, 3, 3, 3, 3, 3, 3, 3, 3, 3, 3, 3, 3, 3, 3, 3, 3, 3, 3, 3, 3, 3, 3, 3, 3, 3, 3, 4), (0., 1.05711845674284, 2.11416626678925, 3.17099525417342, 4.22726124720036, 5.28347869355494, 6.33964720678949, 7.3957664426539, 8.45183609981975, 9.50785592045705, 10.2110927265474, 10.9141409372234, 12.4993354948999, 14.084410834744, 15.6693656103157, 17.2541986850189, 17.9570495081185, 19.5409055525353, 21.1246700940071, 22.7083421160579, 24.2919207464439, 25.3464607094649, 26.9292942765753, 28.5120540245202, 30.0947392197643, 31.6773474745922, 33.2594271911386, 34.8414454868937, 36.4234017829515, 38.0052955808542, 39.0591338567681, 41.4331632651208, 43.8070127677661, 44.8606776140222, 45.9142467313139, 48.2872137060999, 50.6600179895786, 51.7134778257237, 54.085193853982, 56.4567733094373, 58.828214766198, 61.1995171244676, 63.5706796153442, 64.6238218805749, 68.1803973086319, 71.7365597953759, 75.2923058834823, 76.8717811368023, 77.9246016884017, 83.2554314927762, 88.5849130499928, 90.1637822741779, 91.7424538132389, 93.3210687838485, 94.8996484553596, 96.4781928945509, 97.5305487506254, 101.079518061668, 104.628054443215, 106.994459003113, 109.360736671638, 110.412828984925, 112.778275513012, 115.143580471175, 116.721038359792, 118.298288342041, 119.875492565013, 121.452651268141, 122.504465956215, 123.556163099437, 125.919715635566, 128.283095490008, 129.859662916011, 131.435904373535, 133.012086638458, 134.588210133378, 135.639558854106, 136.690782589837, 138.266343534687, 139.841834281443, 141.417255395809, 142.468287124479, 143.169275025145, 144.74399923518, 146.31863709214, 147.893189314024, 149.467656748385, 150.16844044627, 151.742048586879, 153.315546249223, 154.88893437499, 156.462214090118, 157.16278811311, 158.212349759569, 159.261866233807, 160.311337728081, 161.360764472922, 162.410146736798, 163.459484825649, 164.159754585024, 164.859905290739, 165.908713342916, 166.957464731277, 168.006159786767, 168.706013233168, 169.48621741038), .UNSPECIFIED.);
#16980 = EDGE_CURVE ('', #2180, #890, #16970, .T.);
#16990 = ORIENTED_EDGE ('', *, *, #16980, .T.);
#17000 = ORIENTED_EDGE ('', *, *, #930, .T.);
#17010 = EDGE_LOOP ('', (#13790, #13800, #16990, #17000));
#17020 = FACE_OUTER_BOUND ('', #17010, .T.);
#17030 = CARTESIAN_POINT ('', (80., 80., -17.0333526929113));
#17040 = CARTESIAN_POINT ('', (80., -80., -17.0333526929113));
#17050 = CARTESIAN_POINT ('', (80., 80., 67.0335329727451));
#17060 = CARTESIAN_POINT ('', (80., -80., 67.0335329727451));
#17070 = B_SPLINE_SURFACE_WITH_KNOTS ('', 1, 1, ((#17030, #17040), (#17050, #17060)), .UNSPECIFIED., .F., .F., .U., (2, 2), (2, 2), (0.455799103208468, 0.5442010863679), (0., 1.), .UNSPECIFIED.);
#17080 = ADVANCED_FACE ('', (#17020), #17070, .T.);
#17090 = ORIENTED_EDGE ('', *, *, #3050, .F.);
#17100 = ORIENTED_EDGE ('', *, *, #10140, .F.);
#17110 = ORIENTED_EDGE ('', *, *, #1830, .F.);
#17120 = ORIENTED_EDGE ('', *, *, #16980, .F.);
#17130 = EDGE_LOOP ('', (#17090, #17100, #17110, #17120));
#17140 = FACE_OUTER_BOUND ('', #17130, .T.);
#17150 = CARTESIAN_POINT ('', (83.7113262381266, -80.0000000000452, -16.4454488678946));
#17160 = CARTESIAN_POINT ('', (83.5860235980459, -78.9330809923277, -15.6724115608912));
#17170 = CARTESIAN_POINT ('', (83.121877047599, -74.7206693940191, -12.8089236153749));
#17180 = CARTESIAN_POINT ('', (82.5259135409987, -68.2993689680132, -9.13220919085895));
#17190 = CARTESIAN_POINT ('', (82.0191623866962, -61.8850782464474, -6.00587803462331));
#17200 = CARTESIAN_POINT ('', (81.5865550248218, -55.4749638991909, -3.33696675072769));
#17210 = CARTESIAN_POINT ('', (81.2178551447801, -49.0674605859492, -1.06232383676886));
#17220 = CARTESIAN_POINT ('', (80.9057983509204, -42.6616688953608, 0.86286739146129));
#17230 = CARTESIAN_POINT ('', (80.6450840540169, -36.2570372646688, 2.47130818605079));
#17240 = CARTESIAN_POINT ('', (80.3266304160427, -26.6836056976749, 4.43596385927936));
#17250 = CARTESIAN_POINT ('', (80.0738472210687, -13.8611121067834, 5.99547481748892));
#17260 = CARTESIAN_POINT ('', (79.9823889057822, -1.04100261201894, 6.55971424378197));
#17270 = CARTESIAN_POINT ('', (80.0317356878376, 8.56304385942552, 6.25527609718912));
#17280 = CARTESIAN_POINT ('', (80.1405641102081, 18.1889703103624, 5.58387419775151));
#17290 = CARTESIAN_POINT ('', (80.3721187483968, 27.7715990831882, 4.15532988444511));
#17300 = CARTESIAN_POINT ('', (80.5706651005888, 34.1752665641404, 2.930425626123));
#17310 = CARTESIAN_POINT ('', (80.815580218073, 40.5796648667877, 1.41945568372987));
#17320 = CARTESIAN_POINT ('', (81.1104300939304, 46.985115234459, -0.399579843824486));
#17330 = CARTESIAN_POINT ('', (81.4600171291268, 53.3921063062248, -2.55630870506341));
#17340 = CARTESIAN_POINT ('', (81.8708819541942, 59.8014214441374, -5.09108241540222));
#17350 = CARTESIAN_POINT ('', (82.3521447395424, 66.2143957688576, -8.06016660474538));
#17360 = CARTESIAN_POINT ('', (82.9170115218232, 72.6334856668827, -11.5450340896507));
#17370 = CARTESIAN_POINT ('', (83.4116399184335, 77.3852284435774, -14.5965755690387));
#17380 = CARTESIAN_POINT ('', (83.6505338280301, 79.4847042773469, -16.0703985021801));
#17390 = CARTESIAN_POINT ('', (83.7110349793486, 80.0000000000452, -16.4436519871481));
#17400 = CARTESIAN_POINT ('', (42.1270344327619, -80.0000000000452, -23.1859017566387));
#17410 = CARTESIAN_POINT ('', (42.0639769127056, -78.9330809923277, -22.4027750557593));
#17420 = CARTESIAN_POINT ('', (41.8303989897266, -74.7206693940191, -19.5019139362969));
#17430 = CARTESIAN_POINT ('', (41.5304852708613, -68.2993689680132, -15.7772124099134));
#17440 = CARTESIAN_POINT ('', (41.2754669324179, -61.8850782464474, -12.610077548428));
#17450 = CARTESIAN_POINT ('', (41.0577608459355, -55.4749638991909, -9.90633263241733));
#17460 = CARTESIAN_POINT ('', (40.8722156725418, -49.0674605859492, -7.60200192968262));
#17470 = CARTESIAN_POINT ('', (40.7151756650462, -42.6616688953608, -5.65168382541134));
#17480 = CARTESIAN_POINT ('', (40.5839733456429, -36.2570372646688, -4.0222502630009));
#17490 = CARTESIAN_POINT ('', (40.4237141791113, -26.6836056976749, -2.03195263855167));
#17500 = CARTESIAN_POINT ('', (40.2965031213339, -13.8611121067834, -0.452087526449703));
#17510 = CARTESIAN_POINT ('', (40.250477478564, -1.04100261201894, 0.119516141854261));
#17520 = CARTESIAN_POINT ('', (40.2753108395942, 8.56304385942552, -0.188895417592051));
#17530 = CARTESIAN_POINT ('', (40.3300778454761, 18.1889703103624, -0.869060203569746));
#17540 = CARTESIAN_POINT ('', (40.4466058071559, 27.7715990831882, -2.31624934309048));
#17550 = CARTESIAN_POINT ('', (40.5465226211782, 34.1752665641404, -3.55714059377459));
#17560 = CARTESIAN_POINT ('', (40.6697741338589, 40.5796648667877, -5.08783115087221));
#17570 = CARTESIAN_POINT ('', (40.818154901802, 46.985115234459, -6.93060804995634));
#17580 = CARTESIAN_POINT ('', (40.9940816936804, 53.3921063062248, -9.1154857298456));
#17590 = CARTESIAN_POINT ('', (41.2008460278589, 59.8014214441374, -11.6833423588462));
#17600 = CARTESIAN_POINT ('', (41.4430375548681, 66.2143957688576, -14.6911779248253));
#17610 = CARTESIAN_POINT ('', (41.7273021037222, 72.6334856668827, -18.221528597078));
#17620 = CARTESIAN_POINT ('', (41.9762197643522, 77.3852284435774, -21.3128976548189));
#17630 = CARTESIAN_POINT ('', (42.0964411538297, 79.4847042773469, -22.8059563737902));
#17640 = CARTESIAN_POINT ('', (42.1268878591843, 80.0000000000452, -23.1840814236766));
#17650 = CARTESIAN_POINT ('', (-2.48075218635436E-14, -80.0000000000452, -23.1859017566387));
#17660 = CARTESIAN_POINT ('', (-2.48554745439215E-14, -78.9330809923277, -22.4027750557593));
#17670 = CARTESIAN_POINT ('', (-2.50331010581575E-14, -74.7206693940191, -19.5019139362969));
#17680 = CARTESIAN_POINT ('', (-2.52611732482608E-14, -68.2993689680132, -15.7772124099134));
#17690 = CARTESIAN_POINT ('', (-2.54551043267901E-14, -61.8850782464474, -12.610077548428));
#17700 = CARTESIAN_POINT ('', (-2.56206609546452E-14, -55.4749638991909, -9.90633263241733));
#17710 = CARTESIAN_POINT ('', (-2.57617605156093E-14, -49.0674605859492, -7.60200192968261));
#17720 = CARTESIAN_POINT ('', (-2.5881183056795E-14, -42.6616688953608, -5.65168382541134));
#17730 = CARTESIAN_POINT ('', (-2.59809570866265E-14, -36.2570372646688, -4.0222502630009));
#17740 = CARTESIAN_POINT ('', (-2.61028276673831E-14, -26.6836056976749, -2.03195263855167));
#17750 = CARTESIAN_POINT ('', (-2.61995665050141E-14, -13.8611121067834, -0.452087526449702));
#17760 = CARTESIAN_POINT ('', (-2.62345671351526E-14, -1.04100261201894, 0.119516141854263));
#17770 = CARTESIAN_POINT ('', (-2.62156823736978E-14, 8.56304385942552, -0.18889541759205));
#17780 = CARTESIAN_POINT ('', (-2.61740342922958E-14, 18.1889703103624, -0.869060203569745));
#17790 = CARTESIAN_POINT ('', (-2.6085419514922E-14, 27.7715990831882, -2.31624934309048));
#17800 = CARTESIAN_POINT ('', (-2.600943684001E-14, 34.1752665641404, -3.55714059377459));
#17810 = CARTESIAN_POINT ('', (-2.59157090754483E-14, 40.5796648667877, -5.0878311508722));
#17820 = CARTESIAN_POINT ('', (-2.5802871533898E-14, 46.985115234459, -6.93060804995633));
#17830 = CARTESIAN_POINT ('', (-2.56690863610377E-14, 53.3921063062248, -9.1154857298456));
#17840 = CARTESIAN_POINT ('', (-2.5511850490969E-14, 59.8014214441374, -11.6833423588462));
#17850 = CARTESIAN_POINT ('', (-2.53276736810571E-14, 66.2143957688576, -14.6911779248253));
#17860 = CARTESIAN_POINT ('', (-2.5111502048525E-14, 72.6334856668827, -18.221528597078));
#17870 = CARTESIAN_POINT ('', (-2.49222102874477E-14, 77.3852284435774, -21.3128976548189));
#17880 = CARTESIAN_POINT ('', (-2.48307868083914E-14, 79.4847042773468, -22.8059563737902));
#17890 = CARTESIAN_POINT ('', (-2.48076333267903E-14, 80.0000000000452, -23.1840814236766));
#17900 = CARTESIAN_POINT ('', (-42.1262856230001, -80.0000000000452, -23.1859017566387));
#17910 = CARTESIAN_POINT ('', (-42.0632292237939, -78.9330809923277, -22.4027750557593));
#17920 = CARTESIAN_POINT ('', (-41.8296554526719, -74.7206693940191, -19.5019139362969));
#17930 = CARTESIAN_POINT ('', (-41.5297470647853, -68.2993689680132, -15.7772124099134));
#17940 = CARTESIAN_POINT ('', (-41.2747332593033, -61.8850782464474, -12.610077548428));
#17950 = CARTESIAN_POINT ('', (-41.0570310425555, -55.4749638991909, -9.90633263241733));
#17960 = CARTESIAN_POINT ('', (-40.8714891672349, -49.0674605859492, -7.60200192968261));
#17970 = CARTESIAN_POINT ('', (-40.7144519511318, -42.6616688953608, -5.65168382541134));
#17980 = CARTESIAN_POINT ('', (-40.5832519638551, -36.2570372646687, -4.0222502630009));
#17990 = CARTESIAN_POINT ('', (-40.4229956459367, -26.6836056976749, -2.03195263855167));
#18000 = CARTESIAN_POINT ('', (-40.2957868493412, -13.8611121067834, -0.452087526449699));
#18010 = CARTESIAN_POINT ('', (-40.2497620246789, -1.04100261201894, 0.119516141854266));
#18020 = CARTESIAN_POINT ('', (-40.2745949442951, 8.56304385942552, -0.188895417592047));
#18030 = CARTESIAN_POINT ('', (-40.3293609766913, 18.1889703103624, -0.869060203569742));
#18040 = CARTESIAN_POINT ('', (-40.4458868670818, 27.7715990831882, -2.31624934309047));
#18050 = CARTESIAN_POINT ('', (-40.5458019050786, 34.1752665641404, -3.55714059377459));
#18060 = CARTESIAN_POINT ('', (-40.6690512269586, 40.5796648667877, -5.0878311508722));
#18070 = CARTESIAN_POINT ('', (-40.8174293574274, 46.985115234459, -6.93060804995633));
#18080 = CARTESIAN_POINT ('', (-40.9933530221999, 53.3921063062248, -9.1154857298456));
#18090 = CARTESIAN_POINT ('', (-41.200113681134, 59.8014214441374, -11.6833423588462));
#18100 = CARTESIAN_POINT ('', (-41.4423009031788, 66.2143957688576, -14.6911779248253));
#18110 = CARTESIAN_POINT ('', (-41.726560399219, 72.6334856668827, -18.221528597078));
#18120 = CARTESIAN_POINT ('', (-41.9754736353273, 77.3852284435774, -21.3128976548189));
#18130 = CARTESIAN_POINT ('', (-42.0956928878647, 79.4847042773468, -22.8059563737902));
#18140 = CARTESIAN_POINT ('', (-42.1261390520278, 80.0000000000452, -23.1840814236766));
#18150 = CARTESIAN_POINT ('', (-83.7098574356232, -80.0000000000452, -16.4456869458925));
#18160 = CARTESIAN_POINT ('', (-83.584556994108, -78.9330809923277, -15.6726492825239));
#18170 = CARTESIAN_POINT ('', (-83.1204185875962, -74.720669394019, -12.8091600169584));
#18180 = CARTESIAN_POINT ('', (-82.524465537797, -68.2993689680132, -9.13244389750091));
#18190 = CARTESIAN_POINT ('', (-82.0177232749719, -61.8850782464474, -6.00611130004691));
#18200 = CARTESIAN_POINT ('', (-81.5851235036447, -55.4749638991909, -3.33719878580051));
#18210 = CARTESIAN_POINT ('', (-81.2164300928269, -49.0674605859492, -1.06255482324607));
#18220 = CARTESIAN_POINT ('', (-80.904378774329, -42.6616688953608, 0.862637292484734));
#18230 = CARTESIAN_POINT ('', (-80.6436690519297, -36.2570372646687, 2.47107882855499));
#18240 = CARTESIAN_POINT ('', (-80.3252210015566, -26.6836056976749, 4.43573540747707));
#18250 = CARTESIAN_POINT ('', (-80.0724422419273, -13.8611121067834, 5.99524708461105));
#18260 = CARTESIAN_POINT ('', (-79.9809855313723, -1.04100261201894, 6.55948677101481));
#18270 = CARTESIAN_POINT ('', (-80.0303314475869, 8.56304385942552, 6.25504848407796));
#18280 = CARTESIAN_POINT ('', (-80.1391579604493, 18.1889703103624, 5.58364627512843));
#18290 = CARTESIAN_POINT ('', (-80.3707085357704, 27.7715990831882, 4.15510130327238));
#18300 = CARTESIAN_POINT ('', (-80.5692514042597, 34.1752665641404, 2.93019648027736));
#18310 = CARTESIAN_POINT ('', (-80.8141622244528, 40.5796648667877, 1.4192258413369));
#18320 = CARTESIAN_POINT ('', (-81.1090069268617, 46.985115234459, -0.399810524781019));
#18330 = CARTESIAN_POINT ('', (-81.458587828189, 53.3921063062248, -2.55654038025795));
#18340 = CARTESIAN_POINT ('', (-81.8694454442047, 59.8014214441374, -5.09131525911097));
#18350 = CARTESIAN_POINT ('', (-82.3506997852955, 66.2143957688576, -8.06040081718265));
#18360 = CARTESIAN_POINT ('', (-82.9155566563996, 72.6334856668827, -11.5452699085893));
#18370 = CARTESIAN_POINT ('', (-83.410176374239, 77.3852284435774, -14.596812794718));
#18380 = CARTESIAN_POINT ('', (-83.6490660921929, 79.4847042773468, -16.0706364072823));
#18390 = CARTESIAN_POINT ('', (-83.7095661819556, 80.0000000000452, -16.4438900643177));
#18400 = (
   BOUNDED_SURFACE ()
   B_SPLINE_SURFACE (2, 2, ((#17150, #17160, #17170, #17180, #17190, #17200, #17210, #17220, #17230, #17240, #17250, #17260, #17270, #17280, #17290, #17300, #17310, #17320, #17330, #17340, #17350, #17360, #17370, #17380, #17390), (#17400, #17410, #17420, #17430, #17440, #17450, #17460, #17470, #17480, #17490, #17500, #17510, #17520, #17530, #17540, #17550, #17560, #17570, #17580, #17590, #17600, #17610, #17620, #17630, #17640), (#17650, #17660, #17670, #17680, #17690, #17700, #17710, #17720, #17730, #17740, #17750, #17760, #17770, #17780, #17790, #17800, #17810, #17820, #17830, #17840, #17850, #17860, #17870, #17880, #17890), (#17900, #17910, #17920, #17930, #17940, #17950, #17960, #17970, #17980, #17990, #18000, #18010, #18020, #18030, #18040, #18050, #18060, #18070, #18080, #18090, #18100, #18110, #18120, #18130, #18140), (#18150, #18160, #18170, #18180, #18190, #18200, #18210, #18220, #18230, #18240, #18250, #18260, #18270, #18280, #18290, #18300, #18310, #18320, #18330, #18340, #18350, #18360, #18370, #18380, #18390)), .UNSPECIFIED., .F., .F., .U.)
   B_SPLINE_SURFACE_WITH_KNOTS ((3, 2, 3), (3, 1, 1, 1, 1, 1, 1, 1, 1, 1, 1, 1, 1, 1, 1, 1, 1, 1, 1, 1, 1, 1, 1, 3), (0.444901301842501, 0.5, 0.555097750385929), (0.0350430816745315, 0.0494616139123942, 0.0907285825485014, 0.130289353717235, 0.168625582625621, 0.206050452362471, 0.2427811075282, 0.278975990517281, 0.314755823928798, 0.385435821359888, 0.455412633583256, 0.525145910505074, 0.560051598954948, 0.630210000726063, 0.665584148524127, 0.701250599162966, 0.737298715037805, 0.773839950289056, 0.81101869424945, 0.849029938303482, 0.888149973588834, 0.928794145313308, 0.949882750149317, 0.95684516509374), .UNSPECIFIED.)
   SURFACE ()
   GEOMETRIC_REPRESENTATION_ITEM ()
   RATIONAL_B_SPLINE_SURFACE (((0.942561337556026, 0.942561337556026, 0.942561337556026, 0.942561337556026, 0.942561337556026, 0.942561337556026, 0.942561337556026, 0.942561337556026, 0.942561337556026, 0.942561337556026, 0.942561337556026, 0.942561337556026, 0.942561337556026, 0.942561337556026, 0.942561337556026, 0.942561337556026, 0.942561337556026, 0.942561337556026, 0.942561337556026, 0.942561337556026, 0.942561337556026, 0.942561337556026, 0.942561337556026, 0.942561337556026, 0.942561337556026), (0.967723929888439, 0.967723929888439, 0.967723929888439, 0.967723929888439, 0.967723929888439, 0.967723929888439, 0.967723929888439, 0.967723929888439, 0.967723929888439, 0.967723929888439, 0.967723929888439, 0.967723929888439, 0.967723929888439, 0.967723929888439, 0.967723929888439, 0.967723929888439, 0.967723929888439, 0.967723929888439, 0.967723929888439, 0.967723929888439, 0.967723929888439, 0.967723929888439, 0.967723929888439, 0.967723929888439, 0.967723929888439), (1., 1., 1., 1., 1., 1., 1., 1., 1., 1., 1., 1., 1., 1., 1., 1., 1., 1., 1., 1., 1., 1., 1., 1., 1.), (0.96772448508017, 0.96772448508017, 0.96772448508017, 0.96772448508017, 0.96772448508017, 0.96772448508017, 0.96772448508017, 0.96772448508017, 0.96772448508017, 0.96772448508017, 0.96772448508017, 0.96772448508017, 0.96772448508017, 0.96772448508017, 0.96772448508017, 0.96772448508017, 0.96772448508017, 0.96772448508017, 0.96772448508017, 0.96772448508017, 0.96772448508017, 0.96772448508017, 0.96772448508017, 0.96772448508017, 0.96772448508017), (0.942562203218861, 0.942562203218861, 0.942562203218861, 0.942562203218861, 0.942562203218861, 0.942562203218861, 0.942562203218861, 0.942562203218861, 0.942562203218861, 0.942562203218861, 0.942562203218861, 0.942562203218861, 0.942562203218861, 0.942562203218861, 0.942562203218861, 0.942562203218861, 0.942562203218861, 0.942562203218861, 0.942562203218861, 0.942562203218861, 0.942562203218861, 0.942562203218861, 0.942562203218861, 0.942562203218861, 0.942562203218861)))
   REPRESENTATION_ITEM ('')
);
#18410 = ADVANCED_FACE ('', (#17140), #18400, .T.);
#18420 = ORIENTED_EDGE ('', *, *, #2080, .T.);
#18430 = ORIENTED_EDGE ('', *, *, #13780, .T.);
#18440 = ORIENTED_EDGE ('', *, *, #860, .F.);
#18450 = ORIENTED_EDGE ('', *, *, #6700, .T.);
#18460 = EDGE_LOOP ('', (#18420, #18430, #18440, #18450));
#18470 = FACE_OUTER_BOUND ('', #18460, .T.);
#18480 = CARTESIAN_POINT ('', (-83.7099036869326, -80.000000000001, 66.4458599340341));
#18490 = CARTESIAN_POINT ('', (-83.5215361113217, -78.3963738980045, 65.2837315563226));
#18500 = CARTESIAN_POINT ('', (-83.1339989658961, -74.7719640048038, 62.8928322061784));
#18510 = CARTESIAN_POINT ('', (-82.5640789606772, -68.8324450888097, 59.3767270116287));
#18520 = CARTESIAN_POINT ('', (-81.935030481229, -60.8055332455911, 55.4958303841068));
#18530 = CARTESIAN_POINT ('', (-81.4190122889836, -52.7879034513699, 52.312270885192));
#18540 = CARTESIAN_POINT ('', (-80.997778096739, -44.7755114298523, 49.7134785671294));
#18550 = CARTESIAN_POINT ('', (-80.6593007152138, -36.7662770116665, 47.6252520291589));
#18560 = CARTESIAN_POINT ('', (-80.3953756565154, -28.7590224670989, 45.9969739175581));
#18570 = CARTESIAN_POINT ('', (-80.2003545294705, -20.7530281688413, 44.7937966443086));
#18580 = CARTESIAN_POINT ('', (-80.0704296009011, -12.7478042038996, 43.9922285083227));
#18590 = CARTESIAN_POINT ('', (-80.003223103546, -4.74304346475619, 43.5775999423943));
#18600 = CARTESIAN_POINT ('', (-79.9975406935824, 3.26173620737802, 43.542542476421));
#18610 = CARTESIAN_POINT ('', (-80.0532921904861, 11.2665634193454, 43.8864997442337));
#18620 = CARTESIAN_POINT ('', (-80.1714545887387, 19.2717139864676, 44.6154992853833));
#18630 = CARTESIAN_POINT ('', (-80.354172827613, 27.2776065245381, 45.7427742414503));
#18640 = CARTESIAN_POINT ('', (-80.6049643973544, 35.284692186563, 47.29002566804));
#18650 = CARTESIAN_POINT ('', (-80.9290932859984, 43.2936563133998, 49.2897295889917));
#18660 = CARTESIAN_POINT ('', (-81.3342153400232, 51.305602473234, 51.7891185304905));
#18670 = CARTESIAN_POINT ('', (-81.8315133208432, 59.3224568504704, 54.85718421969));
#18680 = CARTESIAN_POINT ('', (-82.2820308474427, 65.2800533152734, 57.6366392326858));
#18690 = CARTESIAN_POINT ('', (-82.616517954994, 69.2840700792241, 59.7002478893412));
#18700 = CARTESIAN_POINT ('', (-82.9867843540295, 73.2892726080198, 61.9845958629066));
#18710 = CARTESIAN_POINT ('', (-83.3983202766241, 77.2961420172035, 64.5235549833585));
#18720 = CARTESIAN_POINT ('', (-83.6665378270858, 79.6319073951774, 66.1783155002938));
#18730 = CARTESIAN_POINT ('', (-83.7097497424197, 79.9999999999998, 66.4449101777587));
#18740 = CARTESIAN_POINT ('', (-42.1263090151366, -80.000000000001, 73.1860799163903));
#18750 = CARTESIAN_POINT ('', (-42.0315146079145, -78.3963738980045, 72.0087844098058));
#18760 = CARTESIAN_POINT ('', (-41.8364897802179, -74.7719640048037, 69.5866810384353));
#18770 = CARTESIAN_POINT ('', (-41.5496823034879, -68.8324450888097, 66.02468657585));
#18780 = CARTESIAN_POINT ('', (-41.2331189165577, -60.8055332455911, 62.0931397272157));
#18790 = CARTESIAN_POINT ('', (-40.9734370764584, -52.7879034513699, 58.868031068913));
#18800 = CARTESIAN_POINT ('', (-40.7614544917382, -44.7755114298523, 56.2353214842574));
#18810 = CARTESIAN_POINT ('', (-40.5911185799673, -36.7662770116665, 54.1198411577859));
#18820 = CARTESIAN_POINT ('', (-40.458300501223, -28.7590224670989, 52.4703121203551));
#18830 = CARTESIAN_POINT ('', (-40.3601577498814, -20.7530281688413, 51.2514319823357));
#18840 = CARTESIAN_POINT ('', (-40.2947741160625, -12.7478042038996, 50.4394024485799));
#18850 = CARTESIAN_POINT ('', (-40.2609530082758, -4.74304346475619, 50.0193624969437));
#18860 = CARTESIAN_POINT ('', (-40.2580933829802, 3.26173620737802, 49.9838474902077));
#18870 = CARTESIAN_POINT ('', (-40.2861498575809, 11.2665634193454, 50.3322938009761));
#18880 = CARTESIAN_POINT ('', (-40.3456140963809, 19.2717139864676, 51.0708076352116));
#18890 = CARTESIAN_POINT ('', (-40.4375655221322, 27.2776065245381, 52.2127948424049));
#18900 = CARTESIAN_POINT ('', (-40.5637742823863, 35.284692186563, 53.7802397022125));
#18910 = CARTESIAN_POINT ('', (-40.7268894351025, 43.2936563133998, 55.8060420884099));
#18920 = CARTESIAN_POINT ('', (-40.9307637209996, 51.3056024732339, 58.3380509666613));
#18930 = CARTESIAN_POINT ('', (-41.181024771245, 59.3224568504704, 61.446158486515));
#18940 = CARTESIAN_POINT ('', (-41.4077439491005, 65.2800533152734, 64.2618886246923));
#18950 = CARTESIAN_POINT ('', (-41.5760717888622, 69.2840700792241, 66.352429777825));
#18960 = CARTESIAN_POINT ('', (-41.7624052578629, 73.2892726080198, 68.6665911530508));
#18970 = CARTESIAN_POINT ('', (-41.9695072694825, 77.2961420172035, 71.2386866471785));
#18980 = CARTESIAN_POINT ('', (-42.1044855088111, 79.6319073951774, 72.9150437161777));
#18990 = CARTESIAN_POINT ('', (-42.1262315438478, 79.9999999999998, 73.1851177646892));
#19000 = CARTESIAN_POINT ('', (2.48075109544051E-14, -80.000000000001, 73.1860799163903));
#19010 = CARTESIAN_POINT ('', (2.48795995130945E-14, -78.3963738980045, 72.0087844098058));
#19020 = CARTESIAN_POINT ('', (2.50279105701422E-14, -74.7719640048037, 69.5866810384352));
#19030 = CARTESIAN_POINT ('', (2.52460198260015E-14, -68.8324450888097, 66.02468657585));
#19040 = CARTESIAN_POINT ('', (2.54867576391954E-14, -60.8055332455911, 62.0931397272157));
#19050 = CARTESIAN_POINT ('', (2.568423858896E-14, -52.7879034513699, 58.868031068913));
#19060 = CARTESIAN_POINT ('', (2.58454455572567E-14, -44.7755114298523, 56.2353214842574));
#19070 = CARTESIAN_POINT ('', (2.59749813677803E-14, -36.7662770116665, 54.1198411577859));
#19080 = CARTESIAN_POINT ('', (2.60759858905698E-14, -28.7590224670989, 52.4703121203551));
#19090 = CARTESIAN_POINT ('', (2.61506207735483E-14, -20.7530281688413, 51.2514319823357));
#19100 = CARTESIAN_POINT ('', (2.62003432420146E-14, -12.7478042038996, 50.4394024485799));
#19110 = CARTESIAN_POINT ('', (2.62260632711289E-14, -4.74304346475619, 50.0193624969436));
#19120 = CARTESIAN_POINT ('', (2.62282379380949E-14, 3.26173620737802, 49.9838474902077));
#19130 = CARTESIAN_POINT ('', (2.62069017551371E-14, 11.2665634193454, 50.3322938009761));
#19140 = CARTESIAN_POINT ('', (2.6161680824976E-14, 19.2717139864676, 51.0708076352116));
#19150 = CARTESIAN_POINT ('', (2.60917542760781E-14, 27.2776065245381, 52.2127948424049));
#19160 = CARTESIAN_POINT ('', (2.5995775959558E-14, 35.284692186563, 53.7802397022125));
#19170 = CARTESIAN_POINT ('', (2.58717313391599E-14, 43.2936563133998, 55.8060420884099));
#19180 = CARTESIAN_POINT ('', (2.57166905107517E-14, 51.3056024732339, 58.3380509666613));
#19190 = CARTESIAN_POINT ('', (2.5526373814472E-14, 59.3224568504704, 61.4461584865149));
#19200 = CARTESIAN_POINT ('', (2.53539600694229E-14, 65.2800533152734, 64.2618886246923));
#19210 = CARTESIAN_POINT ('', (2.52259513428394E-14, 69.2840700792241, 66.352429777825));
#19220 = CARTESIAN_POINT ('', (2.50842498267954E-14, 73.2892726080198, 68.6665911530508));
#19230 = CARTESIAN_POINT ('', (2.49267544010961E-14, 77.2961420172035, 71.2386866471785));
#19240 = CARTESIAN_POINT ('', (2.48241071351572E-14, 79.6319073951774, 72.9150437161777));
#19250 = CARTESIAN_POINT ('', (2.48075698692051E-14, 79.9999999999998, 73.1851177646892));
#19260 = CARTESIAN_POINT ('', (42.1263088861107, -80.000000000001, 73.1860799163903));
#19270 = CARTESIAN_POINT ('', (42.031514479179, -78.3963738980045, 72.0087844098058));
#19280 = CARTESIAN_POINT ('', (41.8364896520797, -74.7719640048037, 69.5866810384352));
#19290 = CARTESIAN_POINT ('', (41.5496821762282, -68.8324450888097, 66.02468657585));
#19300 = CARTESIAN_POINT ('', (41.2331187902676, -60.8055332455911, 62.0931397272157));
#19310 = CARTESIAN_POINT ('', (40.9734369509636, -52.7879034513699, 58.8680310689129));
#19320 = CARTESIAN_POINT ('', (40.7614543668926, -44.7755114298523, 56.2353214842574));
#19330 = CARTESIAN_POINT ('', (40.5911184556435, -36.7662770116665, 54.1198411577858));
#19340 = CARTESIAN_POINT ('', (40.458300377306, -28.7590224670989, 52.4703121203551));
#19350 = CARTESIAN_POINT ('', (40.360157626265, -20.7530281688413, 51.2514319823357));
#19360 = CARTESIAN_POINT ('', (40.2947739926463, -12.7478042038996, 50.4394024485799));
#19370 = CARTESIAN_POINT ('', (40.2609528849632, -4.74304346475619, 50.0193624969436));
#19380 = CARTESIAN_POINT ('', (40.2580932596764, 3.26173620737802, 49.9838474902077));
#19390 = CARTESIAN_POINT ('', (40.2861497341912, 11.2665634193454, 50.3322938009761));
#19400 = CARTESIAN_POINT ('', (40.345613972809, 19.2717139864676, 51.0708076352116));
#19410 = CARTESIAN_POINT ('', (40.4375653982787, 27.2776065245381, 52.2127948424049));
#19420 = CARTESIAN_POINT ('', (40.5637741581462, 35.284692186563, 53.7802397022125));
#19430 = CARTESIAN_POINT ('', (40.7268893103628, 43.2936563133998, 55.8060420884099));
#19440 = CARTESIAN_POINT ('', (40.9307635956355, 51.3056024732339, 58.3380509666613));
#19450 = CARTESIAN_POINT ('', (41.1810246451144, 59.3224568504703, 61.4461584865149));
#19460 = CARTESIAN_POINT ('', (41.4077438222755, 65.2800533152734, 64.2618886246923));
#19470 = CARTESIAN_POINT ('', (41.5760716615217, 69.2840700792241, 66.352429777825));
#19480 = CARTESIAN_POINT ('', (41.7624051299516, 73.2892726080198, 68.6665911530508));
#19490 = CARTESIAN_POINT ('', (41.9695071409369, 77.2961420172035, 71.2386866471785));
#19500 = CARTESIAN_POINT ('', (42.1044853798521, 79.6319073951774, 72.9150437161777));
#19510 = CARTESIAN_POINT ('', (42.1262314148222, 79.9999999999998, 73.1851177646893));
#19520 = CARTESIAN_POINT ('', (83.7099034338462, -80.000000000001, 66.4458599750565));
#19530 = CARTESIAN_POINT ('', (83.5215358588048, -78.3963738980045, 65.2837315972527));
#19540 = CARTESIAN_POINT ('', (83.1339987145508, -74.7719640048037, 62.8928322469185));
#19550 = CARTESIAN_POINT ('', (82.5640787110549, -68.8324450888097, 59.3767270520895));
#19560 = CARTESIAN_POINT ('', (81.9350302335087, -60.8055332455911, 55.4958304242594));
#19570 = CARTESIAN_POINT ('', (81.4190120428234, -52.7879034513699, 52.3122709250917));
#19580 = CARTESIAN_POINT ('', (80.9977778518523, -44.7755114298523, 49.7134786068227));
#19590 = CARTESIAN_POINT ('', (80.6593004713505, -36.7662770116665, 47.6252520686864));
#19600 = CARTESIAN_POINT ('', (80.39537541345, -28.7590224670989, 45.9969739569562));
#19610 = CARTESIAN_POINT ('', (80.2003542869947, -20.7530281688413, 44.7937966836111));
#19620 = CARTESIAN_POINT ('', (80.0704293588181, -12.7478042038996, 43.9922285475615));
#19630 = CARTESIAN_POINT ('', (80.0032228616662, -4.74304346475619, 43.5775999816002));
#19640 = CARTESIAN_POINT ('', (79.9975404517198, 3.26173620737802, 43.5425425156242));
#19650 = CARTESIAN_POINT ('', (80.0532919484549, 11.2665634193454, 43.8864997834641));
#19660 = CARTESIAN_POINT ('', (80.1714543463503, 19.2717139864676, 44.6154993246716));
#19670 = CARTESIAN_POINT ('', (80.3541725846722, 27.2776065245381, 45.7427742808282));
#19680 = CARTESIAN_POINT ('', (80.6049641536553, 35.284692186563, 47.2900257075408));
#19690 = CARTESIAN_POINT ('', (80.9290930413194, 43.2936563133998, 49.2897296286513));
#19700 = CARTESIAN_POINT ('', (81.3342150941193, 51.3056024732339, 51.7891185703487));
#19710 = CARTESIAN_POINT ('', (81.8315130734358, 59.3224568504704, 54.8571842597919));
#19720 = CARTESIAN_POINT ('', (82.2820305986733, 65.2800533152734, 57.6366392730084));
#19730 = CARTESIAN_POINT ('', (82.6165177052132, 69.2840700792241, 59.7002479298278));
#19740 = CARTESIAN_POINT ('', (82.9867841031293, 73.2892726080198, 61.9845959035746));
#19750 = CARTESIAN_POINT ('', (83.3983200244797, 77.2961420172035, 64.5235550242282));
#19760 = CARTESIAN_POINT ('', (83.6665375741305, 79.6319073951774, 66.178315541295));
#19770 = CARTESIAN_POINT ('', (83.7097494893337, 79.9999999999998, 66.444910218781));
#19780 = (
   BOUNDED_SURFACE ()
   B_SPLINE_SURFACE (2, 2, ((#18480, #18490, #18500, #18510, #18520, #18530, #18540, #18550, #18560, #18570, #18580, #18590, #18600, #18610, #18620, #18630, #18640, #18650, #18660, #18670, #18680, #18690, #18700, #18710, #18720, #18730), (#18740, #18750, #18760, #18770, #18780, #18790, #18800, #18810, #18820, #18830, #18840, #18850, #18860, #18870, #18880, #18890, #18900, #18910, #18920, #18930, #18940, #18950, #18960, #18970, #18980, #18990), (#19000, #19010, #19020, #19030, #19040, #19050, #19060, #19070, #19080, #19090, #19100, #19110, #19120, #19130, #19140, #19150, #19160, #19170, #19180, #19190, #19200, #19210, #19220, #19230, #19240, #19250), (#19260, #19270, #19280, #19290, #19300, #19310, #19320, #19330, #19340, #19350, #19360, #19370, #19380, #19390, #19400, #19410, #19420, #19430, #19440, #19450, #19460, #19470, #19480, #19490, #19500, #19510), (#19520, #19530, #19540, #19550, #19560, #19570, #19580, #19590, #19600, #19610, #19620, #19630, #19640, #19650, #19660, #19670, #19680, #19690, #19700, #19710, #19720, #19730, #19740, #19750, #19760, #19770)), .UNSPECIFIED., .F., .F., .U.)
   B_SPLINE_SURFACE_WITH_KNOTS ((3, 2, 3), (3, 1, 1, 1, 1, 1, 1, 1, 1, 1, 1, 1, 1, 1, 1, 1, 1, 1, 1, 1, 1, 1, 1, 1, 3), (0.444902238163329, 0.5, 0.555097761673362), (0.0229663740886479, 0.045310292731802, 0.0719047811339607, 0.123041435853476, 0.172223288076464, 0.220048189318505, 0.266900491206322, 0.313046695522022, 0.358683713427662, 0.403965765060919, 0.449020740249648, 0.4939610814368, 0.538891831619938, 0.583917426613778, 0.629148387266392, 0.67470903485797, 0.720747693787121, 0.767451756443304, 0.815072059770651, 0.863965896692592, 0.889050163423156, 0.914680568175445, 0.940984614159454, 0.968136870292321, 0.973263618728488), .UNSPECIFIED.)
   SURFACE ()
   GEOMETRIC_REPRESENTATION_ITEM ()
   RATIONAL_B_SPLINE_SURFACE (((0.942562192760111, 0.942562192760111, 0.942562192760111, 0.942562192760111, 0.942562192760111, 0.942562192760111, 0.942562192760111, 0.942562192760111, 0.942562192760111, 0.942562192760111, 0.942562192760111, 0.942562192760111, 0.942562192760111, 0.942562192760111, 0.942562192760111, 0.942562192760111, 0.942562192760111, 0.942562192760111, 0.942562192760111, 0.942562192760111, 0.942562192760111, 0.942562192760111, 0.942562192760111, 0.942562192760111, 0.942562192760111, 0.942562192760111), (0.967724478372481, 0.967724478372481, 0.967724478372481, 0.967724478372481, 0.967724478372481, 0.967724478372481, 0.967724478372481, 0.967724478372481, 0.967724478372481, 0.967724478372481, 0.967724478372481, 0.967724478372481, 0.967724478372481, 0.967724478372481, 0.967724478372481, 0.967724478372481, 0.967724478372481, 0.967724478372481, 0.967724478372481, 0.967724478372481, 0.967724478372481, 0.967724478372481, 0.967724478372481, 0.967724478372481, 0.967724478372481, 0.967724478372481), (1., 1., 1., 1., 1., 1., 1., 1., 1., 1., 1., 1., 1., 1., 1., 1., 1., 1., 1., 1., 1., 1., 1., 1., 1., 1.), (0.967724478468145, 0.967724478468145, 0.967724478468145, 0.967724478468145, 0.967724478468145, 0.967724478468145, 0.967724478468145, 0.967724478468145, 0.967724478468145, 0.967724478468145, 0.967724478468145, 0.967724478468145, 0.967724478468145, 0.967724478468145, 0.967724478468145, 0.967724478468145, 0.967724478468145, 0.967724478468145, 0.967724478468145, 0.967724478468145, 0.967724478468145, 0.967724478468145, 0.967724478468145, 0.967724478468145, 0.967724478468145, 0.967724478468145), (0.942562192909273, 0.942562192909272, 0.942562192909272, 0.942562192909272, 0.942562192909272, 0.942562192909272, 0.942562192909272, 0.942562192909272, 0.942562192909272, 0.942562192909272, 0.942562192909272, 0.942562192909272, 0.942562192909272, 0.942562192909272, 0.942562192909272, 0.942562192909272, 0.942562192909272, 0.942562192909272, 0.942562192909272, 0.942562192909272, 0.942562192909272, 0.942562192909272, 0.942562192909272, 0.942562192909272, 0.942562192909272, 0.942562192909273)))
   REPRESENTATION_ITEM ('')
);
#19790 = ADVANCED_FACE ('', (#18470), #19780, .T.);
#19800 = CLOSED_SHELL ('', (#1970, #3190, #10240, #17080, #18410, #19790));
#19810 = MANIFOLD_SOLID_BREP ('', #19800);
#19820 = (
   LENGTH_UNIT ()
   NAMED_UNIT (*)
   SI_UNIT (.MILLI., .METRE.)
);
#19830 = (
   NAMED_UNIT (*)
   SI_UNIT ($, .STERADIAN.)
   SOLID_ANGLE_UNIT ()
);
#19840 = (
   NAMED_UNIT (*)
   SI_UNIT ($, .RADIAN.)
   PLANE_ANGLE_UNIT ()
);
#19850 = UNCERTAINTY_MEASURE_WITH_UNIT (LENGTH_MEASURE(1.E-5), #19820, 'DISTANCE_ACCURACY_VALUE', '');
#19860 = (
   GEOMETRIC_REPRESENTATION_CONTEXT (3)
   GLOBAL_UNCERTAINTY_ASSIGNED_CONTEXT ((#19850))
   GLOBAL_UNIT_ASSIGNED_CONTEXT ((#19820, #19830, #19840))
   REPRESENTATION_CONTEXT ('', '3D')
);
#19870 = ADVANCED_BREP_SHAPE_REPRESENTATION ('', (#19810), #19860);
#19880 = APPLICATION_CONTEXT ('configuration controlled 3D designs of mechanical parts and assemblies');
#19890 = APPLICATION_PROTOCOL_DEFINITION ('International Standard', 'config_control_design', 1997, #19880);
#19900 = MECHANICAL_CONTEXT ('', #19880, 'mechanical');
#19910 = PRODUCT ('product-name', '', '', (#19900));
#19920 = PERSON_AND_ORGANIZATION_ROLE ('design_owner');
#19930 = PERSON ('', '', $, $, $, $);
#19940 = ORGANIZATION ($, '', '');
#19950 = PERSON_AND_ORGANIZATION (#19930, #19940);
#19960 = CC_DESIGN_PERSON_AND_ORGANIZATION_ASSIGNMENT (#19950, #19920, (#19910));
#19970 = PRODUCT_RELATED_PRODUCT_CATEGORY ('detail', $, (#19910));
#19980 = PRODUCT_DEFINITION_FORMATION_WITH_SPECIFIED_SOURCE ('', '', #19910, .NOT_KNOWN.);
#19990 = APPROVAL_STATUS ('approved');
#20000 = APPROVAL (#19990, '');
#20010 = CALENDAR_DATE (2019, 16, 1);
#20020 = COORDINATED_UNIVERSAL_TIME_OFFSET (0, $, .AHEAD.);
#20030 = LOCAL_TIME (10, 57, 48., #20020);
#20040 = DATE_AND_TIME (#20010, #20030);
#20050 = APPROVAL_DATE_TIME (#20040, #20000);
#20060 = APPROVAL_ROLE ('');
#20070 = PERSON ('', '', $, $, $, $);
#20080 = ORGANIZATION ($, '', '');
#20090 = PERSON_AND_ORGANIZATION (#20070, #20080);
#20100 = APPROVAL_PERSON_ORGANIZATION (#20090, #20000, #20060);
#20110 = CC_DESIGN_APPROVAL (#20000, (#19980));
#20120 = PERSON_AND_ORGANIZATION_ROLE ('creator');
#20130 = PERSON ('', '', $, $, $, $);
#20140 = ORGANIZATION ($, '', '');
#20150 = PERSON_AND_ORGANIZATION (#20130, #20140);
#20160 = CC_DESIGN_PERSON_AND_ORGANIZATION_ASSIGNMENT (#20150, #20120, (#19980));
#20170 = PERSON_AND_ORGANIZATION_ROLE ('part_supplier');
#20180 = PERSON ('', '', $, $, $, $);
#20190 = ORGANIZATION ($, '', '');
#20200 = PERSON_AND_ORGANIZATION (#20180, #20190);
#20210 = CC_DESIGN_PERSON_AND_ORGANIZATION_ASSIGNMENT (#20200, #20170, (#19980));
#20220 = SECURITY_CLASSIFICATION_LEVEL ('unclassified');
#20230 = SECURITY_CLASSIFICATION ('', '', #20220);
#20240 = APPROVAL_STATUS ('approved');
#20250 = APPROVAL (#20240, '');
#20260 = CALENDAR_DATE (2019, 16, 1);
#20270 = COORDINATED_UNIVERSAL_TIME_OFFSET (0, $, .AHEAD.);
#20280 = LOCAL_TIME (10, 57, 48., #20270);
#20290 = DATE_AND_TIME (#20260, #20280);
#20300 = APPROVAL_DATE_TIME (#20290, #20250);
#20310 = APPROVAL_ROLE ('');
#20320 = PERSON ('', '', $, $, $, $);
#20330 = ORGANIZATION ($, '', '');
#20340 = PERSON_AND_ORGANIZATION (#20320, #20330);
#20350 = APPROVAL_PERSON_ORGANIZATION (#20340, #20250, #20310);
#20360 = CC_DESIGN_APPROVAL (#20250, (#20230));
#20370 = DATE_TIME_ROLE ('classification_date');
#20380 = CALENDAR_DATE (2019, 16, 1);
#20390 = COORDINATED_UNIVERSAL_TIME_OFFSET (0, $, .AHEAD.);
#20400 = LOCAL_TIME (10, 57, 48., #20390);
#20410 = DATE_AND_TIME (#20380, #20400);
#20420 = CC_DESIGN_DATE_AND_TIME_ASSIGNMENT (#20410, #20370, (#20230));
#20430 = PERSON_AND_ORGANIZATION_ROLE ('classification_officer');
#20440 = PERSON ('', '', $, $, $, $);
#20450 = ORGANIZATION ($, '', '');
#20460 = PERSON_AND_ORGANIZATION (#20440, #20450);
#20470 = CC_DESIGN_PERSON_AND_ORGANIZATION_ASSIGNMENT (#20460, #20430, (#20230));
#20480 = CC_DESIGN_SECURITY_CLASSIFICATION (#20230, (#19980));
#20490 = DESIGN_CONTEXT ('', #19880, 'design');
#20500 = PRODUCT_DEFINITION ('', '', #19980, #20490);
#20510 = APPROVAL_STATUS ('approved');
#20520 = APPROVAL (#20510, '');
#20530 = CALENDAR_DATE (2019, 16, 1);
#20540 = COORDINATED_UNIVERSAL_TIME_OFFSET (0, $, .AHEAD.);
#20550 = LOCAL_TIME (10, 57, 48., #20540);
#20560 = DATE_AND_TIME (#20530, #20550);
#20570 = APPROVAL_DATE_TIME (#20560, #20520);
#20580 = APPROVAL_ROLE ('');
#20590 = PERSON ('', '', $, $, $, $);
#20600 = ORGANIZATION ($, '', '');
#20610 = PERSON_AND_ORGANIZATION (#20590, #20600);
#20620 = APPROVAL_PERSON_ORGANIZATION (#20610, #20520, #20580);
#20630 = CC_DESIGN_APPROVAL (#20520, (#20500));
#20640 = DATE_TIME_ROLE ('creation_date');
#20650 = CALENDAR_DATE (2019, 16, 1);
#20660 = COORDINATED_UNIVERSAL_TIME_OFFSET (0, $, .AHEAD.);
#20670 = LOCAL_TIME (10, 57, 48., #20660);
#20680 = DATE_AND_TIME (#20650, #20670);
#20690 = CC_DESIGN_DATE_AND_TIME_ASSIGNMENT (#20680, #20640, (#20500));
#20700 = PERSON_AND_ORGANIZATION_ROLE ('creator');
#20710 = PERSON ('', '', $, $, $, $);
#20720 = ORGANIZATION ($, '', '');
#20730 = PERSON_AND_ORGANIZATION (#20710, #20720);
#20740 = CC_DESIGN_PERSON_AND_ORGANIZATION_ASSIGNMENT (#20730, #20700, (#20500));
#20750 = PRODUCT_DEFINITION_SHAPE ('', '', #20500);
#20760 = SHAPE_DEFINITION_REPRESENTATION (#20750, #19870);
#20770 = CARTESIAN_POINT ('', (-120., 240., 828.723939165269));
#20780 = VERTEX_POINT ('', #20770);
#20790 = CARTESIAN_POINT ('', (120., 240., 828.723939165269));
#20800 = VERTEX_POINT ('', #20790);
#20810 = CARTESIAN_POINT ('', (-120., 240., 828.723939165269));
#20820 = CARTESIAN_POINT ('', (-61.7377326710809, 240., 849.145884250383));
#20830 = CARTESIAN_POINT ('', (-2.22134325757342E-14, 240., 849.145884250383));
#20840 = CARTESIAN_POINT ('', (61.7377326710809, 240., 849.145884250383));
#20850 = CARTESIAN_POINT ('', (120., 240., 828.723939165269));
#20860 = (
   BOUNDED_CURVE ()
   B_SPLINE_CURVE (2, (#20810, #20820, #20830, #20840, #20850), .UNSPECIFIED., .F., .U.)
   B_SPLINE_CURVE_WITH_KNOTS ((3, 2, 3), (0.387586773884927, 0.5, 0.612413226115073), .UNSPECIFIED.)
   CURVE ()
   GEOMETRIC_REPRESENTATION_ITEM ()
   RATIONAL_B_SPLINE_CURVE ((0.897909421643433, 0.934149856731904, 1., 0.934149856731904, 0.897909421643433))
   REPRESENTATION_ITEM ('')
);
#20870 = EDGE_CURVE ('', #20780, #20800, #20860, .T.);
#20880 = ORIENTED_EDGE ('', *, *, #20870, .T.);
#20890 = CARTESIAN_POINT ('', (120., 240., 809.564572165432));
#20900 = VERTEX_POINT ('', #20890);
#20910 = CARTESIAN_POINT ('', (120., 240., 809.564572165432));
#20920 = CARTESIAN_POINT ('', (120., 240., 828.723939165269));
#20930 = B_SPLINE_CURVE_WITH_KNOTS ('', 1, (#20910, #20920), .UNSPECIFIED., .F., .U., (2, 2), (0., 1.), .UNSPECIFIED.);
#20940 = EDGE_CURVE ('', #20900, #20800, #20930, .T.);
#20950 = ORIENTED_EDGE ('', *, *, #20940, .F.);
#20960 = CARTESIAN_POINT ('', (-120., 240., 809.564572165432));
#20970 = VERTEX_POINT ('', #20960);
#20980 = CARTESIAN_POINT ('', (120., 240., 809.564572165432));
#20990 = CARTESIAN_POINT ('', (118.294143062906, 240., 808.963933167882));
#21000 = CARTESIAN_POINT ('', (116.5951826171, 240., 808.379990438913));
#21010 = CARTESIAN_POINT ('', (114.880518329921, 240., 807.804976110848));
#21020 = CARTESIAN_POINT ('', (113.166083331322, 240., 807.230038674931));
#21030 = CARTESIAN_POINT ('', (111.458257140931, 240., 806.671514349159));
#21040 = CARTESIAN_POINT ('', (109.735401060207, 240., 806.122326453491));
#21050 = CARTESIAN_POINT ('', (108.012774509422, 240., 805.573211724157));
#21060 = CARTESIAN_POINT ('', (106.296465435537, 240., 805.040240348963));
#21070 = CARTESIAN_POINT ('', (104.565805820052, 240., 804.516994216852));
#21080 = CARTESIAN_POINT ('', (102.83537597242, 240., 803.993817552555));
#21090 = CARTESIAN_POINT ('', (101.11096882382, 240., 803.486527839643));
#21100 = CARTESIAN_POINT ('', (99.3728955912577, 240., 802.989332990627));
#21110 = CARTESIAN_POINT ('', (97.6350523620255, 240., 802.492203936578));
#21120 = CARTESIAN_POINT ('', (95.9029338053066, 240., 802.010718736671));
#21130 = CARTESIAN_POINT ('', (94.1578384457451, 240., 801.539678853217));
#21140 = CARTESIAN_POINT ('', (92.4129733234723, 240., 801.068701115905));
#21150 = CARTESIAN_POINT ('', (90.673531792978, 240., 800.613137394838));
#21160 = CARTESIAN_POINT ('', (88.9218072819316, 240., 800.168350298165));
#21170 = CARTESIAN_POINT ('', (87.1703132414557, 240., 799.72362172116));
#21180 = CARTESIAN_POINT ('', (85.4239388490116, 240., 799.294090537368));
#21190 = CARTESIAN_POINT ('', (83.6659795600445, 240., 798.875648164559));
#21200 = CARTESIAN_POINT ('', (81.9082509750219, 240., 798.457260705596));
#21210 = CARTESIAN_POINT ('', (80.1553354194885, 240., 798.053867188988));
#21220 = CARTESIAN_POINT ('', (78.3915370364258, 240., 797.661855571395));
#21230 = CARTESIAN_POINT ('', (76.627969591474, 240., 797.269895280769));
#21240 = CARTESIAN_POINT ('', (74.8689060681287, 240., 796.892738612983));
#21250 = CARTESIAN_POINT ('', (73.0996654968891, 240., 796.527237855937));
#21260 = CARTESIAN_POINT ('', (71.3306560993538, 240., 796.161784856198));
#21270 = CARTESIAN_POINT ('', (69.5658392091148, 240., 795.810958252233));
#21280 = CARTESIAN_POINT ('', (67.7915544891871, 240., 795.472042516071));
#21290 = CARTESIAN_POINT ('', (66.0175011805582, 240., 795.133170983035));
#21300 = CARTESIAN_POINT ('', (64.2473268390623, 240., 794.808761674262));
#21310 = CARTESIAN_POINT ('', (62.4683970546505, 240., 794.49649915667));
#21320 = CARTESIAN_POINT ('', (60.6896989216497, 240., 794.184277301759));
#21330 = CARTESIAN_POINT ('', (58.9145642681984, 240., 793.886366520296));
#21340 = CARTESIAN_POINT ('', (57.1313894590583, 240., 793.600819439986));
#21350 = CARTESIAN_POINT ('', (55.348446544421, 240., 793.315309493892));
#21360 = CARTESIAN_POINT ('', (53.5687498508088, 240., 793.043972458355));
#21370 = CARTESIAN_POINT ('', (51.7817309227988, 240., 792.785197040071));
#21380 = CARTESIAN_POINT ('', (49.9949441357736, 240., 792.526455237761));
#21390 = CARTESIAN_POINT ('', (48.2110847150134, 240., 792.281761140385));
#21400 = CARTESIAN_POINT ('', (46.4206233503831, 240., 792.04980760125));
#21410 = CARTESIAN_POINT ('', (44.6303943769707, 240., 791.817884168303));
#21420 = CARTESIAN_POINT ('', (42.8427724919315, 240., 791.599896163424));
#21430 = CARTESIAN_POINT ('', (41.0492710593696, 240., 791.394808700634));
#21440 = CARTESIAN_POINT ('', (39.2560022723239, 240., 791.189747840933));
#21450 = CARTESIAN_POINT ('', (37.4650190442971, 240., 790.998523034845));
#21460 = CARTESIAN_POINT ('', (35.6688805087618, 240., 790.820339814706));
#21470 = CARTESIAN_POINT ('', (33.8729748773755, 240., 790.642179699473));
#21480 = CARTESIAN_POINT ('', (32.0790321945851, 240., 790.47776914164));
#21490 = CARTESIAN_POINT ('', (30.2806600269393, 240., 790.326522289965));
#21500 = CARTESIAN_POINT ('', (28.4825210266353, 240., 790.17529504815));
#21510 = CARTESIAN_POINT ('', (26.6860214527099, 240., 790.037743723795));
#21520 = CARTESIAN_POINT ('', (24.8858195391819, 240., 789.913459317647));
#21530 = CARTESIAN_POINT ('', (23.0858510609323, 240., 789.789191027671));
#21540 = CARTESIAN_POINT ('', (21.287197743356, 240., 789.678537851722));
#21550 = CARTESIAN_POINT ('', (19.4855702948491, 240., 789.581235912522));
#21560 = CARTESIAN_POINT ('', (17.6841765544445, 240., 789.483946595383));
#21570 = CARTESIAN_POINT ('', (15.8837731330033, 240., 789.400224407784));
#21580 = CARTESIAN_POINT ('', (14.0811245942749, 240., 789.329918895777));
#21590 = CARTESIAN_POINT ('', (12.2787100414633, 240., 789.259622509509));
#21600 = CARTESIAN_POINT ('', (10.4769605567069, 240., 789.202858071898));
#21610 = CARTESIAN_POINT ('', (8.67369551543847, 240., 789.15955688198));
#21620 = CARTESIAN_POINT ('', (6.87066474295683, 240., 789.116261317478));
#21630 = CARTESIAN_POINT ('', (5.06797354469293, 240., 789.086475311225));
#21640 = CARTESIAN_POINT ('', (3.26449664047236, 240., 789.070180270131));
#21650 = CARTESIAN_POINT ('', (2.46238562513336, 240., 789.062932918126));
#21660 = CARTESIAN_POINT ('', (1.66029742273839, 240., 789.058356883861));
#21670 = CARTESIAN_POINT ('', (0.858155929334627, 240., 789.05645173315));
#21680 = CARTESIAN_POINT ('', (0.620375699210617, 240., 789.055886985935));
#21690 = CARTESIAN_POINT ('', (0.382595948699424, 240., 789.055556962487));
#21700 = CARTESIAN_POINT ('', (0.14481506701465, 240., 789.055461660569));
#21710 = CARTESIAN_POINT ('', (-0.0930270410544511, 240., 789.055366334112));
#21720 = CARTESIAN_POINT ('', (-0.330869416147409, 240., 789.055505852018));
#21730 = CARTESIAN_POINT ('', (-0.568711248698232, 240., 789.055880213814));
#21740 = CARTESIAN_POINT ('', (-4.64589312685065, 240., 789.062297676674));
#21750 = CARTESIAN_POINT ('', (-8.72535933320452, 240., 789.137791249762));
#21760 = CARTESIAN_POINT ('', (-12.7999870404992, 240., 789.282229119834));
#21770 = CARTESIAN_POINT ('', (-15.512231690034, 240., 789.378373079094));
#21780 = CARTESIAN_POINT ('', (-18.2268428764877, 240., 789.505251099485));
#21790 = CARTESIAN_POINT ('', (-20.9362311511598, 240., 789.6625084583));
#21800 = CARTESIAN_POINT ('', (-23.6448208236494, 240., 789.819719464929));
#21810 = CARTESIAN_POINT ('', (-26.3568823421617, 240., 790.007823533702));
#21820 = CARTESIAN_POINT ('', (-29.0612403917329, 240., 790.226045563393));
#21830 = CARTESIAN_POINT ('', (-31.7648021554519, 240., 790.444203338605));
#21840 = CARTESIAN_POINT ('', (-34.4729363390997, 240., 790.693478783883));
#21850 = CARTESIAN_POINT ('', (-37.1708944889536, 240., 790.972514349297));
#21860 = CARTESIAN_POINT ('', (-39.8680586236283, 240., 791.251467793915));
#21870 = CARTESIAN_POINT ('', (-42.5708897358843, 240., 791.561829132148));
#21880 = CARTESIAN_POINT ('', (-45.2610822134007, 240., 791.901496362763));
#21890 = CARTESIAN_POINT ('', (-47.0536552450375, 240., 792.127828984841));
#21900 = CARTESIAN_POINT ('', (-48.8491369846135, 240., 792.368236283848));
#21910 = CARTESIAN_POINT ('', (-50.6381097788408, 240., 792.621457276428));
#21920 = CARTESIAN_POINT ('', (-52.4268488275422, 240., 792.874645183388));
#21930 = CARTESIAN_POINT ('', (-54.2188167997057, 240., 793.142026987566));
#21940 = CARTESIAN_POINT ('', (-56.0035529674053, 240., 793.422041830538));
#21950 = CARTESIAN_POINT ('', (-57.7880557811469, 240., 793.702020061616));
#21960 = CARTESIAN_POINT ('', (-59.5761059597954, 240., 793.996324388591));
#21970 = CARTESIAN_POINT ('', (-61.3562042941264, 240., 794.303062097785));
#21980 = CARTESIAN_POINT ('', (-63.1360696617645, 240., 794.609759663314));
#21990 = CARTESIAN_POINT ('', (-64.9197988879274, 240., 794.930928517818));
#22000 = CARTESIAN_POINT ('', (-66.6948593130503, 240., 795.26431209687));
#22010 = CARTESIAN_POINT ('', (-68.4696871548617, 240., 795.597651993209));
#22020 = CARTESIAN_POINT ('', (-70.2486932257279, 240., 795.945621384152));
#22030 = CARTESIAN_POINT ('', (-72.0183168871075, 240., 796.305567840788));
#22040 = CARTESIAN_POINT ('', (-73.7877083451427, 240., 796.665467066608));
#22050 = CARTESIAN_POINT ('', (-75.5615901027239, 240., 797.040167025477));
#22060 = CARTESIAN_POINT ('', (-77.3253794572245, 240., 797.426587389153));
#22070 = CARTESIAN_POINT ('', (-79.0889369854543, 240., 797.812956963096));
#22080 = CARTESIAN_POINT ('', (-80.8572944048631, 240., 798.214311563667));
#22090 = CARTESIAN_POINT ('', (-82.6148533106171, 240., 798.627110904569));
#22100 = CARTESIAN_POINT ('', (-84.3721807648559, 240., 799.039855884259));
#22110 = CARTESIAN_POINT ('', (-86.1346150421709, 240., 799.467783263619));
#22120 = CARTESIAN_POINT ('', (-87.8855488482033, 240., 799.906860713021));
#22130 = CARTESIAN_POINT ('', (-89.6362515757918, 240., 800.345880215439));
#22140 = CARTESIAN_POINT ('', (-91.3923652154848, 240., 800.8002925963));
#22150 = CARTESIAN_POINT ('', (-93.1362808510766, 240., 801.265541368278));
#22160 = CARTESIAN_POINT ('', (-94.8799657803062, 240., 801.730728591493));
#22170 = CARTESIAN_POINT ('', (-96.6293626822052, 240., 802.211532305791));
#22180 = CARTESIAN_POINT ('', (-98.3658687459788, 240., 802.702839720291));
#22190 = CARTESIAN_POINT ('', (-100.102144475242, 240., 803.194081966545));
#22200 = CARTESIAN_POINT ('', (-101.844430021002, 240., 803.701177480316));
#22210 = CARTESIAN_POINT ('', (-103.573136869712, 240., 804.218424987567));
#22220 = CARTESIAN_POINT ('', (-105.301613756361, 240., 804.735603687721));
#22230 = CARTESIAN_POINT ('', (-107.036394895418, 240., 805.268885627225));
#22240 = CARTESIAN_POINT ('', (-108.756914732428, 240., 805.811948833515));
#22250 = CARTESIAN_POINT ('', (-110.477204981329, 240., 806.354939572838));
#22260 = CARTESIAN_POINT ('', (-112.204090316307, 240., 806.914296751934));
#22270 = CARTESIAN_POINT ('', (-113.916037279746, 240., 807.483045446722));
#22280 = CARTESIAN_POINT ('', (-115.945719506151, 240., 808.15735320377));
#22290 = CARTESIAN_POINT ('', (-117.98263903798, 240., 808.854251364446));
#22300 = CARTESIAN_POINT ('', (-120., 240., 809.564572165432));
#22310 = B_SPLINE_CURVE_WITH_KNOTS ('', 3, (#20980, #20990, #21000, #21010, #21020, #21030, #21040, #21050, #21060, #21070, #21080, #21090, #21100, #21110, #21120, #21130, #21140, #21150, #21160, #21170, #21180, #21190, #21200, #21210, #21220, #21230, #21240, #21250, #21260, #21270, #21280, #21290, #21300, #21310, #21320, #21330, #21340, #21350, #21360, #21370, #21380, #21390, #21400, #21410, #21420, #21430, #21440, #21450, #21460, #21470, #21480, #21490, #21500, #21510, #21520, #21530, #21540, #21550, #21560, #21570, #21580, #21590, #21600, #21610, #21620, #21630, #21640, #21650, #21660, #21670, #21680, #21690, #21700, #21710, #21720, #21730, #21740, #21750, #21760, #21770, #21780, #21790, #21800, #21810, #21820, #21830, #21840, #21850, #21860, #21870, #21880, #21890, #21900, #21910, #21920, #21930, #21940, #21950, #21960, #21970, #21980, #21990, #22000, #22010, #22020, #22030, #22040, #22050, #22060, #22070, #22080, #22090, #22100, #22110, #22120, #22130, #22140, #22150, #22160, #22170, #22180, #22190, #22200, #22210, #22220, #22230, #22240, #22250, #22260, #22270, #22280, #22290, #22300), .UNSPECIFIED., .F., .U., (4, 3, 3, 3, 3, 3, 3, 3, 3, 3, 3, 3, 3, 3, 3, 3, 3, 3, 3, 3, 3, 3, 3, 3, 3, 3, 3, 3, 3, 3, 3, 3, 3, 3, 3, 3, 3, 3, 3, 3, 3, 3, 3, 3, 4), (0., 5.42553553641311, 10.850345558592, 16.2744328527802, 21.6978000279536, 27.1204495161568, 32.5423835729032, 37.9636042776202, 43.3841135341204, 48.8039130710858, 54.2230044425506, 59.6413890283692, 65.059068034662, 70.4760424942255, 75.8923132669027, 81.3078810399029, 86.7227463280669, 92.1369094740705, 97.5503706485626, 102.963129850233, 108.375186905807, 113.78654146996, 119.19719302516, 121.603624292692, 122.316966995041, 123.030493376559, 135.262054162586, 143.40389868938, 151.543343377484, 159.680391443347, 167.815044757579, 173.235459941503, 178.655166899007, 184.074165230726, 189.492454362229, 194.910033544026, 200.32690185151, 205.743058184871, 211.158501268971, 216.573229653202, 221.987241711333, 227.400535641354, 232.813109465345, 238.224961029374, 244.641245625818), .UNSPECIFIED.);
#22320 = EDGE_CURVE ('', #20900, #20970, #22310, .T.);
#22330 = ORIENTED_EDGE ('', *, *, #22320, .T.);
#22340 = CARTESIAN_POINT ('', (-120., 240., 809.564572165432));
#22350 = CARTESIAN_POINT ('', (-120., 240., 828.723939165269));
#22360 = B_SPLINE_CURVE_WITH_KNOTS ('', 1, (#22340, #22350), .UNSPECIFIED., .F., .U., (2, 2), (0., 1.), .UNSPECIFIED.);
#22370 = EDGE_CURVE ('', #20970, #20780, #22360, .T.);
#22380 = ORIENTED_EDGE ('', *, *, #22370, .T.);
#22390 = EDGE_LOOP ('', (#20880, #20950, #22330, #22380));
#22400 = FACE_OUTER_BOUND ('', #22390, .T.);
#22410 = CARTESIAN_POINT ('', (-120., 240., 789.055366334112));
#22420 = CARTESIAN_POINT ('', (120., 240., 789.055366334112));
#22430 = CARTESIAN_POINT ('', (-120., 240., 849.145884250383));
#22440 = CARTESIAN_POINT ('', (120., 240., 849.145884250383));
#22450 = B_SPLINE_SURFACE_WITH_KNOTS ('', 1, 1, ((#22410, #22420), (#22430, #22440)), .UNSPECIFIED., .F., .F., .U., (2, 2), (2, 2), (0.455992720399493, 0.546191685753149), (0., 1.), .UNSPECIFIED.);
#22460 = ADVANCED_FACE ('', (#22400), #22450, .T.);
#22470 = CARTESIAN_POINT ('', (-120., -240., 828.723933882912));
#22480 = VERTEX_POINT ('', #22470);
#22490 = CARTESIAN_POINT ('', (120., -240., 828.723933882912));
#22500 = VERTEX_POINT ('', #22490);
#22510 = CARTESIAN_POINT ('', (-120., -240., 828.723933882912));
#22520 = CARTESIAN_POINT ('', (-61.7377327216873, -240., 849.145879265391));
#22530 = CARTESIAN_POINT ('', (-2.22134322704915E-14, -240., 849.145879265391));
#22540 = CARTESIAN_POINT ('', (61.7377327216873, -240., 849.145879265391));
#22550 = CARTESIAN_POINT ('', (120., -240., 828.723933882912));
#22560 = (
   BOUNDED_CURVE ()
   B_SPLINE_CURVE (2, (#22510, #22520, #22530, #22540, #22550), .UNSPECIFIED., .F., .U.)
   B_SPLINE_CURVE_WITH_KNOTS ((3, 2, 3), (0.387586772355859, 0.5, 0.612413227644142), .UNSPECIFIED.)
   CURVE ()
   GEOMETRIC_REPRESENTATION_ITEM ()
   RATIONAL_B_SPLINE_CURVE ((0.897909420657533, 0.934149855836196, 1., 0.934149855836196, 0.897909420657533))
   REPRESENTATION_ITEM ('')
);
#22570 = EDGE_CURVE ('', #22480, #22500, #22560, .T.);
#22580 = ORIENTED_EDGE ('', *, *, #22570, .F.);
#22590 = CARTESIAN_POINT ('', (-120., -240., 809.567179738542));
#22600 = VERTEX_POINT ('', #22590);
#22610 = CARTESIAN_POINT ('', (-120., -240., 809.567179738542));
#22620 = CARTESIAN_POINT ('', (-120., -240., 828.723933882912));
#22630 = B_SPLINE_CURVE_WITH_KNOTS ('', 1, (#22610, #22620), .UNSPECIFIED., .F., .U., (2, 2), (0., 1.), .UNSPECIFIED.);
#22640 = EDGE_CURVE ('', #22600, #22480, #22630, .T.);
#22650 = ORIENTED_EDGE ('', *, *, #22640, .F.);
#22660 = CARTESIAN_POINT ('', (120., -240., 809.567179738542));
#22670 = VERTEX_POINT ('', #22660);
#22680 = CARTESIAN_POINT ('', (-120., -240., 809.567179738542));
#22690 = CARTESIAN_POINT ('', (-118.294144450252, -240., 808.966536633877));
#22700 = CARTESIAN_POINT ('', (-116.595185483358, -240., 808.382589956849));
#22710 = CARTESIAN_POINT ('', (-114.880522463198, -240., 807.807571676201));
#22720 = CARTESIAN_POINT ('', (-113.166088734704, -240., 807.23263028932));
#22730 = CARTESIAN_POINT ('', (-111.458263902636, -240., 806.674102165713));
#22740 = CARTESIAN_POINT ('', (-109.735408976682, -240., 806.124910476172));
#22750 = CARTESIAN_POINT ('', (-108.012783583757, -240., 805.575791954504));
#22760 = CARTESIAN_POINT ('', (-106.2964757525, -240., 805.042816934461));
#22770 = CARTESIAN_POINT ('', (-104.565817184582, -240., 804.519567169551));
#22780 = CARTESIAN_POINT ('', (-102.835388387612, -240., 803.996386873915));
#22790 = CARTESIAN_POINT ('', (-101.110982370892, -240., 803.489093671786));
#22800 = CARTESIAN_POINT ('', (-99.3729100837845, -240., 802.991895353295));
#22810 = CARTESIAN_POINT ('', (-97.6350678031068, -240., 802.494762831152));
#22820 = CARTESIAN_POINT ('', (-95.9029502725184, -240., 802.013274300187));
#22830 = CARTESIAN_POINT ('', (-94.1578557614334, -240., 801.542231112715));
#22840 = CARTESIAN_POINT ('', (-92.412991490741, -240., 801.071250072691));
#22850 = CARTESIAN_POINT ('', (-90.6735508856747, -240., 800.615683181136));
#22860 = CARTESIAN_POINT ('', (-88.9218271313009, -240., 800.17089294792));
#22870 = CARTESIAN_POINT ('', (-87.170333850606, -240., 799.7261612356));
#22880 = CARTESIAN_POINT ('', (-85.4239602879806, -240., 799.296627044184));
#22890 = CARTESIAN_POINT ('', (-83.6660016690949, -240., 798.878181704207));
#22900 = CARTESIAN_POINT ('', (-81.9082737572665, -240., 798.459791279228));
#22910 = CARTESIAN_POINT ('', (-80.1553589410795, -240., 798.056394920035));
#22920 = CARTESIAN_POINT ('', (-78.391561146756, -240., 797.66438050643));
#22930 = CARTESIAN_POINT ('', (-76.6279942936602, -240., 797.272417420869));
#22940 = CARTESIAN_POINT ('', (-74.8689314243677, -240., 796.895258077592));
#22950 = CARTESIAN_POINT ('', (-73.0996913658072, -240., 796.529754697353));
#22960 = CARTESIAN_POINT ('', (-71.3306824840721, -240., 796.164299075422));
#22970 = CARTESIAN_POINT ('', (-69.5658661678096, -240., 795.813469964996));
#22980 = CARTESIAN_POINT ('', (-67.7915818898146, -240., 795.474551780003));
#22990 = CARTESIAN_POINT ('', (-66.0175290262437, -240., 795.135677799064));
#23000 = CARTESIAN_POINT ('', (-64.2473551839017, -240., 794.811266154671));
#23010 = CARTESIAN_POINT ('', (-62.4684257760187, -240., 794.499001364034));
#23020 = CARTESIAN_POINT ('', (-60.689728022676, -240., 794.186777236932));
#23030 = CARTESIAN_POINT ('', (-58.9145937988437, -240., 793.888864292384));
#23040 = CARTESIAN_POINT ('', (-57.1314193061974, -240., 793.603315116118));
#23050 = CARTESIAN_POINT ('', (-55.3484767111874, -240., 793.317803074848));
#23060 = CARTESIAN_POINT ('', (-53.5687803829784, -240., 793.046464050334));
#23070 = CARTESIAN_POINT ('', (-51.78176171682, -240., 792.787686714362));
#23080 = CARTESIAN_POINT ('', (-49.9949751947843, -240., 792.528942995073));
#23090 = CARTESIAN_POINT ('', (-48.2111160805597, -240., 792.284247084274));
#23100 = CARTESIAN_POINT ('', (-46.4206549285534, -240., 792.052291806782));
#23110 = CARTESIAN_POINT ('', (-44.6304261709072, -240., 791.820366636113));
#23120 = CARTESIAN_POINT ('', (-42.8428045389105, -240., 791.602376994694));
#23130 = CARTESIAN_POINT ('', (-41.0493032751788, -240., 791.397287973813));
#23140 = CARTESIAN_POINT ('', (-39.25603466011, -240., 791.192225556587));
#23150 = CARTESIAN_POINT ('', (-37.4650516370311, -240., 791.000999292042));
#23160 = CARTESIAN_POINT ('', (-35.6689132319828, -240., 790.822814694896));
#23170 = CARTESIAN_POINT ('', (-33.8730077342348, -240., 790.644653203149));
#23180 = CARTESIAN_POINT ('', (-32.0790652137177, -240., 790.480241366024));
#23190 = CARTESIAN_POINT ('', (-30.2806931436804, -240., 790.328993319117));
#23200 = CARTESIAN_POINT ('', (-28.4825542441408, -240., 790.177764882492));
#23210 = CARTESIAN_POINT ('', (-26.6860547952532, -240., 790.040212458966));
#23220 = CARTESIAN_POINT ('', (-24.885852951932, -240., 789.915927039932));
#23230 = CARTESIAN_POINT ('', (-23.0858845470501, -240., 789.79165773742));
#23240 = CARTESIAN_POINT ('', (-21.2872313227314, -240., 789.681003643253));
#23250 = CARTESIAN_POINT ('', (-19.4856039225157, -240., 789.583700873959));
#23260 = CARTESIAN_POINT ('', (-17.684210233568, -240., 789.486410727005));
#23270 = CARTESIAN_POINT ('', (-15.8838068790739, -240., 789.402687802849));
#23280 = CARTESIAN_POINT ('', (-14.0811583722142, -240., 789.332381643863));
#23290 = CARTESIAN_POINT ('', (-12.2787438544419, -240., 789.262084610824));
#23300 = CARTESIAN_POINT ('', (-10.4769944158031, -240., 789.205319618902));
#23310 = CARTESIAN_POINT ('', (-8.6737293954782, -240., 789.162017965318));
#23320 = CARTESIAN_POINT ('', (-6.87069864711603, -240., 789.118721937288));
#23330 = CARTESIAN_POINT ('', (-5.06800747962987, -240., 789.088935559431));
#23340 = CARTESIAN_POINT ('', (-3.26453059092735, -240., 789.072640238062));
#23350 = CARTESIAN_POINT ('', (-2.46241957985491, -240., 789.065392761378));
#23360 = CARTESIAN_POINT ('', (-1.66033138244122, -240., 789.060816620605));
#23370 = CARTESIAN_POINT ('', (-0.858189892387249, -240., 789.058911381532));
#23380 = CARTESIAN_POINT ('', (-0.620409662623126, -240., 789.058346608123));
#23390 = CARTESIAN_POINT ('', (-0.382629912513899, -240., 789.058016560077));
#23400 = CARTESIAN_POINT ('', (-0.144849031136014, -240., 789.057921235159));
#23410 = CARTESIAN_POINT ('', (0.0929930696552548, -240., 789.057825885698));
#23420 = CARTESIAN_POINT ('', (0.330835437438431, -240., 789.057965382185));
#23430 = CARTESIAN_POINT ('', (0.568677262751853, -240., 789.058339724146));
#23440 = CARTESIAN_POINT ('', (4.64585923819913, -240., 789.064756847336));
#23450 = CARTESIAN_POINT ('', (8.72532556265415, -240., 789.140250554506));
#23460 = CARTESIAN_POINT ('', (12.799953345273, -240., 789.284689031002));
#23470 = CARTESIAN_POINT ('', (15.5121980079606, -240., 789.380833392613));
#23480 = CARTESIAN_POINT ('', (18.2268092352484, -240., 789.507712026724));
#23490 = CARTESIAN_POINT ('', (20.9361974898149, -240., 789.664970204775));
#23500 = CARTESIAN_POINT ('', (23.6447871313134, -240., 789.822182029767));
#23510 = CARTESIAN_POINT ('', (26.3568486615497, -240., 790.010287131255));
#23520 = CARTESIAN_POINT ('', (29.0612066281376, -240., 790.228510394228));
#23530 = CARTESIAN_POINT ('', (31.7647682980386, -240., 790.446669401484));
#23540 = CARTESIAN_POINT ('', (34.472902445493, -240., 790.695946297482));
#23550 = CARTESIAN_POINT ('', (37.1708604308889, -240., 790.974983507264));
#23560 = CARTESIAN_POINT ('', (39.8680243903199, -240., 791.253938594645));
#23570 = CARTESIAN_POINT ('', (42.5708553997076, -240., 791.564301799988));
#23580 = CARTESIAN_POINT ('', (45.2610476127973, -240., 791.90397108247));
#23590 = CARTESIAN_POINT ('', (47.0536204649068, -240., 792.13030507136));
#23600 = CARTESIAN_POINT ('', (48.8491020623368, -240., 792.370713839292));
#23610 = CARTESIAN_POINT ('', (50.6380746306263, -240., 792.62393637888));
#23620 = CARTESIAN_POINT ('', (52.4268134502246, -240., 792.877125832193));
#23630 = CARTESIAN_POINT ('', (54.2187812349325, -240., 793.144509287196));
#23640 = CARTESIAN_POINT ('', (56.0035171216904, -240., 793.424525855501));
#23650 = CARTESIAN_POINT ('', (57.7880196513332, -240., 793.704505811186));
#23660 = CARTESIAN_POINT ('', (59.5760695917487, -240., 793.998811969865));
#23670 = CARTESIAN_POINT ('', (61.356167584742, -240., 794.305551581307));
#23680 = CARTESIAN_POINT ('', (63.1360326078933, -240., 794.612251048287));
#23690 = CARTESIAN_POINT ('', (64.9197615396017, -240., 794.93342191423));
#23700 = CARTESIAN_POINT ('', (66.6948215576288, -240., 795.266807570917));
#23710 = CARTESIAN_POINT ('', (68.4696489892036, -240., 795.600149544017));
#23720 = CARTESIAN_POINT ('', (70.2486547039742, -240., 795.948121124871));
#23730 = CARTESIAN_POINT ('', (72.0182778871709, -240., 796.308069832874));
#23740 = CARTESIAN_POINT ('', (73.7876688638903, -240., 796.667971309116));
#23750 = CARTESIAN_POINT ('', (75.5615501983435, -240., 797.042673634983));
#23760 = CARTESIAN_POINT ('', (77.3253389982799, -240., 797.429096421986));
#23770 = CARTESIAN_POINT ('', (79.0888959688205, -240., 797.815468418236));
#23780 = CARTESIAN_POINT ('', (80.8572528927073, -240., 798.216825561388));
#23790 = CARTESIAN_POINT ('', (82.6148111622591, -240., 798.629627495685));
#23800 = CARTESIAN_POINT ('', (84.3721379771788, -240., 799.042375067675));
#23810 = CARTESIAN_POINT ('', (86.134571681249, -240., 799.470305163574));
#23820 = CARTESIAN_POINT ('', (87.8855047642244, -240., 799.909385374426));
#23830 = CARTESIAN_POINT ('', (89.636206765647, -240., 800.348407637126));
#23840 = CARTESIAN_POINT ('', (91.3923197490782, -240., 800.802822906741));
#23850 = CARTESIAN_POINT ('', (93.136234569584, -240., 801.268074606094));
#23860 = CARTESIAN_POINT ('', (94.8799186806267, -240., 801.73326475544));
#23870 = CARTESIAN_POINT ('', (96.6293148379893, -240., 802.214071528849));
#23880 = CARTESIAN_POINT ('', (98.3658199895183, -240., 802.705382034399));
#23890 = CARTESIAN_POINT ('', (100.102094803444, -240., 803.196627370385));
#23900 = CARTESIAN_POINT ('', (101.844379511176, -240., 803.703726111646));
#23910 = CARTESIAN_POINT ('', (103.573085345399, -240., 804.22097687126));
#23920 = CARTESIAN_POINT ('', (105.301561214478, -240., 804.738158822379));
#23930 = CARTESIAN_POINT ('', (107.036341416838, -240., 805.27144415566));
#23940 = CARTESIAN_POINT ('', (108.756860132088, -240., 805.814510773142));
#23950 = CARTESIAN_POINT ('', (110.477149256153, -240., 806.357504922183));
#23960 = CARTESIAN_POINT ('', (112.204033550633, -240., 806.916865659136));
#23970 = CARTESIAN_POINT ('', (113.915979280057, -240., 807.485617921349));
#23980 = CARTESIAN_POINT ('', (115.945680943827, -240., 808.159936851585));
#23990 = CARTESIAN_POINT ('', (117.982620018813, -240., 808.856846805974));
#24000 = CARTESIAN_POINT ('', (120., -240., 809.567179738542));
#24010 = B_SPLINE_CURVE_WITH_KNOTS ('', 3, (#22680, #22690, #22700, #22710, #22720, #22730, #22740, #22750, #22760, #22770, #22780, #22790, #22800, #22810, #22820, #22830, #22840, #22850, #22860, #22870, #22880, #22890, #22900, #22910, #22920, #22930, #22940, #22950, #22960, #22970, #22980, #22990, #23000, #23010, #23020, #23030, #23040, #23050, #23060, #23070, #23080, #23090, #23100, #23110, #23120, #23130, #23140, #23150, #23160, #23170, #23180, #23190, #23200, #23210, #23220, #23230, #23240, #23250, #23260, #23270, #23280, #23290, #23300, #23310, #23320, #23330, #23340, #23350, #23360, #23370, #23380, #23390, #23400, #23410, #23420, #23430, #23440, #23450, #23460, #23470, #23480, #23490, #23500, #23510, #23520, #23530, #23540, #23550, #23560, #23570, #23580, #23590, #23600, #23610, #23620, #23630, #23640, #23650, #23660, #23670, #23680, #23690, #23700, #23710, #23720, #23730, #23740, #23750, #23760, #23770, #23780, #23790, #23800, #23810, #23820, #23830, #23840, #23850, #23860, #23870, #23880, #23890, #23900, #23910, #23920, #23930, #23940, #23950, #23960, #23970, #23980, #23990, #24000), .UNSPECIFIED., .F., .U., (4, 3, 3, 3, 3, 3, 3, 3, 3, 3, 3, 3, 3, 3, 3, 3, 3, 3, 3, 3, 3, 3, 3, 3, 3, 3, 3, 3, 3, 3, 3, 3, 3, 3, 3, 3, 3, 3, 3, 3, 3, 3, 3, 3, 4), (0., 5.42553570277472, 10.8503458809946, 16.2744333209881, 21.6978006318111, 27.1204502455833, 32.5423844178886, 37.9636052282196, 43.3841145804496, 48.8039142033166, 54.2230056509053, 59.6413903031168, 65.0590693661124, 70.4760438727257, 75.8923146828314, 81.3078824836661, 86.7227477900931, 92.1369109448059, 97.5503721184667, 102.963131309774, 108.375188345456, 113.786542880189, 119.197194396433, 121.603625654545, 122.316968356002, 123.030494715713, 135.26205579202, 143.403900401009, 151.543345138555, 159.68039322116, 167.815046519456, 173.235461682691, 178.655168609828, 184.074166901485, 189.49245598321, 194.910035105485, 200.326903343671, 205.743059597922, 211.158502593059, 216.573230878428, 221.987242827746, 227.400536638948, 232.813110334054, 238.224961759066, 244.64131226167), .UNSPECIFIED.);
#24020 = EDGE_CURVE ('', #22600, #22670, #24010, .T.);
#24030 = ORIENTED_EDGE ('', *, *, #24020, .T.);
#24040 = CARTESIAN_POINT ('', (120., -240., 809.567179738542));
#24050 = CARTESIAN_POINT ('', (120., -240., 828.723933882912));
#24060 = B_SPLINE_CURVE_WITH_KNOTS ('', 1, (#24040, #24050), .UNSPECIFIED., .F., .U., (2, 2), (0., 1.), .UNSPECIFIED.);
#24070 = EDGE_CURVE ('', #22670, #22500, #24060, .T.);
#24080 = ORIENTED_EDGE ('', *, *, #24070, .T.);
#24090 = EDGE_LOOP ('', (#22580, #22650, #24030, #24080));
#24100 = FACE_OUTER_BOUND ('', #24090, .T.);
#24110 = CARTESIAN_POINT ('', (120., -240., 789.057825885698));
#24120 = CARTESIAN_POINT ('', (-120., -240., 789.057825885698));
#24130 = CARTESIAN_POINT ('', (120., -240., 849.145879265391));
#24140 = CARTESIAN_POINT ('', (-120., -240., 849.145879265391));
#24150 = B_SPLINE_SURFACE_WITH_KNOTS ('', 1, 1, ((#24110, #24120), (#24130, #24140)), .UNSPECIFIED., .F., .F., .U., (2, 2), (2, 2), (0.455996412313226, 0.546191678270419), (0., 1.), .UNSPECIFIED.);
#24160 = ADVANCED_FACE ('', (#24100), #24150, .T.);
#24170 = CARTESIAN_POINT ('', (-120., 240., 828.723939165269));
#24180 = CARTESIAN_POINT ('', (-120., 236.065957230423, 829.754552072466));
#24190 = CARTESIAN_POINT ('', (-120., 232.13435907254, 830.757207005972));
#24200 = CARTESIAN_POINT ('', (-120., 228.187238576357, 831.736541099099));
#24210 = CARTESIAN_POINT ('', (-120., 225.556546734892, 832.389251400533));
#24220 = CARTESIAN_POINT ('', (-120., 222.926922610064, 833.029613500539));
#24230 = CARTESIAN_POINT ('', (-120., 220.290677041873, 833.659517942927));
#24240 = CARTESIAN_POINT ('', (-120., 218.533521159998, 834.079372720235));
#24250 = CARTESIAN_POINT ('', (-120., 216.776833986099, 834.493763367338));
#24260 = CARTESIAN_POINT ('', (-120., 215.01728626137, 834.903478672931));
#24270 = CARTESIAN_POINT ('', (-120., 211.056955527185, 835.825652078175));
#24280 = CARTESIAN_POINT ('', (-120., 207.09884202061, 836.720287601305));
#24290 = CARTESIAN_POINT ('', (-120., 203.126890321674, 837.591047622659));
#24300 = CARTESIAN_POINT ('', (-120., 199.154958096374, 838.461803374862));
#24310 = CARTESIAN_POINT ('', (-120., 195.185128518784, 839.305184834922));
#24320 = CARTESIAN_POINT ('', (-120., 191.20225713499, 840.124450800603));
#24330 = CARTESIAN_POINT ('', (-120., 187.219404901054, 840.94371282721));
#24340 = CARTESIAN_POINT ('', (-120., 183.238536135181, 841.735764589213));
#24350 = CARTESIAN_POINT ('', (-120., 179.245428687321, 842.503485303702));
#24360 = CARTESIAN_POINT ('', (-120., 175.252816373738, 843.271110822945));
#24370 = CARTESIAN_POINT ('', (-120., 171.262066816154, 844.011695531067));
#24380 = CARTESIAN_POINT ('', (-120., 167.259879865994, 844.727727402104));
#24390 = CARTESIAN_POINT ('', (-120., 163.257708269283, 845.443756526252));
#24400 = CARTESIAN_POINT ('', (-120., 159.25727433356, 846.1328715971));
#24410 = CARTESIAN_POINT ('', (-120., 155.246202254536, 846.797232924263));
#24420 = CARTESIAN_POINT ('', (-120., 151.235145325563, 847.461591742094));
#24430 = CARTESIAN_POINT ('', (-120., 147.225697190361, 848.099164257483));
#24440 = CARTESIAN_POINT ('', (-120., 143.206416282962, 848.71180714997));
#24450 = CARTESIAN_POINT ('', (-120., 141.420640635563, 848.984005780312));
#24460 = CARTESIAN_POINT ('', (-120., 139.635178689901, 849.250934187217));
#24470 = CARTESIAN_POINT ('', (-120., 137.84787565538, 849.512916285836));
#24480 = CARTESIAN_POINT ('', (-120., 131.813246408838, 850.397469606598));
#24490 = CARTESIAN_POINT ('', (-120., 125.781586541669, 851.222216858424));
#24500 = CARTESIAN_POINT ('', (-120., 119.731017609725, 851.990201441779));
#24510 = CARTESIAN_POINT ('', (-120., 115.698186733259, 852.502079246203));
#24520 = CARTESIAN_POINT ('', (-120., 111.666571623283, 852.987493406742));
#24530 = CARTESIAN_POINT ('', (-120., 107.627497025145, 853.447515314388));
#24540 = CARTESIAN_POINT ('', (-120., 105.832766707974, 853.651922349751));
#24550 = CARTESIAN_POINT ('', (-120., 104.038271222088, 853.851117084706));
#24560 = CARTESIAN_POINT ('', (-120., 102.242403850912, 854.045280759545));
#24570 = CARTESIAN_POINT ('', (-120., 96.1797778925139, 854.700753292845));
#24580 = CARTESIAN_POINT ('', (-120., 90.1192115549181, 855.297040987867));
#24590 = CARTESIAN_POINT ('', (-120., 84.0450922920113, 855.83569944491));
#24600 = CARTESIAN_POINT ('', (-120., 77.9710093141023, 856.374354684167));
#24610 = CARTESIAN_POINT ('', (-120., 71.8985070611177, 856.854018335249));
#24620 = CARTESIAN_POINT ('', (-120., 65.8151867111502, 857.275737446714));
#24630 = CARTESIAN_POINT ('', (-120., 64.0133267848261, 857.400649291463));
#24640 = CARTESIAN_POINT ('', (-120., 62.2116052746846, 857.520397296848));
#24650 = CARTESIAN_POINT ('', (-120., 60.4090631758778, 857.635045214756));
#24660 = CARTESIAN_POINT ('', (-120., 54.3245543766503, 858.022041039036));
#24670 = CARTESIAN_POINT ('', (-120., 48.240996795413, 858.350301780818));
#24680 = CARTESIAN_POINT ('', (-120., 42.1501736872594, 858.620277633572));
#24690 = CARTESIAN_POINT ('', (-120., 38.0899957046873, 858.800245101632));
#24700 = CARTESIAN_POINT ('', (-120., 34.0301230603578, 858.954143530997));
#24710 = CARTESIAN_POINT ('', (-120., 29.9679728254506, 859.082084958087));
#24720 = CARTESIAN_POINT ('', (-120., 27.2600755125047, 859.167372854053));
#24730 = CARTESIAN_POINT ('', (-120., 24.5522788552093, 859.241089714869));
#24740 = CARTESIAN_POINT ('', (-120., 21.8437521689574, 859.303259422273));
#24750 = CARTESIAN_POINT ('', (-120., 12.7022215623119, 859.513087992885));
#24760 = CARTESIAN_POINT ('', (-120., 3.55971064209132, 859.591177812712));
#24770 = CARTESIAN_POINT ('', (-120., -5.58407039858654, 859.537529500323));
#24780 = CARTESIAN_POINT ('', (-120., -7.39007226144707, 859.526933341941));
#24790 = CARTESIAN_POINT ('', (-120., -9.19610532092302, 859.511197440437));
#24800 = CARTESIAN_POINT ('', (-120., -11.0020176436667, 859.490324256907));
#24810 = CARTESIAN_POINT ('', (-120., -12.8078812105412, 859.46945163691));
#24820 = CARTESIAN_POINT ('', (-120., -14.6137889060208, 859.443440414463));
#24830 = CARTESIAN_POINT ('', (-120., -16.4195044769542, 859.412292937533));
#24840 = CARTESIAN_POINT ('', (-120., -25.5595276397434, 859.254633190233));
#24850 = CARTESIAN_POINT ('', (-120., -34.7028725921065, 858.965104361338));
#24860 = CARTESIAN_POINT ('', (-120., -43.834556130523, 858.544110576995));
#24870 = CARTESIAN_POINT ('', (-120., -45.6385731433774, 858.460940814698));
#24880 = CARTESIAN_POINT ('', (-120., -47.4427123734857, 858.372617538286));
#24890 = CARTESIAN_POINT ('', (-120., -49.2462266185082, 858.279177931967));
#24900 = CARTESIAN_POINT ('', (-120., -51.049695973793, 858.185740651374));
#24910 = CARTESIAN_POINT ('', (-120., -52.853300332808, 858.0871482373));
#24920 = CARTESIAN_POINT ('', (-120., -54.656208485686, 857.983444654229));
#24930 = CARTESIAN_POINT ('', (-120., -60.7395446261125, 857.633530126538));
#24940 = CARTESIAN_POINT ('', (-120., -66.8250456852836, 857.224782458666));
#24950 = CARTESIAN_POINT ('', (-120., -72.9005292751054, 856.757965659574));
#24960 = CARTESIAN_POINT ('', (-120., -76.9512369541357, 856.446724856299));
#24970 = CARTESIAN_POINT ('', (-120., -81.0030211971306, 856.109252446659));
#24980 = CARTESIAN_POINT ('', (-120., -85.0494037952726, 855.746083879693));
#24990 = CARTESIAN_POINT ('', (-120., -87.7471304693085, 855.503959091314));
#25000 = CARTESIAN_POINT ('', (-120., -90.4453688520441, 855.250155630715));
#25010 = CARTESIAN_POINT ('', (-120., -93.1409263445244, 854.984969986901));
#25020 = CARTESIAN_POINT ('', (-120., -99.2039015260586, 854.38850191622));
#25030 = CARTESIAN_POINT ('', (-120., -105.270057100142, 853.732720289309));
#25040 = CARTESIAN_POINT ('', (-120., -111.320420765839, 853.019599174737));
#25050 = CARTESIAN_POINT ('', (-120., -115.35463128394, 852.544110285136));
#25060 = CARTESIAN_POINT ('', (-120., -119.390362591675, 852.04213565833));
#25070 = CARTESIAN_POINT ('', (-120., -123.418129664328, 851.514843901381));
#25080 = CARTESIAN_POINT ('', (-120., -126.10355860871, 851.163283217582));
#25090 = CARTESIAN_POINT ('', (-120., -128.789694280879, 850.799918762453));
#25100 = CARTESIAN_POINT ('', (-120., -131.472011715786, 850.425356740744));
#25110 = CARTESIAN_POINT ('', (-120., -135.494618082567, 849.863635166083));
#25120 = CARTESIAN_POINT ('', (-120., -139.518971266263, 849.275265045488));
#25130 = CARTESIAN_POINT ('', (-120., -143.534016723804, 848.66182956935));
#25140 = CARTESIAN_POINT ('', (-120., -147.549048408187, 848.048396197533));
#25150 = CARTESIAN_POINT ('', (-120., -151.565958953128, 847.408184276385));
#25160 = CARTESIAN_POINT ('', (-120., -155.572755403245, 846.743081174917));
#25170 = CARTESIAN_POINT ('', (-120., -158.244358817919, 846.299611750125));
#25180 = CARTESIAN_POINT ('', (-120., -160.916825244466, 845.844193384249));
#25190 = CARTESIAN_POINT ('', (-120., -163.584518986555, 845.377781512142));
#25200 = CARTESIAN_POINT ('', (-120., -165.363141189419, 845.06681234116));
#25210 = CARTESIAN_POINT ('', (-120., -167.142155036204, 844.750519598798));
#25220 = CARTESIAN_POINT ('', (-120., -168.918965759443, 844.429361663197));
#25230 = CARTESIAN_POINT ('', (-120., -172.915324797144, 843.70702112254));
#25240 = CARTESIAN_POINT ('', (-120., -176.913832377783, 842.957628116271));
#25250 = CARTESIAN_POINT ('', (-120., -180.900533051502, 842.183755288829));
#25260 = CARTESIAN_POINT ('', (-120., -184.887216733663, 841.40988575968));
#25270 = CARTESIAN_POINT ('', (-120., -188.87617173723, 840.60879952725));
#25280 = CARTESIAN_POINT ('', (-120., -192.852516799588, 839.783450646586));
#25290 = CARTESIAN_POINT ('', (-120., -196.828844354251, 838.958105399901));
#25300 = CARTESIAN_POINT ('', (-120., -200.807561407269, 838.105379985093));
#25310 = CARTESIAN_POINT ('', (-120., -204.772872420613, 837.228633633142));
#25320 = CARTESIAN_POINT ('', (-120., -208.737666668948, 836.35200154003));
#25330 = CARTESIAN_POINT ('', (-120., -212.70496712644, 835.447834564324));
#25340 = CARTESIAN_POINT ('', (-120., -216.658064820593, 834.519882044638));
#25350 = CARTESIAN_POINT ('', (-120., -220.611140752591, 833.591934633413));
#25360 = CARTESIAN_POINT ('', (-120., -224.566835096284, 832.636248888215));
#25370 = CARTESIAN_POINT ('', (-120., -228.507523998081, 831.657031495908));
#25380 = CARTESIAN_POINT ('', (-120., -232.341614053502, 830.704302732105));
#25390 = CARTESIAN_POINT ('', (-120., -236.178278975904, 829.725126703716));
#25400 = CARTESIAN_POINT ('', (-120., -240., 828.723933882912));
#25410 = B_SPLINE_CURVE_WITH_KNOTS ('', 3, (#24170, #24180, #24190, #24200, #24210, #24220, #24230, #24240, #24250, #24260, #24270, #24280, #24290, #24300, #24310, #24320, #24330, #24340, #24350, #24360, #24370, #24380, #24390, #24400, #24410, #24420, #24430, #24440, #24450, #24460, #24470, #24480, #24490, #24500, #24510, #24520, #24530, #24540, #24550, #24560, #24570, #24580, #24590, #24600, #24610, #24620, #24630, #24640, #24650, #24660, #24670, #24680, #24690, #24700, #24710, #24720, #24730, #24740, #24750, #24760, #24770, #24780, #24790, #24800, #24810, #24820, #24830, #24840, #24850, #24860, #24870, #24880, #24890, #24900, #24910, #24920, #24930, #24940, #24950, #24960, #24970, #24980, #24990, #25000, #25010, #25020, #25030, #25040, #25050, #25060, #25070, #25080, #25090, #25100, #25110, #25120, #25130, #25140, #25150, #25160, #25170, #25180, #25190, #25200, #25210, #25220, #25230, #25240, #25250, #25260, #25270, #25280, #25290, #25300, #25310, #25320, #25330, #25340, #25350, #25360, #25370, #25380, #25390, #25400), .UNSPECIFIED., .F., .U., (4, 3, 3, 3, 3, 3, 3, 3, 3, 3, 3, 3, 3, 3, 3, 3, 3, 3, 3, 3, 3, 3, 3, 3, 3, 3, 3, 3, 3, 3, 3, 3, 3, 3, 3, 3, 3, 3, 3, 3, 3, 4), (0., 12.2003975056588, 20.3317647167211, 25.7516238887964, 37.9504603013898, 50.1492369056779, 62.3479548575993, 74.545160202239, 86.7423187551719, 98.9394312387329, 104.35863605262, 122.655976364379, 134.851536781331, 140.27053598112, 158.564406533309, 176.858167803308, 182.276721066631, 200.567131610492, 212.759625279037, 220.887345558667, 248.319160824004, 253.737259666315, 259.155212231249, 286.579360715936, 291.997160207266, 297.414824848761, 315.694999053811, 327.882941121577, 336.008652326669, 354.285385620701, 366.471791887375, 374.596821842239, 386.78173209983, 398.966600558467, 407.091080198679, 412.507886351052, 424.691233704468, 436.874529131724, 449.057770916398, 461.239424963561, 473.421011949635, 485.273077079984), .UNSPECIFIED.);
#25420 = EDGE_CURVE ('', #20780, #22480, #25410, .T.);
#25430 = ORIENTED_EDGE ('', *, *, #25420, .F.);
#25440 = ORIENTED_EDGE ('', *, *, #22370, .F.);
#25450 = CARTESIAN_POINT ('', (-120., 240., 809.564572165432));
#25460 = CARTESIAN_POINT ('', (-120., 237.3962562716, 808.808980032593));
#25470 = CARTESIAN_POINT ('', (-120., 234.794077581473, 808.070057147072));
#25480 = CARTESIAN_POINT ('', (-120., 232.181812401034, 807.344473587822));
#25490 = CARTESIAN_POINT ('', (-120., 230.440770072084, 806.860881148852));
#25500 = CARTESIAN_POINT ('', (-120., 228.700399688186, 806.38471322971));
#25510 = CARTESIAN_POINT ('', (-120., 226.955720966276, 805.914408864926));
#25520 = CARTESIAN_POINT ('', (-120., 223.02828180119, 804.855708624837));
#25530 = CARTESIAN_POINT ('', (-120., 219.103919226459, 803.832156649633));
#25540 = CARTESIAN_POINT ('', (-120., 215.159716673946, 802.837726753381));
#25550 = CARTESIAN_POINT ('', (-120., 213.407732700934, 802.396008759104));
#25560 = CARTESIAN_POINT ('', (-120., 211.656357262248, 801.961192254584));
#25570 = CARTESIAN_POINT ('', (-120., 209.901217290221, 801.532186069605));
#25580 = CARTESIAN_POINT ('', (-120., 208.731315414012, 801.2462287393));
#25590 = CARTESIAN_POINT ('', (-120., 207.561658361211, 800.963359843123));
#25600 = CARTESIAN_POINT ('', (-120., 206.390429364952, 800.682887682235));
#25610 = CARTESIAN_POINT ('', (-120., 202.435406510839, 799.735785271179));
#25620 = CARTESIAN_POINT ('', (-120., 198.483034568034, 798.821401066823));
#25630 = CARTESIAN_POINT ('', (-120., 194.513917492866, 797.93521914578));
#25640 = CARTESIAN_POINT ('', (-120., 190.54482379378, 797.049042443898));
#25650 = CARTESIAN_POINT ('', (-120., 186.57822281607, 796.195370107794));
#25660 = CARTESIAN_POINT ('', (-120., 182.59598702565, 795.37025675281));
#25670 = CARTESIAN_POINT ('', (-120., 178.613774645628, 794.545148248425));
#25680 = CARTESIAN_POINT ('', (-120., 174.633888693794, 793.752327159218));
#25690 = CARTESIAN_POINT ('', (-120., 170.639492147953, 792.988379701482));
#25700 = CARTESIAN_POINT ('', (-120., 169.456685912161, 792.762162347633));
#25710 = CARTESIAN_POINT ('', (-120., 168.274066743085, 792.538714159261));
#25720 = CARTESIAN_POINT ('', (-120., 167.090297054231, 792.317593815642));
#25730 = CARTESIAN_POINT ('', (-120., 163.09351811565, 791.571021960838));
#25740 = CARTESIAN_POINT ('', (-120., 159.098725910787, 790.854372916393));
#25750 = CARTESIAN_POINT ('', (-120., 155.091672407645, 790.16507353207));
#25760 = CARTESIAN_POINT ('', (-120., 151.084635907923, 789.475777072702));
#25770 = CARTESIAN_POINT ('', (-120., 147.079430349484, 788.81625998362));
#25780 = CARTESIAN_POINT ('', (-120., 143.062946766345, 788.18433376532));
#25790 = CARTESIAN_POINT ('', (-120., 140.385824558412, 787.763133559277));
#25800 = CARTESIAN_POINT ('', (-120., 137.70948097139, 787.355112765345));
#25810 = CARTESIAN_POINT ('', (-120., 135.028468630002, 786.959428857276));
#25820 = CARTESIAN_POINT ('', (-120., 133.241373017353, 786.695675884121));
#25830 = CARTESIAN_POINT ('', (-120., 131.454594570658, 786.43784978989));
#25840 = CARTESIAN_POINT ('', (-120., 129.665886366944, 786.185264514059));
#25850 = CARTESIAN_POINT ('', (-120., 123.626699096862, 785.332464834805));
#25860 = CARTESIAN_POINT ('', (-120., 117.590482399842, 784.542837424862));
#25870 = CARTESIAN_POINT ('', (-120., 111.53514992358, 783.813454961411));
#25880 = CARTESIAN_POINT ('', (-120., 105.479862198492, 783.084077888369));
#25890 = CARTESIAN_POINT ('', (-120., 99.4270260812657, 782.417567781317));
#25900 = CARTESIAN_POINT ('', (-120., 93.3581271505964, 781.811790497488));
#25910 = CARTESIAN_POINT ('', (-120., 90.6620189034079, 781.542673949404));
#25920 = CARTESIAN_POINT ('', (-120., 87.9663595451204, 781.285580377258));
#25930 = CARTESIAN_POINT ('', (-120., 85.2679945544209, 781.040122083493));
#25940 = CARTESIAN_POINT ('', (-120., 82.5696512308249, 780.794665760689));
#25950 = CARTESIAN_POINT ('', (-120., 79.871714462499, 780.5611570248));
#25960 = CARTESIAN_POINT ('', (-120., 77.1713245445901, 780.339346768825));
#25970 = CARTESIAN_POINT ('', (-120., 74.470937834825, 780.117536776368));
#25980 = CARTESIAN_POINT ('', (-120., 71.7709133214119, 779.907657366134));
#25990 = CARTESIAN_POINT ('', (-120., 69.0686875821181, 779.709505634049));
#26000 = CARTESIAN_POINT ('', (-120., 66.3664650599161, 779.51135413787));
#26010 = CARTESIAN_POINT ('', (-120., 63.6645600163142, 779.325115864358));
#26020 = CARTESIAN_POINT ('', (-120., 60.9607063072934, 779.150628915996));
#26030 = CARTESIAN_POINT ('', (-120., 59.1582420094164, 779.034311049457));
#26040 = CARTESIAN_POINT ('', (-120., 57.355908155973, 778.923280879432));
#26050 = CARTESIAN_POINT ('', (-120., 55.5527959539709, 778.817480226369));
#26060 = CARTESIAN_POINT ('', (-120., 53.7497533486522, 778.711683657008));
#26070 = CARTESIAN_POINT ('', (-120., 51.9468251115667, 778.611126974976));
#26080 = CARTESIAN_POINT ('', (-120., 50.1432048715065, 778.51568285348));
#26090 = CARTESIAN_POINT ('', (-120., 41.0101018293785, 778.032376569248));
#26100 = CARTESIAN_POINT ('', (-120., 31.8777469652813, 777.681703041422));
#26110 = CARTESIAN_POINT ('', (-120., 22.734476472282, 777.463160518433));
#26120 = CARTESIAN_POINT ('', (-120., 20.9288837118186, 777.420003226121));
#26130 = CARTESIAN_POINT ('', (-120., 19.123327494374, 777.382013852565));
#26140 = CARTESIAN_POINT ('', (-120., 17.3175174225211, 777.349184705268));
#26150 = CARTESIAN_POINT ('', (-120., 15.5117690836995, 777.316356680261));
#26160 = CARTESIAN_POINT ('', (-120., 13.7060441146193, 777.288683908045));
#26170 = CARTESIAN_POINT ('', (-120., 11.9001381425039, 777.266137017774));
#26180 = CARTESIAN_POINT ('', (-120., 2.75754507875123, 777.15199096267));
#26190 = CARTESIAN_POINT ('', (-120., -6.38663610482384, 777.169504564776));
#26200 = CARTESIAN_POINT ('', (-120., -15.5287246262045, 777.318684719334));
#26210 = CARTESIAN_POINT ('', (-120., -17.3344925098121, 777.348151151577));
#26220 = CARTESIAN_POINT ('', (-120., -19.1403152928153, 777.382756246732));
#26230 = CARTESIAN_POINT ('', (-120., -20.9458863669052, 777.422493087419));
#26240 = CARTESIAN_POINT ('', (-120., -22.751398560118, 777.462228632261));
#26250 = CARTESIAN_POINT ('', (-120., -24.5569793197495, 777.507112436374));
#26260 = CARTESIAN_POINT ('', (-120., -26.3622346450009, 777.557176435569));
#26270 = CARTESIAN_POINT ('', (-120., -32.4541185968193, 777.726118783497));
#26280 = CARTESIAN_POINT ('', (-120., -38.5474209479003, 777.954099715814));
#26290 = CARTESIAN_POINT ('', (-120., -44.6348953631868, 778.240886819041));
#26300 = CARTESIAN_POINT ('', (-120., -48.6934127790854, 778.432087697057));
#26310 = CARTESIAN_POINT ('', (-120., -52.7526798729687, 778.649582677003));
#26320 = CARTESIAN_POINT ('', (-120., -56.8083920325247, 778.893140205599));
#26330 = CARTESIAN_POINT ('', (-120., -59.5122382795711, 779.055514181791));
#26340 = CARTESIAN_POINT ('', (-120., -62.2164638544877, 779.229534492417));
#26350 = CARTESIAN_POINT ('', (-120., -64.9187946862467, 779.415432075877));
#26360 = CARTESIAN_POINT ('', (-120., -67.62096438532, 779.601318574767));
#26370 = CARTESIAN_POINT ('', (-120., -70.3235563766808, 779.799171336593));
#26380 = CARTESIAN_POINT ('', (-120., -73.0239873505653, 780.008807756007));
#26390 = CARTESIAN_POINT ('', (-120., -75.7244150500879, 780.21844392123));
#26400 = CARTESIAN_POINT ('', (-120., -78.4253100723148, 780.440068646218));
#26410 = CARTESIAN_POINT ('', (-120., -81.1237893330628, 780.673449796767));
#26420 = CARTESIAN_POINT ('', (-120., -83.8222653276839, 780.906830664841));
#26430 = CARTESIAN_POINT ('', (-120., -86.5212532606046, 781.152222025345));
#26440 = CARTESIAN_POINT ('', (-120., -89.2175713486543, 781.409336963039));
#26450 = CARTESIAN_POINT ('', (-120., -91.9138861756701, 781.666451589769));
#26460 = CARTESIAN_POINT ('', (-120., -94.6107570708797, 781.935598269083));
#26470 = CARTESIAN_POINT ('', (-120., -97.3047049285484, 782.216430101014));
#26480 = CARTESIAN_POINT ('', (-120., -99.1007175136594, 782.403656257977));
#26490 = CARTESIAN_POINT ('', (-120., -100.897000999252, 782.596249099016));
#26500 = CARTESIAN_POINT ('', (-120., -102.691855383519, 782.794270761991));
#26510 = CARTESIAN_POINT ('', (-120., -108.74679034278, 783.462296146304));
#26520 = CARTESIAN_POINT ('', (-120., -114.805467080021, 784.193712654841));
#26530 = CARTESIAN_POINT ('', (-120., -120.845412445777, 784.985896505761));
#26540 = CARTESIAN_POINT ('', (-120., -124.87279626899, 785.514117910593));
#26550 = CARTESIAN_POINT ('', (-120., -128.901961333909, 786.07066598008));
#26560 = CARTESIAN_POINT ('', (-120., -132.921731130178, 786.654009015522));
#26570 = CARTESIAN_POINT ('', (-120., -134.113111264226, 786.826900334921));
#26580 = CARTESIAN_POINT ('', (-120., -135.30464710598, 787.00228458896));
#26590 = CARTESIAN_POINT ('', (-120., -136.495315509592, 787.180011302678));
#26600 = CARTESIAN_POINT ('', (-120., -137.68594987702, 787.357732935938));
#26610 = CARTESIAN_POINT ('', (-120., -138.876755704317, 787.537979096566));
#26620 = CARTESIAN_POINT ('', (-120., -140.066629695666, 787.720722251135));
#26630 = CARTESIAN_POINT ('', (-120., -144.080750857116, 788.337218761858));
#26640 = CARTESIAN_POINT ('', (-120., -148.0970106081, 788.983697273189));
#26650 = CARTESIAN_POINT ('', (-120., -152.101824660932, 789.658012517551));
#26660 = CARTESIAN_POINT ('', (-120., -156.106621290436, 790.332324828241));
#26670 = CARTESIAN_POINT ('', (-120., -160.113717414779, 791.03679395588));
#26680 = CARTESIAN_POINT ('', (-120., -164.108361367747, 791.768854626217));
#26690 = CARTESIAN_POINT ('', (-120., -166.771957933266, 792.256986812769));
#26700 = CARTESIAN_POINT ('', (-120., -169.436609353241, 792.75858499007));
#26710 = CARTESIAN_POINT ('', (-120., -172.095380940588, 793.272348886922));
#26720 = CARTESIAN_POINT ('', (-120., -173.277312785401, 793.500737783996));
#26730 = CARTESIAN_POINT ('', (-120., -174.459453957128, 793.731793342647));
#26740 = CARTESIAN_POINT ('', (-120., -175.640397084898, 793.965240773695));
#26750 = CARTESIAN_POINT ('', (-120., -178.296583947042, 794.490312629206));
#26760 = CARTESIAN_POINT ('', (-120., -180.953976276362, 795.029805656452));
#26770 = CARTESIAN_POINT ('', (-120., -183.60461621326, 795.582197749982));
#26780 = CARTESIAN_POINT ('', (-120., -186.255239212249, 796.134586313661));
#26790 = CARTESIAN_POINT ('', (-120., -188.907115198944, 796.70151881208));
#26800 = CARTESIAN_POINT ('', (-120., -191.551897697079, 797.281226450127));
#26810 = CARTESIAN_POINT ('', (-120., -194.196673165568, 797.860932547351));
#26820 = CARTESIAN_POINT ('', (-120., -196.842750236194, 798.455255293085));
#26830 = CARTESIAN_POINT ('', (-120., -199.481397382421, 799.06224596483));
#26840 = CARTESIAN_POINT ('', (-120., -202.120037503064, 799.669235020418));
#26850 = CARTESIAN_POINT ('', (-120., -204.760026038309, 800.290912748554));
#26860 = CARTESIAN_POINT ('', (-120., -207.392251264873, 800.925142798702));
#26870 = CARTESIAN_POINT ('', (-120., -209.147378769437, 801.348037691586));
#26880 = CARTESIAN_POINT ('', (-120., -210.903113736198, 801.777486822709));
#26890 = CARTESIAN_POINT ('', (-120., -212.655284046584, 802.212471708776));
#26900 = CARTESIAN_POINT ('', (-120., -213.823508677994, 802.502489211746));
#26910 = CARTESIAN_POINT ('', (-120., -214.992041473471, 802.795397277918));
#26920 = CARTESIAN_POINT ('', (-120., -216.158854596754, 803.091042465254));
#26930 = CARTESIAN_POINT ('', (-120., -220.093705078017, 804.08804839916));
#26940 = CARTESIAN_POINT ('', (-120., -224.032200852529, 805.121328994383));
#26950 = CARTESIAN_POINT ('', (-120., -227.949693774836, 806.184493302388));
#26960 = CARTESIAN_POINT ('', (-120., -231.971746646789, 807.276034025798));
#26970 = CARTESIAN_POINT ('', (-120., -235.997470650347, 808.406090051734));
#26980 = CARTESIAN_POINT ('', (-120., -240., 809.567179738542));
#26990 = B_SPLINE_CURVE_WITH_KNOTS ('', 3, (#25450, #25460, #25470, #25480, #25490, #25500, #25510, #25520, #25530, #25540, #25550, #25560, #25570, #25580, #25590, #25600, #25610, #25620, #25630, #25640, #25650, #25660, #25670, #25680, #25690, #25700, #25710, #25720, #25730, #25740, #25750, #25760, #25770, #25780, #25790, #25800, #25810, #25820, #25830, #25840, #25850, #25860, #25870, #25880, #25890, #25900, #25910, #25920, #25930, #25940, #25950, #25960, #25970, #25980, #25990, #26000, #26010, #26020, #26030, #26040, #26050, #26060, #26070, #26080, #26090, #26100, #26110, #26120, #26130, #26140, #26150, #26160, #26170, #26180, #26190, #26200, #26210, #26220, #26230, #26240, #26250, #26260, #26270, #26280, #26290, #26300, #26310, #26320, #26330, #26340, #26350, #26360, #26370, #26380, #26390, #26400, #26410, #26420, #26430, #26440, #26450, #26460, #26470, #26480, #26490, #26500, #26510, #26520, #26530, #26540, #26550, #26560, #26570, #26580, #26590, #26600, #26610, #26620, #26630, #26640, #26650, #26660, #26670, #26680, #26690, #26700, #26710, #26720, #26730, #26740, #26750, #26760, #26770, #26780, #26790, #26800, #26810, #26820, #26830, #26840, #26850, #26860, #26870, #26880, #26890, #26900, #26910, #26920, #26930, #26940, #26950, #26960, #26970, #26980), .UNSPECIFIED., .F., .U., (4, 3, 3, 3, 3, 3, 3, 3, 3, 3, 3, 3, 3, 3, 3, 3, 3, 3, 3, 3, 3, 3, 3, 3, 3, 3, 3, 3, 3, 3, 3, 3, 3, 3, 3, 3, 3, 3, 3, 3, 3, 3, 3, 3, 3, 3, 3, 3, 3, 3, 3, 4), (0., 8.13348682113106, 13.5543548645356, 25.7572488386841, 31.1776790479415, 34.7907079645721, 46.9912357720983, 59.1916917247124, 71.3920759544203, 75.0048095376631, 87.2025348487379, 99.4002084003221, 107.53037053696, 112.949732790619, 131.247040012846, 149.544212011122, 157.672730361541, 165.801183442269, 173.929626866153, 182.058060612847, 187.476701265334, 192.895132768651, 220.332778536511, 225.751103915875, 231.169244065543, 258.599160858371, 264.017185708894, 269.435033874012, 287.717712134981, 299.906768395339, 308.032920530409, 316.158588124984, 324.284245866919, 332.409893773896, 340.535531853393, 345.952766716084, 364.227789492397, 376.413418110075, 380.024997029211, 383.636472708551, 395.820032525731, 408.003539337169, 416.127404012219, 419.738791469528, 427.861553432104, 435.984263489249, 444.106951956801, 452.229618797121, 457.645688758759, 461.256745456341, 473.434332338775, 485.936945429678), .UNSPECIFIED.);
#27000 = EDGE_CURVE ('', #20970, #22600, #26990, .T.);
#27010 = ORIENTED_EDGE ('', *, *, #27000, .T.);
#27020 = ORIENTED_EDGE ('', *, *, #22640, .T.);
#27030 = EDGE_LOOP ('', (#25430, #25440, #27010, #27020));
#27040 = FACE_OUTER_BOUND ('', #27030, .T.);
#27050 = CARTESIAN_POINT ('', (-120., -240., 777.15199096267));
#27060 = CARTESIAN_POINT ('', (-120., 240., 777.15199096267));
#27070 = CARTESIAN_POINT ('', (-120., -240., 859.591177812712));
#27080 = CARTESIAN_POINT ('', (-120., 240., 859.591177812712));
#27090 = B_SPLINE_SURFACE_WITH_KNOTS ('', 1, 1, ((#27050, #27060), (#27070, #27080)), .UNSPECIFIED., .F., .F., .U., (2, 2), (2, 2), (0.438125140289495, 0.56187060989639), (0., 1.), .UNSPECIFIED.);
#27100 = ADVANCED_FACE ('', (#27040), #27090, .T.);
#27110 = CARTESIAN_POINT ('', (120., -240., 828.723933882912));
#27120 = CARTESIAN_POINT ('', (120., -236.066089079761, 829.754517577063));
#27130 = CARTESIAN_POINT ('', (120., -232.13462325841, 830.757150976238));
#27140 = CARTESIAN_POINT ('', (120., -228.187635703185, 831.736460487026));
#27150 = CARTESIAN_POINT ('', (120., -224.240671458379, 832.715764214133));
#27160 = CARTESIAN_POINT ('', (120., -220.296046432689, 833.667308294177));
#27170 = CARTESIAN_POINT ('', (120., -216.33669469877, 834.595261087598));
#27180 = CARTESIAN_POINT ('', (120., -212.377365566657, 835.523208583836));
#27190 = CARTESIAN_POINT ('', (120., -208.42026458384, 836.423586947647));
#27200 = CARTESIAN_POINT ('', (120., -204.449238895789, 837.300130567216));
#27210 = CARTESIAN_POINT ('', (120., -200.478732962993, 838.176559458705));
#27220 = CARTESIAN_POINT ('', (120., -196.510342657147, 839.025612760355));
#27230 = CARTESIAN_POINT ('', (120., -192.52882574916, 839.850578260009));
#27240 = CARTESIAN_POINT ('', (120., -188.547326740614, 840.67554005092));
#27250 = CARTESIAN_POINT ('', (120., -184.567825629778, 841.473276164058));
#27260 = CARTESIAN_POINT ('', (120., -180.575993781649, 842.246693779437));
#27270 = CARTESIAN_POINT ('', (120., -176.584179457538, 843.020107999536));
#27280 = CARTESIAN_POINT ('', (120., -172.59424091328, 843.766447099227));
#27290 = CARTESIAN_POINT ('', (120., -168.592774306961, 844.488261585468));
#27300 = CARTESIAN_POINT ('', (120., -166.814991695173, 844.808951314717));
#27310 = CARTESIAN_POINT ('', (120., -165.037576553807, 845.124317038109));
#27320 = CARTESIAN_POINT ('', (120., -163.257985215802, 845.434812749701));
#27330 = CARTESIAN_POINT ('', (120., -159.252940013831, 846.133596416144));
#27340 = CARTESIAN_POINT ('', (120., -155.24959010965, 846.805521088194));
#27350 = CARTESIAN_POINT ('', (120., -151.235871670922, 847.45263002565));
#27360 = CARTESIAN_POINT ('', (120., -147.222167439805, 848.099736672494));
#27370 = CARTESIAN_POINT ('', (120., -143.210029161018, 848.720099401606));
#27380 = CARTESIAN_POINT ('', (120., -139.188324758308, 849.315466821355));
#27390 = CARTESIAN_POINT ('', (120., -136.507641457183, 849.712311377877));
#27400 = CARTESIAN_POINT ('', (120., -133.827624759259, 850.097314530574));
#27410 = CARTESIAN_POINT ('', (120., -131.143636416842, 850.471152919114));
#27420 = CARTESIAN_POINT ('', (120., -128.459722638061, 850.844980922084));
#27430 = CARTESIAN_POINT ('', (120., -125.776435816409, 851.207005011983));
#27440 = CARTESIAN_POINT ('', (120., -123.089416955486, 851.557818621729));
#27450 = CARTESIAN_POINT ('', (120., -117.042034395672, 852.347356847966));
#27460 = CARTESIAN_POINT ('', (120., -110.997248652296, 853.07736240366));
#27470 = CARTESIAN_POINT ('', (120., -104.935773474199, 853.75021090128));
#27480 = CARTESIAN_POINT ('', (120., -100.895582164289, 854.198688635345));
#27490 = CARTESIAN_POINT ('', (120., -96.8564374319742, 854.620810335684));
#27500 = CARTESIAN_POINT ('', (120., -92.8108219059438, 855.017387080038));
#27510 = CARTESIAN_POINT ('', (120., -90.114151883293, 855.281731680088));
#27520 = CARTESIAN_POINT ('', (120., -87.417914419667, 855.534397883569));
#27530 = CARTESIAN_POINT ('', (120., -84.7190824881858, 855.775672590607));
#27540 = CARTESIAN_POINT ('', (120., -78.6457540217192, 856.318626203019));
#27550 = CARTESIAN_POINT ('', (120., -72.5740249566863, 856.802606773091));
#27560 = CARTESIAN_POINT ('', (120., -66.4913760961228, 857.228635088947));
#27570 = CARTESIAN_POINT ('', (120., -62.4368135088799, 857.512616379035));
#27580 = CARTESIAN_POINT ('', (120., -58.3828471768884, 857.77044942905));
#27590 = CARTESIAN_POINT ('', (120., -54.3249777960806, 858.002439160058));
#27600 = CARTESIAN_POINT ('', (120., -51.620028526619, 858.157082002033));
#27610 = CARTESIAN_POINT ('', (120., -48.915309883882, 858.300126816385));
#27620 = CARTESIAN_POINT ('', (120., -46.2091386052528, 858.431663768065));
#27630 = CARTESIAN_POINT ('', (120., -37.0743146124074, 858.875673691475));
#27640 = CARTESIAN_POINT ('', (120., -27.9399981358636, 859.187765043287));
#27650 = CARTESIAN_POINT ('', (120., -18.7961723019619, 859.36832891459));
#27660 = CARTESIAN_POINT ('', (120., -16.9904263269743, 859.403987127001));
#27670 = CARTESIAN_POINT ('', (120., -15.1847073758827, 859.434504422817));
#27680 = CARTESIAN_POINT ('', (120., -13.3787877207188, 859.459886175889));
#27690 = CARTESIAN_POINT ('', (120., -11.5729362829072, 859.485266970184));
#27700 = CARTESIAN_POINT ('', (120., -9.76709895020807, 859.505509782669));
#27710 = CARTESIAN_POINT ('', (120., -7.96113233119903, 859.520615119156));
#27720 = CARTESIAN_POINT ('', (120., 1.18159837122604, 859.597086091665));
#27730 = CARTESIAN_POINT ('', (120., 10.3261594731335, 859.541823285833));
#27740 = CARTESIAN_POINT ('', (120., 19.4672977645931, 859.354838679212));
#27750 = CARTESIAN_POINT ('', (120., 21.2729183592962, 859.317904191861));
#27760 = CARTESIAN_POINT ('', (120., 23.0786032778755, 859.275827309462));
#27770 = CARTESIAN_POINT ('', (120., 24.8839844377549, 859.228617607869));
#27780 = CARTESIAN_POINT ('', (120., 26.6893014070399, 859.181409584824));
#27790 = CARTESIAN_POINT ('', (120., 28.4946956075048, 859.129059372626));
#27800 = CARTESIAN_POINT ('', (120., 30.2997146959486, 859.071578529016));
#27810 = CARTESIAN_POINT ('', (120., 36.3907617023853, 858.877609100859));
#27820 = CARTESIAN_POINT ('', (120., 42.4833181732191, 858.624991155876));
#27830 = CARTESIAN_POINT ('', (120., 48.5695132111791, 858.314012485238));
#27840 = CARTESIAN_POINT ('', (120., 52.6271983724144, 858.106682038311));
#27850 = CARTESIAN_POINT ('', (120., 56.6856716598451, 857.873228475953));
#27860 = CARTESIAN_POINT ('', (120., 60.7403666383176, 857.613915125966));
#27870 = CARTESIAN_POINT ('', (120., 63.4435405037845, 857.441036753024));
#27880 = CARTESIAN_POINT ('', (120., 66.1470989697997, 857.256536217738));
#27890 = CARTESIAN_POINT ('', (120., 68.8486971921304, 857.060569578041));
#27900 = CARTESIAN_POINT ('', (120., 74.925724371678, 856.61975843674));
#27910 = CARTESIAN_POINT ('', (120., 81.0052944159776, 856.119960732165));
#27920 = CARTESIAN_POINT ('', (120., 87.0727169178804, 855.56232466208));
#27930 = CARTESIAN_POINT ('', (120., 91.1181374057538, 855.19052388803));
#27940 = CARTESIAN_POINT ('', (120., 95.1648001249264, 854.792409786556));
#27950 = CARTESIAN_POINT ('', (120., 99.2051160061575, 854.36872320527));
#27960 = CARTESIAN_POINT ('', (120., 101.898813831115, 854.086249345299));
#27970 = CARTESIAN_POINT ('', (120., 104.593096264993, 853.792056906072));
#27980 = CARTESIAN_POINT ('', (120., 107.284278207733, 853.486542250424));
#27990 = CARTESIAN_POINT ('', (120., 113.337240288883, 852.799383721118));
#28000 = CARTESIAN_POINT ('', (120., 119.393747279561, 852.052674630215));
#28010 = CARTESIAN_POINT ('', (120., 125.432340418705, 851.248977112411));
#28020 = CARTESIAN_POINT ('', (120., 129.458790377599, 850.713082780245));
#28030 = CARTESIAN_POINT ('', (120., 133.486919684932, 850.150583344137));
#28040 = CARTESIAN_POINT ('', (120., 137.506143681112, 849.56294359458));
#28050 = CARTESIAN_POINT ('', (120., 140.185895235029, 849.1711444479));
#28060 = CARTESIAN_POINT ('', (120., 142.866422943466, 848.767484703767));
#28070 = CARTESIAN_POINT ('', (120., 145.54271471096, 848.352710865023));
#28080 = CARTESIAN_POINT ('', (120., 149.556255716253, 847.730689069813));
#28090 = CARTESIAN_POINT ('', (120., 153.571697441924, 847.081877828486));
#28100 = CARTESIAN_POINT ('', (120., 157.576892410207, 846.408204479652));
#28110 = CARTESIAN_POINT ('', (120., 161.582072605024, 845.734533615714));
#28120 = CARTESIAN_POINT ('', (120., 165.589282260266, 845.03393171211));
#28130 = CARTESIAN_POINT ('', (120., 169.585440472857, 844.308659097289));
#28140 = CARTESIAN_POINT ('', (120., 172.24999000043, 843.825063428556));
#28150 = CARTESIAN_POINT ('', (120., 174.915468030969, 843.329446653891));
#28160 = CARTESIAN_POINT ('', (120., 177.575757555702, 842.822940385123));
#28170 = CARTESIAN_POINT ('', (120., 179.349446136297, 842.485238651322));
#28180 = CARTESIAN_POINT ('', (120., 181.12355504881, 842.142180076115));
#28190 = CARTESIAN_POINT ('', (120., 182.895276218338, 841.79430403585));
#28200 = CARTESIAN_POINT ('', (120., 186.880109863227, 841.011885124037));
#28210 = CARTESIAN_POINT ('', (120., 190.86723504155, 840.20223485845));
#28220 = CARTESIAN_POINT ('', (120., 194.841619211237, 839.368358966761));
#28230 = CARTESIAN_POINT ('', (120., 198.815984876069, 838.534486957623));
#28240 = CARTESIAN_POINT ('', (120., 202.792760799881, 837.673206268503));
#28250 = CARTESIAN_POINT ('', (120., 206.755993892967, 836.787933194654));
#28260 = CARTESIAN_POINT ('', (120., 209.398704797824, 836.197627060474));
#28270 = CARTESIAN_POINT ('', (120., 212.042509074196, 835.595073513516));
#28280 = CARTESIAN_POINT ('', (120., 214.680018858713, 834.981946776796));
#28290 = CARTESIAN_POINT ('', (120., 217.317449786884, 834.368838371357));
#28300 = CARTESIAN_POINT ('', (120., 219.956007202651, 833.743433023098));
#28310 = CARTESIAN_POINT ('', (120., 222.588035434749, 833.107531141409));
#28320 = CARTESIAN_POINT ('', (120., 226.534862161054, 832.153972014896));
#28330 = CARTESIAN_POINT ('', (120., 230.484361448458, 831.17258442664));
#28340 = CARTESIAN_POINT ('', (120., 234.418459431757, 830.16780122961));
#28350 = CARTESIAN_POINT ('', (120., 236.279760788324, 829.69241796879));
#28360 = CARTESIAN_POINT ('', (120., 238.14166094645, 829.210773784696));
#28370 = CARTESIAN_POINT ('', (120., 240., 828.723939165269));
#28380 = B_SPLINE_CURVE_WITH_KNOTS ('', 3, (#27110, #27120, #27130, #27140, #27150, #27160, #27170, #27180, #27190, #27200, #27210, #27220, #27230, #27240, #27250, #27260, #27270, #27280, #27290, #27300, #27310, #27320, #27330, #27340, #27350, #27360, #27370, #27380, #27390, #27400, #27410, #27420, #27430, #27440, #27450, #27460, #27470, #27480, #27490, #27500, #27510, #27520, #27530, #27540, #27550, #27560, #27570, #27580, #27590, #27600, #27610, #27620, #27630, #27640, #27650, #27660, #27670, #27680, #27690, #27700, #27710, #27720, #27730, #27740, #27750, #27760, #27770, #27780, #27790, #27800, #27810, #27820, #27830, #27840, #27850, #27860, #27870, #27880, #27890, #27900, #27910, #27920, #27930, #27940, #27950, #27960, #27970, #27980, #27990, #28000, #28010, #28020, #28030, #28040, #28050, #28060, #28070, #28080, #28090, #28100, #28110, #28120, #28130, #28140, #28150, #28160, #28170, #28180, #28190, #28200, #28210, #28220, #28230, #28240, #28250, #28260, #28270, #28280, #28290, #28300, #28310, #28320, #28330, #28340, #28350, #28360, #28370), .UNSPECIFIED., .F., .U., (4, 3, 3, 3, 3, 3, 3, 3, 3, 3, 3, 3, 3, 3, 3, 3, 3, 3, 3, 3, 3, 3, 3, 3, 3, 3, 3, 3, 3, 3, 3, 3, 3, 3, 3, 3, 3, 3, 3, 3, 3, 3, 4), (0., 12.1999926602934, 24.3999132689435, 36.5997642348181, 48.7980183999785, 60.9962177262573, 73.1943635028213, 78.6137893261879, 90.8104352233546, 103.007037947289, 111.136732718112, 119.266201638629, 137.562317563025, 149.757337156596, 157.88612338258, 176.178773698525, 188.372260005685, 196.500358469066, 223.937183863619, 229.355477904058, 234.773567272229, 262.202718782262, 267.620713706156, 273.03851599244, 291.320920100301, 303.509855781376, 311.635944810482, 329.914926298227, 342.102336386248, 350.227740689034, 368.503266158967, 380.689132482726, 388.813858610946, 400.998225752245, 413.182547950581, 421.306783336224, 426.723435695154, 438.906198385899, 451.088904353323, 459.212415929502, 467.335684628694, 479.516835885332, 485.279985012468), .UNSPECIFIED.);
#28390 = EDGE_CURVE ('', #22500, #20800, #28380, .T.);
#28400 = ORIENTED_EDGE ('', *, *, #28390, .F.);
#28410 = ORIENTED_EDGE ('', *, *, #24070, .F.);
#28420 = CARTESIAN_POINT ('', (120., -240., 809.567179738542));
#28430 = CARTESIAN_POINT ('', (120., -236.092987878538, 808.433798547757));
#28440 = CARTESIAN_POINT ('', (120., -232.189322026167, 807.337055592971));
#28450 = CARTESIAN_POINT ('', (120., -228.263732479161, 806.269795854518));
#28460 = CARTESIAN_POINT ('', (120., -224.338176545808, 805.202545254693));
#28470 = CARTESIAN_POINT ('', (120., -220.41580548471, 804.1716133099));
#28480 = CARTESIAN_POINT ('', (120., -216.472821235325, 803.170669536347));
#28490 = CARTESIAN_POINT ('', (120., -214.721541177604, 802.726099444596));
#28500 = CARTESIAN_POINT ('', (120., -212.97081474253, 802.288732601465));
#28510 = CARTESIAN_POINT ('', (120., -211.216399227102, 801.856701808261));
#28520 = CARTESIAN_POINT ('', (120., -207.26741616194, 800.884251285003));
#28530 = CARTESIAN_POINT ('', (120., -203.321166916444, 799.944877594786));
#28540 = CARTESIAN_POINT ('', (120., -199.357580509265, 799.033773834535));
#28550 = CARTESIAN_POINT ('', (120., -195.394018326937, 798.122675642815));
#28560 = CARTESIAN_POINT ('', (120., -191.43303236447, 797.244431871737));
#28570 = CARTESIAN_POINT ('', (120., -187.455834258981, 796.394831778849));
#28580 = CARTESIAN_POINT ('', (120., -184.805127462183, 795.828593768811));
#28590 = CARTESIAN_POINT ('', (120., -182.155533122676, 795.27687178386));
#28600 = CARTESIAN_POINT ('', (120., -179.499128060389, 794.737998745318));
#28610 = CARTESIAN_POINT ('', (120., -178.318867734801, 794.498573487118));
#28620 = CARTESIAN_POINT ('', (120., -177.138826226471, 794.262005063097));
#28630 = CARTESIAN_POINT ('', (120., -175.957481947559, 794.027986719574));
#28640 = CARTESIAN_POINT ('', (120., -174.776202389582, 793.793981196942));
#28650 = CARTESIAN_POINT ('', (120., -173.595121620399, 793.562682312352));
#28660 = CARTESIAN_POINT ('', (120., -172.412847022214, 793.333757099229));
#28670 = CARTESIAN_POINT ('', (120., -168.420960486086, 792.560803440707));
#28680 = CARTESIAN_POINT ('', (120., -164.431146969166, 791.818116841362));
#28690 = CARTESIAN_POINT ('', (120., -160.428511802127, 791.102905547318));
#28700 = CARTESIAN_POINT ('', (120., -156.425894407392, 790.38769742892));
#28710 = CARTESIAN_POINT ('', (120., -152.425193493524, 789.702603799922));
#28720 = CARTESIAN_POINT ('', (120., -148.412670455532, 789.045239722076));
#28730 = CARTESIAN_POINT ('', (120., -145.738215458212, 788.607088806454));
#28740 = CARTESIAN_POINT ('', (120., -143.064577189974, 788.182262699844));
#28750 = CARTESIAN_POINT ('', (120., -140.386034148768, 787.769839453706));
#28760 = CARTESIAN_POINT ('', (120., -138.600607041156, 787.494931926689));
#28770 = CARTESIAN_POINT ('', (120., -136.815508983613, 787.226010599414));
#28780 = CARTESIAN_POINT ('', (120., -135.028393915353, 786.962298942856));
#28790 = CARTESIAN_POINT ('', (120., -131.006644442158, 786.368838435095));
#28800 = CARTESIAN_POINT ('', (120., -126.986403585851, 785.803714878203));
#28810 = CARTESIAN_POINT ('', (120., -122.956901650347, 785.265404232587));
#28820 = CARTESIAN_POINT ('', (120., -118.927413381104, 784.727095412679));
#28830 = CARTESIAN_POINT ('', (120., -114.899280810111, 784.217022690996));
#28840 = CARTESIAN_POINT ('', (120., -110.86279979336, 783.733935639876));
#28850 = CARTESIAN_POINT ('', (120., -106.826332656881, 783.250850249951));
#28860 = CARTESIAN_POINT ('', (120., -102.791061649844, 782.795928958362));
#28870 = CARTESIAN_POINT ('', (120., -98.7483673600195, 782.3680723038));
#28880 = CARTESIAN_POINT ('', (120., -94.7062583182992, 781.940277588697));
#28890 = CARTESIAN_POINT ('', (120., -90.665162977339, 781.539540273433));
#28900 = CARTESIAN_POINT ('', (120., -86.6177597564375, 781.165132753659));
#28910 = CARTESIAN_POINT ('', (120., -82.5703676550604, 780.790726262503));
#28920 = CARTESIAN_POINT ('', (120., -78.5238397816636, 780.443317382078));
#28930 = CARTESIAN_POINT ('', (120., -74.4718595079764, 780.122351800496));
#28940 = CARTESIAN_POINT ('', (120., -70.4198903998399, 779.801387103361));
#28950 = CARTESIAN_POINT ('', (120., -66.3686340235157, 779.507358419179));
#28960 = CARTESIAN_POINT ('', (120., -62.3127844710955, 779.239858142107));
#28970 = CARTESIAN_POINT ('', (120., -60.5105155547531, 779.12099095331));
#28980 = CARTESIAN_POINT ('', (120., -58.7083767796471, 779.007431160872));
#28990 = CARTESIAN_POINT ('', (120., -56.9054514668965, 778.898973924924));
#29000 = CARTESIAN_POINT ('', (120., -47.7756471132931, 778.349759080616));
#29010 = CARTESIAN_POINT ('', (120., -38.6470067753448, 777.933529086233));
#29020 = CARTESIAN_POINT ('', (120., -29.5051070813226, 777.649567002991));
#29030 = CARTESIAN_POINT ('', (120., -27.6998527560519, 777.59349290503));
#29040 = CARTESIAN_POINT ('', (120., -25.8946513417986, 777.542599184146));
#29050 = CARTESIAN_POINT ('', (120., -24.0891052749227, 777.496873001716));
#29060 = CARTESIAN_POINT ('', (120., -22.2835996624641, 777.45114784381));
#29070 = CARTESIAN_POINT ('', (120., -20.4781334686344, 777.410601254418));
#29080 = CARTESIAN_POINT ('', (120., -18.672396460152, 777.375172976416));
#29090 = CARTESIAN_POINT ('', (120., -9.53047081147661, 777.1958098234));
#29100 = CARTESIAN_POINT ('', (120., -0.387372625506456, 777.148102768957));
#29110 = CARTESIAN_POINT ('', (120., 8.75592683142118, 777.232071498351));
#29120 = CARTESIAN_POINT ('', (120., 11.4648572439145, 777.256949327829));
#29130 = CARTESIAN_POINT ('', (120., 14.1738949683559, 777.293378617917));
#29140 = CARTESIAN_POINT ('', (120., 16.8825143770665, 777.3413763771));
#29150 = CARTESIAN_POINT ('', (120., 26.0222144517382, 777.503335315214));
#29160 = CARTESIAN_POINT ('', (120., 35.1652923076745, 777.797807632161));
#29170 = CARTESIAN_POINT ('', (120., 44.2964674519758, 778.224408894095));
#29180 = CARTESIAN_POINT ('', (120., 47.0023374360421, 778.350824994059));
#29190 = CARTESIAN_POINT ('', (120., 49.7085073870023, 778.488899306391));
#29200 = CARTESIAN_POINT ('', (120., 52.4131924464022, 778.638539309267));
#29210 = CARTESIAN_POINT ('', (120., 54.2163229526966, 778.738299705846));
#29220 = CARTESIAN_POINT ('', (120., 56.0196011301301, 778.843230059607));
#29230 = CARTESIAN_POINT ('', (120., 57.8221241196836, 778.953423669159));
#29240 = CARTESIAN_POINT ('', (120., 63.9039945112468, 779.325226556092));
#29250 = CARTESIAN_POINT ('', (120., 69.9881931374692, 779.757330789295));
#29260 = CARTESIAN_POINT ('', (120., 76.0615598278095, 780.248860942154));
#29270 = CARTESIAN_POINT ('', (120., 80.1108911462056, 780.576581717696));
#29280 = CARTESIAN_POINT ('', (120., 84.1613766455841, 780.9311950466));
#29290 = CARTESIAN_POINT ('', (120., 88.2060521116125, 781.312095830758));
#29300 = CARTESIAN_POINT ('', (120., 90.0039133339073, 781.481406509732));
#29310 = CARTESIAN_POINT ('', (120., 91.8020119219829, 781.65600794138));
#29320 = CARTESIAN_POINT ('', (120., 93.5988500904976, 781.835851420034));
#29330 = CARTESIAN_POINT ('', (120., 99.660469722119, 782.442552001051));
#29340 = CARTESIAN_POINT ('', (120., 105.725541476453, 783.112059355324));
#29350 = CARTESIAN_POINT ('', (120., 111.773533769029, 783.84220138425));
#29360 = CARTESIAN_POINT ('', (120., 115.806233102634, 784.329047784021));
#29370 = CARTESIAN_POINT ('', (120., 119.840586354667, 784.843953735421));
#29380 = CARTESIAN_POINT ('', (120., 123.866289179777, 785.385617926714));
#29390 = CARTESIAN_POINT ('', (120., 125.655862037064, 785.626407566838));
#29400 = CARTESIAN_POINT ('', (120., 127.445766965341, 785.872754753274));
#29410 = CARTESIAN_POINT ('', (120., 129.233850752506, 786.124363641045));
#29420 = CARTESIAN_POINT ('', (120., 131.021889616859, 786.375966207535));
#29430 = CARTESIAN_POINT ('', (120., 132.81029862251, 786.633100367102));
#29440 = CARTESIAN_POINT ('', (120., 134.596737373043, 786.895823458006));
#29450 = CARTESIAN_POINT ('', (120., 138.614824043711, 787.486744444983));
#29460 = CARTESIAN_POINT ('', (120., 142.634956497232, 788.107318907535));
#29470 = CARTESIAN_POINT ('', (120., 146.644190327901, 788.755587522284));
#29480 = CARTESIAN_POINT ('', (120., 150.653407478703, 789.40385344));
#29490 = CARTESIAN_POINT ('', (120., 154.664830328629, 790.081937960579));
#29500 = CARTESIAN_POINT ('', (120., 158.664364649007, 790.787484615649));
#29510 = CARTESIAN_POINT ('', (120., 161.331196194791, 791.257932904385));
#29520 = CARTESIAN_POINT ('', (120., 163.99904114802, 791.741693263178));
#29530 = CARTESIAN_POINT ('', (120., 166.661262323182, 792.237566735428));
#29540 = CARTESIAN_POINT ('', (120., 168.436266558179, 792.568184462264));
#29550 = CARTESIAN_POINT ('', (120., 170.211772571813, 792.90461218896));
#29560 = CARTESIAN_POINT ('', (120., 171.984576170965, 793.246833629537));
#29570 = CARTESIAN_POINT ('', (120., 175.971382636549, 794.016445476335));
#29580 = CARTESIAN_POINT ('', (120., 179.960915076037, 794.818334126945));
#29590 = CARTESIAN_POINT ('', (120., 183.935450366221, 795.648994957748));
#29600 = CARTESIAN_POINT ('', (120., 187.909962811309, 796.479651014022));
#29610 = CARTESIAN_POINT ('', (120., 191.887367609187, 797.342824983646));
#29620 = CARTESIAN_POINT ('', (120., 195.848652005938, 798.234432850393));
#29630 = CARTESIAN_POINT ('', (120., 199.809913601115, 799.126035584951));
#29640 = CARTESIAN_POINT ('', (120., 203.774225278817, 800.050393979014));
#29650 = CARTESIAN_POINT ('', (120., 207.721307700763, 801.002806293122));
#29660 = CARTESIAN_POINT ('', (120., 208.891405182523, 801.285145279544));
#29670 = CARTESIAN_POINT ('', (120., 210.061788943651, 801.570455613113));
#29680 = CARTESIAN_POINT ('', (120., 211.23052077131, 801.858395424693));
#29690 = CARTESIAN_POINT ('', (120., 215.172263902316, 802.829520491691));
#29700 = CARTESIAN_POINT ('', (120., 219.117464726463, 803.835687869083));
#29710 = CARTESIAN_POINT ('', (120., 223.042834139056, 804.871012833172));
#29720 = CARTESIAN_POINT ('', (120., 224.206690626736, 805.177982585484));
#29730 = CARTESIAN_POINT ('', (120., 225.370846281661, 805.488046102303));
#29740 = CARTESIAN_POINT ('', (120., 226.533203284029, 805.800645769284));
#29750 = CARTESIAN_POINT ('', (120., 227.695527658725, 806.11323666151));
#29760 = CARTESIAN_POINT ('', (120., 228.858180734445, 806.428961151375));
#29770 = CARTESIAN_POINT ('', (120., 230.018915880338, 806.747402572996));
#29780 = CARTESIAN_POINT ('', (120., 233.349599251191, 807.661157576742));
#29790 = CARTESIAN_POINT ('', (120., 236.683088989822, 808.602022803419));
#29800 = CARTESIAN_POINT ('', (120., 240., 809.564572165432));
#29810 = B_SPLINE_CURVE_WITH_KNOTS ('', 3, (#28420, #28430, #28440, #28450, #28460, #28470, #28480, #28490, #28500, #28510, #28520, #28530, #28540, #28550, #28560, #28570, #28580, #28590, #28600, #28610, #28620, #28630, #28640, #28650, #28660, #28670, #28680, #28690, #28700, #28710, #28720, #28730, #28740, #28750, #28760, #28770, #28780, #28790, #28800, #28810, #28820, #28830, #28840, #28850, #28860, #28870, #28880, #28890, #28900, #28910, #28920, #28930, #28940, #28950, #28960, #28970, #28980, #28990, #29000, #29010, #29020, #29030, #29040, #29050, #29060, #29070, #29080, #29090, #29100, #29110, #29120, #29130, #29140, #29150, #29160, #29170, #29180, #29190, #29200, #29210, #29220, #29230, #29240, #29250, #29260, #29270, #29280, #29290, #29300, #29310, #29320, #29330, #29340, #29350, #29360, #29370, #29380, #29390, #29400, #29410, #29420, #29430, #29440, #29450, #29460, #29470, #29480, #29490, #29500, #29510, #29520, #29530, #29540, #29550, #29560, #29570, #29580, #29590, #29600, #29610, #29620, #29630, #29640, #29650, #29660, #29670, #29680, #29690, #29700, #29710, #29720, #29730, #29740, #29750, #29760, #29770, #29780, #29790, #29800), .UNSPECIFIED., .F., .U., (4, 3, 3, 3, 3, 3, 3, 3, 3, 3, 3, 3, 3, 3, 3, 3, 3, 3, 3, 3, 3, 3, 3, 3, 3, 3, 3, 3, 3, 3, 3, 3, 3, 3, 3, 3, 3, 3, 3, 3, 3, 3, 3, 3, 3, 3, 4), (0., 12.2042480214026, 24.4083915414705, 29.828873038852, 42.0297396237341, 54.2305316387326, 62.362065814979, 65.9749663137201, 69.5876688766859, 81.7857646001954, 93.9838061623204, 102.114130375901, 107.533532275102, 119.729432315474, 131.925290992827, 144.121107732206, 156.315158921652, 168.5091766101, 180.703160696973, 186.12171436917, 213.560640738883, 218.979015712096, 224.397269283143, 251.828324336843, 259.955458270474, 287.378863116942, 295.505327330179, 300.922991571814, 319.202665081441, 331.39037878401, 336.807826497261, 355.083544359528, 367.269485028596, 372.686583510344, 378.103545895954, 390.287464516522, 402.471332447571, 410.595359083033, 416.011957004237, 428.193186568561, 440.374346116808, 452.555435549009, 456.166472904212, 468.345299007711, 471.95627272331, 475.567145077914, 485.928399795068), .UNSPECIFIED.);
#29820 = EDGE_CURVE ('', #22670, #20900, #29810, .T.);
#29830 = ORIENTED_EDGE ('', *, *, #29820, .T.);
#29840 = ORIENTED_EDGE ('', *, *, #20940, .T.);
#29850 = EDGE_LOOP ('', (#28400, #28410, #29830, #29840));
#29860 = FACE_OUTER_BOUND ('', #29850, .T.);
#29870 = CARTESIAN_POINT ('', (120., 240., 777.148102768957));
#29880 = CARTESIAN_POINT ('', (120., -240., 777.148102768957));
#29890 = CARTESIAN_POINT ('', (120., 240., 859.597086091665));
#29900 = CARTESIAN_POINT ('', (120., -240., 859.597086091665));
#29910 = B_SPLINE_SURFACE_WITH_KNOTS ('', 1, 1, ((#29870, #29880), (#29890, #29900)), .UNSPECIFIED., .F., .F., .U., (2, 2), (2, 2), (0.438119303910276, 0.561879478527699), (0., 1.), .UNSPECIFIED.);
#29920 = ADVANCED_FACE ('', (#29860), #29910, .T.);
#29930 = ORIENTED_EDGE ('', *, *, #24020, .F.);
#29940 = ORIENTED_EDGE ('', *, *, #27000, .F.);
#29950 = ORIENTED_EDGE ('', *, *, #22320, .F.);
#29960 = ORIENTED_EDGE ('', *, *, #29820, .F.);
#29970 = EDGE_LOOP ('', (#29930, #29940, #29950, #29960));
#29980 = FACE_OUTER_BOUND ('', #29970, .T.);
#29990 = CARTESIAN_POINT ('', (119.999999999986, -240., 809.567179738537));
#30000 = CARTESIAN_POINT ('', (121.169243922036, -227.13357561112, 806.246470289039));
#30010 = CARTESIAN_POINT ('', (123.691197564381, -195.045662772031, 799.08399962453));
#30020 = CARTESIAN_POINT ('', (126.083796243642, -156.618986107428, 792.288903329179));
#30030 = CARTESIAN_POINT ('', (127.904302845123, -118.198002801235, 787.118576282437));
#30040 = CARTESIAN_POINT ('', (129.190822498448, -79.7805002220954, 783.464798067987));
#30050 = CARTESIAN_POINT ('', (129.968221836566, -41.365202075457, 781.25694624217));
#30060 = CARTESIAN_POINT ('', (130.250864884827, -2.95030895138377, 780.454226276303));
#30070 = CARTESIAN_POINT ('', (130.04374381583, 35.4643297147106, 781.042460158078));
#30080 = CARTESIAN_POINT ('', (129.343182795315, 73.8796319646215, 783.032087435077));
#30090 = CARTESIAN_POINT ('', (128.136373868224, 112.296929835714, 786.45948332088));
#30100 = CARTESIAN_POINT ('', (126.400208404997, 150.717615639014, 791.390277444253));
#30110 = CARTESIAN_POINT ('', (124.098871571639, 189.143787472049, 797.926185670841));
#30120 = CARTESIAN_POINT ('', (121.91438155565, 217.880170761244, 804.130243268774));
#30130 = CARTESIAN_POINT ('', (120.569842142012, 233.740696762704, 807.948800416599));
#30140 = CARTESIAN_POINT ('', (120.000816869492, 240., 809.564859789522));
#30150 = CARTESIAN_POINT ('', (61.7526286471326, -240., 789.057892200609));
#30160 = CARTESIAN_POINT ('', (62.3543276947678, -227.13357561112, 785.537346419451));
#30170 = CARTESIAN_POINT ('', (63.6521382509433, -195.045662772031, 777.943846818207));
#30180 = CARTESIAN_POINT ('', (64.8833820654604, -156.618986107428, 770.739829737224));
#30190 = CARTESIAN_POINT ('', (65.8202242997178, -118.198002801235, 765.258358579195));
#30200 = CARTESIAN_POINT ('', (66.4822740530431, -79.7805002220954, 761.384700352301));
#30210 = CARTESIAN_POINT ('', (66.8823278250208, -41.365202075457, 759.043982638507));
#30220 = CARTESIAN_POINT ('', (67.0277774183458, -2.95030895138377, 758.192955943078));
#30230 = CARTESIAN_POINT ('', (66.9211918311893, 35.4643297147106, 758.816589037847));
#30240 = CARTESIAN_POINT ('', (66.5606794599849, 73.8796319646215, 760.925949709909));
#30250 = CARTESIAN_POINT ('', (65.9396492639621, 112.296929835714, 764.559602189788));
#30260 = CARTESIAN_POINT ('', (65.0462094212901, 150.717615639014, 769.787125618983));
#30270 = CARTESIAN_POINT ('', (63.8619294307707, 189.143787472049, 776.716357002546));
#30280 = CARTESIAN_POINT ('', (62.7377794245981, 217.880170761244, 783.293767382659));
#30290 = CARTESIAN_POINT ('', (62.0458723986659, 233.740696762704, 787.342120742487));
#30300 = CARTESIAN_POINT ('', (61.7530490124593, 240., 789.055432639832));
#30310 = CARTESIAN_POINT ('', (2.21241695125052E-14, -240., 789.057892200609));
#30320 = CARTESIAN_POINT ('', (2.23397407686126E-14, -227.13357561112, 785.537346419451));
#30330 = CARTESIAN_POINT ('', (2.28047085176621E-14, -195.045662772031, 777.943846818207));
#30340 = CARTESIAN_POINT ('', (2.32458273406236E-14, -156.618986107428, 770.739829737224));
#30350 = CARTESIAN_POINT ('', (2.35814706460385E-14, -118.198002801235, 765.258358579194));
#30360 = CARTESIAN_POINT ('', (2.38186638034663E-14, -79.7805002220954, 761.384700352301));
#30370 = CARTESIAN_POINT ('', (2.39619914262616E-14, -41.365202075457, 759.043982638507));
#30380 = CARTESIAN_POINT ('', (2.40141017821889E-14, -2.95030895138377, 758.192955943078));
#30390 = CARTESIAN_POINT ('', (2.39759152685213E-14, 35.4643297147106, 758.816589037847));
#30400 = CARTESIAN_POINT ('', (2.38467541787569E-14, 73.8796319646215, 760.925949709909));
#30410 = CARTESIAN_POINT ('', (2.36242571348221E-14, 112.296929835714, 764.559602189788));
#30420 = CARTESIAN_POINT ('', (2.33041636430705E-14, 150.717615639014, 769.787125618983));
#30430 = CARTESIAN_POINT ('', (2.28798705913489E-14, 189.143787472049, 776.716357002546));
#30440 = CARTESIAN_POINT ('', (2.24771203629147E-14, 217.880170761244, 783.293767382659));
#30450 = CARTESIAN_POINT ('', (2.22292302137181E-14, 233.740696762704, 787.342120742487));
#30460 = CARTESIAN_POINT ('', (2.21243201171669E-14, 240., 789.055432639832));
#30470 = CARTESIAN_POINT ('', (-61.75262864714, -240., 789.057892200609));
#30480 = CARTESIAN_POINT ('', (-62.3543276947753, -227.13357561112, 785.537346419451));
#30490 = CARTESIAN_POINT ('', (-63.652138250951, -195.045662772031, 777.943846818207));
#30500 = CARTESIAN_POINT ('', (-64.8833820654682, -156.618986107428, 770.739829737224));
#30510 = CARTESIAN_POINT ('', (-65.8202242997258, -118.198002801235, 765.258358579195));
#30520 = CARTESIAN_POINT ('', (-66.4822740530511, -79.7805002220954, 761.384700352301));
#30530 = CARTESIAN_POINT ('', (-66.8823278250289, -41.365202075457, 759.043982638507));
#30540 = CARTESIAN_POINT ('', (-67.0277774183539, -2.95030895138377, 758.192955943078));
#30550 = CARTESIAN_POINT ('', (-66.9211918311974, 35.4643297147106, 758.816589037847));
#30560 = CARTESIAN_POINT ('', (-66.5606794599929, 73.8796319646215, 760.925949709909));
#30570 = CARTESIAN_POINT ('', (-65.93964926397, 112.296929835714, 764.559602189788));
#30580 = CARTESIAN_POINT ('', (-65.0462094212979, 150.717615639014, 769.787125618983));
#30590 = CARTESIAN_POINT ('', (-63.8619294307784, 189.143787472049, 776.716357002546));
#30600 = CARTESIAN_POINT ('', (-62.7377794246056, 217.880170761244, 783.293767382659));
#30610 = CARTESIAN_POINT ('', (-62.0458723986734, 233.740696762704, 787.342120742487));
#30620 = CARTESIAN_POINT ('', (-61.7530490124667, 240., 789.055432639832));
#30630 = CARTESIAN_POINT ('', (-120., -240., 809.567179738542));
#30640 = CARTESIAN_POINT ('', (-121.169243922049, -227.13357561112, 806.246470289044));
#30650 = CARTESIAN_POINT ('', (-123.691197564395, -195.045662772031, 799.083999624535));
#30660 = CARTESIAN_POINT ('', (-126.083796243657, -156.618986107428, 792.288903329184));
#30670 = CARTESIAN_POINT ('', (-127.904302845137, -118.198002801235, 787.118576282442));
#30680 = CARTESIAN_POINT ('', (-129.190822498462, -79.7805002220954, 783.464798067992));
#30690 = CARTESIAN_POINT ('', (-129.968221836581, -41.365202075457, 781.256946242175));
#30700 = CARTESIAN_POINT ('', (-130.250864884842, -2.95030895138377, 780.454226276308));
#30710 = CARTESIAN_POINT ('', (-130.043743815845, 35.4643297147106, 781.042460158084));
#30720 = CARTESIAN_POINT ('', (-129.34318279533, 73.8796319646215, 783.032087435083));
#30730 = CARTESIAN_POINT ('', (-128.136373868238, 112.296929835714, 786.459483320885));
#30740 = CARTESIAN_POINT ('', (-126.400208405011, 150.717615639014, 791.390277444258));
#30750 = CARTESIAN_POINT ('', (-124.098871571653, 189.143787472049, 797.926185670846));
#30760 = CARTESIAN_POINT ('', (-121.914381555664, 217.880170761244, 804.130243268779));
#30770 = CARTESIAN_POINT ('', (-120.569842142026, 233.740696762704, 807.948800416603));
#30780 = CARTESIAN_POINT ('', (-120.000816869505, 240., 809.564859789527));
#30790 = (
   BOUNDED_SURFACE ()
   B_SPLINE_SURFACE (2, 2, ((#29990, #30000, #30010, #30020, #30030, #30040, #30050, #30060, #30070, #30080, #30090, #30100, #30110, #30120, #30130, #30140), (#30150, #30160, #30170, #30180, #30190, #30200, #30210, #30220, #30230, #30240, #30250, #30260, #30270, #30280, #30290, #30300), (#30310, #30320, #30330, #30340, #30350, #30360, #30370, #30380, #30390, #30400, #30410, #30420, #30430, #30440, #30450, #30460), (#30470, #30480, #30490, #30500, #30510, #30520, #30530, #30540, #30550, #30560, #30570, #30580, #30590, #30600, #30610, #30620), (#30630, #30640, #30650, #30660, #30670, #30680, #30690, #30700, #30710, #30720, #30730, #30740, #30750, #30760, #30770, #30780)), .UNSPECIFIED., .F., .F., .U.)
   B_SPLINE_SURFACE_WITH_KNOTS ((3, 2, 3), (3, 1, 1, 1, 1, 1, 1, 1, 1, 1, 1, 1, 1, 1, 3), (0.387137780494071, 0.5, 0.612862219505942), (0.0298756419674562, 0.0811555003981752, 0.156610098839152, 0.23142218001537, 0.305780233869078, 0.379834129611464, 0.453710550959282, 0.527523603374132, 0.60138306614176, 0.675401878542962, 0.749704183224903, 0.824435442420827, 0.899776907885034, 0.937748253817625, 0.962696947901643), .UNSPECIFIED.)
   SURFACE ()
   GEOMETRIC_REPRESENTATION_ITEM ()
   RATIONAL_B_SPLINE_SURFACE (((0.897620395765072, 0.897620395765073, 0.897620395765072, 0.897620395765072, 0.897620395765072, 0.897620395765072, 0.897620395765072, 0.897620395765072, 0.897620395765072, 0.897620395765072, 0.897620395765072, 0.897620395765072, 0.897620395765072, 0.897620395765072, 0.897620395765072, 0.897620395765072), (0.933886842492956, 0.933886842492956, 0.933886842492956, 0.933886842492956, 0.933886842492956, 0.933886842492956, 0.933886842492956, 0.933886842492956, 0.933886842492956, 0.933886842492956, 0.933886842492956, 0.933886842492956, 0.933886842492956, 0.933886842492956, 0.933886842492956, 0.933886842492956), (1., 1., 1., 1., 1., 1., 1., 1., 1., 1., 1., 1., 1., 1., 1., 1.), (0.933886842492949, 0.933886842492949, 0.933886842492949, 0.933886842492949, 0.933886842492949, 0.933886842492949, 0.933886842492949, 0.933886842492949, 0.933886842492949, 0.933886842492949, 0.933886842492949, 0.933886842492949, 0.933886842492949, 0.933886842492949, 0.933886842492949, 0.933886842492949), (0.897620395765064, 0.897620395765064, 0.897620395765064, 0.897620395765064, 0.897620395765064, 0.897620395765064, 0.897620395765064, 0.897620395765064, 0.897620395765064, 0.897620395765064, 0.897620395765064, 0.897620395765064, 0.897620395765064, 0.897620395765064, 0.897620395765064, 0.897620395765064)))
   REPRESENTATION_ITEM ('')
);
#30800 = ADVANCED_FACE ('', (#29980), #30790, .T.);
#30810 = ORIENTED_EDGE ('', *, *, #22570, .T.);
#30820 = ORIENTED_EDGE ('', *, *, #28390, .T.);
#30830 = ORIENTED_EDGE ('', *, *, #20870, .F.);
#30840 = ORIENTED_EDGE ('', *, *, #25420, .T.);
#30850 = EDGE_LOOP ('', (#30810, #30820, #30830, #30840));
#30860 = FACE_OUTER_BOUND ('', #30850, .T.);
#30870 = CARTESIAN_POINT ('', (-120., -240., 828.723933882912));
#30880 = CARTESIAN_POINT ('', (-121.443415029221, -222.349811877427, 832.841887909866));
#30890 = CARTESIAN_POINT ('', (-123.996087247352, -185.420880389019, 840.124468891318));
#30900 = CARTESIAN_POINT ('', (-126.137164629453, -147.005369566149, 846.232800901966));
#30910 = CARTESIAN_POINT ('', (-127.773909380479, -108.590379032643, 850.902310018979));
#30920 = CARTESIAN_POINT ('', (-128.913836812066, -70.1757591872151, 854.154436858667));
#30930 = CARTESIAN_POINT ('', (-129.562092734621, -31.7613762873666, 856.003862029351));
#30940 = CARTESIAN_POINT ('', (-129.721571634995, 6.65291340189938, 856.45884328333));
#30950 = CARTESIAN_POINT ('', (-129.39298201733, 45.0672184269147, 855.521401929399));
#30960 = CARTESIAN_POINT ('', (-128.574862535434, 83.481672047802, 853.187368857275));
#30970 = CARTESIAN_POINT ('', (-127.263548251571, 121.896414397705, 849.446288276487));
#30980 = CARTESIAN_POINT ('', (-125.453090890824, 160.311555392971, 844.281190208094));
#30990 = CARTESIAN_POINT ('', (-123.135107412162, 198.727376429726, 837.668158469387));
#31000 = CARTESIAN_POINT ('', (-120.903158448164, 228.956073289957, 831.300576701022));
#31010 = CARTESIAN_POINT ('', (-120.000001648963, 240., 828.723938587278));
#31020 = CARTESIAN_POINT ('', (-61.7377327216873, -240., 849.145879265391));
#31030 = CARTESIAN_POINT ('', (-62.4803424823584, -222.349811877427, 853.509477816437));
#31040 = CARTESIAN_POINT ('', (-63.7936441084339, -185.420880389019, 861.226479903039));
#31050 = CARTESIAN_POINT ('', (-64.8951879680388, -147.005369566149, 867.699186624995));
#31060 = CARTESIAN_POINT ('', (-65.7372622178091, -108.590379032643, 872.647241674595));
#31070 = CARTESIAN_POINT ('', (-66.3237333435878, -70.1757591872151, 876.093364645515));
#31080 = CARTESIAN_POINT ('', (-66.6572487676044, -31.7613762873666, 878.053111874902));
#31090 = CARTESIAN_POINT ('', (-66.7392976486545, 6.65291340189938, 878.535233707157));
#31100 = CARTESIAN_POINT ('', (-66.5702444987336, 45.0672184269147, 877.541872026349));
#31110 = CARTESIAN_POINT ('', (-66.1493374828361, 83.481672047802, 875.068609026094));
#31120 = CARTESIAN_POINT ('', (-65.4746910597423, 121.896414397705, 871.104365206271));
#31130 = CARTESIAN_POINT ('', (-64.5432449543934, 160.311555392971, 865.63115829339));
#31140 = CARTESIAN_POINT ('', (-63.3506862505695, 198.727376429726, 858.623645454695));
#31150 = CARTESIAN_POINT ('', (-62.2023906790047, 228.956073289957, 851.876224187669));
#31160 = CARTESIAN_POINT ('', (-61.7377335700476, 240., 849.145884250383));
#31170 = CARTESIAN_POINT ('', (-2.22134322704915E-14, -240., 849.145879265391));
#31180 = CARTESIAN_POINT ('', (-2.24806256204066E-14, -222.349811877427, 853.509477816437));
#31190 = CARTESIAN_POINT ('', (-2.29531557156252E-14, -185.420880389019, 861.226479903039));
#31200 = CARTESIAN_POINT ('', (-2.33494946940683E-14, -147.005369566149, 867.699186624995));
#31210 = CARTESIAN_POINT ('', (-2.36524756829932E-14, -108.590379032643, 872.647241674595));
#31220 = CARTESIAN_POINT ('', (-2.38634898562835E-14, -70.1757591872151, 876.093364645515));
#31230 = CARTESIAN_POINT ('', (-2.39834897648638E-14, -31.7613762873666, 878.053111874902));
#31240 = CARTESIAN_POINT ('', (-2.40130112127973E-14, 6.65291340189938, 878.535233707157));
#31250 = CARTESIAN_POINT ('', (-2.39521853526574E-14, 45.0672184269147, 877.541872026349));
#31260 = CARTESIAN_POINT ('', (-2.38007416718219E-14, 83.481672047802, 875.068609026094));
#31270 = CARTESIAN_POINT ('', (-2.35580017465726E-14, 121.896414397705, 871.104365206271));
#31280 = CARTESIAN_POINT ('', (-2.3222864480226E-14, 160.311555392971, 865.63115829339));
#31290 = CARTESIAN_POINT ('', (-2.27937780718314E-14, 198.727376429726, 858.623645454695));
#31300 = CARTESIAN_POINT ('', (-2.23806176789733E-14, 228.956073289957, 851.876224187669));
#31310 = CARTESIAN_POINT ('', (-2.22134325757342E-14, 240., 849.145884250383));
#31320 = CARTESIAN_POINT ('', (61.7377327216871, -240., 849.145879265391));
#31330 = CARTESIAN_POINT ('', (62.4803424823582, -222.349811877427, 853.509477816437));
#31340 = CARTESIAN_POINT ('', (63.7936441084337, -185.420880389019, 861.226479903039));
#31350 = CARTESIAN_POINT ('', (64.8951879680386, -147.005369566149, 867.699186624995));
#31360 = CARTESIAN_POINT ('', (65.7372622178089, -108.590379032643, 872.647241674595));
#31370 = CARTESIAN_POINT ('', (66.3237333435876, -70.1757591872151, 876.093364645515));
#31380 = CARTESIAN_POINT ('', (66.6572487676042, -31.7613762873666, 878.053111874902));
#31390 = CARTESIAN_POINT ('', (66.7392976486543, 6.65291340189938, 878.535233707157));
#31400 = CARTESIAN_POINT ('', (66.5702444987334, 45.0672184269147, 877.541872026349));
#31410 = CARTESIAN_POINT ('', (66.1493374828359, 83.481672047802, 875.068609026094));
#31420 = CARTESIAN_POINT ('', (65.4746910597421, 121.896414397705, 871.104365206271));
#31430 = CARTESIAN_POINT ('', (64.5432449543933, 160.311555392971, 865.63115829339));
#31440 = CARTESIAN_POINT ('', (63.3506862505694, 198.727376429726, 858.623645454695));
#31450 = CARTESIAN_POINT ('', (62.2023906790045, 228.956073289957, 851.876224187669));
#31460 = CARTESIAN_POINT ('', (61.7377335700474, 240., 849.145884250383));
#31470 = CARTESIAN_POINT ('', (120., -240., 828.723933882912));
#31480 = CARTESIAN_POINT ('', (121.443415029221, -222.349811877426, 832.841887909866));
#31490 = CARTESIAN_POINT ('', (123.996087247352, -185.420880389019, 840.124468891318));
#31500 = CARTESIAN_POINT ('', (126.137164629453, -147.005369566149, 846.232800901966));
#31510 = CARTESIAN_POINT ('', (127.773909380478, -108.590379032643, 850.902310018979));
#31520 = CARTESIAN_POINT ('', (128.913836812065, -70.1757591872151, 854.154436858667));
#31530 = CARTESIAN_POINT ('', (129.562092734621, -31.7613762873666, 856.003862029351));
#31540 = CARTESIAN_POINT ('', (129.721571634995, 6.65291340189938, 856.45884328333));
#31550 = CARTESIAN_POINT ('', (129.39298201733, 45.0672184269147, 855.521401929399));
#31560 = CARTESIAN_POINT ('', (128.574862535434, 83.481672047802, 853.187368857275));
#31570 = CARTESIAN_POINT ('', (127.263548251571, 121.896414397705, 849.446288276487));
#31580 = CARTESIAN_POINT ('', (125.453090890823, 160.311555392971, 844.281190208094));
#31590 = CARTESIAN_POINT ('', (123.135107412162, 198.727376429726, 837.668158469387));
#31600 = CARTESIAN_POINT ('', (120.903158448164, 228.956073289957, 831.300576701022));
#31610 = CARTESIAN_POINT ('', (120.000001648963, 240., 828.723938587279));
#31620 = (
   BOUNDED_SURFACE ()
   B_SPLINE_SURFACE (2, 2, ((#30870, #30880, #30890, #30900, #30910, #30920, #30930, #30940, #30950, #30960, #30970, #30980, #30990, #31000, #31010), (#31020, #31030, #31040, #31050, #31060, #31070, #31080, #31090, #31100, #31110, #31120, #31130, #31140, #31150, #31160), (#31170, #31180, #31190, #31200, #31210, #31220, #31230, #31240, #31250, #31260, #31270, #31280, #31290, #31300, #31310), (#31320, #31330, #31340, #31350, #31360, #31370, #31380, #31390, #31400, #31410, #31420, #31430, #31440, #31450, #31460), (#31470, #31480, #31490, #31500, #31510, #31520, #31530, #31540, #31550, #31560, #31570, #31580, #31590, #31600, #31610)), .UNSPECIFIED., .F., .F., .U.)
   B_SPLINE_SURFACE_WITH_KNOTS ((3, 2, 3), (3, 1, 1, 1, 1, 1, 1, 1, 1, 1, 1, 1, 1, 3), (0.387586772355859, 0.5, 0.612413227644141), (0.0297038210211822, 0.0997099854751104, 0.174947669101494, 0.249692849568143, 0.324065864286842, 0.398181862589998, 0.472152490941854, 0.546087443147471, 0.620095936931715, 0.694288172743626, 0.768776829327507, 0.843678653327839, 0.919116207299888, 0.962922993565587), .UNSPECIFIED.)
   SURFACE ()
   GEOMETRIC_REPRESENTATION_ITEM ()
   RATIONAL_B_SPLINE_SURFACE (((0.897909420657533, 0.897909420657533, 0.897909420657533, 0.897909420657533, 0.897909420657533, 0.897909420657533, 0.897909420657533, 0.897909420657533, 0.897909420657533, 0.897909420657533, 0.897909420657533, 0.897909420657533, 0.897909420657533, 0.897909420657533, 0.897909420657533), (0.934149855836196, 0.934149855836196, 0.934149855836196, 0.934149855836196, 0.934149855836196, 0.934149855836196, 0.934149855836196, 0.934149855836196, 0.934149855836196, 0.934149855836196, 0.934149855836196, 0.934149855836196, 0.934149855836196, 0.934149855836196, 0.934149855836196), (1., 1., 1., 1., 1., 1., 1., 1., 1., 1., 1., 1., 1., 1., 1.), (0.934149855836196, 0.934149855836196, 0.934149855836196, 0.934149855836196, 0.934149855836196, 0.934149855836196, 0.934149855836196, 0.934149855836196, 0.934149855836196, 0.934149855836196, 0.934149855836196, 0.934149855836196, 0.934149855836196, 0.934149855836196, 0.934149855836196), (0.897909420657533, 0.897909420657533, 0.897909420657533, 0.897909420657533, 0.897909420657533, 0.897909420657533, 0.897909420657533, 0.897909420657533, 0.897909420657533, 0.897909420657533, 0.897909420657533, 0.897909420657533, 0.897909420657533, 0.897909420657533, 0.897909420657533)))
   REPRESENTATION_ITEM ('')
);
#31630 = ADVANCED_FACE ('', (#30860), #31620, .T.);
#31640 = CLOSED_SHELL ('', (#22460, #24160, #27100, #29920, #30800, #31630));
#31650 = MANIFOLD_SOLID_BREP ('', #31640);
#31660 = (
   LENGTH_UNIT ()
   NAMED_UNIT (*)
   SI_UNIT (.MILLI., .METRE.)
);
#31670 = (
   NAMED_UNIT (*)
   SI_UNIT ($, .STERADIAN.)
   SOLID_ANGLE_UNIT ()
);
#31680 = (
   NAMED_UNIT (*)
   SI_UNIT ($, .RADIAN.)
   PLANE_ANGLE_UNIT ()
);
#31690 = UNCERTAINTY_MEASURE_WITH_UNIT (LENGTH_MEASURE(1.E-5), #31660, 'DISTANCE_ACCURACY_VALUE', '');
#31700 = (
   GEOMETRIC_REPRESENTATION_CONTEXT (3)
   GLOBAL_UNCERTAINTY_ASSIGNED_CONTEXT ((#31690))
   GLOBAL_UNIT_ASSIGNED_CONTEXT ((#31660, #31670, #31680))
   REPRESENTATION_CONTEXT ('', '3D')
);
#31710 = ADVANCED_BREP_SHAPE_REPRESENTATION ('', (#31650), #31700);
#31720 = APPLICATION_CONTEXT ('configuration controlled 3D designs of mechanical parts and assemblies');
#31730 = APPLICATION_PROTOCOL_DEFINITION ('International Standard', 'config_control_design', 1997, #31720);
#31740 = MECHANICAL_CONTEXT ('', #31720, 'mechanical');
#31750 = PRODUCT ('product-name', '', '', (#31740));
#31760 = PERSON_AND_ORGANIZATION_ROLE ('design_owner');
#31770 = PERSON ('', '', $, $, $, $);
#31780 = ORGANIZATION ($, '', '');
#31790 = PERSON_AND_ORGANIZATION (#31770, #31780);
#31800 = CC_DESIGN_PERSON_AND_ORGANIZATION_ASSIGNMENT (#31790, #31760, (#31750));
#31810 = PRODUCT_RELATED_PRODUCT_CATEGORY ('detail', $, (#31750));
#31820 = PRODUCT_DEFINITION_FORMATION_WITH_SPECIFIED_SOURCE ('', '', #31750, .NOT_KNOWN.);
#31830 = APPROVAL_STATUS ('approved');
#31840 = APPROVAL (#31830, '');
#31850 = CALENDAR_DATE (2019, 16, 1);
#31860 = COORDINATED_UNIVERSAL_TIME_OFFSET (0, $, .AHEAD.);
#31870 = LOCAL_TIME (10, 57, 48., #31860);
#31880 = DATE_AND_TIME (#31850, #31870);
#31890 = APPROVAL_DATE_TIME (#31880, #31840);
#31900 = APPROVAL_ROLE ('');
#31910 = PERSON ('', '', $, $, $, $);
#31920 = ORGANIZATION ($, '', '');
#31930 = PERSON_AND_ORGANIZATION (#31910, #31920);
#31940 = APPROVAL_PERSON_ORGANIZATION (#31930, #31840, #31900);
#31950 = CC_DESIGN_APPROVAL (#31840, (#31820));
#31960 = PERSON_AND_ORGANIZATION_ROLE ('creator');
#31970 = PERSON ('', '', $, $, $, $);
#31980 = ORGANIZATION ($, '', '');
#31990 = PERSON_AND_ORGANIZATION (#31970, #31980);
#32000 = CC_DESIGN_PERSON_AND_ORGANIZATION_ASSIGNMENT (#31990, #31960, (#31820));
#32010 = PERSON_AND_ORGANIZATION_ROLE ('part_supplier');
#32020 = PERSON ('', '', $, $, $, $);
#32030 = ORGANIZATION ($, '', '');
#32040 = PERSON_AND_ORGANIZATION (#32020, #32030);
#32050 = CC_DESIGN_PERSON_AND_ORGANIZATION_ASSIGNMENT (#32040, #32010, (#31820));
#32060 = SECURITY_CLASSIFICATION_LEVEL ('unclassified');
#32070 = SECURITY_CLASSIFICATION ('', '', #32060);
#32080 = APPROVAL_STATUS ('approved');
#32090 = APPROVAL (#32080, '');
#32100 = CALENDAR_DATE (2019, 16, 1);
#32110 = COORDINATED_UNIVERSAL_TIME_OFFSET (0, $, .AHEAD.);
#32120 = LOCAL_TIME (10, 57, 48., #32110);
#32130 = DATE_AND_TIME (#32100, #32120);
#32140 = APPROVAL_DATE_TIME (#32130, #32090);
#32150 = APPROVAL_ROLE ('');
#32160 = PERSON ('', '', $, $, $, $);
#32170 = ORGANIZATION ($, '', '');
#32180 = PERSON_AND_ORGANIZATION (#32160, #32170);
#32190 = APPROVAL_PERSON_ORGANIZATION (#32180, #32090, #32150);
#32200 = CC_DESIGN_APPROVAL (#32090, (#32070));
#32210 = DATE_TIME_ROLE ('classification_date');
#32220 = CALENDAR_DATE (2019, 16, 1);
#32230 = COORDINATED_UNIVERSAL_TIME_OFFSET (0, $, .AHEAD.);
#32240 = LOCAL_TIME (10, 57, 48., #32230);
#32250 = DATE_AND_TIME (#32220, #32240);
#32260 = CC_DESIGN_DATE_AND_TIME_ASSIGNMENT (#32250, #32210, (#32070));
#32270 = PERSON_AND_ORGANIZATION_ROLE ('classification_officer');
#32280 = PERSON ('', '', $, $, $, $);
#32290 = ORGANIZATION ($, '', '');
#32300 = PERSON_AND_ORGANIZATION (#32280, #32290);
#32310 = CC_DESIGN_PERSON_AND_ORGANIZATION_ASSIGNMENT (#32300, #32270, (#32070));
#32320 = CC_DESIGN_SECURITY_CLASSIFICATION (#32070, (#31820));
#32330 = DESIGN_CONTEXT ('', #31720, 'design');
#32340 = PRODUCT_DEFINITION ('', '', #31820, #32330);
#32350 = APPROVAL_STATUS ('approved');
#32360 = APPROVAL (#32350, '');
#32370 = CALENDAR_DATE (2019, 16, 1);
#32380 = COORDINATED_UNIVERSAL_TIME_OFFSET (0, $, .AHEAD.);
#32390 = LOCAL_TIME (10, 57, 48., #32380);
#32400 = DATE_AND_TIME (#32370, #32390);
#32410 = APPROVAL_DATE_TIME (#32400, #32360);
#32420 = APPROVAL_ROLE ('');
#32430 = PERSON ('', '', $, $, $, $);
#32440 = ORGANIZATION ($, '', '');
#32450 = PERSON_AND_ORGANIZATION (#32430, #32440);
#32460 = APPROVAL_PERSON_ORGANIZATION (#32450, #32360, #32420);
#32470 = CC_DESIGN_APPROVAL (#32360, (#32340));
#32480 = DATE_TIME_ROLE ('creation_date');
#32490 = CALENDAR_DATE (2019, 16, 1);
#32500 = COORDINATED_UNIVERSAL_TIME_OFFSET (0, $, .AHEAD.);
#32510 = LOCAL_TIME (10, 57, 48., #32500);
#32520 = DATE_AND_TIME (#32490, #32510);
#32530 = CC_DESIGN_DATE_AND_TIME_ASSIGNMENT (#32520, #32480, (#32340));
#32540 = PERSON_AND_ORGANIZATION_ROLE ('creator');
#32550 = PERSON ('', '', $, $, $, $);
#32560 = ORGANIZATION ($, '', '');
#32570 = PERSON_AND_ORGANIZATION (#32550, #32560);
#32580 = CC_DESIGN_PERSON_AND_ORGANIZATION_ASSIGNMENT (#32570, #32540, (#32340));
#32590 = PRODUCT_DEFINITION_SHAPE ('', '', #32340);
#32600 = SHAPE_DEFINITION_REPRESENTATION (#32590, #31710);
#32610 = CARTESIAN_POINT ('', (-100., -200., 1178.373));
#32620 = VERTEX_POINT ('', #32610);
#32630 = CARTESIAN_POINT ('', (100., -200., 1178.373));
#32640 = VERTEX_POINT ('', #32630);
#32650 = CARTESIAN_POINT ('', (-100., -200., 1178.373));
#32660 = CARTESIAN_POINT ('', (-33.3333333333333, -200., 1178.373));
#32670 = CARTESIAN_POINT ('', (33.3333333333333, -200., 1178.373));
#32680 = CARTESIAN_POINT ('', (100., -200., 1178.373));
#32690 = B_SPLINE_CURVE_WITH_KNOTS ('', 3, (#32650, #32660, #32670, #32680), .UNSPECIFIED., .F., .U., (4, 4), (0., 200.), .UNSPECIFIED.);
#32700 = EDGE_CURVE ('', #32620, #32640, #32690, .T.);
#32710 = ORIENTED_EDGE ('', *, *, #32700, .T.);
#32720 = CARTESIAN_POINT ('', (100., 200., 1178.373));
#32730 = VERTEX_POINT ('', #32720);
#32740 = CARTESIAN_POINT ('', (100., -200., 1178.373));
#32750 = CARTESIAN_POINT ('', (100., -66.6666666666667, 1178.373));
#32760 = CARTESIAN_POINT ('', (100., 66.6666666666667, 1178.373));
#32770 = CARTESIAN_POINT ('', (100., 200., 1178.373));
#32780 = B_SPLINE_CURVE_WITH_KNOTS ('', 3, (#32740, #32750, #32760, #32770), .UNSPECIFIED., .F., .U., (4, 4), (0., 400.), .UNSPECIFIED.);
#32790 = EDGE_CURVE ('', #32640, #32730, #32780, .T.);
#32800 = ORIENTED_EDGE ('', *, *, #32790, .T.);
#32810 = CARTESIAN_POINT ('', (-100., 200., 1178.373));
#32820 = VERTEX_POINT ('', #32810);
#32830 = CARTESIAN_POINT ('', (100., 200., 1178.373));
#32840 = CARTESIAN_POINT ('', (33.3333333333333, 200., 1178.373));
#32850 = CARTESIAN_POINT ('', (-33.3333333333333, 200., 1178.373));
#32860 = CARTESIAN_POINT ('', (-100., 200., 1178.373));
#32870 = B_SPLINE_CURVE_WITH_KNOTS ('', 3, (#32830, #32840, #32850, #32860), .UNSPECIFIED., .F., .U., (4, 4), (0., 200.), .UNSPECIFIED.);
#32880 = EDGE_CURVE ('', #32730, #32820, #32870, .T.);
#32890 = ORIENTED_EDGE ('', *, *, #32880, .T.);
#32900 = CARTESIAN_POINT ('', (-100., 200., 1178.373));
#32910 = CARTESIAN_POINT ('', (-100., 66.6666666666667, 1178.373));
#32920 = CARTESIAN_POINT ('', (-100., -66.6666666666667, 1178.373));
#32930 = CARTESIAN_POINT ('', (-100., -200., 1178.373));
#32940 = B_SPLINE_CURVE_WITH_KNOTS ('', 3, (#32900, #32910, #32920, #32930), .UNSPECIFIED., .F., .U., (4, 4), (0., 400.), .UNSPECIFIED.);
#32950 = EDGE_CURVE ('', #32820, #32620, #32940, .T.);
#32960 = ORIENTED_EDGE ('', *, *, #32950, .T.);
#32970 = EDGE_LOOP ('', (#32710, #32800, #32890, #32960));
#32980 = FACE_OUTER_BOUND ('', #32970, .T.);
#32990 = CARTESIAN_POINT ('', (-100., -200., 1178.373));
#33000 = CARTESIAN_POINT ('', (-100., 200., 1178.373));
#33010 = CARTESIAN_POINT ('', (100., -200., 1178.373));
#33020 = CARTESIAN_POINT ('', (100., 200., 1178.373));
#33030 = B_SPLINE_SURFACE_WITH_KNOTS ('', 1, 1, ((#32990, #33000), (#33010, #33020)), .UNSPECIFIED., .F., .F., .U., (2, 2), (2, 2), (0.0022261124997498, 0.99777388750025), (0.00111553956644773, 0.998884460433552), .UNSPECIFIED.);
#33040 = ADVANCED_FACE ('', (#32980), #33030, .T.);
#33050 = OPEN_SHELL ('', (#33040));
#33060 = SHELL_BASED_SURFACE_MODEL ('', (#33050));
#33070 = (
   LENGTH_UNIT ()
   NAMED_UNIT (*)
   SI_UNIT (.MILLI., .METRE.)
);
#33080 = (
   NAMED_UNIT (*)
   SI_UNIT ($, .STERADIAN.)
   SOLID_ANGLE_UNIT ()
);
#33090 = (
   NAMED_UNIT (*)
   SI_UNIT ($, .RADIAN.)
   PLANE_ANGLE_UNIT ()
);
#33100 = UNCERTAINTY_MEASURE_WITH_UNIT (LENGTH_MEASURE(1.E-5), #33070, 'DISTANCE_ACCURACY_VALUE', '');
#33110 = (
   GEOMETRIC_REPRESENTATION_CONTEXT (3)
   GLOBAL_UNCERTAINTY_ASSIGNED_CONTEXT ((#33100))
   GLOBAL_UNIT_ASSIGNED_CONTEXT ((#33070, #33080, #33090))
   REPRESENTATION_CONTEXT ('', '3D')
);
#33120 = MANIFOLD_SURFACE_SHAPE_REPRESENTATION ('', (#33060), #33110);
#33130 = APPLICATION_CONTEXT ('configuration controlled 3D designs of mechanical parts and assemblies');
#33140 = APPLICATION_PROTOCOL_DEFINITION ('International Standard', 'config_control_design', 1997, #33130);
#33150 = MECHANICAL_CONTEXT ('', #33130, 'mechanical');
#33160 = PRODUCT ('product-name', '', '', (#33150));
#33170 = PERSON_AND_ORGANIZATION_ROLE ('design_owner');
#33180 = PERSON ('', '', $, $, $, $);
#33190 = ORGANIZATION ($, '', '');
#33200 = PERSON_AND_ORGANIZATION (#33180, #33190);
#33210 = CC_DESIGN_PERSON_AND_ORGANIZATION_ASSIGNMENT (#33200, #33170, (#33160));
#33220 = PRODUCT_RELATED_PRODUCT_CATEGORY ('detail', $, (#33160));
#33230 = PRODUCT_DEFINITION_FORMATION_WITH_SPECIFIED_SOURCE ('', '', #33160, .NOT_KNOWN.);
#33240 = APPROVAL_STATUS ('approved');
#33250 = APPROVAL (#33240, '');
#33260 = CALENDAR_DATE (2019, 16, 1);
#33270 = COORDINATED_UNIVERSAL_TIME_OFFSET (0, $, .AHEAD.);
#33280 = LOCAL_TIME (10, 57, 48., #33270);
#33290 = DATE_AND_TIME (#33260, #33280);
#33300 = APPROVAL_DATE_TIME (#33290, #33250);
#33310 = APPROVAL_ROLE ('');
#33320 = PERSON ('', '', $, $, $, $);
#33330 = ORGANIZATION ($, '', '');
#33340 = PERSON_AND_ORGANIZATION (#33320, #33330);
#33350 = APPROVAL_PERSON_ORGANIZATION (#33340, #33250, #33310);
#33360 = CC_DESIGN_APPROVAL (#33250, (#33230));
#33370 = PERSON_AND_ORGANIZATION_ROLE ('creator');
#33380 = PERSON ('', '', $, $, $, $);
#33390 = ORGANIZATION ($, '', '');
#33400 = PERSON_AND_ORGANIZATION (#33380, #33390);
#33410 = CC_DESIGN_PERSON_AND_ORGANIZATION_ASSIGNMENT (#33400, #33370, (#33230));
#33420 = PERSON_AND_ORGANIZATION_ROLE ('part_supplier');
#33430 = PERSON ('', '', $, $, $, $);
#33440 = ORGANIZATION ($, '', '');
#33450 = PERSON_AND_ORGANIZATION (#33430, #33440);
#33460 = CC_DESIGN_PERSON_AND_ORGANIZATION_ASSIGNMENT (#33450, #33420, (#33230));
#33470 = SECURITY_CLASSIFICATION_LEVEL ('unclassified');
#33480 = SECURITY_CLASSIFICATION ('', '', #33470);
#33490 = APPROVAL_STATUS ('approved');
#33500 = APPROVAL (#33490, '');
#33510 = CALENDAR_DATE (2019, 16, 1);
#33520 = COORDINATED_UNIVERSAL_TIME_OFFSET (0, $, .AHEAD.);
#33530 = LOCAL_TIME (10, 57, 48., #33520);
#33540 = DATE_AND_TIME (#33510, #33530);
#33550 = APPROVAL_DATE_TIME (#33540, #33500);
#33560 = APPROVAL_ROLE ('');
#33570 = PERSON ('', '', $, $, $, $);
#33580 = ORGANIZATION ($, '', '');
#33590 = PERSON_AND_ORGANIZATION (#33570, #33580);
#33600 = APPROVAL_PERSON_ORGANIZATION (#33590, #33500, #33560);
#33610 = CC_DESIGN_APPROVAL (#33500, (#33480));
#33620 = DATE_TIME_ROLE ('classification_date');
#33630 = CALENDAR_DATE (2019, 16, 1);
#33640 = COORDINATED_UNIVERSAL_TIME_OFFSET (0, $, .AHEAD.);
#33650 = LOCAL_TIME (10, 57, 48., #33640);
#33660 = DATE_AND_TIME (#33630, #33650);
#33670 = CC_DESIGN_DATE_AND_TIME_ASSIGNMENT (#33660, #33620, (#33480));
#33680 = PERSON_AND_ORGANIZATION_ROLE ('classification_officer');
#33690 = PERSON ('', '', $, $, $, $);
#33700 = ORGANIZATION ($, '', '');
#33710 = PERSON_AND_ORGANIZATION (#33690, #33700);
#33720 = CC_DESIGN_PERSON_AND_ORGANIZATION_ASSIGNMENT (#33710, #33680, (#33480));
#33730 = CC_DESIGN_SECURITY_CLASSIFICATION (#33480, (#33230));
#33740 = DESIGN_CONTEXT ('', #33130, 'design');
#33750 = PRODUCT_DEFINITION ('', '', #33230, #33740);
#33760 = APPROVAL_STATUS ('approved');
#33770 = APPROVAL (#33760, '');
#33780 = CALENDAR_DATE (2019, 16, 1);
#33790 = COORDINATED_UNIVERSAL_TIME_OFFSET (0, $, .AHEAD.);
#33800 = LOCAL_TIME (10, 57, 48., #33790);
#33810 = DATE_AND_TIME (#33780, #33800);
#33820 = APPROVAL_DATE_TIME (#33810, #33770);
#33830 = APPROVAL_ROLE ('');
#33840 = PERSON ('', '', $, $, $, $);
#33850 = ORGANIZATION ($, '', '');
#33860 = PERSON_AND_ORGANIZATION (#33840, #33850);
#33870 = APPROVAL_PERSON_ORGANIZATION (#33860, #33770, #33830);
#33880 = CC_DESIGN_APPROVAL (#33770, (#33750));
#33890 = DATE_TIME_ROLE ('creation_date');
#33900 = CALENDAR_DATE (2019, 16, 1);
#33910 = COORDINATED_UNIVERSAL_TIME_OFFSET (0, $, .AHEAD.);
#33920 = LOCAL_TIME (10, 57, 48., #33910);
#33930 = DATE_AND_TIME (#33900, #33920);
#33940 = CC_DESIGN_DATE_AND_TIME_ASSIGNMENT (#33930, #33890, (#33750));
#33950 = PERSON_AND_ORGANIZATION_ROLE ('creator');
#33960 = PERSON ('', '', $, $, $, $);
#33970 = ORGANIZATION ($, '', '');
#33980 = PERSON_AND_ORGANIZATION (#33960, #33970);
#33990 = CC_DESIGN_PERSON_AND_ORGANIZATION_ASSIGNMENT (#33980, #33950, (#33750));
#34000 = PRODUCT_DEFINITION_SHAPE ('', '', #33750);
#34010 = SHAPE_DEFINITION_REPRESENTATION (#34000, #33120);
#34020 = GEOMETRIC_CURVE_SET ('', (#30, #60, #90, #120, #150, #180, #210, #240, #270, #300, #330, #360, #390, #420, #450, #480, #510, #540, #570, #600, #630, #660, #690, #720, #750));
#34030 = (
   LENGTH_UNIT ()
   NAMED_UNIT (*)
   SI_UNIT (.MILLI., .METRE.)
);
#34040 = (
   NAMED_UNIT (*)
   SI_UNIT ($, .STERADIAN.)
   SOLID_ANGLE_UNIT ()
);
#34050 = (
   NAMED_UNIT (*)
   SI_UNIT ($, .RADIAN.)
   PLANE_ANGLE_UNIT ()
);
#34060 = UNCERTAINTY_MEASURE_WITH_UNIT (LENGTH_MEASURE(1.E-5), #34030, 'DISTANCE_ACCURACY_VALUE', '');
#34070 = (
   GEOMETRIC_REPRESENTATION_CONTEXT (3)
   GLOBAL_UNCERTAINTY_ASSIGNED_CONTEXT ((#34060))
   GLOBAL_UNIT_ASSIGNED_CONTEXT ((#34030, #34040, #34050))
   REPRESENTATION_CONTEXT ('', '3D')
);
#34080 = GEOMETRICALLY_BOUNDED_WIREFRAME_SHAPE_REPRESENTATION ('', (#34020), #34070);
#34090 = APPLICATION_CONTEXT ('configuration controlled 3D designs of mechanical parts and assemblies');
#34100 = APPLICATION_PROTOCOL_DEFINITION ('International Standard', 'config_control_design', 1997, #34090);
#34110 = MECHANICAL_CONTEXT ('', #34090, 'mechanical');
#34120 = PRODUCT ('product-name', '', '', (#34110));
#34130 = PERSON_AND_ORGANIZATION_ROLE ('design_owner');
#34140 = PERSON ('', '', $, $, $, $);
#34150 = ORGANIZATION ($, '', '');
#34160 = PERSON_AND_ORGANIZATION (#34140, #34150);
#34170 = CC_DESIGN_PERSON_AND_ORGANIZATION_ASSIGNMENT (#34160, #34130, (#34120));
#34180 = PRODUCT_RELATED_PRODUCT_CATEGORY ('detail', $, (#34120));
#34190 = PRODUCT_DEFINITION_FORMATION_WITH_SPECIFIED_SOURCE ('', '', #34120, .NOT_KNOWN.);
#34200 = APPROVAL_STATUS ('approved');
#34210 = APPROVAL (#34200, '');
#34220 = CALENDAR_DATE (2019, 16, 1);
#34230 = COORDINATED_UNIVERSAL_TIME_OFFSET (0, $, .AHEAD.);
#34240 = LOCAL_TIME (10, 57, 48., #34230);
#34250 = DATE_AND_TIME (#34220, #34240);
#34260 = APPROVAL_DATE_TIME (#34250, #34210);
#34270 = APPROVAL_ROLE ('');
#34280 = PERSON ('', '', $, $, $, $);
#34290 = ORGANIZATION ($, '', '');
#34300 = PERSON_AND_ORGANIZATION (#34280, #34290);
#34310 = APPROVAL_PERSON_ORGANIZATION (#34300, #34210, #34270);
#34320 = CC_DESIGN_APPROVAL (#34210, (#34190));
#34330 = PERSON_AND_ORGANIZATION_ROLE ('creator');
#34340 = PERSON ('', '', $, $, $, $);
#34350 = ORGANIZATION ($, '', '');
#34360 = PERSON_AND_ORGANIZATION (#34340, #34350);
#34370 = CC_DESIGN_PERSON_AND_ORGANIZATION_ASSIGNMENT (#34360, #34330, (#34190));
#34380 = PERSON_AND_ORGANIZATION_ROLE ('part_supplier');
#34390 = PERSON ('', '', $, $, $, $);
#34400 = ORGANIZATION ($, '', '');
#34410 = PERSON_AND_ORGANIZATION (#34390, #34400);
#34420 = CC_DESIGN_PERSON_AND_ORGANIZATION_ASSIGNMENT (#34410, #34380, (#34190));
#34430 = SECURITY_CLASSIFICATION_LEVEL ('unclassified');
#34440 = SECURITY_CLASSIFICATION ('', '', #34430);
#34450 = APPROVAL_STATUS ('approved');
#34460 = APPROVAL (#34450, '');
#34470 = CALENDAR_DATE (2019, 16, 1);
#34480 = COORDINATED_UNIVERSAL_TIME_OFFSET (0, $, .AHEAD.);
#34490 = LOCAL_TIME (10, 57, 48., #34480);
#34500 = DATE_AND_TIME (#34470, #34490);
#34510 = APPROVAL_DATE_TIME (#34500, #34460);
#34520 = APPROVAL_ROLE ('');
#34530 = PERSON ('', '', $, $, $, $);
#34540 = ORGANIZATION ($, '', '');
#34550 = PERSON_AND_ORGANIZATION (#34530, #34540);
#34560 = APPROVAL_PERSON_ORGANIZATION (#34550, #34460, #34520);
#34570 = CC_DESIGN_APPROVAL (#34460, (#34440));
#34580 = DATE_TIME_ROLE ('classification_date');
#34590 = CALENDAR_DATE (2019, 16, 1);
#34600 = COORDINATED_UNIVERSAL_TIME_OFFSET (0, $, .AHEAD.);
#34610 = LOCAL_TIME (10, 57, 48., #34600);
#34620 = DATE_AND_TIME (#34590, #34610);
#34630 = CC_DESIGN_DATE_AND_TIME_ASSIGNMENT (#34620, #34580, (#34440));
#34640 = PERSON_AND_ORGANIZATION_ROLE ('classification_officer');
#34650 = PERSON ('', '', $, $, $, $);
#34660 = ORGANIZATION ($, '', '');
#34670 = PERSON_AND_ORGANIZATION (#34650, #34660);
#34680 = CC_DESIGN_PERSON_AND_ORGANIZATION_ASSIGNMENT (#34670, #34640, (#34440));
#34690 = CC_DESIGN_SECURITY_CLASSIFICATION (#34440, (#34190));
#34700 = DESIGN_CONTEXT ('', #34090, 'design');
#34710 = PRODUCT_DEFINITION ('', '', #34190, #34700);
#34720 = APPROVAL_STATUS ('approved');
#34730 = APPROVAL (#34720, '');
#34740 = CALENDAR_DATE (2019, 16, 1);
#34750 = COORDINATED_UNIVERSAL_TIME_OFFSET (0, $, .AHEAD.);
#34760 = LOCAL_TIME (10, 57, 48., #34750);
#34770 = DATE_AND_TIME (#34740, #34760);
#34780 = APPROVAL_DATE_TIME (#34770, #34730);
#34790 = APPROVAL_ROLE ('');
#34800 = PERSON ('', '', $, $, $, $);
#34810 = ORGANIZATION ($, '', '');
#34820 = PERSON_AND_ORGANIZATION (#34800, #34810);
#34830 = APPROVAL_PERSON_ORGANIZATION (#34820, #34730, #34790);
#34840 = CC_DESIGN_APPROVAL (#34730, (#34710));
#34850 = DATE_TIME_ROLE ('creation_date');
#34860 = CALENDAR_DATE (2019, 16, 1);
#34870 = COORDINATED_UNIVERSAL_TIME_OFFSET (0, $, .AHEAD.);
#34880 = LOCAL_TIME (10, 57, 48., #34870);
#34890 = DATE_AND_TIME (#34860, #34880);
#34900 = CC_DESIGN_DATE_AND_TIME_ASSIGNMENT (#34890, #34850, (#34710));
#34910 = PERSON_AND_ORGANIZATION_ROLE ('creator');
#34920 = PERSON ('', '', $, $, $, $);
#34930 = ORGANIZATION ($, '', '');
#34940 = PERSON_AND_ORGANIZATION (#34920, #34930);
#34950 = CC_DESIGN_PERSON_AND_ORGANIZATION_ASSIGNMENT (#34940, #34910, (#34710));
#34960 = PRODUCT_DEFINITION_SHAPE ('', '', #34710);
#34970 = SHAPE_DEFINITION_REPRESENTATION (#34960, #34080);
ENDSEC;
END-ISO-10303-21;
