{
    "anchorpoints": [],
    "portpins": [
        {
            "name": "1",
            "position": [
                143.05407000006164,
                -83.61680000211763,
                1.2365990000000002
            ],
            "rotation": [
                0.0,
                0.0,
                -1.0,
                -0.0,
                1.0,
                0.0,
                1.0,
                0.0,
                0.0
            ]
        },
        {
            "name": "2",
            "position": [
                169.53212219993836,
                -80.49999140622002,
                -1.252601
            ],
            "rotation": [
                0.0,
                0.0,
                1.0,
                0.0,
                1.0,
                0.0,
                -1.0,
                -0.0,
                -0.0
            ]
        }
    ],
    "version": 7
}