{
    "anchorpoints": [],
    "portpins": [
        {
            "name": "1",
            "position": [
                146.55292000233797,
                -77.57492265382443,
                1.318005999999997
            ],
            "rotation": [
                0.0,
                0.0,
                -1.0,
                -0.0,
                1.0,
                0.0,
                1.0,
                0.0,
                0.0
            ]
        },
        {
            "name": "2",
            "position": [
                179.82692000233797,
                -72.91259738915878,
                1.318005999999997
            ],
            "rotation": [
                0.0,
                0.0,
                1.0,
                0.0,
                1.0,
                0.0,
                -1.0,
                -0.0,
                -0.0
            ]
        },
        {
            "name": "3",
            "position": [
                179.82692000233797,
                -82.23568260930168,
                1.318005999999997
            ],
            "rotation": [
                0.0,
                0.0,
                1.0,
                0.0,
                1.0,
                0.0,
                -1.0,
                -0.0,
                -0.0
            ]
        }
    ],
    "version": 7
}