{
    "anchorpoints": [],
    "portpins": [
        {
            "name": "1",
            "position": [
                179.45100000008904,
                -76.83500001394769,
                1.064006
            ],
            "rotation": [
                0.0,
                0.0,
                -1.0,
                -0.0,
                1.0,
                0.0,
                1.0,
                0.0,
                0.0
            ]
        },
        {
            "name": "2",
            "position": [
                217.68648599991104,
                -66.17207999479669,
                1.064006
            ],
            "rotation": [
                0.0,
                0.0,
                1.0,
                0.0,
                1.0,
                0.0,
                -1.0,
                -0.0,
                -0.0
            ]
        },
        {
            "name": "3",
            "position": [
                217.68648599991104,
                -87.5588800052033,
                1.064006
            ],
            "rotation": [
                0.0,
                0.0,
                1.0,
                0.0,
                1.0,
                0.0,
                -1.0,
                -0.0,
                -0.0
            ]
        }
    ],
    "version": 7
}