ISO-10303-21;
HEADER;
FILE_DESCRIPTION ((), '1');
FILE_NAME ('D:\MIRmaterial\MIRoptical\illumination\MIR_optics_Tx_combine7.stp', '2019-01-16T10:50:15', ('Unknown'), ('Unknown'), 'HarmonyWare STEP v1.1.9', 'HarmonyWare Translators', '');
FILE_SCHEMA (('CONFIG_CONTROL_DESIGN'));
ENDSEC;

DATA;
#10 = CARTESIAN_POINT ('', (0., 0., 0.));
#20 = CARTESIAN_POINT ('', (0., 0., 150.));
#30 = B_SPLINE_CURVE_WITH_KNOTS ('', 1, (#10, #20), .UNSPECIFIED., .F., .U., (2, 2), (0., 1.), .UNSPECIFIED.);
#40 = CARTESIAN_POINT ('', (0., 0., 150.));
#50 = CARTESIAN_POINT ('', (0., 0., 210.));
#60 = B_SPLINE_CURVE_WITH_KNOTS ('', 1, (#40, #50), .UNSPECIFIED., .F., .U., (2, 2), (0., 1.), .UNSPECIFIED.);
#70 = CARTESIAN_POINT ('', (0., 0., 210.));
#80 = CARTESIAN_POINT ('', (0., 0., 1110.));
#90 = B_SPLINE_CURVE_WITH_KNOTS ('', 1, (#70, #80), .UNSPECIFIED., .F., .U., (2, 2), (0., 1.), .UNSPECIFIED.);
#100 = CARTESIAN_POINT ('', (0., 0., 1110.));
#110 = CARTESIAN_POINT ('', (0., 0., 1180.));
#120 = B_SPLINE_CURVE_WITH_KNOTS ('', 1, (#100, #110), .UNSPECIFIED., .F., .U., (2, 2), (0., 1.), .UNSPECIFIED.);
#130 = CARTESIAN_POINT ('', (0., 1.00503781519379E-7, 0.));
#140 = CARTESIAN_POINT ('', (0., 15.0188119373477, 149.435290979281));
#150 = B_SPLINE_CURVE_WITH_KNOTS ('', 1, (#130, #140), .UNSPECIFIED., .F., .U., (2, 2), (0., 1.), .UNSPECIFIED.);
#160 = CARTESIAN_POINT ('', (0., 15.0188119373477, 149.435290979281));
#170 = CARTESIAN_POINT ('', (0., 20.6156315817851, 211.065348080119));
#180 = B_SPLINE_CURVE_WITH_KNOTS ('', 1, (#160, #170), .UNSPECIFIED., .F., .U., (2, 2), (0., 1.), .UNSPECIFIED.);
#190 = CARTESIAN_POINT ('', (0., 20.6156315817851, 211.065348080119));
#200 = CARTESIAN_POINT ('', (0., 216.707272538212, 1110.));
#210 = B_SPLINE_CURVE_WITH_KNOTS ('', 1, (#190, #200), .UNSPECIFIED., .F., .U., (2, 2), (0., 1.), .UNSPECIFIED.);
#220 = CARTESIAN_POINT ('', (0., 216.707272538212, 1110.));
#230 = CARTESIAN_POINT ('', (0., 225.977080562084, 1180.));
#240 = B_SPLINE_CURVE_WITH_KNOTS ('', 1, (#220, #230), .UNSPECIFIED., .F., .U., (2, 2), (0., 1.), .UNSPECIFIED.);
#250 = CARTESIAN_POINT ('', (0., -1.00503781519379E-7, 0.));
#260 = CARTESIAN_POINT ('', (0., -15.0188119373477, 149.435290979281));
#270 = B_SPLINE_CURVE_WITH_KNOTS ('', 1, (#250, #260), .UNSPECIFIED., .F., .U., (2, 2), (0., 1.), .UNSPECIFIED.);
#280 = CARTESIAN_POINT ('', (0., -15.0188119373477, 149.435290979281));
#290 = CARTESIAN_POINT ('', (0., -20.6156315817851, 211.065348080119));
#300 = B_SPLINE_CURVE_WITH_KNOTS ('', 1, (#280, #290), .UNSPECIFIED., .F., .U., (2, 2), (0., 1.), .UNSPECIFIED.);
#310 = CARTESIAN_POINT ('', (0., -20.6156315817851, 211.065348080119));
#320 = CARTESIAN_POINT ('', (0., -216.707272538212, 1110.));
#330 = B_SPLINE_CURVE_WITH_KNOTS ('', 1, (#310, #320), .UNSPECIFIED., .F., .U., (2, 2), (0., 1.), .UNSPECIFIED.);
#340 = CARTESIAN_POINT ('', (0., -216.707272538212, 1110.));
#350 = CARTESIAN_POINT ('', (0., -225.977080562084, 1180.));
#360 = B_SPLINE_CURVE_WITH_KNOTS ('', 1, (#340, #350), .UNSPECIFIED., .F., .U., (2, 2), (0., 1.), .UNSPECIFIED.);
#370 = CARTESIAN_POINT ('', (1.00503781519379E-7, 0., 0.));
#380 = CARTESIAN_POINT ('', (15.1042384704357, 0., 150.285274251463));
#390 = B_SPLINE_CURVE_WITH_KNOTS ('', 1, (#370, #380), .UNSPECIFIED., .F., .U., (2, 2), (0., 1.), .UNSPECIFIED.);
#400 = CARTESIAN_POINT ('', (15.1042384704357, 0., 150.285274251463));
#410 = CARTESIAN_POINT ('', (17.8957370940789, 0., 209.599477719703));
#420 = B_SPLINE_CURVE_WITH_KNOTS ('', 1, (#400, #410), .UNSPECIFIED., .F., .U., (2, 2), (0., 1.), .UNSPECIFIED.);
#430 = CARTESIAN_POINT ('', (17.8957370940789, 0., 209.599477719703));
#440 = CARTESIAN_POINT ('', (61.608122386657, 0., 1111.18655270354));
#450 = B_SPLINE_CURVE_WITH_KNOTS ('', 1, (#430, #440), .UNSPECIFIED., .F., .U., (2, 2), (0., 1.), .UNSPECIFIED.);
#460 = CARTESIAN_POINT ('', (61.608122386657, 0., 1111.18655270354));
#470 = CARTESIAN_POINT ('', (62.6225997465719, 0., 1178.77403343968));
#480 = B_SPLINE_CURVE_WITH_KNOTS ('', 1, (#460, #470), .UNSPECIFIED., .F., .U., (2, 2), (0., 1.), .UNSPECIFIED.);
#490 = CARTESIAN_POINT ('', (-1.00503781519379E-7, 0., 0.));
#500 = CARTESIAN_POINT ('', (-15.1042384704357, 0., 150.285274251463));
#510 = B_SPLINE_CURVE_WITH_KNOTS ('', 1, (#490, #500), .UNSPECIFIED., .F., .U., (2, 2), (0., 1.), .UNSPECIFIED.);
#520 = CARTESIAN_POINT ('', (-15.1042384704357, 0., 150.285274251463));
#530 = CARTESIAN_POINT ('', (-17.8957370940789, 0., 209.599477719703));
#540 = B_SPLINE_CURVE_WITH_KNOTS ('', 1, (#520, #530), .UNSPECIFIED., .F., .U., (2, 2), (0., 1.), .UNSPECIFIED.);
#550 = CARTESIAN_POINT ('', (-17.8957370940789, 0., 209.599477719703));
#560 = CARTESIAN_POINT ('', (-61.608122386657, 0., 1111.18655270354));
#570 = B_SPLINE_CURVE_WITH_KNOTS ('', 1, (#550, #560), .UNSPECIFIED., .F., .U., (2, 2), (0., 1.), .UNSPECIFIED.);
#580 = CARTESIAN_POINT ('', (-61.608122386657, 0., 1111.18655270354));
#590 = CARTESIAN_POINT ('', (-62.6225997465719, 0., 1178.77403343968));
#600 = B_SPLINE_CURVE_WITH_KNOTS ('', 1, (#580, #590), .UNSPECIFIED., .F., .U., (2, 2), (0., 1.), .UNSPECIFIED.);
#610 = CARTESIAN_POINT ('', (-90., 90., 221.671165056092));
#620 = VERTEX_POINT ('', #610);
#630 = CARTESIAN_POINT ('', (90., 90., 221.671165056092));
#640 = VERTEX_POINT ('', #630);
#650 = CARTESIAN_POINT ('', (-89.9999999999999, 90., 221.671165056092));
#660 = CARTESIAN_POINT ('', (-45.5252176115227, 90., 231.394290586192));
#670 = CARTESIAN_POINT ('', (-2.58029584572675E-14, 90., 231.394290586192));
#680 = CARTESIAN_POINT ('', (45.5252176115228, 90., 231.394290586192));
#690 = CARTESIAN_POINT ('', (90.0000000000002, 90., 221.671165056092));
#700 = (
   BOUNDED_CURVE ()
   B_SPLINE_CURVE (2, (#650, #660, #670, #680, #690), .UNSPECIFIED., .F., .U.)
   B_SPLINE_CURVE_WITH_KNOTS ((3, 2, 3), (0.426879991292001, 0.5, 0.573120008707999), .UNSPECIFIED.)
   CURVE ()
   GEOMETRIC_REPRESENTATION_ITEM ()
   RATIONAL_B_SPLINE_CURVE ((0.926862293502586, 0.957167290579693, 1., 0.957167290579693, 0.926862293502586))
   REPRESENTATION_ITEM ('')
);
#710 = EDGE_CURVE ('', #620, #640, #700, .T.);
#720 = ORIENTED_EDGE ('', *, *, #710, .T.);
#730 = CARTESIAN_POINT ('', (90., 90., 138.328834943908));
#740 = VERTEX_POINT ('', #730);
#750 = CARTESIAN_POINT ('', (90., 90., 138.328834943908));
#760 = CARTESIAN_POINT ('', (90., 90., 221.671165056092));
#770 = B_SPLINE_CURVE_WITH_KNOTS ('', 1, (#750, #760), .UNSPECIFIED., .F., .U., (2, 2), (0., 1.), .UNSPECIFIED.);
#780 = EDGE_CURVE ('', #740, #640, #770, .T.);
#790 = ORIENTED_EDGE ('', *, *, #780, .F.);
#800 = CARTESIAN_POINT ('', (-90., 90., 138.328834943908));
#810 = VERTEX_POINT ('', #800);
#820 = CARTESIAN_POINT ('', (90., 90., 138.328834943908));
#830 = CARTESIAN_POINT ('', (88.6784392057966, 90., 138.03991387881));
#840 = CARTESIAN_POINT ('', (87.3593431989588, 90., 137.758173770782));
#850 = CARTESIAN_POINT ('', (86.0350638056369, 90., 137.481981078887));
#860 = CARTESIAN_POINT ('', (84.7108608401372, 90., 137.205804326835));
#870 = CARTESIAN_POINT ('', (83.3890121382649, 90., 136.9367474825));
#880 = CARTESIAN_POINT ('', (82.0622133433669, 90., 136.673323774248));
#890 = CARTESIAN_POINT ('', (80.735490973186, 90., 136.409915239422));
#900 = CARTESIAN_POINT ('', (79.4110120117836, 90., 136.15356847472));
#910 = CARTESIAN_POINT ('', (78.0818168032216, 90., 135.902936470991));
#920 = CARTESIAN_POINT ('', (76.7526980194561, 90., 135.652318877862));
#930 = CARTESIAN_POINT ('', (75.4257114757662, 90., 135.40870781825));
#940 = CARTESIAN_POINT ('', (74.0942430545541, 90., 135.170889058142));
#950 = CARTESIAN_POINT ('', (72.7628510613969, 90., 134.933083949147));
#960 = CARTESIAN_POINT ('', (71.4334798429262, 90., 134.70223302782));
#970 = CARTESIAN_POINT ('', (70.0998616117727, 90., 134.477247866437));
#980 = CARTESIAN_POINT ('', (68.7663198151063, 90., 134.252275599769));
#990 = CARTESIAN_POINT ('', (67.4346870481341, 90., 134.034208055994));
#1000 = CARTESIAN_POINT ('', (66.0990426000155, 90., 133.822075662342));
#1010 = CARTESIAN_POINT ('', (64.7634745959843, 90., 133.609955409846));
#1020 = CARTESIAN_POINT ('', (63.4297036140563, 90., 133.404693287397));
#1030 = CARTESIAN_POINT ('', (62.0921567207693, 90., 133.205431642394));
#1040 = CARTESIAN_POINT ('', (60.7546862843322, 90., 133.006181387584));
#1050 = CARTESIAN_POINT ('', (59.4189006167398, 90., 132.813745533281));
#1060 = CARTESIAN_POINT ('', (58.0795752174358, 90., 132.627371427879));
#1070 = CARTESIAN_POINT ('', (56.7403262909006, 90., 132.44100796406));
#1080 = CARTESIAN_POINT ('', (55.4026496511467, 90., 132.261418026417));
#1090 = CARTESIAN_POINT ('', (54.0616698408487, 90., 132.08794705984));
#1100 = CARTESIAN_POINT ('', (52.7207665223886, 90., 131.914485988351));
#1110 = CARTESIAN_POINT ('', (51.381322796641, 90., 131.747760416325));
#1120 = CARTESIAN_POINT ('', (50.0388128147437, 90., 131.587206994419));
#1130 = CARTESIAN_POINT ('', (48.6963793468981, 90., 131.426662722981));
#1140 = CARTESIAN_POINT ('', (47.3552925824309, 90., 131.27281876483));
#1150 = CARTESIAN_POINT ('', (46.0113768011868, 90., 131.125196098525));
#1160 = CARTESIAN_POINT ('', (44.6675375593462, 90., 130.977581839705));
#1170 = CARTESIAN_POINT ('', (43.3249319529713, 90., 130.836635541955));
#1180 = CARTESIAN_POINT ('', (41.9797348659613, 90., 130.70195564584));
#1190 = CARTESIAN_POINT ('', (40.6346143468387, 90., 130.567283415631));
#1200 = CARTESIAN_POINT ('', (39.2906142333271, 90., 130.439249622146));
#1210 = CARTESIAN_POINT ('', (37.9442604439189, 90., 130.317523313155));
#1220 = CARTESIAN_POINT ('', (36.5979832540081, 90., 130.195803929666));
#1230 = CARTESIAN_POINT ('', (35.2527130945027, 90., 130.080696280825));
#1240 = CARTESIAN_POINT ('', (33.9053273042973, 90., 129.971933177046));
#1250 = CARTESIAN_POINT ('', (32.558018148319, 90., 129.863176259302));
#1260 = CARTESIAN_POINT ('', (31.2116025187402, 90., 129.761007191288));
#1270 = CARTESIAN_POINT ('', (29.863309516007, 90., 129.665215710868));
#1280 = CARTESIAN_POINT ('', (28.5150931853445, 90., 129.56942967773));
#1290 = CARTESIAN_POINT ('', (27.1676567647887, 90., 129.480210421925));
#1300 = CARTESIAN_POINT ('', (25.8185814128919, 90., 129.397397782104));
#1310 = CARTESIAN_POINT ('', (24.469582774017, 90., 129.314589851292));
#1320 = CARTESIAN_POINT ('', (23.1212503331496, 90., 129.23833043378));
#1330 = CARTESIAN_POINT ('', (21.771517558965, 90., 129.168502650028));
#1340 = CARTESIAN_POINT ('', (20.421861541855, 90., 129.098678837267));
#1350 = CARTESIAN_POINT ('', (19.072757931299, 90., 129.035388078448));
#1360 = CARTESIAN_POINT ('', (17.7224927136238, 90., 128.978549963716));
#1370 = CARTESIAN_POINT ('', (16.3723043001718, 90., 128.921715081984));
#1380 = CARTESIAN_POINT ('', (15.0225544388925, 90., 128.871400596295));
#1390 = CARTESIAN_POINT ('', (13.6718817968488, 90., 128.827555760384));
#1400 = CARTESIAN_POINT ('', (12.3212860092665, 90., 128.783713419282));
#1410 = CARTESIAN_POINT ('', (10.971014872954, 90., 128.74638161503));
#1420 = CARTESIAN_POINT ('', (9.62005985438649, 90., 128.715532464063));
#1430 = CARTESIAN_POINT ('', (8.26918174360265, 90., 128.68468506929));
#1440 = CARTESIAN_POINT ('', (6.91851435305284, 90., 128.660341148595));
#1450 = CARTESIAN_POINT ('', (5.56740202292265, 90., 128.642488884611));
#1460 = CARTESIAN_POINT ('', (4.21636665697658, 90., 128.624637637556));
#1470 = CARTESIAN_POINT ('', (2.86542806647125, 90., 128.613285596398));
#1480 = CARTESIAN_POINT ('', (1.51428349524659, 90., 128.608430217054));
#1490 = CARTESIAN_POINT ('', (1.11368880747255, 90., 128.60699066779));
#1500 = CARTESIAN_POINT ('', (0.713096304858463, 90., 128.606122362372));
#1510 = CARTESIAN_POINT ('', (0.312499140714146, 90., 128.60582528596));
#1520 = CARTESIAN_POINT ('', (0.0453702676133281, 90., 128.605627187485));
#1530 = CARTESIAN_POINT ('', (-0.221758723774285, 90., 128.605683095296));
#1540 = CARTESIAN_POINT ('', (-0.488887490552437, 90., 128.60599300932));
#1550 = CARTESIAN_POINT ('', (-5.06803806273402, 90., 128.611305589459));
#1560 = CARTESIAN_POINT ('', (-9.64967274402904, 90., 128.691323845854));
#1570 = CARTESIAN_POINT ('', (-14.22621615741, 90., 128.845915474535));
#1580 = CARTESIAN_POINT ('', (-17.2727042897933, 90., 128.948823175742));
#1590 = CARTESIAN_POINT ('', (-20.3219144665612, 90., 129.084973407946));
#1600 = CARTESIAN_POINT ('', (-23.3654507146999, 90., 129.253991282699));
#1610 = CARTESIAN_POINT ('', (-25.3929271029577, 90., 129.366583912561));
#1620 = CARTESIAN_POINT ('', (-27.4220897956614, 90., 129.493994730772));
#1630 = CARTESIAN_POINT ('', (-29.447725872591, 90., 129.635896418863));
#1640 = CARTESIAN_POINT ('', (-31.4731012470548, 90., 129.77777984399));
#1650 = CARTESIAN_POINT ('', (-33.5005482719469, 90., 129.934548337485));
#1660 = CARTESIAN_POINT ('', (-35.5236600331418, 90., 130.105706496874));
#1670 = CARTESIAN_POINT ('', (-37.5465114180821, 90., 130.276842628057));
#1680 = CARTESIAN_POINT ('', (-39.5718190012996, 90., 130.462945027654));
#1690 = CARTESIAN_POINT ('', (-41.5919840909319, 90., 130.663315463553));
#1700 = CARTESIAN_POINT ('', (-43.6118891061086, 90., 130.863660103921));
#1710 = CARTESIAN_POINT ('', (-45.6346339434828, 90., 131.079066555836));
#1720 = CARTESIAN_POINT ('', (-47.6514306892189, 90., 131.308598975438));
#1730 = CARTESIAN_POINT ('', (-49.6679676378809, 90., 131.538101827434));
#1740 = CARTESIAN_POINT ('', (-51.6877269825562, 90., 131.7827764058));
#1750 = CARTESIAN_POINT ('', (-53.7007344834434, 90., 132.041414426527));
#1760 = CARTESIAN_POINT ('', (-55.7134824402163, 90., 132.300019100146));
#1770 = CARTESIAN_POINT ('', (-57.7298341900818, 90., 132.573919820838));
#1780 = CARTESIAN_POINT ('', (-59.7386324043052, 90., 132.861600979839));
#1790 = CARTESIAN_POINT ('', (-61.7471713029464, 90., 133.149245002105));
#1800 = CARTESIAN_POINT ('', (-63.7596940878638, 90., 133.452323837892));
#1810 = CARTESIAN_POINT ('', (-65.7638639203527, 90., 133.768979602787));
#1820 = CARTESIAN_POINT ('', (-67.7677746413605, 90., 134.085594428465));
#1830 = CARTESIAN_POINT ('', (-69.7760479101632, 90., 134.417797325482));
#1840 = CARTESIAN_POINT ('', (-71.7751713000332, 90., 134.763353106339));
#1850 = CARTESIAN_POINT ('', (-73.1077780831491, 90., 134.993699056894));
#1860 = CARTESIAN_POINT ('', (-74.4424612212178, 90., 135.231031770622));
#1870 = CARTESIAN_POINT ('', (-75.772786681313, 90., 135.474207150884));
#1880 = CARTESIAN_POINT ('', (-77.1030355090424, 90., 135.717368523217));
#1890 = CARTESIAN_POINT ('', (-78.435472081149, 90., 135.967569449634));
#1900 = CARTESIAN_POINT ('', (-79.7633162458406, 90., 136.223536773651));
#1910 = CARTESIAN_POINT ('', (-81.0910838011153, 90., 136.479489329741));
#1920 = CARTESIAN_POINT ('', (-82.4211501522607, 90., 136.742537121699));
#1930 = CARTESIAN_POINT ('', (-83.7463899467876, 90., 137.011270965514));
#1940 = CARTESIAN_POINT ('', (-85.0715531516392, 90., 137.279989278374));
#1950 = CARTESIAN_POINT ('', (-86.3991258487429, 90., 137.555861408767));
#1960 = CARTESIAN_POINT ('', (-87.7216384488664, 90., 137.837335161849));
#1970 = CARTESIAN_POINT ('', (-88.4811199932698, 90., 137.998977569399));
#1980 = CARTESIAN_POINT ('', (-89.2414241296069, 90., 138.162994258112));
#1990 = CARTESIAN_POINT ('', (-90., 90., 138.328834943908));
#2000 = B_SPLINE_CURVE_WITH_KNOTS ('', 3, (#820, #830, #840, #850, #860, #870, #880, #890, #900, #910, #920, #930, #940, #950, #960, #970, #980, #990, #1000, #1010, #1020, #1030, #1040, #1050, #1060, #1070, #1080, #1090, #1100, #1110, #1120, #1130, #1140, #1150, #1160, #1170, #1180, #1190, #1200, #1210, #1220, #1230, #1240, #1250, #1260, #1270, #1280, #1290, #1300, #1310, #1320, #1330, #1340, #1350, #1360, #1370, #1380, #1390, #1400, #1410, #1420, #1430, #1440, #1450, #1460, #1470, #1480, #1490, #1500, #1510, #1520, #1530, #1540, #1550, #1560, #1570, #1580, #1590, #1600, #1610, #1620, #1630, #1640, #1650, #1660, #1670, #1680, #1690, #1700, #1710, #1720, #1730, #1740, #1750, #1760, #1770, #1780, #1790, #1800, #1810, #1820, #1830, #1840, #1850, #1860, #1870, #1880, #1890, #1900, #1910, #1920, #1930, #1940, #1950, #1960, #1970, #1980, #1990), .UNSPECIFIED., .F., .U., (4, 3, 3, 3, 3, 3, 3, 3, 3, 3, 3, 3, 3, 3, 3, 3, 3, 3, 3, 3, 3, 3, 3, 3, 3, 3, 3, 3, 3, 3, 3, 3, 3, 3, 3, 3, 3, 3, 3, 4), (0., 4.05832290875182, 8.11641160047695, 12.1742665429087, 16.2318881706728, 20.2892768855688, 24.3464330568342, 28.4033570213914, 32.4600490840783, 36.5165095178616, 40.5727385640342, 44.628736432396, 48.6845033014187, 52.7400393183944, 56.7953445995689, 60.8504192302583, 64.9052632649513, 68.9598767273946, 73.0142596106639, 77.0684118772189, 81.1223334589437, 85.176024257171, 89.2294841426917, 90.4312759655853, 91.2326628052477, 104.970123767011, 114.114800875662, 120.206601795519, 126.297618691268, 132.38785166781, 138.477300592576, 144.56596509471, 150.653844563983, 156.74093814944, 162.82724475776, 166.884349742609, 170.941221021074, 174.997858240037, 179.054261013485, 181.383738284864), .UNSPECIFIED.);
#2010 = EDGE_CURVE ('', #740, #810, #2000, .T.);
#2020 = ORIENTED_EDGE ('', *, *, #2010, .T.);
#2030 = CARTESIAN_POINT ('', (-90., 90., 138.328834943908));
#2040 = CARTESIAN_POINT ('', (-90., 90., 221.671165056092));
#2050 = B_SPLINE_CURVE_WITH_KNOTS ('', 1, (#2030, #2040), .UNSPECIFIED., .F., .U., (2, 2), (0., 1.), .UNSPECIFIED.);
#2060 = EDGE_CURVE ('', #810, #620, #2050, .T.);
#2070 = ORIENTED_EDGE ('', *, *, #2060, .T.);
#2080 = EDGE_LOOP ('', (#720, #790, #2020, #2070));
#2090 = FACE_OUTER_BOUND ('', #2080, .T.);
#2100 = CARTESIAN_POINT ('', (-90., 90., 128.605627187485));
#2110 = CARTESIAN_POINT ('', (90., 90., 128.605627187485));
#2120 = CARTESIAN_POINT ('', (-90., 90., 231.394290586192));
#2130 = CARTESIAN_POINT ('', (90., 90., 231.394290586192));
#2140 = B_SPLINE_SURFACE_WITH_KNOTS ('', 1, 1, ((#2100, #2110), (#2120, #2130)), .UNSPECIFIED., .F., .F., .U., (2, 2), (2, 2), (0.430651054095916, 0.569348834952076), (0., 1.), .UNSPECIFIED.);
#2150 = ADVANCED_FACE ('', (#2090), #2140, .T.);
#2160 = CARTESIAN_POINT ('', (-90., -90., 221.671182189728));
#2170 = VERTEX_POINT ('', #2160);
#2180 = CARTESIAN_POINT ('', (90., -90., 221.671182189728));
#2190 = VERTEX_POINT ('', #2180);
#2200 = CARTESIAN_POINT ('', (-90., -90., 221.671182189728));
#2210 = CARTESIAN_POINT ('', (-45.5252175688126, -90., 231.394307324492));
#2220 = CARTESIAN_POINT ('', (-2.58029594821927E-14, -90., 231.394307324492));
#2230 = CARTESIAN_POINT ('', (45.5252175688127, -90., 231.394307324492));
#2240 = CARTESIAN_POINT ('', (90.0000000000002, -90., 221.671182189728));
#2250 = (
   BOUNDED_CURVE ()
   B_SPLINE_CURVE (2, (#2200, #2210, #2220, #2230, #2240), .UNSPECIFIED., .F., .U.)
   B_SPLINE_CURVE_WITH_KNOTS ((3, 2, 3), (0.426879994137674, 0.5, 0.573120005862326), .UNSPECIFIED.)
   CURVE ()
   GEOMETRIC_REPRESENTATION_ITEM ()
   RATIONAL_B_SPLINE_CURVE ((0.926862295861396, 0.95716729224665, 1., 0.957167292246649, 0.926862295861396))
   REPRESENTATION_ITEM ('')
);
#2260 = EDGE_CURVE ('', #2170, #2190, #2250, .T.);
#2270 = ORIENTED_EDGE ('', *, *, #2260, .F.);
#2280 = CARTESIAN_POINT ('', (-90., -90., 138.328817810272));
#2290 = VERTEX_POINT ('', #2280);
#2300 = CARTESIAN_POINT ('', (-90., -90., 138.328817810272));
#2310 = CARTESIAN_POINT ('', (-90., -90., 221.671182189728));
#2320 = B_SPLINE_CURVE_WITH_KNOTS ('', 1, (#2300, #2310), .UNSPECIFIED., .F., .U., (2, 2), (0., 1.), .UNSPECIFIED.);
#2330 = EDGE_CURVE ('', #2290, #2170, #2320, .T.);
#2340 = ORIENTED_EDGE ('', *, *, #2330, .F.);
#2350 = CARTESIAN_POINT ('', (90., -90., 138.328817810272));
#2360 = VERTEX_POINT ('', #2350);
#2370 = CARTESIAN_POINT ('', (-90., -90., 138.328817810272));
#2380 = CARTESIAN_POINT ('', (-88.6784392033702, -90., 138.039896756668));
#2390 = CARTESIAN_POINT ('', (-87.3593431939109, -90., 137.758156659794));
#2400 = CARTESIAN_POINT ('', (-86.0350637983788, -90., 137.48196397891));
#2410 = CARTESIAN_POINT ('', (-84.7108608306628, -90., 137.205787237868));
#2420 = CARTESIAN_POINT ('', (-83.3890121263876, -90., 136.936730404209));
#2430 = CARTESIAN_POINT ('', (-82.0622133294799, -90., 136.673306706481));
#2440 = CARTESIAN_POINT ('', (-80.7354909572834, -90., 136.409898182176));
#2450 = CARTESIAN_POINT ('', (-79.4110119936871, -90., 136.15355142767));
#2460 = CARTESIAN_POINT ('', (-78.0818167833064, -90., 135.902919433974));
#2470 = CARTESIAN_POINT ('', (-76.7526979977163, -90., 135.652301850875));
#2480 = CARTESIAN_POINT ('', (-75.4257114520322, -90., 135.408690800974));
#2490 = CARTESIAN_POINT ('', (-74.0942430291827, -90., 135.170872050406));
#2500 = CARTESIAN_POINT ('', (-72.7628510343822, -90., 134.933066950949));
#2510 = CARTESIAN_POINT ('', (-71.4334798141073, -90., 134.702216038847));
#2520 = CARTESIAN_POINT ('', (-70.0998615814883, -90., 134.477230886508));
#2530 = CARTESIAN_POINT ('', (-68.7663197833502, -90., 134.252258628882));
#2540 = CARTESIAN_POINT ('', (-67.4346870147542, -90., 134.034191093842));
#2550 = CARTESIAN_POINT ('', (-66.099042565332, -90., 133.822058708736));
#2560 = CARTESIAN_POINT ('', (-64.7634745599912, -90., 133.609938464785));
#2570 = CARTESIAN_POINT ('', (-63.4297035766101, -90., 133.404676350579));
#2580 = CARTESIAN_POINT ('', (-62.0921566821719, -90., 133.205414713621));
#2590 = CARTESIAN_POINT ('', (-60.7546862445775, -90., 133.006164466855));
#2600 = CARTESIAN_POINT ('', (-59.4189005756931, -90., 132.813728620301));
#2610 = CARTESIAN_POINT ('', (-58.0795751753804, -90., 132.627354522442));
#2620 = CARTESIAN_POINT ('', (-56.7403262478304, -90., 132.440991066166));
#2630 = CARTESIAN_POINT ('', (-55.402649606936, -90., 132.261401135774));
#2640 = CARTESIAN_POINT ('', (-54.061669795762, -90., 132.087930176237));
#2650 = CARTESIAN_POINT ('', (-52.72076647642, -90., 131.914469111786));
#2660 = CARTESIAN_POINT ('', (-51.3813227496734, -90., 131.747743546512));
#2670 = CARTESIAN_POINT ('', (-50.0388127670232, -90., 131.58719013114));
#2680 = CARTESIAN_POINT ('', (-48.6963792984186, -90., 131.426645866234));
#2690 = CARTESIAN_POINT ('', (-47.3552925330844, -90., 131.272801914334));
#2700 = CARTESIAN_POINT ('', (-46.0113767512006, -90., 131.125179254056));
#2710 = CARTESIAN_POINT ('', (-44.6675375087143, -90., 130.97756500126));
#2720 = CARTESIAN_POINT ('', (-43.3249319015943, -90., 130.836618709258));
#2730 = CARTESIAN_POINT ('', (-41.9797348140479, -90., 130.701938818661));
#2740 = CARTESIAN_POINT ('', (-40.6346142943829, -90., 130.567266593968));
#2750 = CARTESIAN_POINT ('', (-39.2906141802386, -90., 130.439232805726));
#2760 = CARTESIAN_POINT ('', (-37.9442603903876, -90., 130.317506501743));
#2770 = CARTESIAN_POINT ('', (-36.5979832000279, -90., 130.19578712326));
#2780 = CARTESIAN_POINT ('', (-35.2527130399922, -90., 130.080679479155));
#2790 = CARTESIAN_POINT ('', (-33.9053272494276, -90., 129.971916379872));
#2800 = CARTESIAN_POINT ('', (-32.558018093084, -90., 129.863159466624));
#2810 = CARTESIAN_POINT ('', (-31.2116024630676, -90., 129.760990402837));
#2820 = CARTESIAN_POINT ('', (-29.863309460049, -90., 129.665198926402));
#2830 = CARTESIAN_POINT ('', (-28.5150931290951, -90., 129.569412897247));
#2840 = CARTESIAN_POINT ('', (-27.1676567081844, -90., 129.480193645159));
#2850 = CARTESIAN_POINT ('', (-25.8185813560661, -90., 129.39738100881));
#2860 = CARTESIAN_POINT ('', (-24.4695827169635, -90., 129.314573081469));
#2870 = CARTESIAN_POINT ('', (-23.121250275814, -90., 129.238313667163));
#2880 = CARTESIAN_POINT ('', (-21.7715175014619, -90., 129.168485886369));
#2890 = CARTESIAN_POINT ('', (-20.4218614841783, -90., 129.098662076564));
#2900 = CARTESIAN_POINT ('', (-19.0727578734032, -90., 129.03537132044));
#2910 = CARTESIAN_POINT ('', (-17.7224926556046, -90., 128.978533208151));
#2920 = CARTESIAN_POINT ('', (-16.372304242023, -90., 128.921698328861));
#2930 = CARTESIAN_POINT ('', (-15.0225543805777, -90., 128.871383845355));
#2940 = CARTESIAN_POINT ('', (-13.6718817384447, -90., 128.827539011371));
#2950 = CARTESIAN_POINT ('', (-12.321285950767, -90., 128.783696672197));
#2960 = CARTESIAN_POINT ('', (-10.9710148143318, -90., 128.746364869614));
#2970 = CARTESIAN_POINT ('', (-9.62005979569917, -90., 128.71551572006));
#2980 = CARTESIAN_POINT ('', (-8.26918168484421, -90., 128.6846683267));
#2990 = CARTESIAN_POINT ('', (-6.91851429420484, -90., 128.660324407158));
#3000 = CARTESIAN_POINT ('', (-5.56740196402392, -90., 128.642472144072));
#3010 = CARTESIAN_POINT ('', (-4.21636659802099, -90., 128.624620897914));
#3020 = CARTESIAN_POINT ('', (-2.86542800744948, -90., 128.613268857396));
#3030 = CARTESIAN_POINT ('', (-1.51428343617845, -90., 128.608413478433));
#3040 = CARTESIAN_POINT ('', (-1.11368874839959, -90., 128.606973929283));
#3050 = CARTESIAN_POINT ('', (-0.713096245780371, -90., 128.606105623956));
#3060 = CARTESIAN_POINT ('', (-0.312499081631592, -90., 128.605808547612));
#3070 = CARTESIAN_POINT ('', (-0.045370208520789, -90., 128.605610449182));
#3080 = CARTESIAN_POINT ('', (0.221758782876859, -90., 128.605666357028));
#3090 = CARTESIAN_POINT ('', (0.488887549664934, -90., 128.605976271077));
#3100 = CARTESIAN_POINT ('', (5.06803812126968, -90., 128.611288851647));
#3110 = CARTESIAN_POINT ('', (9.64967280180863, -90., 128.691307105482));
#3120 = CARTESIAN_POINT ('', (14.2262162147999, -90., 128.845898728627));
#3130 = CARTESIAN_POINT ('', (17.2727043471516, -90., 128.948806426156));
#3140 = CARTESIAN_POINT ('', (20.3219145236795, -90., 129.084956653347));
#3150 = CARTESIAN_POINT ('', (23.3654507720125, -90., 129.253974521792));
#3160 = CARTESIAN_POINT ('', (25.3929271604635, -90., 129.366567147455));
#3170 = CARTESIAN_POINT ('', (27.4220898532301, -90., 129.493977960869));
#3180 = CARTESIAN_POINT ('', (29.4477259304953, -90., 129.635879643599));
#3190 = CARTESIAN_POINT ('', (31.4731013053154, -90., 129.777763063368));
#3200 = CARTESIAN_POINT ('', (33.5005483304029, -90., 129.934531550897));
#3210 = CARTESIAN_POINT ('', (35.5236600921299, -90., 130.10568970377));
#3220 = CARTESIAN_POINT ('', (37.5465114776231, -90., 130.27682582844));
#3230 = CARTESIAN_POINT ('', (39.5718190612021, -90., 130.462928220906));
#3240 = CARTESIAN_POINT ('', (41.5919841515966, -90., 130.663298649139));
#3250 = CARTESIAN_POINT ('', (43.6118891675561, -90., 130.863643281843));
#3260 = CARTESIAN_POINT ('', (45.6346340054917, -90., 131.079049725466));
#3270 = CARTESIAN_POINT ('', (47.6514307522533, -90., 131.308582136257));
#3280 = CARTESIAN_POINT ('', (49.6679677019616, -90., 131.538084979446));
#3290 = CARTESIAN_POINT ('', (51.6877270474313, -90., 131.782759548362));
#3300 = CARTESIAN_POINT ('', (53.7007345496407, -90., 132.04139755914));
#3310 = CARTESIAN_POINT ('', (55.7134825077563, -90., 132.300002222814));
#3320 = CARTESIAN_POINT ('', (57.729834258683, -90., 132.573902932905));
#3330 = CARTESIAN_POINT ('', (59.7386324745581, -90., 132.861584080826));
#3340 = CARTESIAN_POINT ('', (61.7471713748717, -90., 133.149228092017));
#3350 = CARTESIAN_POINT ('', (63.7596941611501, -90., 133.452306916056));
#3360 = CARTESIAN_POINT ('', (65.7638639956534, -90., 133.768962668749));
#3370 = CARTESIAN_POINT ('', (67.767774718696, -90., 134.08557748223));
#3380 = CARTESIAN_POINT ('', (69.776047989193, -90., 134.417780366359));
#3390 = CARTESIAN_POINT ('', (71.7751713814726, -90., 134.7633361339));
#3400 = CARTESIAN_POINT ('', (73.1077781661801, -90., 134.993682075576));
#3410 = CARTESIAN_POINT ('', (74.4424613056783, -90., 135.231014780111));
#3420 = CARTESIAN_POINT ('', (75.7727867675438, -90., 135.474190151001));
#3430 = CARTESIAN_POINT ('', (77.1030355970494, -90., 135.717351513963));
#3440 = CARTESIAN_POINT ('', (78.4354721707615, -90., 135.967552430689));
#3450 = CARTESIAN_POINT ('', (79.7633163374176, -90., 136.223519744844));
#3460 = CARTESIAN_POINT ('', (81.0910838946629, -90., 136.479472291074));
#3470 = CARTESIAN_POINT ('', (82.4211502475996, -90., 136.742520072845));
#3480 = CARTESIAN_POINT ('', (83.7463900442949, -90., 137.011253906312));
#3490 = CARTESIAN_POINT ('', (85.071553251321, -90., 137.279972208826));
#3500 = CARTESIAN_POINT ('', (86.3991259504114, -90., 137.555844328539));
#3510 = CARTESIAN_POINT ('', (87.7216385529167, -90., 137.83731807079));
#3520 = CARTESIAN_POINT ('', (88.4811200626318, -90., 137.998960464446));
#3530 = CARTESIAN_POINT ('', (89.2414241641379, -90., 138.162977138928));
#3540 = CARTESIAN_POINT ('', (90., -90., 138.328817810272));
#3550 = B_SPLINE_CURVE_WITH_KNOTS ('', 3, (#2370, #2380, #2390, #2400, #2410, #2420, #2430, #2440, #2450, #2460, #2470, #2480, #2490, #2500, #2510, #2520, #2530, #2540, #2550, #2560, #2570, #2580, #2590, #2600, #2610, #2620, #2630, #2640, #2650, #2660, #2670, #2680, #2690, #2700, #2710, #2720, #2730, #2740, #2750, #2760, #2770, #2780, #2790, #2800, #2810, #2820, #2830, #2840, #2850, #2860, #2870, #2880, #2890, #2900, #2910, #2920, #2930, #2940, #2950, #2960, #2970, #2980, #2990, #3000, #3010, #3020, #3030, #3040, #3050, #3060, #3070, #3080, #3090, #3100, #3110, #3120, #3130, #3140, #3150, #3160, #3170, #3180, #3190, #3200, #3210, #3220, #3230, #3240, #3250, #3260, #3270, #3280, #3290, #3300, #3310, #3320, #3330, #3340, #3350, #3360, #3370, #3380, #3390, #3400, #3410, #3420, #3430, #3440, #3450, #3460, #3470, #3480, #3490, #3500, #3510, #3520, #3530, #3540), .UNSPECIFIED., .F., .U., (4, 3, 3, 3, 3, 3, 3, 3, 3, 3, 3, 3, 3, 3, 3, 3, 3, 3, 3, 3, 3, 3, 3, 3, 3, 3, 3, 3, 3, 3, 3, 3, 3, 3, 3, 3, 3, 3, 3, 4), (0., 4.05832290849828, 8.1164115999889, 12.1742665422051, 16.2318881697726, 20.2892768844906, 24.3464330555968, 28.4033570200135, 32.4600490825784, 36.5165095162582, 40.5727385623459, 44.6287364306412, 48.6845032996157, 52.7400393165618, 56.7953445977248, 60.8504192284212, 64.9052632631394, 68.9598767256263, 73.0142596089574, 77.0684118755926, 81.1223334574157, 85.1760242557596, 89.2294841414154, 90.4312759643222, 91.2326628040144, 104.970123764049, 114.114800872232, 120.20660179197, 126.297618687661, 132.387851664209, 138.477300589043, 144.565965091308, 150.653844560774, 156.740938146487, 162.827244755126, 166.884349740143, 170.941221018795, 174.997858237964, 179.054261011637, 181.383738172554), .UNSPECIFIED.);
#3560 = EDGE_CURVE ('', #2290, #2360, #3550, .T.);
#3570 = ORIENTED_EDGE ('', *, *, #3560, .T.);
#3580 = CARTESIAN_POINT ('', (90., -90., 138.328817810272));
#3590 = CARTESIAN_POINT ('', (90., -90., 221.671182189728));
#3600 = B_SPLINE_CURVE_WITH_KNOTS ('', 1, (#3580, #3590), .UNSPECIFIED., .F., .U., (2, 2), (0., 1.), .UNSPECIFIED.);
#3610 = EDGE_CURVE ('', #2360, #2190, #3600, .T.);
#3620 = ORIENTED_EDGE ('', *, *, #3610, .T.);
#3630 = EDGE_LOOP ('', (#2270, #2340, #3570, #3620));
#3640 = FACE_OUTER_BOUND ('', #3630, .T.);
#3650 = CARTESIAN_POINT ('', (90., -90., 128.605610449182));
#3660 = CARTESIAN_POINT ('', (-90., -90., 128.605610449182));
#3670 = CARTESIAN_POINT ('', (90., -90., 231.394307324492));
#3680 = CARTESIAN_POINT ('', (-90., -90., 231.394307324492));
#3690 = B_SPLINE_SURFACE_WITH_KNOTS ('', 1, 1, ((#3650, #3660), (#3670, #3680)), .UNSPECIFIED., .F., .F., .U., (2, 2), (2, 2), (0.430651031510104, 0.569348857537884), (0., 1.), .UNSPECIFIED.);
#3700 = ADVANCED_FACE ('', (#3640), #3690, .T.);
#3710 = CARTESIAN_POINT ('', (-90., 90., 221.671165056092));
#3720 = CARTESIAN_POINT ('', (-90., 89.4646503178924, 221.395030043294));
#3730 = CARTESIAN_POINT ('', (-90., 88.9315076722334, 221.123084718716));
#3740 = CARTESIAN_POINT ('', (-90., 88.3936769958023, 220.851813653331));
#3750 = CARTESIAN_POINT ('', (-90., 87.8558599349704, 220.580549455383));
#3760 = CARTESIAN_POINT ('', (-90., 87.320213686999, 220.313419376293));
#3770 = CARTESIAN_POINT ('', (-90., 86.7799588706021, 220.047043346271));
#3780 = CARTESIAN_POINT ('', (-90., 86.239717961314, 219.780674173237));
#3790 = CARTESIAN_POINT ('', (-90., 85.7016107858575, 219.518383695348));
#3800 = CARTESIAN_POINT ('', (-90., 85.1589761598758, 219.256925402121));
#3810 = CARTESIAN_POINT ('', (-90., 84.6164126802499, 218.995501389428));
#3820 = CARTESIAN_POINT ('', (-90., 84.0759467013474, 218.738102397577));
#3830 = CARTESIAN_POINT ('', (-90., 83.5310324882223, 218.481614300055));
#3840 = CARTESIAN_POINT ('', (-90., 82.9861310545662, 218.225132217758));
#3850 = CARTESIAN_POINT ('', (-90., 82.4432909473839, 217.972625417466));
#3860 = CARTESIAN_POINT ('', (-90., 81.8960814882151, 217.721105162345));
#3870 = CARTESIAN_POINT ('', (-90., 81.3488850109335, 217.46959087424));
#3880 = CARTESIAN_POINT ('', (-90., 80.8037127772757, 217.222002271468));
#3890 = CARTESIAN_POINT ('', (-90., 80.2542518543184, 216.975474147285));
#3900 = CARTESIAN_POINT ('', (-90., 79.7048041057639, 216.728951934096));
#3910 = CARTESIAN_POINT ('', (-90., 79.1573426511336, 216.486305993914));
#3920 = CARTESIAN_POINT ('', (-90., 78.6056748641336, 216.24479267591));
#3930 = CARTESIAN_POINT ('', (-90., 78.0540380547802, 216.003292919536));
#3940 = CARTESIAN_POINT ('', (-90., 77.5043492142502, 215.765619829049));
#3950 = CARTESIAN_POINT ('', (-90., 76.950537089884, 215.529151157409));
#3960 = CARTESIAN_POINT ('', (-90., 76.3967620221509, 215.292698308341));
#3970 = CARTESIAN_POINT ('', (-90., 75.8448969154942, 215.060026169945));
#3980 = CARTESIAN_POINT ('', (-90., 75.2889907348943, 214.828628041505));
#3990 = CARTESIAN_POINT ('', (-90., 74.733097361761, 214.597235244222));
#4000 = CARTESIAN_POINT ('', (-90., 74.1790752890163, 214.369577875974));
#4010 = CARTESIAN_POINT ('', (-90., 73.6210956022609, 214.143262304048));
#4020 = CARTESIAN_POINT ('', (-90., 73.0631289036417, 213.916952000088));
#4030 = CARTESIAN_POINT ('', (-90., 72.5069940452566, 213.694332057875));
#4040 = CARTESIAN_POINT ('', (-90., 71.9469865988436, 213.473119828537));
#4050 = CARTESIAN_POINT ('', (-90., 71.3870003530245, 213.251915973785));
#4060 = CARTESIAN_POINT ('', (-90., 70.8288054604264, 213.034357738695));
#4070 = CARTESIAN_POINT ('', (-90., 70.266825039429, 212.8182703784));
#4080 = CARTESIAN_POINT ('', (-90., 69.7049221280638, 212.602212821371));
#4090 = CARTESIAN_POINT ('', (-90., 69.1447707183995, 212.389755555354));
#4100 = CARTESIAN_POINT ('', (-90., 68.5809194658153, 212.17883491931));
#4110 = CARTESIAN_POINT ('', (-90., 68.0170803049843, 211.967918806445));
#4120 = CARTESIAN_POINT ('', (-90., 67.4549536669555, 211.760564286184));
#4130 = CARTESIAN_POINT ('', (-90., 66.8892108423184, 211.554808940386));
#4140 = CARTESIAN_POINT ('', (-90., 66.3234802966031, 211.349058060317));
#4150 = CARTESIAN_POINT ('', (-90., 65.7594224890869, 211.146830242047));
#4160 = CARTESIAN_POINT ('', (-90., 65.1918337462785, 210.946262313301));
#4170 = CARTESIAN_POINT ('', (-90., 64.6242574593598, 210.745698786072));
#4180 = CARTESIAN_POINT ('', (-90., 64.0583133644933, 210.548619992853));
#4190 = CARTESIAN_POINT ('', (-90., 63.4889250894531, 210.353259909485));
#4200 = CARTESIAN_POINT ('', (-90., 62.9195494366887, 210.157904156886));
#4210 = CARTESIAN_POINT ('', (-90., 62.3517647140832, 209.965995047939));
#4220 = CARTESIAN_POINT ('', (-90., 61.7806239757601, 209.775861513121));
#4230 = CARTESIAN_POINT ('', (-90., 61.2094960151658, 209.585732232027));
#4240 = CARTESIAN_POINT ('', (-90., 60.6399170543835, 209.399011774977));
#4250 = CARTESIAN_POINT ('', (-90., 60.0670715542403, 209.214121743154));
#4260 = CARTESIAN_POINT ('', (-90., 59.4942389760266, 209.029235881976));
#4270 = CARTESIAN_POINT ('', (-90., 58.9229128474629, 208.847721328103));
#4280 = CARTESIAN_POINT ('', (-90., 58.3484108676903, 208.668089984614));
#4290 = CARTESIAN_POINT ('', (-90., 57.7739219425098, 208.488462722945));
#4300 = CARTESIAN_POINT ('', (-90., 57.2008963468319, 208.312169585533));
#4310 = CARTESIAN_POINT ('', (-90., 56.624786697436, 208.137810329505));
#4320 = CARTESIAN_POINT ('', (-90., 56.2409301489443, 208.021636364554));
#4330 = CARTESIAN_POINT ('', (-90., 55.8577081198259, 207.906929690693));
#4340 = CARTESIAN_POINT ('', (-90., 55.4731493427853, 207.793101807671));
#4350 = CARTESIAN_POINT ('', (-90., 54.6070681379849, 207.536745183005));
#4360 = CARTESIAN_POINT ('', (-90., 53.744099212606, 207.287747670902));
#4370 = CARTESIAN_POINT ('', (-90., 52.8745729891686, 207.043330979424));
#4380 = CARTESIAN_POINT ('', (-90., 52.0050871311887, 206.798925634344));
#4390 = CARTESIAN_POINT ('', (-90., 51.1385713114743, 206.561780907223));
#4400 = CARTESIAN_POINT ('', (-90., 50.2658001740131, 206.329380021801));
#4410 = CARTESIAN_POINT ('', (-90., 49.3930701696659, 206.096990089275));
#4420 = CARTESIAN_POINT ('', (-90., 48.5231647892284, 205.871763561525));
#4430 = CARTESIAN_POINT ('', (-90., 47.6473123730431, 205.651433612835));
#4440 = CARTESIAN_POINT ('', (-90., 46.7715017720899, 205.431114183211));
#4450 = CARTESIAN_POINT ('', (-90., 45.8983675819628, 205.217862430382));
#4460 = CARTESIAN_POINT ('', (-90., 45.019600168535, 205.00964933543));
#4470 = CARTESIAN_POINT ('', (-90., 44.1408751635458, 204.801446288634));
#4480 = CARTESIAN_POINT ('', (-90., 43.2646759455933, 204.60021686526));
#4490 = CARTESIAN_POINT ('', (-90., 42.3831620490157, 204.404157197738));
#4500 = CARTESIAN_POINT ('', (-90., 41.9917567791907, 204.317103791811));
#4510 = CARTESIAN_POINT ('', (-90., 41.6008287985726, 204.231412848008));
#4520 = CARTESIAN_POINT ('', (-90., 41.2088972165055, 204.146760525485));
#4530 = CARTESIAN_POINT ('', (-90., 40.3264769667536, 203.956168781924));
#4540 = CARTESIAN_POINT ('', (-90., 39.4463658315871, 203.77242163206));
#4550 = CARTESIAN_POINT ('', (-90., 38.5613978170181, 203.594033507243));
#4560 = CARTESIAN_POINT ('', (-90., 37.6764698875509, 203.415653462613));
#4570 = CARTESIAN_POINT ('', (-90., 36.7937018201503, 203.244048563709));
#4580 = CARTESIAN_POINT ('', (-90., 35.9063917750977, 203.077922814284));
#4590 = CARTESIAN_POINT ('', (-90., 35.0191224137141, 202.911804681818));
#4600 = CARTESIAN_POINT ('', (-90., 34.133861254796, 202.752393782039));
#4610 = CARTESIAN_POINT ('', (-90., 33.2443778192332, 202.598571249738));
#4620 = CARTESIAN_POINT ('', (-90., 32.3549355754013, 202.444755840916));
#4630 = CARTESIAN_POINT ('', (-90., 31.4673478636523, 202.297581433955));
#4640 = CARTESIAN_POINT ('', (-90., 30.5758615603873, 202.156093426708));
#4650 = CARTESIAN_POINT ('', (-90., 29.6844168638093, 202.014612022869));
#4660 = CARTESIAN_POINT ('', (-90., 28.7946714244528, 201.879707203809));
#4670 = CARTESIAN_POINT ('', (-90., 27.9013542277482, 201.75057540772));
#4680 = CARTESIAN_POINT ('', (-90., 27.5046018668258, 201.693223612459));
#4690 = CARTESIAN_POINT ('', (-90., 27.1081631794828, 201.637160418593));
#4700 = CARTESIAN_POINT ('', (-90., 26.7110656899762, 201.582249143387));
#4710 = CARTESIAN_POINT ('', (-90., 25.3698061694603, 201.39677763425));
#4720 = CARTESIAN_POINT ('', (-90., 24.0317774004898, 201.225887116904));
#4730 = CARTESIAN_POINT ('', (-90., 22.6869537694863, 201.068323848435));
#4740 = CARTESIAN_POINT ('', (-90., 21.3422661706967, 200.910776517877));
#4750 = CARTESIAN_POINT ('', (-90., 20.0002850229822, 200.767678299444));
#4760 = CARTESIAN_POINT ('', (-90., 18.6526106981736, 200.638141378235));
#4770 = CARTESIAN_POINT ('', (-90., 17.3050741518989, 200.508617700142));
#4780 = CARTESIAN_POINT ('', (-90., 15.9597134206136, 200.393420394284));
#4790 = CARTESIAN_POINT ('', (-90., 14.6097738158213, 200.291960105766));
#4800 = CARTESIAN_POINT ('', (-90., 14.2100826058184, 200.261919661482));
#4810 = CARTESIAN_POINT ('', (-90., 13.8105527384033, 200.233128850715));
#4820 = CARTESIAN_POINT ('', (-90., 13.4106840655319, 200.205551031683));
#4830 = CARTESIAN_POINT ('', (-90., 13.0108500287334, 200.177975601405));
#4840 = CARTESIAN_POINT ('', (-90., 12.6111634898712, 200.151646388521));
#4850 = CARTESIAN_POINT ('', (-90., 12.2111672023099, 200.126534015578));
#4860 = CARTESIAN_POINT ('', (-90., 10.8607933248289, 200.041755497682));
#4870 = CARTESIAN_POINT ('', (-90., 9.51174760580023, 199.97113299414));
#4880 = CARTESIAN_POINT ('', (-90., 8.15990202050419, 199.91447154697));
#4890 = CARTESIAN_POINT ('', (-90., 6.80819277031921, 199.85781581417));
#4900 = CARTESIAN_POINT ('', (-90., 5.45727876393796, 199.815280464616));
#4910 = CARTESIAN_POINT ('', (-90., 4.10468272174644, 199.786789839093));
#4920 = CARTESIAN_POINT ('', (-90., 2.75222369622589, 199.758302099644));
#4930 = CARTESIAN_POINT ('', (-90., 1.40002509950491, 199.743908653453));
#4940 = CARTESIAN_POINT ('', (-90., 0.0472661180840593, 199.743584313886));
#4950 = CARTESIAN_POINT ('', (-90., -0.353465843144003, 199.743488233777));
#4960 = CARTESIAN_POINT ('', (-90., -0.75420453734734, 199.744627323839));
#4970 = CARTESIAN_POINT ('', (-90., -1.15492948125808, 199.747000783089));
#4980 = CARTESIAN_POINT ('', (-90., -3.18278432198621, 199.759011592257));
#4990 = CARTESIAN_POINT ('', (-90., -5.21192549383694, 199.802684570304));
#5000 = CARTESIAN_POINT ('', (-90., -7.23841710381677, 199.87799240046));
#5010 = CARTESIAN_POINT ('', (-90., -8.5893609142362, 199.928195740323));
#5020 = CARTESIAN_POINT ('', (-90., -9.94153766235405, 199.992555730876));
#5030 = CARTESIAN_POINT ('', (-90., -11.291142828899, 200.070884835807));
#5040 = CARTESIAN_POINT ('', (-90., -12.6406114693911, 200.149206016965));
#5050 = CARTESIAN_POINT ('', (-90., -13.9918439680479, 200.241756563856));
#5060 = CARTESIAN_POINT ('', (-90., -15.3393909253331, 200.348138033113));
#5070 = CARTESIAN_POINT ('', (-90., -15.7387631318465, 200.37966628664));
#5080 = CARTESIAN_POINT ('', (-90., -16.1383194218884, 200.412447039859));
#5090 = CARTESIAN_POINT ('', (-90., -16.5374899230877, 200.446433817849));
#5100 = CARTESIAN_POINT ('', (-90., -17.8836918223897, 200.561054174173));
#5110 = CARTESIAN_POINT ('', (-90., -19.2323425501339, 200.690014340235));
#5120 = CARTESIAN_POINT ('', (-90., -20.5758700420279, 200.832602061631));
#5130 = CARTESIAN_POINT ('', (-90., -21.9192593273906, 200.975175115255));
#5140 = CARTESIAN_POINT ('', (-90., -23.2656259564412, 201.132244167965));
#5150 = CARTESIAN_POINT ('', (-90., -24.6057592283956, 201.302727777288));
#5160 = CARTESIAN_POINT ('', (-90., -25.499444839642, 201.416417028792));
#5170 = CARTESIAN_POINT ('', (-90., -26.3946459060553, 201.53661047128));
#5180 = CARTESIAN_POINT ('', (-90., -27.2866704817369, 201.662671464598));
#5190 = CARTESIAN_POINT ('', (-90., -28.1786549519688, 201.788726790211));
#5200 = CARTESIAN_POINT ('', (-90., -29.0723077504572, 201.921336035734));
#5210 = CARTESIAN_POINT ('', (-90., -29.9624625188066, 202.059722193405));
#5220 = CARTESIAN_POINT ('', (-90., -30.8523599469933, 202.198068344195));
#5230 = CARTESIAN_POINT ('', (-90., -31.7440783942529, 202.343017143091));
#5240 = CARTESIAN_POINT ('', (-90., -32.631977558756, 202.493656327258));
#5250 = CARTESIAN_POINT ('', (-90., -33.5198329999999, 202.644288093425));
#5260 = CARTESIAN_POINT ('', (-90., -34.409663889015, 202.801595093286));
#5270 = CARTESIAN_POINT ('', (-90., -35.2953502936325, 202.964496309367));
#5280 = CARTESIAN_POINT ('', (-90., -36.1809952925283, 203.127389909838));
#5290 = CARTESIAN_POINT ('', (-90., -37.0687684926071, 203.297033189215));
#5300 = CARTESIAN_POINT ('', (-90., -37.9520752775258, 203.472163177681));
#5310 = CARTESIAN_POINT ('', (-90., -38.8353411265903, 203.647285049947));
#5320 = CARTESIAN_POINT ('', (-90., -39.7208858436494, 203.829232731258));
#5330 = CARTESIAN_POINT ('', (-90., -40.6016463312306, 204.016548490833));
#5340 = CARTESIAN_POINT ('', (-90., -41.4823664439951, 204.203855663692));
#5350 = CARTESIAN_POINT ('', (-90., -42.3655136112554, 204.398066294803));
#5360 = CARTESIAN_POINT ('', (-90., -43.2435636609864, 204.597515546995));
#5370 = CARTESIAN_POINT ('', (-90., -43.6340859646061, 204.68622276983));
#5380 = CARTESIAN_POINT ('', (-90., -44.0251083986205, 204.776305035147));
#5390 = CARTESIAN_POINT ('', (-90., -44.41507974046, 204.867403847166));
#5400 = CARTESIAN_POINT ('', (-90., -45.2916151455967, 205.072165904101));
#5410 = CARTESIAN_POINT ('', (-90., -46.1707894494201, 205.28394365084));
#5420 = CARTESIAN_POINT ('', (-90., -47.0444189325058, 205.50076925519));
#5430 = CARTESIAN_POINT ('', (-90., -47.9180057374196, 205.717584267269));
#5440 = CARTESIAN_POINT ('', (-90., -48.7943808731821, 205.941517135612));
#5450 = CARTESIAN_POINT ('', (-90., -49.6648949268584, 206.170357554975));
#5460 = CARTESIAN_POINT ('', (-90., -50.5353668538989, 206.399186900103));
#5470 = CARTESIAN_POINT ('', (-90., -51.40877406891, 206.635237970505));
#5480 = CARTESIAN_POINT ('', (-90., -52.276008780347, 206.876045362908));
#5490 = CARTESIAN_POINT ('', (-90., -53.1432020061934, 207.116841235896));
#5500 = CARTESIAN_POINT ('', (-90., -54.0134746171842, 207.36496419894));
#5510 = CARTESIAN_POINT ('', (-90., -54.8772689346338, 207.617681670721));
#5520 = CARTESIAN_POINT ('', (-90., -55.7410224940024, 207.870387218044));
#5530 = CARTESIAN_POINT ('', (-90., -56.6079963043256, 208.130526494766));
#5540 = CARTESIAN_POINT ('', (-90., -57.4681924275538, 208.395088273095));
#5550 = CARTESIAN_POINT ('', (-90., -57.8508816484604, 208.512788107001));
#5560 = CARTESIAN_POINT ('', (-90., -58.234226823749, 208.631972222968));
#5570 = CARTESIAN_POINT ('', (-90., -58.6161904388325, 208.752005915954));
#5580 = CARTESIAN_POINT ('', (-90., -58.9981181957875, 208.872028340371));
#5590 = CARTESIAN_POINT ('', (-90., -59.3807139826366, 208.993544008479));
#5600 = CARTESIAN_POINT ('', (-90., -59.7619025005129, 209.115893948139));
#5610 = CARTESIAN_POINT ('', (-90., -60.6185082496161, 209.390838383241));
#5620 = CARTESIAN_POINT ('', (-90., -61.4785978603503, 209.673426600667));
#5630 = CARTESIAN_POINT ('', (-90., -62.3313485110157, 209.960104433051));
#5640 = CARTESIAN_POINT ('', (-90., -63.184055401009, 210.246767553966));
#5650 = CARTESIAN_POINT ('', (-90., -64.040387761276, 210.541208171687));
#5660 = CARTESIAN_POINT ('', (-90., -64.8890789233078, 210.839550419154));
#5670 = CARTESIAN_POINT ('', (-90., -65.7377270512739, 211.137877538763));
#5680 = CARTESIAN_POINT ('', (-90., -66.590138933175, 211.444117337661));
#5690 = CARTESIAN_POINT ('', (-90., -67.4346138761583, 211.754060535792));
#5700 = CARTESIAN_POINT ('', (-90., -68.2790465958424, 212.063988236928));
#5710 = CARTESIAN_POINT ('', (-90., -69.1273776703112, 212.381965002945));
#5720 = CARTESIAN_POINT ('', (-90., -69.9674832995622, 212.703437131916));
#5730 = CARTESIAN_POINT ('', (-90., -70.8075475966884, 213.024893444869));
#5740 = CARTESIAN_POINT ('', (-90., -71.6516408258276, 213.354536133992));
#5750 = CARTESIAN_POINT ('', (-90., -72.4872280409674, 213.687456830763));
#5760 = CARTESIAN_POINT ('', (-90., -73.0446825769485, 213.909561895529));
#5770 = CARTESIAN_POINT ('', (-90., -73.6039768180688, 214.135357049738));
#5780 = CARTESIAN_POINT ('', (-90., -74.1593843770455, 214.362532450942));
#5790 = CARTESIAN_POINT ('', (-90., -74.7147294943859, 214.589682311976));
#5800 = CARTESIAN_POINT ('', (-90., -75.2719540664772, 214.820570430671));
#5810 = CARTESIAN_POINT ('', (-90., -75.8252062688416, 215.052771333555));
#5820 = CARTESIAN_POINT ('', (-90., -76.3784453579688, 215.284966732791));
#5830 = CARTESIAN_POINT ('', (-90., -76.9336028221908, 215.520947648515));
#5840 = CARTESIAN_POINT ('', (-90., -77.4847038804611, 215.758172893246));
#5850 = CARTESIAN_POINT ('', (-90., -78.0357920016111, 215.995392569105));
#5860 = CARTESIAN_POINT ('', (-90., -78.5888366051117, 216.236445236664));
#5870 = CARTESIAN_POINT ('', (-90., -79.1377423552276, 216.478671926723));
#5880 = CARTESIAN_POINT ('', (-90., -79.6866317471557, 216.720891398076));
#5890 = CARTESIAN_POINT ('', (-90., -80.2375143328246, 216.966992079523));
#5900 = CARTESIAN_POINT ('', (-90., -80.784178392248, 217.214192894667));
#5910 = CARTESIAN_POINT ('', (-90., -81.3307746261658, 217.461363039202));
#5920 = CARTESIAN_POINT ('', (-90., -81.8794002975277, 217.712458306727));
#5930 = CARTESIAN_POINT ('', (-90., -82.4237287737985, 217.964583341587));
#5940 = CARTESIAN_POINT ('', (-90., -82.9680435358225, 218.216702024207));
#5950 = CARTESIAN_POINT ('', (-90., -83.514425875985, 218.472798938009));
#5960 = CARTESIAN_POINT ('', (-90., -84.0564280916083, 218.729851439538));
#5970 = CARTESIAN_POINT ('', (-90., -84.5984167676443, 218.98689751972));
#5980 = CARTESIAN_POINT ('', (-90., -85.1425103282256, 219.247975189219));
#5990 = CARTESIAN_POINT ('', (-90., -85.682142451189, 219.509932407394));
#6000 = CARTESIAN_POINT ('', (-90., -86.2217612197201, 219.771883142839));
#6010 = CARTESIAN_POINT ('', (-90., -86.7635213015231, 220.037919032161));
#6020 = CARTESIAN_POINT ('', (-90., -87.3007403383154, 220.304756641315));
#6030 = CARTESIAN_POINT ('', (-90., -87.837946215977, 220.571587714306));
#6040 = CARTESIAN_POINT ('', (-90., -88.3773289162205, 220.842557667614));
#6050 = CARTESIAN_POINT ('', (-90., -88.9120927557926, 221.114249795572));
#6060 = CARTESIAN_POINT ('', (-90., -89.2747700905622, 221.298511650158));
#6070 = CARTESIAN_POINT ('', (-90., -89.6384611685924, 221.484696389744));
#6080 = CARTESIAN_POINT ('', (-90., -90., 221.671182189728));
#6090 = B_SPLINE_CURVE_WITH_KNOTS ('', 3, (#3710, #3720, #3730, #3740, #3750, #3760, #3770, #3780, #3790, #3800, #3810, #3820, #3830, #3840, #3850, #3860, #3870, #3880, #3890, #3900, #3910, #3920, #3930, #3940, #3950, #3960, #3970, #3980, #3990, #4000, #4010, #4020, #4030, #4040, #4050, #4060, #4070, #4080, #4090, #4100, #4110, #4120, #4130, #4140, #4150, #4160, #4170, #4180, #4190, #4200, #4210, #4220, #4230, #4240, #4250, #4260, #4270, #4280, #4290, #4300, #4310, #4320, #4330, #4340, #4350, #4360, #4370, #4380, #4390, #4400, #4410, #4420, #4430, #4440, #4450, #4460, #4470, #4480, #4490, #4500, #4510, #4520, #4530, #4540, #4550, #4560, #4570, #4580, #4590, #4600, #4610, #4620, #4630, #4640, #4650, #4660, #4670, #4680, #4690, #4700, #4710, #4720, #4730, #4740, #4750, #4760, #4770, #4780, #4790, #4800, #4810, #4820, #4830, #4840, #4850, #4860, #4870, #4880, #4890, #4900, #4910, #4920, #4930, #4940, #4950, #4960, #4970, #4980, #4990, #5000, #5010, #5020, #5030, #5040, #5050, #5060, #5070, #5080, #5090, #5100, #5110, #5120, #5130, #5140, #5150, #5160, #5170, #5180, #5190, #5200, #5210, #5220, #5230, #5240, #5250, #5260, #5270, #5280, #5290, #5300, #5310, #5320, #5330, #5340, #5350, #5360, #5370, #5380, #5390, #5400, #5410, #5420, #5430, #5440, #5450, #5460, #5470, #5480, #5490, #5500, #5510, #5520, #5530, #5540, #5550, #5560, #5570, #5580, #5590, #5600, #5610, #5620, #5630, #5640, #5650, #5660, #5670, #5680, #5690, #5700, #5710, #5720, #5730, #5740, #5750, #5760, #5770, #5780, #5790, #5800, #5810, #5820, #5830, #5840, #5850, #5860, #5870, #5880, #5890, #5900, #5910, #5920, #5930, #5940, #5950, #5960, #5970, #5980, #5990, #6000, #6010, #6020, #6030, #6040, #6050, #6060, #6070, #6080), .UNSPECIFIED., .F., .U., (4, 3, 3, 3, 3, 3, 3, 3, 3, 3, 3, 3, 3, 3, 3, 3, 3, 3, 3, 3, 3, 3, 3, 3, 3, 3, 3, 3, 3, 3, 3, 3, 3, 3, 3, 3, 3, 3, 3, 3, 3, 3, 3, 3, 3, 3, 3, 3, 3, 3, 3, 3, 3, 3, 3, 3, 3, 3, 3, 3, 3, 3, 3, 3, 3, 3, 3, 3, 3, 3, 3, 3, 3, 3, 3, 3, 3, 3, 3, 4), (0., 1.8071105242426, 3.6141753000856, 5.42119355890384, 7.22797489446337, 9.03471385692008, 10.841409956665, 12.6480627373286, 14.4546140695255, 16.2610445219024, 18.0674333561098, 19.8737801428648, 21.6800585454851, 23.4860878220336, 25.2920783684026, 27.0980297174265, 28.9039414343555, 30.7098131175908, 32.5156443993332, 34.3214349461402, 36.1271844593914, 37.3303387136625, 40.040013666654, 42.7495628301449, 45.4589842944141, 48.1682764045991, 50.8774377670496, 52.0803456714925, 54.7886507482834, 57.4968331509403, 60.2048913818976, 62.9128242034302, 65.6206306426358, 66.8232590053707, 70.8853263409381, 74.9469827884162, 79.008223995313, 80.2106795765374, 81.4130310027182, 85.4721285692615, 89.5308167713599, 93.5890938322687, 94.7912897505074, 100.874960980235, 104.930589906578, 108.985808565518, 110.187652861153, 114.240870893521, 118.293671977811, 120.996336026284, 123.698878562906, 126.400639805353, 129.10226800363, 131.803769901147, 134.505146600615, 137.206399466655, 138.407811040208, 141.108214037496, 143.808485115858, 146.50862552047, 149.20863675945, 151.908520598567, 153.109661146669, 154.310688933633, 157.009635147642, 159.708442859617, 162.407113724793, 165.105649657857, 167.804052826398, 169.604268362195, 171.404281508951, 173.20425199162, 175.004180219908, 176.804054807722, 178.603706082147, 180.40331201472, 182.202872991901, 184.002389434826, 185.801861798762, 187.022265634344), .UNSPECIFIED.);
#6100 = EDGE_CURVE ('', #620, #2170, #6090, .T.);
#6110 = ORIENTED_EDGE ('', *, *, #6100, .F.);
#6120 = ORIENTED_EDGE ('', *, *, #2060, .F.);
#6130 = CARTESIAN_POINT ('', (-90., 90., 138.328834943908));
#6140 = CARTESIAN_POINT ('', (-90., 89.4646503178924, 138.604969956706));
#6150 = CARTESIAN_POINT ('', (-90., 88.9315076722334, 138.876915281284));
#6160 = CARTESIAN_POINT ('', (-90., 88.3936769958023, 139.148186346669));
#6170 = CARTESIAN_POINT ('', (-90., 87.8558599349704, 139.419450544617));
#6180 = CARTESIAN_POINT ('', (-90., 87.320213686999, 139.686580623707));
#6190 = CARTESIAN_POINT ('', (-90., 86.7799588706021, 139.952956653729));
#6200 = CARTESIAN_POINT ('', (-90., 86.239717961314, 140.219325826763));
#6210 = CARTESIAN_POINT ('', (-90., 85.7016107858575, 140.481616304652));
#6220 = CARTESIAN_POINT ('', (-90., 85.1589761598758, 140.743074597879));
#6230 = CARTESIAN_POINT ('', (-90., 84.6164126802499, 141.004498610572));
#6240 = CARTESIAN_POINT ('', (-90., 84.0759467013474, 141.261897602423));
#6250 = CARTESIAN_POINT ('', (-90., 83.5310324882223, 141.518385699945));
#6260 = CARTESIAN_POINT ('', (-90., 82.9861310545662, 141.774867782242));
#6270 = CARTESIAN_POINT ('', (-90., 82.4432909473839, 142.027374582534));
#6280 = CARTESIAN_POINT ('', (-90., 81.8960814882151, 142.278894837655));
#6290 = CARTESIAN_POINT ('', (-90., 81.3488850109335, 142.53040912576));
#6300 = CARTESIAN_POINT ('', (-90., 80.8037127772757, 142.777997728532));
#6310 = CARTESIAN_POINT ('', (-90., 80.2542518543184, 143.024525852716));
#6320 = CARTESIAN_POINT ('', (-90., 79.7048041057639, 143.271048065904));
#6330 = CARTESIAN_POINT ('', (-90., 79.1573426511336, 143.513694006086));
#6340 = CARTESIAN_POINT ('', (-90., 78.6056748641336, 143.75520732409));
#6350 = CARTESIAN_POINT ('', (-90., 78.0540380547802, 143.996707080464));
#6360 = CARTESIAN_POINT ('', (-90., 77.5043492142502, 144.234380170951));
#6370 = CARTESIAN_POINT ('', (-90., 76.950537089884, 144.470848842591));
#6380 = CARTESIAN_POINT ('', (-90., 76.3967620221509, 144.707301691659));
#6390 = CARTESIAN_POINT ('', (-90., 75.8448969154941, 144.939973830055));
#6400 = CARTESIAN_POINT ('', (-90., 75.2889907348943, 145.171371958495));
#6410 = CARTESIAN_POINT ('', (-90., 74.733097361761, 145.402764755778));
#6420 = CARTESIAN_POINT ('', (-90., 74.1790752890163, 145.630422124026));
#6430 = CARTESIAN_POINT ('', (-90., 73.6210956022608, 145.856737695952));
#6440 = CARTESIAN_POINT ('', (-90., 73.0631289036416, 146.083047999912));
#6450 = CARTESIAN_POINT ('', (-90., 72.5069940452566, 146.305667942125));
#6460 = CARTESIAN_POINT ('', (-90., 71.9469865988436, 146.526880171463));
#6470 = CARTESIAN_POINT ('', (-90., 71.3870003530245, 146.748084026215));
#6480 = CARTESIAN_POINT ('', (-90., 70.8288054604264, 146.965642261305));
#6490 = CARTESIAN_POINT ('', (-90., 70.266825039429, 147.1817296216));
#6500 = CARTESIAN_POINT ('', (-90., 69.7049221280638, 147.397787178629));
#6510 = CARTESIAN_POINT ('', (-90., 69.1447707183995, 147.610244444646));
#6520 = CARTESIAN_POINT ('', (-90., 68.5809194658153, 147.82116508069));
#6530 = CARTESIAN_POINT ('', (-90., 68.0170803049843, 148.032081193555));
#6540 = CARTESIAN_POINT ('', (-90., 67.4549536669555, 148.239435713816));
#6550 = CARTESIAN_POINT ('', (-90., 66.8892108423184, 148.445191059614));
#6560 = CARTESIAN_POINT ('', (-90., 66.3234802966031, 148.650941939683));
#6570 = CARTESIAN_POINT ('', (-90., 65.7594224890868, 148.853169757953));
#6580 = CARTESIAN_POINT ('', (-90., 65.1918337462784, 149.053737686699));
#6590 = CARTESIAN_POINT ('', (-90., 64.6242574593598, 149.254301213928));
#6600 = CARTESIAN_POINT ('', (-90., 64.0583133644932, 149.451380007147));
#6610 = CARTESIAN_POINT ('', (-90., 63.488925089453, 149.646740090515));
#6620 = CARTESIAN_POINT ('', (-90., 62.9195494366886, 149.842095843114));
#6630 = CARTESIAN_POINT ('', (-90., 62.3517647140832, 150.034004952061));
#6640 = CARTESIAN_POINT ('', (-90., 61.7806239757601, 150.224138486879));
#6650 = CARTESIAN_POINT ('', (-90., 61.2094960151657, 150.414267767973));
#6660 = CARTESIAN_POINT ('', (-90., 60.6399170543835, 150.600988225023));
#6670 = CARTESIAN_POINT ('', (-90., 60.0670715542403, 150.785878256846));
#6680 = CARTESIAN_POINT ('', (-90., 59.4942389760265, 150.970764118024));
#6690 = CARTESIAN_POINT ('', (-90., 58.9229128474629, 151.152278671897));
#6700 = CARTESIAN_POINT ('', (-90., 58.3484108676902, 151.331910015386));
#6710 = CARTESIAN_POINT ('', (-90., 57.7739219425098, 151.511537277055));
#6720 = CARTESIAN_POINT ('', (-90., 57.2008963468318, 151.687830414467));
#6730 = CARTESIAN_POINT ('', (-90., 56.6247866974359, 151.862189670495));
#6740 = CARTESIAN_POINT ('', (-90., 56.2409301489442, 151.978363635446));
#6750 = CARTESIAN_POINT ('', (-90., 55.8577081198258, 152.093070309307));
#6760 = CARTESIAN_POINT ('', (-90., 55.4731493427852, 152.206898192329));
#6770 = CARTESIAN_POINT ('', (-90., 54.6070681379848, 152.463254816995));
#6780 = CARTESIAN_POINT ('', (-90., 53.744099212606, 152.712252329098));
#6790 = CARTESIAN_POINT ('', (-90., 52.8745729891685, 152.956669020576));
#6800 = CARTESIAN_POINT ('', (-90., 52.0050871311886, 153.201074365656));
#6810 = CARTESIAN_POINT ('', (-90., 51.1385713114743, 153.438219092777));
#6820 = CARTESIAN_POINT ('', (-90., 50.265800174013, 153.670619978199));
#6830 = CARTESIAN_POINT ('', (-90., 49.3930701696659, 153.903009910725));
#6840 = CARTESIAN_POINT ('', (-90., 48.5231647892283, 154.128236438475));
#6850 = CARTESIAN_POINT ('', (-90., 47.647312373043, 154.348566387165));
#6860 = CARTESIAN_POINT ('', (-90., 46.7715017720898, 154.568885816789));
#6870 = CARTESIAN_POINT ('', (-90., 45.8983675819628, 154.782137569618));
#6880 = CARTESIAN_POINT ('', (-90., 45.0196001685349, 154.99035066457));
#6890 = CARTESIAN_POINT ('', (-90., 44.1408751635457, 155.198553711366));
#6900 = CARTESIAN_POINT ('', (-90., 43.2646759455933, 155.39978313474));
#6910 = CARTESIAN_POINT ('', (-90., 42.3831620490156, 155.595842802262));
#6920 = CARTESIAN_POINT ('', (-90., 41.9917567791906, 155.682896208189));
#6930 = CARTESIAN_POINT ('', (-90., 41.6008287985725, 155.768587151992));
#6940 = CARTESIAN_POINT ('', (-90., 41.2088972165055, 155.853239474515));
#6950 = CARTESIAN_POINT ('', (-90., 40.3264769667536, 156.043831218076));
#6960 = CARTESIAN_POINT ('', (-90., 39.446365831587, 156.22757836794));
#6970 = CARTESIAN_POINT ('', (-90., 38.561397817018, 156.405966492757));
#6980 = CARTESIAN_POINT ('', (-90., 37.6764698875508, 156.584346537387));
#6990 = CARTESIAN_POINT ('', (-90., 36.7937018201502, 156.755951436291));
#7000 = CARTESIAN_POINT ('', (-90., 35.9063917750976, 156.922077185716));
#7010 = CARTESIAN_POINT ('', (-90., 35.019122413714, 157.088195318182));
#7020 = CARTESIAN_POINT ('', (-90., 34.1338612547959, 157.247606217961));
#7030 = CARTESIAN_POINT ('', (-90., 33.2443778192331, 157.401428750262));
#7040 = CARTESIAN_POINT ('', (-90., 32.3549355754012, 157.555244159084));
#7050 = CARTESIAN_POINT ('', (-90., 31.4673478636523, 157.702418566045));
#7060 = CARTESIAN_POINT ('', (-90., 30.5758615603872, 157.843906573292));
#7070 = CARTESIAN_POINT ('', (-90., 29.6844168638093, 157.985387977131));
#7080 = CARTESIAN_POINT ('', (-90., 28.7946714244527, 158.120292796191));
#7090 = CARTESIAN_POINT ('', (-90., 27.9013542277482, 158.249424592281));
#7100 = CARTESIAN_POINT ('', (-90., 27.5046018668258, 158.306776387542));
#7110 = CARTESIAN_POINT ('', (-90., 27.1081631794827, 158.362839581407));
#7120 = CARTESIAN_POINT ('', (-90., 26.7110656899761, 158.417750856613));
#7130 = CARTESIAN_POINT ('', (-90., 25.3698061694603, 158.60322236575));
#7140 = CARTESIAN_POINT ('', (-90., 24.0317774004897, 158.774112883096));
#7150 = CARTESIAN_POINT ('', (-90., 22.6869537694863, 158.931676151565));
#7160 = CARTESIAN_POINT ('', (-90., 21.3422661706966, 159.089223482123));
#7170 = CARTESIAN_POINT ('', (-90., 20.0002850229822, 159.232321700556));
#7180 = CARTESIAN_POINT ('', (-90., 18.6526106981736, 159.361858621765));
#7190 = CARTESIAN_POINT ('', (-90., 17.3050741518988, 159.491382299858));
#7200 = CARTESIAN_POINT ('', (-90., 15.9597134206136, 159.606579605716));
#7210 = CARTESIAN_POINT ('', (-90., 14.6097738158213, 159.708039894234));
#7220 = CARTESIAN_POINT ('', (-90., 14.2100826058183, 159.738080338518));
#7230 = CARTESIAN_POINT ('', (-90., 13.8105527384033, 159.766871149285));
#7240 = CARTESIAN_POINT ('', (-90., 13.4106840655319, 159.794448968317));
#7250 = CARTESIAN_POINT ('', (-90., 13.0108500287334, 159.822024398595));
#7260 = CARTESIAN_POINT ('', (-90., 12.6111634898712, 159.848353611479));
#7270 = CARTESIAN_POINT ('', (-90., 12.2111672023099, 159.873465984422));
#7280 = CARTESIAN_POINT ('', (-90., 10.8607933248289, 159.958244502318));
#7290 = CARTESIAN_POINT ('', (-90., 9.5117476058002, 160.02886700586));
#7300 = CARTESIAN_POINT ('', (-90., 8.15990202050416, 160.08552845303));
#7310 = CARTESIAN_POINT ('', (-90., 6.80819277031918, 160.14218418583));
#7320 = CARTESIAN_POINT ('', (-90., 5.45727876393793, 160.184719535384));
#7330 = CARTESIAN_POINT ('', (-90., 4.10468272174641, 160.213210160907));
#7340 = CARTESIAN_POINT ('', (-90., 2.75222369622586, 160.241697900356));
#7350 = CARTESIAN_POINT ('', (-90., 1.40002509950489, 160.256091346547));
#7360 = CARTESIAN_POINT ('', (-90., 0.047266118084041, 160.256415686114));
#7370 = CARTESIAN_POINT ('', (-90., -0.353465843144021, 160.256511766223));
#7380 = CARTESIAN_POINT ('', (-90., -0.754204537347358, 160.255372676161));
#7390 = CARTESIAN_POINT ('', (-90., -1.1549294812581, 160.252999216911));
#7400 = CARTESIAN_POINT ('', (-90., -3.18278432198622, 160.240988407743));
#7410 = CARTESIAN_POINT ('', (-90., -5.21192549383696, 160.197315429696));
#7420 = CARTESIAN_POINT ('', (-90., -7.23841710381678, 160.12200759954));
#7430 = CARTESIAN_POINT ('', (-90., -8.58936091423622, 160.071804259677));
#7440 = CARTESIAN_POINT ('', (-90., -9.94153766235406, 160.007444269124));
#7450 = CARTESIAN_POINT ('', (-90., -11.291142828899, 159.929115164193));
#7460 = CARTESIAN_POINT ('', (-90., -12.6406114693912, 159.850793983035));
#7470 = CARTESIAN_POINT ('', (-90., -13.9918439680479, 159.758243436144));
#7480 = CARTESIAN_POINT ('', (-90., -15.3393909253331, 159.651861966887));
#7490 = CARTESIAN_POINT ('', (-90., -15.7387631318465, 159.62033371336));
#7500 = CARTESIAN_POINT ('', (-90., -16.1383194218885, 159.587552960141));
#7510 = CARTESIAN_POINT ('', (-90., -16.5374899230877, 159.553566182151));
#7520 = CARTESIAN_POINT ('', (-90., -17.8836918223897, 159.438945825827));
#7530 = CARTESIAN_POINT ('', (-90., -19.2323425501339, 159.309985659765));
#7540 = CARTESIAN_POINT ('', (-90., -20.5758700420279, 159.16739793837));
#7550 = CARTESIAN_POINT ('', (-90., -21.9192593273906, 159.024824884745));
#7560 = CARTESIAN_POINT ('', (-90., -23.2656259564412, 158.867755832035));
#7570 = CARTESIAN_POINT ('', (-90., -24.6057592283956, 158.697272222712));
#7580 = CARTESIAN_POINT ('', (-90., -25.499444839642, 158.583582971208));
#7590 = CARTESIAN_POINT ('', (-90., -26.3946459060553, 158.46338952872));
#7600 = CARTESIAN_POINT ('', (-90., -27.2866704817369, 158.337328535402));
#7610 = CARTESIAN_POINT ('', (-90., -28.1786549519688, 158.211273209789));
#7620 = CARTESIAN_POINT ('', (-90., -29.0723077504572, 158.078663964266));
#7630 = CARTESIAN_POINT ('', (-90., -29.9624625188066, 157.940277806595));
#7640 = CARTESIAN_POINT ('', (-90., -30.8523599469933, 157.801931655805));
#7650 = CARTESIAN_POINT ('', (-90., -31.744078394253, 157.656982856909));
#7660 = CARTESIAN_POINT ('', (-90., -32.631977558756, 157.506343672742));
#7670 = CARTESIAN_POINT ('', (-90., -33.5198329999999, 157.355711906575));
#7680 = CARTESIAN_POINT ('', (-90., -34.409663889015, 157.198404906714));
#7690 = CARTESIAN_POINT ('', (-90., -35.2953502936325, 157.035503690633));
#7700 = CARTESIAN_POINT ('', (-90., -36.1809952925284, 156.872610090162));
#7710 = CARTESIAN_POINT ('', (-90., -37.0687684926071, 156.702966810785));
#7720 = CARTESIAN_POINT ('', (-90., -37.9520752775258, 156.527836822319));
#7730 = CARTESIAN_POINT ('', (-90., -38.8353411265903, 156.352714950053));
#7740 = CARTESIAN_POINT ('', (-90., -39.7208858436495, 156.170767268742));
#7750 = CARTESIAN_POINT ('', (-90., -40.6016463312306, 155.983451509167));
#7760 = CARTESIAN_POINT ('', (-90., -41.4823664439951, 155.796144336308));
#7770 = CARTESIAN_POINT ('', (-90., -42.3655136112554, 155.601933705197));
#7780 = CARTESIAN_POINT ('', (-90., -43.2435636609864, 155.402484453005));
#7790 = CARTESIAN_POINT ('', (-90., -43.634085964606, 155.31377723017));
#7800 = CARTESIAN_POINT ('', (-90., -44.0251083986204, 155.223694964853));
#7810 = CARTESIAN_POINT ('', (-90., -44.4150797404599, 155.132596152834));
#7820 = CARTESIAN_POINT ('', (-90., -45.2916151455967, 154.927834095899));
#7830 = CARTESIAN_POINT ('', (-90., -46.1707894494201, 154.71605634916));
#7840 = CARTESIAN_POINT ('', (-90., -47.0444189325058, 154.49923074481));
#7850 = CARTESIAN_POINT ('', (-90., -47.9180057374196, 154.282415732731));
#7860 = CARTESIAN_POINT ('', (-90., -48.794380873182, 154.058482864388));
#7870 = CARTESIAN_POINT ('', (-90., -49.6648949268583, 153.829642445025));
#7880 = CARTESIAN_POINT ('', (-90., -50.5353668538988, 153.600813099897));
#7890 = CARTESIAN_POINT ('', (-90., -51.4087740689099, 153.364762029495));
#7900 = CARTESIAN_POINT ('', (-90., -52.276008780347, 153.123954637092));
#7910 = CARTESIAN_POINT ('', (-90., -53.1432020061933, 152.883158764104));
#7920 = CARTESIAN_POINT ('', (-90., -54.0134746171842, 152.63503580106));
#7930 = CARTESIAN_POINT ('', (-90., -54.8772689346338, 152.382318329279));
#7940 = CARTESIAN_POINT ('', (-90., -55.7410224940023, 152.129612781956));
#7950 = CARTESIAN_POINT ('', (-90., -56.6079963043255, 151.869473505234));
#7960 = CARTESIAN_POINT ('', (-90., -57.4681924275538, 151.604911726905));
#7970 = CARTESIAN_POINT ('', (-90., -57.8508816484603, 151.487211892999));
#7980 = CARTESIAN_POINT ('', (-90., -58.2342268237489, 151.368027777032));
#7990 = CARTESIAN_POINT ('', (-90., -58.6161904388324, 151.247994084046));
#8000 = CARTESIAN_POINT ('', (-90., -58.9981181957874, 151.127971659629));
#8010 = CARTESIAN_POINT ('', (-90., -59.3807139826365, 151.006455991521));
#8020 = CARTESIAN_POINT ('', (-90., -59.7619025005128, 150.884106051861));
#8030 = CARTESIAN_POINT ('', (-90., -60.6185082496161, 150.609161616759));
#8040 = CARTESIAN_POINT ('', (-90., -61.4785978603503, 150.326573399333));
#8050 = CARTESIAN_POINT ('', (-90., -62.3313485110157, 150.039895566949));
#8060 = CARTESIAN_POINT ('', (-90., -63.1840554010089, 149.753232446034));
#8070 = CARTESIAN_POINT ('', (-90., -64.0403877612759, 149.458791828313));
#8080 = CARTESIAN_POINT ('', (-90., -64.8890789233078, 149.160449580846));
#8090 = CARTESIAN_POINT ('', (-90., -65.7377270512739, 148.862122461237));
#8100 = CARTESIAN_POINT ('', (-90., -66.590138933175, 148.555882662339));
#8110 = CARTESIAN_POINT ('', (-90., -67.4346138761583, 148.245939464208));
#8120 = CARTESIAN_POINT ('', (-90., -68.2790465958424, 147.936011763072));
#8130 = CARTESIAN_POINT ('', (-90., -69.1273776703112, 147.618034997055));
#8140 = CARTESIAN_POINT ('', (-90., -69.9674832995622, 147.296562868084));
#8150 = CARTESIAN_POINT ('', (-90., -70.8075475966884, 146.975106555131));
#8160 = CARTESIAN_POINT ('', (-90., -71.6516408258276, 146.645463866008));
#8170 = CARTESIAN_POINT ('', (-90., -72.4872280409674, 146.312543169237));
#8180 = CARTESIAN_POINT ('', (-90., -73.0446825769484, 146.090438104471));
#8190 = CARTESIAN_POINT ('', (-90., -73.6039768180688, 145.864642950262));
#8200 = CARTESIAN_POINT ('', (-90., -74.1593843770455, 145.637467549058));
#8210 = CARTESIAN_POINT ('', (-90., -74.7147294943859, 145.410317688024));
#8220 = CARTESIAN_POINT ('', (-90., -75.2719540664771, 145.179429569329));
#8230 = CARTESIAN_POINT ('', (-90., -75.8252062688416, 144.947228666445));
#8240 = CARTESIAN_POINT ('', (-90., -76.3784453579688, 144.715033267209));
#8250 = CARTESIAN_POINT ('', (-90., -76.9336028221907, 144.479052351485));
#8260 = CARTESIAN_POINT ('', (-90., -77.4847038804611, 144.241827106754));
#8270 = CARTESIAN_POINT ('', (-90., -78.0357920016111, 144.004607430895));
#8280 = CARTESIAN_POINT ('', (-90., -78.5888366051116, 143.763554763336));
#8290 = CARTESIAN_POINT ('', (-90., -79.1377423552276, 143.521328073277));
#8300 = CARTESIAN_POINT ('', (-90., -79.6866317471557, 143.279108601924));
#8310 = CARTESIAN_POINT ('', (-90., -80.2375143328246, 143.033007920477));
#8320 = CARTESIAN_POINT ('', (-90., -80.7841783922479, 142.785807105333));
#8330 = CARTESIAN_POINT ('', (-90., -81.3307746261658, 142.538636960798));
#8340 = CARTESIAN_POINT ('', (-90., -81.8794002975277, 142.287541693273));
#8350 = CARTESIAN_POINT ('', (-90., -82.4237287737986, 142.035416658413));
#8360 = CARTESIAN_POINT ('', (-90., -82.9680435358226, 141.783297975793));
#8370 = CARTESIAN_POINT ('', (-90., -83.5144258759851, 141.527201061991));
#8380 = CARTESIAN_POINT ('', (-90., -84.0564280916084, 141.270148560461));
#8390 = CARTESIAN_POINT ('', (-90., -84.5984167676444, 141.013102480279));
#8400 = CARTESIAN_POINT ('', (-90., -85.1425103282257, 140.752024810781));
#8410 = CARTESIAN_POINT ('', (-90., -85.682142451189, 140.490067592606));
#8420 = CARTESIAN_POINT ('', (-90., -86.2217612197202, 140.228116857161));
#8430 = CARTESIAN_POINT ('', (-90., -86.7635213015232, 139.962080967839));
#8440 = CARTESIAN_POINT ('', (-90., -87.3007403383155, 139.695243358685));
#8450 = CARTESIAN_POINT ('', (-90., -87.8379462159771, 139.428412285694));
#8460 = CARTESIAN_POINT ('', (-90., -88.3773289162206, 139.157442332386));
#8470 = CARTESIAN_POINT ('', (-90., -88.9120927557927, 138.885750204428));
#8480 = CARTESIAN_POINT ('', (-90., -89.2747700905623, 138.701488349842));
#8490 = CARTESIAN_POINT ('', (-90., -89.6384611685924, 138.515303610256));
#8500 = CARTESIAN_POINT ('', (-90., -90., 138.328817810272));
#8510 = B_SPLINE_CURVE_WITH_KNOTS ('', 3, (#6130, #6140, #6150, #6160, #6170, #6180, #6190, #6200, #6210, #6220, #6230, #6240, #6250, #6260, #6270, #6280, #6290, #6300, #6310, #6320, #6330, #6340, #6350, #6360, #6370, #6380, #6390, #6400, #6410, #6420, #6430, #6440, #6450, #6460, #6470, #6480, #6490, #6500, #6510, #6520, #6530, #6540, #6550, #6560, #6570, #6580, #6590, #6600, #6610, #6620, #6630, #6640, #6650, #6660, #6670, #6680, #6690, #6700, #6710, #6720, #6730, #6740, #6750, #6760, #6770, #6780, #6790, #6800, #6810, #6820, #6830, #6840, #6850, #6860, #6870, #6880, #6890, #6900, #6910, #6920, #6930, #6940, #6950, #6960, #6970, #6980, #6990, #7000, #7010, #7020, #7030, #7040, #7050, #7060, #7070, #7080, #7090, #7100, #7110, #7120, #7130, #7140, #7150, #7160, #7170, #7180, #7190, #7200, #7210, #7220, #7230, #7240, #7250, #7260, #7270, #7280, #7290, #7300, #7310, #7320, #7330, #7340, #7350, #7360, #7370, #7380, #7390, #7400, #7410, #7420, #7430, #7440, #7450, #7460, #7470, #7480, #7490, #7500, #7510, #7520, #7530, #7540, #7550, #7560, #7570, #7580, #7590, #7600, #7610, #7620, #7630, #7640, #7650, #7660, #7670, #7680, #7690, #7700, #7710, #7720, #7730, #7740, #7750, #7760, #7770, #7780, #7790, #7800, #7810, #7820, #7830, #7840, #7850, #7860, #7870, #7880, #7890, #7900, #7910, #7920, #7930, #7940, #7950, #7960, #7970, #7980, #7990, #8000, #8010, #8020, #8030, #8040, #8050, #8060, #8070, #8080, #8090, #8100, #8110, #8120, #8130, #8140, #8150, #8160, #8170, #8180, #8190, #8200, #8210, #8220, #8230, #8240, #8250, #8260, #8270, #8280, #8290, #8300, #8310, #8320, #8330, #8340, #8350, #8360, #8370, #8380, #8390, #8400, #8410, #8420, #8430, #8440, #8450, #8460, #8470, #8480, #8490, #8500), .UNSPECIFIED., .F., .U., (4, 3, 3, 3, 3, 3, 3, 3, 3, 3, 3, 3, 3, 3, 3, 3, 3, 3, 3, 3, 3, 3, 3, 3, 3, 3, 3, 3, 3, 3, 3, 3, 3, 3, 3, 3, 3, 3, 3, 3, 3, 3, 3, 3, 3, 3, 3, 3, 3, 3, 3, 3, 3, 3, 3, 3, 3, 3, 3, 3, 3, 3, 3, 3, 3, 3, 3, 3, 3, 3, 3, 3, 3, 3, 3, 3, 3, 3, 3, 4), (0., 1.80711052424259, 3.61417530008559, 5.42119355890384, 7.22797489446337, 9.03471385692008, 10.841409956665, 12.6480627373287, 14.4546140695256, 16.2610445219024, 18.0674333561098, 19.8737801428648, 21.6800585454851, 23.4860878220337, 25.2920783684027, 27.0980297174266, 28.9039414343555, 30.7098131175909, 32.5156443993332, 34.3214349461403, 36.1271844593915, 37.3303387136625, 40.040013666654, 42.749562830145, 45.4589842944142, 48.1682764045991, 50.8774377670497, 52.0803456714925, 54.7886507482835, 57.4968331509404, 60.2048913818976, 62.9128242034302, 65.6206306426358, 66.8232590053708, 70.8853263409382, 74.9469827884163, 79.008223995313, 80.2106795765375, 81.4130310027182, 85.4721285692615, 89.53081677136, 93.5890938322688, 94.7912897505074, 100.874960980235, 104.930589906578, 108.985808565518, 110.187652861153, 114.240870893521, 118.293671977811, 120.996336026284, 123.698878562906, 126.400639805353, 129.10226800363, 131.803769901147, 134.505146600615, 137.206399466655, 138.407811040208, 141.108214037496, 143.808485115858, 146.50862552047, 149.20863675945, 151.908520598567, 153.109661146669, 154.310688933633, 157.009635147642, 159.708442859617, 162.407113724793, 165.105649657857, 167.804052826398, 169.604268362195, 171.404281508951, 173.20425199162, 175.004180219908, 176.804054807722, 178.603706082147, 180.40331201472, 182.202872991901, 184.002389434826, 185.801861798763, 187.022265634344), .UNSPECIFIED.);
#8520 = EDGE_CURVE ('', #810, #2290, #8510, .T.);
#8530 = ORIENTED_EDGE ('', *, *, #8520, .T.);
#8540 = ORIENTED_EDGE ('', *, *, #2330, .T.);
#8550 = EDGE_LOOP ('', (#6110, #6120, #8530, #8540));
#8560 = FACE_OUTER_BOUND ('', #8550, .T.);
#8570 = CARTESIAN_POINT ('', (-90., -90., 138.328817810272));
#8580 = CARTESIAN_POINT ('', (-90., 90., 138.328817810272));
#8590 = CARTESIAN_POINT ('', (-90., -90., 221.671182189728));
#8600 = CARTESIAN_POINT ('', (-90., 90., 221.671182189728));
#8610 = B_SPLINE_SURFACE_WITH_KNOTS ('', 1, 1, ((#8570, #8580), (#8590, #8600)), .UNSPECIFIED., .F., .F., .U., (2, 2), (2, 2), (0.443771031704643, 0.556228968295357), (0., 1.), .UNSPECIFIED.);
#8620 = ADVANCED_FACE ('', (#8560), #8610, .T.);
#8630 = CARTESIAN_POINT ('', (90., -90., 221.671182189728));
#8640 = CARTESIAN_POINT ('', (90., -89.4646767404868, 221.395056425002));
#8650 = CARTESIAN_POINT ('', (90., -88.9315600233273, 221.123118520992));
#8660 = CARTESIAN_POINT ('', (90., -88.3937563512727, 220.851855474401));
#8670 = CARTESIAN_POINT ('', (90., -87.8559656719049, 220.580598981197));
#8680 = CARTESIAN_POINT ('', (90., -87.320346518867, 220.31347707945));
#8690 = CARTESIAN_POINT ('', (90., -86.7801173077202, 220.04711022839));
#8700 = CARTESIAN_POINT ('', (90., -86.2399012980935, 219.780749886507));
#8710 = CARTESIAN_POINT ('', (90., -85.7018208477649, 219.518470992769));
#8720 = CARTESIAN_POINT ('', (90., -85.1592090943127, 219.257025675732));
#8730 = CARTESIAN_POINT ('', (90., -84.6166107414494, 218.995586815468));
#8740 = CARTESIAN_POINT ('', (90., -84.0761110705144, 218.738176430483));
#8750 = CARTESIAN_POINT ('', (90., -83.5311606256673, 218.48167640544));
#8760 = CARTESIAN_POINT ('', (90., -82.9862237703285, 218.225182776775));
#8770 = CARTESIAN_POINT ('', (90., -82.4433478516397, 217.972664864533));
#8780 = CARTESIAN_POINT ('', (90., -81.8961033750194, 217.721132280837));
#8790 = CARTESIAN_POINT ('', (90., -81.3488729855009, 217.469606172062));
#8800 = CARTESIAN_POINT ('', (90., -80.8036651516207, 217.222002900486));
#8810 = CARTESIAN_POINT ('', (90., -80.2541721944436, 216.975458842313));
#8820 = CARTESIAN_POINT ('', (90., -79.7047508944913, 216.728946934985));
#8830 = CARTESIAN_POINT ('', (90., -79.1573159027035, 216.486310436502));
#8840 = CARTESIAN_POINT ('', (90., -78.6056745724975, 216.244807376264));
#8850 = CARTESIAN_POINT ('', (90., -78.0540460247186, 216.003309912045));
#8860 = CARTESIAN_POINT ('', (90., -77.5043661112665, 215.765640842795));
#8870 = CARTESIAN_POINT ('', (90., -76.9505614932121, 215.529176204909));
#8880 = CARTESIAN_POINT ('', (90., -76.3967698477508, 215.292717106087));
#8890 = CARTESIAN_POINT ('', (90., -75.8448883166697, 215.060039572602));
#8900 = CARTESIAN_POINT ('', (90., -75.2889653730457, 214.828635655715));
#8910 = CARTESIAN_POINT ('', (90., -74.7330555818739, 214.59723721356));
#8920 = CARTESIAN_POINT ('', (90., -74.1790165828738, 214.369573731104));
#8930 = CARTESIAN_POINT ('', (90., -73.6210210312035, 214.143251175294));
#8940 = CARTESIAN_POINT ('', (90., -73.2492638739024, 213.992466765401));
#8950 = CARTESIAN_POINT ('', (90., -72.8783227366071, 213.843323964222));
#8960 = CARTESIAN_POINT ('', (90., -72.5056565928669, 213.694800337883));
#8970 = CARTESIAN_POINT ('', (90., -71.6660853821199, 213.360194785741));
#8980 = CARTESIAN_POINT ('', (90., -70.830553880636, 213.033797757355));
#8990 = CARTESIAN_POINT ('', (90., -69.9864838007917, 212.710708924755));
#9000 = CARTESIAN_POINT ('', (90., -69.142454825837, 212.387635826076));
#9010 = CARTESIAN_POINT ('', (90., -68.3023344061693, 212.072637166287));
#9020 = CARTESIAN_POINT ('', (90., -67.4539572250634, 211.761161170049));
#9030 = CARTESIAN_POINT ('', (90., -66.6056220936265, 211.449700612065));
#9040 = CARTESIAN_POINT ('', (90., -65.7610603149925, 211.146181313483));
#9050 = CARTESIAN_POINT ('', (90., -64.9085315918487, 210.846389801554));
#9060 = CARTESIAN_POINT ('', (90., -64.0560457843199, 210.546613380891));
#9070 = CARTESIAN_POINT ('', (90., -63.207194420419, 210.254646213658));
#9080 = CARTESIAN_POINT ('', (90., -62.3506732235604, 209.966602130649));
#9090 = CARTESIAN_POINT ('', (90., -61.4941957253418, 209.67857274329));
#9100 = CARTESIAN_POINT ('', (90., -60.6412104139999, 209.398222032704));
#9110 = CARTESIAN_POINT ('', (90., -59.7808589361054, 209.121979444709));
#9120 = CARTESIAN_POINT ('', (90., -59.2077526619763, 208.937965859064));
#9130 = CARTESIAN_POINT ('', (90., -58.636144558491, 208.757313692599));
#9140 = CARTESIAN_POINT ('', (90., -58.0613782332252, 208.578552755903));
#9150 = CARTESIAN_POINT ('', (90., -57.486705501266, 208.399820928127));
#9160 = CARTESIAN_POINT ('', (90., -56.9134895962441, 208.224415995964));
#9170 = CARTESIAN_POINT ('', (90., -56.3372035357265, 208.050956514901));
#9180 = CARTESIAN_POINT ('', (90., -55.7609293619135, 207.877500611682));
#9190 = CARTESIAN_POINT ('', (90., -55.1860707391675, 207.707340679668));
#9200 = CARTESIAN_POINT ('', (90., -54.6082297667764, 207.53917800726));
#9210 = CARTESIAN_POINT ('', (90., -54.0304008457007, 207.371018842012));
#9220 = CARTESIAN_POINT ('', (90., -53.4539455071008, 207.206124941363));
#9230 = CARTESIAN_POINT ('', (90., -52.874597002339, 207.043278151654));
#9240 = CARTESIAN_POINT ('', (90., -52.2952607027143, 206.88043479264));
#9250 = CARTESIAN_POINT ('', (90., -51.7172553713888, 206.72082623897));
#9260 = CARTESIAN_POINT ('', (90., -51.136447337815, 206.563312633926));
#9270 = CARTESIAN_POINT ('', (90., -50.5556516520632, 206.405802377579));
#9280 = CARTESIAN_POINT ('', (90., -49.9761437234359, 206.251496743114));
#9290 = CARTESIAN_POINT ('', (90., -49.3939247368021, 206.099331829137));
#9300 = CARTESIAN_POINT ('', (90., -48.8117182292238, 205.947170176604));
#9310 = CARTESIAN_POINT ('', (90., -48.2307557204821, 205.798183265508));
#9320 = CARTESIAN_POINT ('', (90., -47.6471748756162, 205.651380733263));
#9330 = CARTESIAN_POINT ('', (90., -47.0636066293082, 205.504581370245));
#9340 = CARTESIAN_POINT ('', (90., -46.4812381274582, 205.360927197168));
#9350 = CARTESIAN_POINT ('', (90., -45.8963449840605, 205.21949890478));
#9360 = CARTESIAN_POINT ('', (90., -45.5065685794588, 205.125250216899));
#9370 = CARTESIAN_POINT ('', (90., -45.1173088313272, 205.032387977081));
#9380 = CARTESIAN_POINT ('', (90., -44.7269622623454, 204.940529298473));
#9390 = CARTESIAN_POINT ('', (90., -44.3366404965338, 204.848676456694));
#9400 = CARTESIAN_POINT ('', (90., -43.9468221905287, 204.75820109889));
#9410 = CARTESIAN_POINT ('', (90., -43.5559449784302, 204.668741440545));
#9420 = CARTESIAN_POINT ('', (90., -42.6758583162356, 204.467316927483));
#9430 = CARTESIAN_POINT ('', (90., -41.7982142649563, 204.272810123692));
#9440 = CARTESIAN_POINT ('', (90., -40.9154314156283, 204.08355154828));
#9450 = CARTESIAN_POINT ('', (90., -40.0326886754703, 203.894301571817));
#9460 = CARTESIAN_POINT ('', (90., -39.1522403149419, 203.711895130945));
#9470 = CARTESIAN_POINT ('', (90., -38.2669661653304, 203.534864119756));
#9480 = CARTESIAN_POINT ('', (90., -37.3817327528288, 203.357841254893));
#9490 = CARTESIAN_POINT ('', (90., -36.4986429520115, 203.187589248527));
#9500 = CARTESIAN_POINT ('', (90., -35.6110454253756, 203.02282905915));
#9510 = CARTESIAN_POINT ('', (90., -34.7234891740463, 202.858076531497));
#9520 = CARTESIAN_POINT ('', (90., -33.8379236228663, 202.700023838601));
#9530 = CARTESIAN_POINT ('', (90., -32.9481726547858, 202.547568240339));
#9540 = CARTESIAN_POINT ('', (90., -32.0584634077243, 202.395119790823));
#9550 = CARTESIAN_POINT ('', (90., -31.1705902093803, 202.249301946898));
#9560 = CARTESIAN_POINT ('', (90., -30.2788573188823, 202.109175125515));
#9570 = CARTESIAN_POINT ('', (90., -29.8828250389077, 202.046942650802));
#9580 = CARTESIAN_POINT ('', (90., -29.4871334760345, 201.986008688373));
#9590 = CARTESIAN_POINT ('', (90., -29.0907262153179, 201.926211269183));
#9600 = CARTESIAN_POINT ('', (90., -28.1984280018094, 201.791609470468));
#9610 = CARTESIAN_POINT ('', (90., -27.3077432025818, 201.66354489136));
#9620 = CARTESIAN_POINT ('', (90., -26.4136673161823, 201.541307190929));
#9630 = CARTESIAN_POINT ('', (90., -25.5196315242164, 201.419074972193));
#9640 = CARTESIAN_POINT ('', (90., -24.6270554047303, 201.30333453147));
#9650 = CARTESIAN_POINT ('', (90., -23.7314114849858, 201.193504291381));
#9660 = CARTESIAN_POINT ('', (90., -22.8358080961031, 201.083679021475));
#9670 = CARTESIAN_POINT ('', (90., -21.9415089290839, 200.980301798441));
#9680 = CARTESIAN_POINT ('', (90., -21.0444686679818, 200.882906777779));
#9690 = CARTESIAN_POINT ('', (90., -20.1474692801587, 200.785516194881));
#9700 = CARTESIAN_POINT ('', (90., -19.2516173653952, 200.694531735258));
#9710 = CARTESIAN_POINT ('', (90., -18.3533536380894, 200.609589969331));
#9720 = CARTESIAN_POINT ('', (90., -17.4551310306832, 200.52465209179));
#9730 = CARTESIAN_POINT ('', (90., -16.5578982664818, 200.446080301893));
#9740 = CARTESIAN_POINT ('', (90., -15.6585846897566, 200.37360005483));
#9750 = CARTESIAN_POINT ('', (90., -14.7595156499177, 200.301139516236));
#9760 = CARTESIAN_POINT ('', (90., -13.8612791777104, 200.235004529124));
#9770 = CARTESIAN_POINT ('', (90., -12.9612920725184, 200.175013875366));
#9780 = CARTESIAN_POINT ('', (90., -12.0613585132508, 200.115026790832));
#9790 = CARTESIAN_POINT ('', (90., -11.1621007132757, 200.061347248739));
#9800 = CARTESIAN_POINT ('', (90., -10.2614213217201, 200.013855196414));
#9810 = CARTESIAN_POINT ('', (90., -9.36078236749255, 199.966365276315));
#9820 = CARTESIAN_POINT ('', (90., -8.46066139259655, 199.925166826558));
#9830 = CARTESIAN_POINT ('', (90., -7.5594498327103, 199.890187651175));
#9840 = CARTESIAN_POINT ('', (90., -6.65827887803351, 199.855210051822));
#9850 = CARTESIAN_POINT ('', (90., -5.75746754764124, 199.826509726661));
#9860 = CARTESIAN_POINT ('', (90., -4.85589779038538, 199.804048764724));
#9870 = CARTESIAN_POINT ('', (90., -3.95436870895688, 199.78158881615));
#9880 = CARTESIAN_POINT ('', (90., -3.05304074434808, 199.765393846194));
#9890 = CARTESIAN_POINT ('', (90., -2.15128679448504, 199.755446592418));
#9900 = CARTESIAN_POINT ('', (90., -1.55020169205779, 199.748816018684));
#9910 = CARTESIAN_POINT ('', (90., -0.949147912055841, 199.744964301427));
#9920 = CARTESIAN_POINT ('', (90., -0.348027199543724, 199.743890124089));
#9930 = CARTESIAN_POINT ('', (90., 0.253003533190672, 199.74281610754));
#9940 = CARTESIAN_POINT ('', (90., 0.854049774884167, 199.744520127924));
#9950 = CARTESIAN_POINT ('', (90., 1.45506474066389, 199.749004111821));
#9960 = CARTESIAN_POINT ('', (90., 2.05606769543042, 199.753488006107));
#9970 = CARTESIAN_POINT ('', (90., 2.65713306061375, 199.76075289992));
#9980 = CARTESIAN_POINT ('', (90., 3.25806879503121, 199.770797801424));
#9990 = CARTESIAN_POINT ('', (90., 3.8589925055741, 199.780842501944));
#10000 = CARTESIAN_POINT ('', (90., 4.46002557125385, 199.79367154263));
#10010 = CARTESIAN_POINT ('', (90., 5.0608305566344, 199.809278318179));
#10020 = CARTESIAN_POINT ('', (90., 5.66162351809331, 199.824884781389));
#10030 = CARTESIAN_POINT ('', (90., 6.26257276701566, 199.843279301887));
#10040 = CARTESIAN_POINT ('', (90., 6.86319550571179, 199.864446965756));
#10050 = CARTESIAN_POINT ('', (90., 7.46380623327027, 199.885614206318));
#10060 = CARTESIAN_POINT ('', (90., 8.06462011252741, 199.909573594686));
#10070 = CARTESIAN_POINT ('', (90., 8.66500918562036, 199.936299219878));
#10080 = CARTESIAN_POINT ('', (90., 9.26538627316478, 199.963024311548));
#10090 = CARTESIAN_POINT ('', (90., 9.86601325299999, 199.992546010334));
#10100 = CARTESIAN_POINT ('', (90., 10.4661173788163, 200.024824733223));
#10110 = CARTESIAN_POINT ('', (90., 11.0662095574098, 200.057102813488));
#10120 = CARTESIAN_POINT ('', (90., 11.666598190025, 200.092182322868));
#10130 = CARTESIAN_POINT ('', (90., 12.2663662822732, 200.130007351563));
#10140 = CARTESIAN_POINT ('', (90., 12.8661012774038, 200.167830292953));
#10150 = CARTESIAN_POINT ('', (90., 13.466179115983, 200.208459002847));
#10160 = CARTESIAN_POINT ('', (90., 14.0655390791872, 200.25182112673));
#10170 = CARTESIAN_POINT ('', (90., 14.664810778505, 200.295176864952));
#10180 = CARTESIAN_POINT ('', (90., 15.2644719785638, 200.34134647233));
#10190 = CARTESIAN_POINT ('', (90., 15.863317393688, 200.390238786907));
#10200 = CARTESIAN_POINT ('', (90., 16.4621506511236, 200.439130108879));
#10210 = CARTESIAN_POINT ('', (90., 17.0614201598142, 200.490846700126));
#10220 = CARTESIAN_POINT ('', (90., 17.6597757522074, 200.545272949554));
#10230 = CARTESIAN_POINT ('', (90., 18.2581192149315, 200.599698095671));
#10240 = CARTESIAN_POINT ('', (90., 18.8569455531659, 200.656960292218));
#10250 = CARTESIAN_POINT ('', (90., 19.4547600850442, 200.716916788026));
#10260 = CARTESIAN_POINT ('', (90., 20.0525625280234, 200.776872071404));
#10270 = CARTESIAN_POINT ('', (90., 20.650894289226, 200.839676557761));
#10280 = CARTESIAN_POINT ('', (90., 21.2481167088458, 200.905157687411));
#10290 = CARTESIAN_POINT ('', (90., 21.8453270930095, 200.97063749746));
#10300 = CARTESIAN_POINT ('', (90., 22.4431130016236, 201.038979023275));
#10310 = CARTESIAN_POINT ('', (90., 23.0396925011227, 201.109977257439));
#10320 = CARTESIAN_POINT ('', (90., 23.6362600311625, 201.180974067132));
#10330 = CARTESIAN_POINT ('', (90., 24.2334490009743, 201.254845452994));
#10340 = CARTESIAN_POINT ('', (90., 24.8293350736533, 201.331351356501));
#10350 = CARTESIAN_POINT ('', (90., 25.4252092552636, 201.407855733313));
#10360 = CARTESIAN_POINT ('', (90., 26.0217504473482, 201.487247880254));
#10370 = CARTESIAN_POINT ('', (90., 26.6168929442046, 201.569250126666));
#10380 = CARTESIAN_POINT ('', (90., 27.2120053496822, 201.65124822691));
#10390 = CARTESIAN_POINT ('', (90., 27.8078300262259, 201.736146899135));
#10400 = CARTESIAN_POINT ('', (90., 28.402160834375, 201.823630349466));
#10410 = CARTESIAN_POINT ('', (90., 28.9964010016033, 201.911100457766));
#10420 = CARTESIAN_POINT ('', (90., 29.5913992536712, 202.001487206068));
#10430 = CARTESIAN_POINT ('', (90., 30.1848072760165, 202.094435122719));
#10440 = CARTESIAN_POINT ('', (90., 30.7782029519029, 202.187381105495));
#10450 = CARTESIAN_POINT ('', (90., 31.3724026923735, 202.28326363046));
#10460 = CARTESIAN_POINT ('', (90., 31.9649154374102, 202.381681265281));
#10470 = CARTESIAN_POINT ('', (90., 32.5574159025105, 202.480096860378));
#10480 = CARTESIAN_POINT ('', (90., 33.1507661216595, 202.581469270017));
#10490 = CARTESIAN_POINT ('', (90., 33.7423331449654, 202.685348466391));
#10500 = CARTESIAN_POINT ('', (90., 34.3338879673131, 202.789225520277));
#10510 = CARTESIAN_POINT ('', (90., 34.9263378889742, 202.896080013736));
#10520 = CARTESIAN_POINT ('', (90., 35.5169090904548, 203.005410732879));
#10530 = CARTESIAN_POINT ('', (90., 36.1074681822491, 203.114739210192));
#10540 = CARTESIAN_POINT ('', (90., 36.6989673211951, 203.227066085861));
#10550 = CARTESIAN_POINT ('', (90., 37.2884930010963, 203.34183641996));
#10560 = CARTESIAN_POINT ('', (90., 37.878006674675, 203.456604416639));
#10570 = CARTESIAN_POINT ('', (90., 38.4685048934602, 203.574392083889));
#10580 = CARTESIAN_POINT ('', (90., 39.0569358074826, 203.694588272766));
#10590 = CARTESIAN_POINT ('', (90., 39.6453548303982, 203.8147820327));
#10600 = CARTESIAN_POINT ('', (90., 40.234802395475, 203.938017027214));
#10610 = CARTESIAN_POINT ('', (90., 40.8220898088116, 204.063623478451));
#10620 = CARTESIAN_POINT ('', (90., 41.2137182769599, 204.147383254279));
#10630 = CARTESIAN_POINT ('', (90., 41.6058199355627, 204.232502809796));
#10640 = CARTESIAN_POINT ('', (90., 41.9969274215397, 204.318662495982));
#10650 = CARTESIAN_POINT ('', (90., 42.8760625342795, 204.512333054957));
#10660 = CARTESIAN_POINT ('', (90., 43.7577010461871, 204.71293856118));
#10670 = CARTESIAN_POINT ('', (90., 44.6340812209873, 204.918716648165));
#10680 = CARTESIAN_POINT ('', (90., 45.5104139335255, 205.124483590793));
#10690 = CARTESIAN_POINT ('', (90., 46.3894004458353, 205.337282638971));
#10700 = CARTESIAN_POINT ('', (90., 47.2628106307744, 205.555121355887));
#10710 = CARTESIAN_POINT ('', (90., 48.1361788160121, 205.772949597587));
#10720 = CARTESIAN_POINT ('', (90., 49.012348889108, 205.997908913455));
#10730 = CARTESIAN_POINT ('', (90., 49.8826291621226, 206.227764033626));
#10740 = CARTESIAN_POINT ('', (90., 50.7528680482489, 206.45760822285));
#10750 = CARTESIAN_POINT ('', (90., 51.6260541813067, 206.694683988604));
#10760 = CARTESIAN_POINT ('', (90., 52.4930424168274, 206.936501005613));
#10770 = CARTESIAN_POINT ('', (90., 53.3599899656132, 207.178306674434));
#10780 = CARTESIAN_POINT ('', (90., 54.2300270157446, 207.427445743804));
#10790 = CARTESIAN_POINT ('', (90., 55.0935642195564, 207.681161197517));
#10800 = CARTESIAN_POINT ('', (90., 55.4777217282126, 207.794030331789));
#10810 = CARTESIAN_POINT ('', (90., 55.8625095258908, 207.908363181831));
#10820 = CARTESIAN_POINT ('', (90., 56.2459703639872, 208.023576976902));
#10830 = CARTESIAN_POINT ('', (90., 56.6293959899128, 208.138780192202));
#10840 = CARTESIAN_POINT ('', (90., 57.0134639751919, 208.25545548442));
#10850 = CARTESIAN_POINT ('', (90., 57.3961793347417, 208.372996732484));
#10860 = CARTESIAN_POINT ('', (90., 58.2562506300004, 208.637145664442));
#10870 = CARTESIAN_POINT ('', (90., 59.1196769734126, 208.908827037748));
#10880 = CARTESIAN_POINT ('', (90., 59.9760388694769, 209.184764701273));
#10890 = CARTESIAN_POINT ('', (90., 60.8323570922297, 209.460688292346));
#10900 = CARTESIAN_POINT ('', (90., 61.6921735151176, 209.744273529269));
#10910 = CARTESIAN_POINT ('', (90., 62.5446204394215, 210.031934732726));
#10920 = CARTESIAN_POINT ('', (90., 63.3970243848991, 210.319581432827));
#10930 = CARTESIAN_POINT ('', (90., 64.2530665120504, 210.615020515251));
#10940 = CARTESIAN_POINT ('', (90., 65.1014402821737, 210.914344848562));
#10950 = CARTESIAN_POINT ('', (90., 65.9497718532514, 211.21365429315));
#10960 = CARTESIAN_POINT ('', (90., 66.8018780535796, 211.520888132846));
#10970 = CARTESIAN_POINT ('', (90., 67.6460239795687, 211.831806536519));
#10980 = CARTESIAN_POINT ('', (90., 68.4901285679823, 212.142709714611));
#10990 = CARTESIAN_POINT ('', (90., 69.3381403520346, 212.461670308253));
#11000 = CARTESIAN_POINT ('', (90., 70.1779076016062, 212.784105276696));
#11010 = CARTESIAN_POINT ('', (90., 70.7381347805188, 212.999208726903));
#11020 = CARTESIAN_POINT ('', (90., 71.3001479635304, 213.217943373048));
#11030 = CARTESIAN_POINT ('', (90., 71.858390010428, 213.438147377006));
#11040 = CARTESIAN_POINT ('', (90., 72.4165739686975, 213.658328467339));
#11050 = CARTESIAN_POINT ('', (90., 72.9765839518637, 213.882186505648));
#11060 = CARTESIAN_POINT ('', (90., 73.5327367171021, 214.107448898265));
#11070 = CARTESIAN_POINT ('', (90., 74.0888764658671, 214.332706018729));
#11080 = CARTESIAN_POINT ('', (90., 74.6468815967552, 214.561685730931));
#11090 = CARTESIAN_POINT ('', (90., 75.200944721341, 214.792003434225));
#11100 = CARTESIAN_POINT ('', (90., 75.7549950024528, 215.022315798634));
#11110 = CARTESIAN_POINT ('', (90., 76.3109492291283, 215.256396619716));
#11120 = CARTESIAN_POINT ('', (90., 76.8628782141005, 215.491747198103));
#11130 = CARTESIAN_POINT ('', (90., 77.4147908268054, 215.727090795117));
#11140 = CARTESIAN_POINT ('', (90., 77.9686450893758, 215.966248803651));
#11150 = CARTESIAN_POINT ('', (90., 78.5183925650836, 216.206606565479));
#11160 = CARTESIAN_POINT ('', (90., 79.0680890292223, 216.446942024292));
#11170 = CARTESIAN_POINT ('', (90., 79.6197649524614, 216.691138567353));
#11180 = CARTESIAN_POINT ('', (90., 80.1672522279616, 216.936464918597));
#11190 = CARTESIAN_POINT ('', (90., 80.7147263013622, 217.181785354044));
#11200 = CARTESIAN_POINT ('', (90., 81.2642176748971, 217.431016833213));
#11210 = CARTESIAN_POINT ('', (90., 81.8094382983307, 217.681305564236));
#11220 = CARTESIAN_POINT ('', (90., 82.3546459046161, 217.931588319612));
#11230 = CARTESIAN_POINT ('', (90., 82.901907791273, 218.185832270031));
#11240 = CARTESIAN_POINT ('', (90., 83.4448185059285, 218.44105912501));
#11250 = CARTESIAN_POINT ('', (90., 83.9877163984413, 218.696279952193));
#11260 = CARTESIAN_POINT ('', (90., 84.5327046490455, 218.955512274737));
#11270 = CARTESIAN_POINT ('', (90., 85.0732630723267, 219.215651436231));
#11280 = CARTESIAN_POINT ('', (90., 85.6137615141409, 219.475761732151));
#11290 = CARTESIAN_POINT ('', (90., 86.1563856209662, 219.7399325261));
#11300 = CARTESIAN_POINT ('', (90., 86.6945027831633, 220.004934132503));
#11310 = CARTESIAN_POINT ('', (90., 87.2325958512912, 220.269923873522));
#11320 = CARTESIAN_POINT ('', (90., 87.7728514206907, 220.539029342817));
#11330 = CARTESIAN_POINT ('', (90., 88.3085194901047, 220.808887513386));
#11340 = CARTESIAN_POINT ('', (90., 88.8725097899265, 221.093013820737));
#11350 = CARTESIAN_POINT ('', (90., 89.4387470429298, 221.381669054388));
#11360 = CARTESIAN_POINT ('', (90., 90., 221.671165056092));
#11370 = B_SPLINE_CURVE_WITH_KNOTS ('', 3, (#8630, #8640, #8650, #8660, #8670, #8680, #8690, #8700, #8710, #8720, #8730, #8740, #8750, #8760, #8770, #8780, #8790, #8800, #8810, #8820, #8830, #8840, #8850, #8860, #8870, #8880, #8890, #8900, #8910, #8920, #8930, #8940, #8950, #8960, #8970, #8980, #8990, #9000, #9010, #9020, #9030, #9040, #9050, #9060, #9070, #9080, #9090, #9100, #9110, #9120, #9130, #9140, #9150, #9160, #9170, #9180, #9190, #9200, #9210, #9220, #9230, #9240, #9250, #9260, #9270, #9280, #9290, #9300, #9310, #9320, #9330, #9340, #9350, #9360, #9370, #9380, #9390, #9400, #9410, #9420, #9430, #9440, #9450, #9460, #9470, #9480, #9490, #9500, #9510, #9520, #9530, #9540, #9550, #9560, #9570, #9580, #9590, #9600, #9610, #9620, #9630, #9640, #9650, #9660, #9670, #9680, #9690, #9700, #9710, #9720, #9730, #9740, #9750, #9760, #9770, #9780, #9790, #9800, #9810, #9820, #9830, #9840, #9850, #9860, #9870, #9880, #9890, #9900, #9910, #9920, #9930, #9940, #9950, #9960, #9970, #9980, #9990, #10000, #10010, #10020, #10030, #10040, #10050, #10060, #10070, #10080, #10090, #10100, #10110, #10120, #10130, #10140, #10150, #10160, #10170, #10180, #10190, #10200, #10210, #10220, #10230, #10240, #10250, #10260, #10270, #10280, #10290, #10300, #10310, #10320, #10330, #10340, #10350, #10360, #10370, #10380, #10390, #10400, #10410, #10420, #10430, #10440, #10450, #10460, #10470, #10480, #10490, #10500, #10510, #10520, #10530, #10540, #10550, #10560, #10570, #10580, #10590, #10600, #10610, #10620, #10630, #10640, #10650, #10660, #10670, #10680, #10690, #10700, #10710, #10720, #10730, #10740, #10750, #10760, #10770, #10780, #10790, #10800, #10810, #10820, #10830, #10840, #10850, #10860, #10870, #10880, #10890, #10900, #10910, #10920, #10930, #10940, #10950, #10960, #10970, #10980, #10990, #11000, #11010, #11020, #11030, #11040, #11050, #11060, #11070, #11080, #11090, #11100, #11110, #11120, #11130, #11140, #11150, #11160, #11170, #11180, #11190, #11200, #11210, #11220, #11230, #11240, #11250, #11260, #11270, #11280, #11290, #11300, #11310, #11320, #11330, #11340, #11350, #11360), .UNSPECIFIED., .F., .U., (4, 3, 3, 3, 3, 3, 3, 3, 3, 3, 3, 3, 3, 3, 3, 3, 3, 3, 3, 3, 3, 3, 3, 3, 3, 3, 3, 3, 3, 3, 3, 3, 3, 3, 3, 3, 3, 3, 3, 3, 3, 3, 3, 3, 3, 3, 3, 3, 3, 3, 3, 3, 3, 3, 3, 3, 3, 3, 3, 3, 3, 3, 3, 3, 3, 3, 3, 3, 3, 3, 3, 3, 3, 3, 3, 3, 3, 3, 3, 3, 3, 3, 3, 3, 3, 3, 3, 3, 3, 3, 3, 4), (0., 1.80702735759331, 3.61401105958929, 5.42095060452934, 7.22784552446103, 9.03469538559233, 10.8414987350105, 12.6480664662795, 14.4545923364347, 16.261075889635, 18.0675167036589, 19.2710340074153, 21.9824111927127, 24.6936563381918, 27.4047671012718, 30.1157413892017, 32.8265773666151, 34.6323476206428, 36.4378238282006, 38.2432627952912, 40.0486641085714, 41.8540273874549, 43.6593522848022, 45.464638487517, 47.2698857170492, 48.4729136247737, 49.6758650904122, 52.384392237574, 55.0927963230157, 57.8010757775111, 60.5092292908436, 63.2172558170433, 64.4199320117093, 67.1271120416351, 69.8341706692824, 72.5411067935366, 75.2479195773341, 77.9546084511188, 80.6605613354925, 83.366353225617, 86.0720236352286, 88.7775721374895, 91.482998574405, 93.2863635912034, 95.0894586682377, 96.8925177112295, 98.6955406775587, 100.498527559955, 102.301478386567, 104.104393220928, 105.907272161809, 107.710051614076, 109.512565582611, 111.31504295672, 113.117483791596, 114.919888177835, 116.722256241326, 118.524588143046, 120.326884078743, 122.129088887408, 123.931018843245, 125.732911308092, 127.534766428383, 129.336584385753, 131.138365396773, 132.940109712591, 134.741817618469, 135.943273824078, 138.643918466899, 141.344416850473, 144.044785375102, 146.745025481502, 149.445138868821, 150.646324906184, 151.847400641883, 154.546562663815, 157.245587032095, 159.944475320465, 162.64322936316, 165.34185124867, 167.142161187694, 168.942283793043, 170.742364267435, 172.542403015017, 174.342388366753, 176.142206696208, 177.941981624872, 179.74171358389, 181.541403037909, 183.340892794708, 185.140301979778, 187.034850831457), .UNSPECIFIED.);
#11380 = EDGE_CURVE ('', #2190, #640, #11370, .T.);
#11390 = ORIENTED_EDGE ('', *, *, #11380, .F.);
#11400 = ORIENTED_EDGE ('', *, *, #3610, .F.);
#11410 = CARTESIAN_POINT ('', (90., -90., 138.328817810272));
#11420 = CARTESIAN_POINT ('', (90., -89.4646767404868, 138.604943574998));
#11430 = CARTESIAN_POINT ('', (90., -88.9315600233273, 138.876881479008));
#11440 = CARTESIAN_POINT ('', (90., -88.3937563512727, 139.148144525599));
#11450 = CARTESIAN_POINT ('', (90., -87.8559656719049, 139.419401018803));
#11460 = CARTESIAN_POINT ('', (90., -87.320346518867, 139.68652292055));
#11470 = CARTESIAN_POINT ('', (90., -86.7801173077202, 139.95288977161));
#11480 = CARTESIAN_POINT ('', (90., -86.2399012980935, 140.219250113493));
#11490 = CARTESIAN_POINT ('', (90., -85.7018208477649, 140.481529007231));
#11500 = CARTESIAN_POINT ('', (90., -85.1592090943127, 140.742974324268));
#11510 = CARTESIAN_POINT ('', (90., -84.6166107414494, 141.004413184532));
#11520 = CARTESIAN_POINT ('', (90., -84.0761110705144, 141.261823569517));
#11530 = CARTESIAN_POINT ('', (90., -83.5311606256674, 141.51832359456));
#11540 = CARTESIAN_POINT ('', (90., -82.9862237703285, 141.774817223225));
#11550 = CARTESIAN_POINT ('', (90., -82.4433478516397, 142.027335135467));
#11560 = CARTESIAN_POINT ('', (90., -81.8961033750194, 142.278867719163));
#11570 = CARTESIAN_POINT ('', (90., -81.3488729855009, 142.530393827938));
#11580 = CARTESIAN_POINT ('', (90., -80.8036651516207, 142.777997099514));
#11590 = CARTESIAN_POINT ('', (90., -80.2541721944436, 143.024541157687));
#11600 = CARTESIAN_POINT ('', (90., -79.7047508944913, 143.271053065015));
#11610 = CARTESIAN_POINT ('', (90., -79.1573159027035, 143.513689563498));
#11620 = CARTESIAN_POINT ('', (90., -78.6056745724975, 143.755192623736));
#11630 = CARTESIAN_POINT ('', (90., -78.0540460247186, 143.996690087955));
#11640 = CARTESIAN_POINT ('', (90., -77.5043661112665, 144.234359157205));
#11650 = CARTESIAN_POINT ('', (90., -76.9505614932121, 144.470823795091));
#11660 = CARTESIAN_POINT ('', (90., -76.3967698477508, 144.707282893913));
#11670 = CARTESIAN_POINT ('', (90., -75.8448883166697, 144.939960427398));
#11680 = CARTESIAN_POINT ('', (90., -75.2889653730457, 145.171364344285));
#11690 = CARTESIAN_POINT ('', (90., -74.7330555818739, 145.40276278644));
#11700 = CARTESIAN_POINT ('', (90., -74.1790165828738, 145.630426268896));
#11710 = CARTESIAN_POINT ('', (90., -73.6210210312036, 145.856748824706));
#11720 = CARTESIAN_POINT ('', (90., -73.2492638739024, 146.007533234599));
#11730 = CARTESIAN_POINT ('', (90., -72.8783227366071, 146.156676035778));
#11740 = CARTESIAN_POINT ('', (90., -72.505656592867, 146.305199662117));
#11750 = CARTESIAN_POINT ('', (90., -71.66608538212, 146.639805214259));
#11760 = CARTESIAN_POINT ('', (90., -70.830553880636, 146.966202242645));
#11770 = CARTESIAN_POINT ('', (90., -69.9864838007917, 147.289291075244));
#11780 = CARTESIAN_POINT ('', (90., -69.142454825837, 147.612364173924));
#11790 = CARTESIAN_POINT ('', (90., -68.3023344061694, 147.927362833713));
#11800 = CARTESIAN_POINT ('', (90., -67.4539572250635, 148.238838829951));
#11810 = CARTESIAN_POINT ('', (90., -66.6056220936266, 148.550299387935));
#11820 = CARTESIAN_POINT ('', (90., -65.7610603149926, 148.853818686517));
#11830 = CARTESIAN_POINT ('', (90., -64.9085315918489, 149.153610198446));
#11840 = CARTESIAN_POINT ('', (90., -64.05604578432, 149.453386619109));
#11850 = CARTESIAN_POINT ('', (90., -63.207194420419, 149.745353786342));
#11860 = CARTESIAN_POINT ('', (90., -62.3506732235605, 150.033397869351));
#11870 = CARTESIAN_POINT ('', (90., -61.4941957253418, 150.32142725671));
#11880 = CARTESIAN_POINT ('', (90., -60.641210414, 150.601777967296));
#11890 = CARTESIAN_POINT ('', (90., -59.7808589361055, 150.878020555291));
#11900 = CARTESIAN_POINT ('', (90., -59.2077526619764, 151.062034140936));
#11910 = CARTESIAN_POINT ('', (90., -58.6361445584911, 151.242686307401));
#11920 = CARTESIAN_POINT ('', (90., -58.0613782332253, 151.421447244097));
#11930 = CARTESIAN_POINT ('', (90., -57.4867055012661, 151.600179071873));
#11940 = CARTESIAN_POINT ('', (90., -56.9134895962442, 151.775584004036));
#11950 = CARTESIAN_POINT ('', (90., -56.3372035357266, 151.949043485099));
#11960 = CARTESIAN_POINT ('', (90., -55.7609293619135, 152.122499388318));
#11970 = CARTESIAN_POINT ('', (90., -55.1860707391676, 152.292659320332));
#11980 = CARTESIAN_POINT ('', (90., -54.6082297667764, 152.46082199274));
#11990 = CARTESIAN_POINT ('', (90., -54.0304008457008, 152.628981157988));
#12000 = CARTESIAN_POINT ('', (90., -53.4539455071009, 152.793875058637));
#12010 = CARTESIAN_POINT ('', (90., -52.874597002339, 152.956721848346));
#12020 = CARTESIAN_POINT ('', (90., -52.2952607027144, 153.11956520736));
#12030 = CARTESIAN_POINT ('', (90., -51.7172553713889, 153.27917376103));
#12040 = CARTESIAN_POINT ('', (90., -51.1364473378151, 153.436687366074));
#12050 = CARTESIAN_POINT ('', (90., -50.5556516520633, 153.594197622421));
#12060 = CARTESIAN_POINT ('', (90., -49.976143723436, 153.748503256886));
#12070 = CARTESIAN_POINT ('', (90., -49.3939247368022, 153.900668170863));
#12080 = CARTESIAN_POINT ('', (90., -48.8117182292239, 154.052829823396));
#12090 = CARTESIAN_POINT ('', (90., -48.2307557204822, 154.201816734492));
#12100 = CARTESIAN_POINT ('', (90., -47.6471748756163, 154.348619266737));
#12110 = CARTESIAN_POINT ('', (90., -47.0636066293083, 154.495418629755));
#12120 = CARTESIAN_POINT ('', (90., -46.4812381274583, 154.639072802832));
#12130 = CARTESIAN_POINT ('', (90., -45.8963449840606, 154.78050109522));
#12140 = CARTESIAN_POINT ('', (90., -45.5065685794589, 154.874749783101));
#12150 = CARTESIAN_POINT ('', (90., -45.1173088313273, 154.967612022919));
#12160 = CARTESIAN_POINT ('', (90., -44.7269622623455, 155.059470701527));
#12170 = CARTESIAN_POINT ('', (90., -44.3366404965339, 155.151323543306));
#12180 = CARTESIAN_POINT ('', (90., -43.9468221905288, 155.24179890111));
#12190 = CARTESIAN_POINT ('', (90., -43.5559449784303, 155.331258559455));
#12200 = CARTESIAN_POINT ('', (90., -42.6758583162357, 155.532683072517));
#12210 = CARTESIAN_POINT ('', (90., -41.7982142649564, 155.727189876308));
#12220 = CARTESIAN_POINT ('', (90., -40.9154314156284, 155.91644845172));
#12230 = CARTESIAN_POINT ('', (90., -40.0326886754704, 156.105698428183));
#12240 = CARTESIAN_POINT ('', (90., -39.152240314942, 156.288104869055));
#12250 = CARTESIAN_POINT ('', (90., -38.2669661653304, 156.465135880244));
#12260 = CARTESIAN_POINT ('', (90., -37.3817327528288, 156.642158745107));
#12270 = CARTESIAN_POINT ('', (90., -36.4986429520115, 156.812410751473));
#12280 = CARTESIAN_POINT ('', (90., -35.6110454253757, 156.97717094085));
#12290 = CARTESIAN_POINT ('', (90., -34.7234891740463, 157.141923468503));
#12300 = CARTESIAN_POINT ('', (90., -33.8379236228663, 157.299976161399));
#12310 = CARTESIAN_POINT ('', (90., -32.9481726547858, 157.452431759661));
#12320 = CARTESIAN_POINT ('', (90., -32.0584634077243, 157.604880209177));
#12330 = CARTESIAN_POINT ('', (90., -31.1705902093803, 157.750698053102));
#12340 = CARTESIAN_POINT ('', (90., -30.2788573188824, 157.890824874485));
#12350 = CARTESIAN_POINT ('', (90., -29.8828250389077, 157.953057349198));
#12360 = CARTESIAN_POINT ('', (90., -29.4871334760346, 158.013991311627));
#12370 = CARTESIAN_POINT ('', (90., -29.0907262153179, 158.073788730817));
#12380 = CARTESIAN_POINT ('', (90., -28.1984280018094, 158.208390529532));
#12390 = CARTESIAN_POINT ('', (90., -27.3077432025818, 158.33645510864));
#12400 = CARTESIAN_POINT ('', (90., -26.4136673161823, 158.458692809071));
#12410 = CARTESIAN_POINT ('', (90., -25.5196315242164, 158.580925027807));
#12420 = CARTESIAN_POINT ('', (90., -24.6270554047303, 158.69666546853));
#12430 = CARTESIAN_POINT ('', (90., -23.7314114849858, 158.806495708619));
#12440 = CARTESIAN_POINT ('', (90., -22.8358080961031, 158.916320978525));
#12450 = CARTESIAN_POINT ('', (90., -21.941508929084, 159.019698201559));
#12460 = CARTESIAN_POINT ('', (90., -21.0444686679818, 159.117093222221));
#12470 = CARTESIAN_POINT ('', (90., -20.1474692801587, 159.214483805119));
#12480 = CARTESIAN_POINT ('', (90., -19.2516173653952, 159.305468264742));
#12490 = CARTESIAN_POINT ('', (90., -18.3533536380894, 159.390410030669));
#12500 = CARTESIAN_POINT ('', (90., -17.4551310306832, 159.47534790821));
#12510 = CARTESIAN_POINT ('', (90., -16.5578982664818, 159.553919698107));
#12520 = CARTESIAN_POINT ('', (90., -15.6585846897566, 159.62639994517));
#12530 = CARTESIAN_POINT ('', (90., -14.7595156499177, 159.698860483764));
#12540 = CARTESIAN_POINT ('', (90., -13.8612791777104, 159.764995470876));
#12550 = CARTESIAN_POINT ('', (90., -12.9612920725184, 159.824986124634));
#12560 = CARTESIAN_POINT ('', (90., -12.0613585132508, 159.884973209168));
#12570 = CARTESIAN_POINT ('', (90., -11.1621007132757, 159.938652751261));
#12580 = CARTESIAN_POINT ('', (90., -10.2614213217201, 159.986144803586));
#12590 = CARTESIAN_POINT ('', (90., -9.36078236749255, 160.033634723685));
#12600 = CARTESIAN_POINT ('', (90., -8.46066139259656, 160.074833173442));
#12610 = CARTESIAN_POINT ('', (90., -7.5594498327103, 160.109812348825));
#12620 = CARTESIAN_POINT ('', (90., -6.65827887803352, 160.144789948178));
#12630 = CARTESIAN_POINT ('', (90., -5.75746754764125, 160.173490273339));
#12640 = CARTESIAN_POINT ('', (90., -4.85589779038539, 160.195951235277));
#12650 = CARTESIAN_POINT ('', (90., -3.95436870895689, 160.21841118385));
#12660 = CARTESIAN_POINT ('', (90., -3.05304074434808, 160.234606153806));
#12670 = CARTESIAN_POINT ('', (90., -2.15128679448504, 160.244553407582));
#12680 = CARTESIAN_POINT ('', (90., -1.55020169205779, 160.251183981316));
#12690 = CARTESIAN_POINT ('', (90., -0.949147912055842, 160.255035698573));
#12700 = CARTESIAN_POINT ('', (90., -0.348027199543724, 160.256109875911));
#12710 = CARTESIAN_POINT ('', (90., 0.253003533190671, 160.25718389246));
#12720 = CARTESIAN_POINT ('', (90., 0.854049774884167, 160.255479872076));
#12730 = CARTESIAN_POINT ('', (90., 1.45506474066389, 160.250995888179));
#12740 = CARTESIAN_POINT ('', (90., 2.05606769543042, 160.246511993893));
#12750 = CARTESIAN_POINT ('', (90., 2.65713306061375, 160.23924710008));
#12760 = CARTESIAN_POINT ('', (90., 3.25806879503121, 160.229202198576));
#12770 = CARTESIAN_POINT ('', (90., 3.8589925055741, 160.219157498056));
#12780 = CARTESIAN_POINT ('', (90., 4.46002557125385, 160.20632845737));
#12790 = CARTESIAN_POINT ('', (90., 5.0608305566344, 160.190721681821));
#12800 = CARTESIAN_POINT ('', (90., 5.66162351809331, 160.175115218611));
#12810 = CARTESIAN_POINT ('', (90., 6.26257276701566, 160.156720698113));
#12820 = CARTESIAN_POINT ('', (90., 6.86319550571179, 160.135553034244));
#12830 = CARTESIAN_POINT ('', (90., 7.46380623327027, 160.114385793682));
#12840 = CARTESIAN_POINT ('', (90., 8.06462011252742, 160.090426405314));
#12850 = CARTESIAN_POINT ('', (90., 8.66500918562036, 160.063700780122));
#12860 = CARTESIAN_POINT ('', (90., 9.26538627316478, 160.036975688452));
#12870 = CARTESIAN_POINT ('', (90., 9.86601325299999, 160.007453989666));
#12880 = CARTESIAN_POINT ('', (90., 10.4661173788163, 159.975175266777));
#12890 = CARTESIAN_POINT ('', (90., 11.0662095574098, 159.942897186512));
#12900 = CARTESIAN_POINT ('', (90., 11.666598190025, 159.907817677132));
#12910 = CARTESIAN_POINT ('', (90., 12.2663662822732, 159.869992648437));
#12920 = CARTESIAN_POINT ('', (90., 12.8661012774038, 159.832169707047));
#12930 = CARTESIAN_POINT ('', (90., 13.466179115983, 159.791540997153));
#12940 = CARTESIAN_POINT ('', (90., 14.0655390791872, 159.74817887327));
#12950 = CARTESIAN_POINT ('', (90., 14.664810778505, 159.704823135048));
#12960 = CARTESIAN_POINT ('', (90., 15.2644719785637, 159.65865352767));
#12970 = CARTESIAN_POINT ('', (90., 15.863317393688, 159.609761213093));
#12980 = CARTESIAN_POINT ('', (90., 16.4621506511236, 159.560869891121));
#12990 = CARTESIAN_POINT ('', (90., 17.0614201598142, 159.509153299874));
#13000 = CARTESIAN_POINT ('', (90., 17.6597757522074, 159.454727050446));
#13010 = CARTESIAN_POINT ('', (90., 18.2581192149315, 159.400301904329));
#13020 = CARTESIAN_POINT ('', (90., 18.8569455531659, 159.343039707782));
#13030 = CARTESIAN_POINT ('', (90., 19.4547600850442, 159.283083211974));
#13040 = CARTESIAN_POINT ('', (90., 20.0525625280234, 159.223127928596));
#13050 = CARTESIAN_POINT ('', (90., 20.650894289226, 159.160323442239));
#13060 = CARTESIAN_POINT ('', (90., 21.2481167088458, 159.094842312589));
#13070 = CARTESIAN_POINT ('', (90., 21.8453270930095, 159.02936250254));
#13080 = CARTESIAN_POINT ('', (90., 22.4431130016236, 158.961020976725));
#13090 = CARTESIAN_POINT ('', (90., 23.0396925011227, 158.890022742561));
#13100 = CARTESIAN_POINT ('', (90., 23.6362600311625, 158.819025932868));
#13110 = CARTESIAN_POINT ('', (90., 24.2334490009743, 158.745154547006));
#13120 = CARTESIAN_POINT ('', (90., 24.8293350736533, 158.668648643499));
#13130 = CARTESIAN_POINT ('', (90., 25.4252092552636, 158.592144266687));
#13140 = CARTESIAN_POINT ('', (90., 26.0217504473482, 158.512752119746));
#13150 = CARTESIAN_POINT ('', (90., 26.6168929442046, 158.430749873334));
#13160 = CARTESIAN_POINT ('', (90., 27.2120053496822, 158.34875177309));
#13170 = CARTESIAN_POINT ('', (90., 27.8078300262259, 158.263853100866));
#13180 = CARTESIAN_POINT ('', (90., 28.402160834375, 158.176369650534));
#13190 = CARTESIAN_POINT ('', (90., 28.9964010016034, 158.088899542234));
#13200 = CARTESIAN_POINT ('', (90., 29.5913992536712, 157.998512793932));
#13210 = CARTESIAN_POINT ('', (90., 30.1848072760165, 157.905564877281));
#13220 = CARTESIAN_POINT ('', (90., 30.7782029519029, 157.812618894505));
#13230 = CARTESIAN_POINT ('', (90., 31.3724026923736, 157.71673636954));
#13240 = CARTESIAN_POINT ('', (90., 31.9649154374103, 157.618318734719));
#13250 = CARTESIAN_POINT ('', (90., 32.5574159025105, 157.519903139622));
#13260 = CARTESIAN_POINT ('', (90., 33.1507661216595, 157.418530729983));
#13270 = CARTESIAN_POINT ('', (90., 33.7423331449654, 157.314651533609));
#13280 = CARTESIAN_POINT ('', (90., 34.3338879673131, 157.210774479723));
#13290 = CARTESIAN_POINT ('', (90., 34.9263378889742, 157.103919986264));
#13300 = CARTESIAN_POINT ('', (90., 35.5169090904549, 156.994589267121));
#13310 = CARTESIAN_POINT ('', (90., 36.1074681822491, 156.885260789808));
#13320 = CARTESIAN_POINT ('', (90., 36.6989673211951, 156.772933914139));
#13330 = CARTESIAN_POINT ('', (90., 37.2884930010964, 156.65816358004));
#13340 = CARTESIAN_POINT ('', (90., 37.878006674675, 156.543395583361));
#13350 = CARTESIAN_POINT ('', (90., 38.4685048934602, 156.425607916111));
#13360 = CARTESIAN_POINT ('', (90., 39.0569358074826, 156.305411727234));
#13370 = CARTESIAN_POINT ('', (90., 39.6453548303982, 156.1852179673));
#13380 = CARTESIAN_POINT ('', (90., 40.234802395475, 156.061982972786));
#13390 = CARTESIAN_POINT ('', (90., 40.8220898088116, 155.936376521549));
#13400 = CARTESIAN_POINT ('', (90., 41.2137182769599, 155.852616745721));
#13410 = CARTESIAN_POINT ('', (90., 41.6058199355627, 155.767497190204));
#13420 = CARTESIAN_POINT ('', (90., 41.9969274215397, 155.681337504018));
#13430 = CARTESIAN_POINT ('', (90., 42.8760625342795, 155.487666945043));
#13440 = CARTESIAN_POINT ('', (90., 43.7577010461871, 155.28706143882));
#13450 = CARTESIAN_POINT ('', (90., 44.6340812209873, 155.081283351835));
#13460 = CARTESIAN_POINT ('', (90., 45.5104139335255, 154.875516409207));
#13470 = CARTESIAN_POINT ('', (90., 46.3894004458353, 154.662717361029));
#13480 = CARTESIAN_POINT ('', (90., 47.2628106307744, 154.444878644113));
#13490 = CARTESIAN_POINT ('', (90., 48.1361788160121, 154.227050402413));
#13500 = CARTESIAN_POINT ('', (90., 49.012348889108, 154.002091086545));
#13510 = CARTESIAN_POINT ('', (90., 49.8826291621226, 153.772235966374));
#13520 = CARTESIAN_POINT ('', (90., 50.7528680482489, 153.54239177715));
#13530 = CARTESIAN_POINT ('', (90., 51.6260541813067, 153.305316011396));
#13540 = CARTESIAN_POINT ('', (90., 52.4930424168274, 153.063498994387));
#13550 = CARTESIAN_POINT ('', (90., 53.3599899656132, 152.821693325566));
#13560 = CARTESIAN_POINT ('', (90., 54.2300270157446, 152.572554256196));
#13570 = CARTESIAN_POINT ('', (90., 55.0935642195564, 152.318838802483));
#13580 = CARTESIAN_POINT ('', (90., 55.4777217282126, 152.205969668211));
#13590 = CARTESIAN_POINT ('', (90., 55.8625095258907, 152.091636818169));
#13600 = CARTESIAN_POINT ('', (90., 56.2459703639872, 151.976423023098));
#13610 = CARTESIAN_POINT ('', (90., 56.6293959899128, 151.861219807798));
#13620 = CARTESIAN_POINT ('', (90., 57.0134639751919, 151.74454451558));
#13630 = CARTESIAN_POINT ('', (90., 57.3961793347417, 151.627003267516));
#13640 = CARTESIAN_POINT ('', (90., 58.2562506300004, 151.362854335558));
#13650 = CARTESIAN_POINT ('', (90., 59.1196769734126, 151.091172962252));
#13660 = CARTESIAN_POINT ('', (90., 59.9760388694769, 150.815235298727));
#13670 = CARTESIAN_POINT ('', (90., 60.8323570922297, 150.539311707654));
#13680 = CARTESIAN_POINT ('', (90., 61.6921735151177, 150.255726470731));
#13690 = CARTESIAN_POINT ('', (90., 62.5446204394216, 149.968065267274));
#13700 = CARTESIAN_POINT ('', (90., 63.3970243848991, 149.680418567173));
#13710 = CARTESIAN_POINT ('', (90., 64.2530665120504, 149.384979484749));
#13720 = CARTESIAN_POINT ('', (90., 65.1014402821738, 149.085655151438));
#13730 = CARTESIAN_POINT ('', (90., 65.9497718532514, 148.78634570685));
#13740 = CARTESIAN_POINT ('', (90., 66.8018780535797, 148.479111867154));
#13750 = CARTESIAN_POINT ('', (90., 67.6460239795688, 148.168193463481));
#13760 = CARTESIAN_POINT ('', (90., 68.4901285679823, 147.857290285389));
#13770 = CARTESIAN_POINT ('', (90., 69.3381403520346, 147.538329691747));
#13780 = CARTESIAN_POINT ('', (90., 70.1779076016063, 147.215894723304));
#13790 = CARTESIAN_POINT ('', (90., 70.7381347805189, 147.000791273097));
#13800 = CARTESIAN_POINT ('', (90., 71.3001479635304, 146.782056626952));
#13810 = CARTESIAN_POINT ('', (90., 71.8583900104281, 146.561852622994));
#13820 = CARTESIAN_POINT ('', (90., 72.4165739686976, 146.341671532661));
#13830 = CARTESIAN_POINT ('', (90., 72.9765839518638, 146.117813494352));
#13840 = CARTESIAN_POINT ('', (90., 73.5327367171022, 145.892551101735));
#13850 = CARTESIAN_POINT ('', (90., 74.0888764658671, 145.667293981271));
#13860 = CARTESIAN_POINT ('', (90., 74.6468815967553, 145.438314269069));
#13870 = CARTESIAN_POINT ('', (90., 75.200944721341, 145.207996565775));
#13880 = CARTESIAN_POINT ('', (90., 75.7549950024529, 144.977684201366));
#13890 = CARTESIAN_POINT ('', (90., 76.3109492291284, 144.743603380284));
#13900 = CARTESIAN_POINT ('', (90., 76.8628782141005, 144.508252801897));
#13910 = CARTESIAN_POINT ('', (90., 77.4147908268055, 144.272909204883));
#13920 = CARTESIAN_POINT ('', (90., 77.9686450893759, 144.033751196349));
#13930 = CARTESIAN_POINT ('', (90., 78.5183925650837, 143.793393434521));
#13940 = CARTESIAN_POINT ('', (90., 79.0680890292223, 143.553057975708));
#13950 = CARTESIAN_POINT ('', (90., 79.6197649524614, 143.308861432647));
#13960 = CARTESIAN_POINT ('', (90., 80.1672522279616, 143.063535081403));
#13970 = CARTESIAN_POINT ('', (90., 80.7147263013623, 142.818214645956));
#13980 = CARTESIAN_POINT ('', (90., 81.2642176748971, 142.568983166787));
#13990 = CARTESIAN_POINT ('', (90., 81.8094382983308, 142.318694435764));
#14000 = CARTESIAN_POINT ('', (90., 82.3546459046162, 142.068411680388));
#14010 = CARTESIAN_POINT ('', (90., 82.9019077912732, 141.814167729969));
#14020 = CARTESIAN_POINT ('', (90., 83.4448185059286, 141.55894087499));
#14030 = CARTESIAN_POINT ('', (90., 83.9877163984415, 141.303720047807));
#14040 = CARTESIAN_POINT ('', (90., 84.5327046490456, 141.044487725263));
#14050 = CARTESIAN_POINT ('', (90., 85.0732630723269, 140.784348563769));
#14060 = CARTESIAN_POINT ('', (90., 85.613761514141, 140.524238267849));
#14070 = CARTESIAN_POINT ('', (90., 86.1563856209663, 140.2600674739));
#14080 = CARTESIAN_POINT ('', (90., 86.6945027831634, 139.995065867497));
#14090 = CARTESIAN_POINT ('', (90., 87.2325958512914, 139.730076126478));
#14100 = CARTESIAN_POINT ('', (90., 87.7728514206908, 139.460970657183));
#14110 = CARTESIAN_POINT ('', (90., 88.3085194901048, 139.191112486614));
#14120 = CARTESIAN_POINT ('', (90., 88.8725097899266, 138.906986179263));
#14130 = CARTESIAN_POINT ('', (90., 89.4387470429299, 138.618330945612));
#14140 = CARTESIAN_POINT ('', (90., 90., 138.328834943908));
#14150 = B_SPLINE_CURVE_WITH_KNOTS ('', 3, (#11410, #11420, #11430, #11440, #11450, #11460, #11470, #11480, #11490, #11500, #11510, #11520, #11530, #11540, #11550, #11560, #11570, #11580, #11590, #11600, #11610, #11620, #11630, #11640, #11650, #11660, #11670, #11680, #11690, #11700, #11710, #11720, #11730, #11740, #11750, #11760, #11770, #11780, #11790, #11800, #11810, #11820, #11830, #11840, #11850, #11860, #11870, #11880, #11890, #11900, #11910, #11920, #11930, #11940, #11950, #11960, #11970, #11980, #11990, #12000, #12010, #12020, #12030, #12040, #12050, #12060, #12070, #12080, #12090, #12100, #12110, #12120, #12130, #12140, #12150, #12160, #12170, #12180, #12190, #12200, #12210, #12220, #12230, #12240, #12250, #12260, #12270, #12280, #12290, #12300, #12310, #12320, #12330, #12340, #12350, #12360, #12370, #12380, #12390, #12400, #12410, #12420, #12430, #12440, #12450, #12460, #12470, #12480, #12490, #12500, #12510, #12520, #12530, #12540, #12550, #12560, #12570, #12580, #12590, #12600, #12610, #12620, #12630, #12640, #12650, #12660, #12670, #12680, #12690, #12700, #12710, #12720, #12730, #12740, #12750, #12760, #12770, #12780, #12790, #12800, #12810, #12820, #12830, #12840, #12850, #12860, #12870, #12880, #12890, #12900, #12910, #12920, #12930, #12940, #12950, #12960, #12970, #12980, #12990, #13000, #13010, #13020, #13030, #13040, #13050, #13060, #13070, #13080, #13090, #13100, #13110, #13120, #13130, #13140, #13150, #13160, #13170, #13180, #13190, #13200, #13210, #13220, #13230, #13240, #13250, #13260, #13270, #13280, #13290, #13300, #13310, #13320, #13330, #13340, #13350, #13360, #13370, #13380, #13390, #13400, #13410, #13420, #13430, #13440, #13450, #13460, #13470, #13480, #13490, #13500, #13510, #13520, #13530, #13540, #13550, #13560, #13570, #13580, #13590, #13600, #13610, #13620, #13630, #13640, #13650, #13660, #13670, #13680, #13690, #13700, #13710, #13720, #13730, #13740, #13750, #13760, #13770, #13780, #13790, #13800, #13810, #13820, #13830, #13840, #13850, #13860, #13870, #13880, #13890, #13900, #13910, #13920, #13930, #13940, #13950, #13960, #13970, #13980, #13990, #14000, #14010, #14020, #14030, #14040, #14050, #14060, #14070, #14080, #14090, #14100, #14110, #14120, #14130, #14140), .UNSPECIFIED., .F., .U., (4, 3, 3, 3, 3, 3, 3, 3, 3, 3, 3, 3, 3, 3, 3, 3, 3, 3, 3, 3, 3, 3, 3, 3, 3, 3, 3, 3, 3, 3, 3, 3, 3, 3, 3, 3, 3, 3, 3, 3, 3, 3, 3, 3, 3, 3, 3, 3, 3, 3, 3, 3, 3, 3, 3, 3, 3, 3, 3, 3, 3, 3, 3, 3, 3, 3, 3, 3, 3, 3, 3, 3, 3, 3, 3, 3, 3, 3, 3, 3, 3, 3, 3, 3, 3, 3, 3, 3, 3, 3, 3, 4), (0., 1.80702735759329, 3.6140110595893, 5.42095060452934, 7.22784552446103, 9.03469538559233, 10.8414987350106, 12.6480664662795, 14.4545923364347, 16.261075889635, 18.0675167036589, 19.2710340074153, 21.9824111927126, 24.6936563381917, 27.4047671012717, 30.1157413892016, 32.826577366615, 34.6323476206427, 36.4378238282005, 38.2432627952912, 40.0486641085713, 41.8540273874548, 43.6593522848021, 45.464638487517, 47.2698857170491, 48.4729136247736, 49.6758650904121, 52.3843922375739, 55.0927963230156, 57.801075777511, 60.5092292908436, 63.2172558170433, 64.4199320117093, 67.1271120416351, 69.8341706692824, 72.5411067935366, 75.2479195773341, 77.9546084511188, 80.6605613354925, 83.366353225617, 86.0720236352287, 88.7775721374895, 91.482998574405, 93.2863635912034, 95.0894586682377, 96.8925177112295, 98.6955406775587, 100.498527559955, 102.301478386567, 104.104393220928, 105.907272161809, 107.710051614077, 109.512565582611, 111.31504295672, 113.117483791596, 114.919888177835, 116.722256241326, 118.524588143046, 120.326884078743, 122.129088887408, 123.931018843245, 125.732911308092, 127.534766428383, 129.336584385753, 131.138365396773, 132.940109712591, 134.741817618469, 135.943273824078, 138.643918466899, 141.344416850473, 144.044785375102, 146.745025481502, 149.445138868821, 150.646324906184, 151.847400641883, 154.546562663815, 157.245587032095, 159.944475320465, 162.64322936316, 165.34185124867, 167.142161187694, 168.942283793043, 170.742364267435, 172.542403015017, 174.342388366753, 176.142206696208, 177.941981624872, 179.74171358389, 181.541403037909, 183.340892794708, 185.140301979778, 187.034850831457), .UNSPECIFIED.);
#14160 = EDGE_CURVE ('', #2360, #740, #14150, .T.);
#14170 = ORIENTED_EDGE ('', *, *, #14160, .T.);
#14180 = ORIENTED_EDGE ('', *, *, #780, .T.);
#14190 = EDGE_LOOP ('', (#11390, #11400, #14170, #14180));
#14200 = FACE_OUTER_BOUND ('', #14190, .T.);
#14210 = CARTESIAN_POINT ('', (90., 90., 138.328817810272));
#14220 = CARTESIAN_POINT ('', (90., -90., 138.328817810272));
#14230 = CARTESIAN_POINT ('', (90., 90., 221.671182189728));
#14240 = CARTESIAN_POINT ('', (90., -90., 221.671182189728));
#14250 = B_SPLINE_SURFACE_WITH_KNOTS ('', 1, 1, ((#14210, #14220), (#14230, #14240)), .UNSPECIFIED., .F., .F., .U., (2, 2), (2, 2), (0.443771031704643, 0.556228968295357), (0., 1.), .UNSPECIFIED.);
#14260 = ADVANCED_FACE ('', (#14200), #14250, .T.);
#14270 = ORIENTED_EDGE ('', *, *, #3560, .F.);
#14280 = ORIENTED_EDGE ('', *, *, #8520, .F.);
#14290 = ORIENTED_EDGE ('', *, *, #2010, .F.);
#14300 = ORIENTED_EDGE ('', *, *, #14160, .F.);
#14310 = EDGE_LOOP ('', (#14270, #14280, #14290, #14300));
#14320 = FACE_OUTER_BOUND ('', #14310, .T.);
#14330 = CARTESIAN_POINT ('', (94.8138783437417, -90.0000000000042, 139.410800533053));
#14340 = CARTESIAN_POINT ('', (94.2752185085304, -85.2490689630106, 141.743453878617));
#14350 = CARTESIAN_POINT ('', (93.44133196488, -76.8045582030886, 145.35457932127));
#14360 = CARTESIAN_POINT ('', (92.4918913508167, -66.0708126367899, 149.466108861876));
#14370 = CARTESIAN_POINT ('', (91.4940563604082, -51.646268257769, 153.787209074933));
#14380 = CARTESIAN_POINT ('', (90.7556917791755, -37.224397159536, 156.984678977219));
#14390 = CARTESIAN_POINT ('', (90.2638717990941, -22.8042075822437, 159.114493466732));
#14400 = CARTESIAN_POINT ('', (90.0104594944046, -8.38511742956317, 160.211889303028));
#14410 = CARTESIAN_POINT ('', (89.9914289930192, 6.0342896386934, 160.294300427494));
#14420 = CARTESIAN_POINT ('', (90.2064585853374, 20.4536701601922, 159.363119995748));
#14430 = CARTESIAN_POINT ('', (90.6589762489713, 34.8736358285335, 157.403503233923));
#14440 = CARTESIAN_POINT ('', (91.356411601492, 49.2952352174801, 154.383276363409));
#14450 = CARTESIAN_POINT ('', (92.3108434629316, 63.7193466012696, 150.250132347155));
#14460 = CARTESIAN_POINT ('', (93.2254827944372, 74.4545156215669, 146.289308916197));
#14470 = CARTESIAN_POINT ('', (93.9122598876406, 81.6583830633055, 143.31523737903));
#14480 = CARTESIAN_POINT ('', (94.5450920707165, 87.6293249787443, 140.574772966172));
#14490 = CARTESIAN_POINT ('', (94.8138745776178, 90.0000000000031, 139.410816842162));
#14500 = CARTESIAN_POINT ('', (48.0226209573472, -90.0000000000042, 128.605692675506));
#14510 = CARTESIAN_POINT ('', (47.7497932074105, -85.2490689630106, 130.999732367876));
#14520 = CARTESIAN_POINT ('', (47.3274350241288, -76.8045582030886, 134.705888561327));
#14530 = CARTESIAN_POINT ('', (46.8465494456972, -66.0708126367899, 138.92561753875));
#14540 = CARTESIAN_POINT ('', (46.341152426195, -51.646268257769, 143.360432272126));
#14550 = CARTESIAN_POINT ('', (45.9671755039103, -37.224397159536, 146.642047123208));
#14560 = CARTESIAN_POINT ('', (45.718071840024, -22.8042075822437, 148.827910031203));
#14570 = CARTESIAN_POINT ('', (45.5897201338539, -8.38511742956317, 149.954185049876));
#14580 = CARTESIAN_POINT ('', (45.5800813070215, 6.0342896386934, 150.038764914021));
#14590 = CARTESIAN_POINT ('', (45.6889924156787, 20.4536701601922, 149.083079441683));
#14600 = CARTESIAN_POINT ('', (45.9181897084886, 34.8736358285335, 147.071893202388));
#14610 = CARTESIAN_POINT ('', (46.2714362390749, 49.2952352174801, 143.972185729041));
#14620 = CARTESIAN_POINT ('', (46.7548498522736, 63.7193466012696, 139.730273467192));
#14630 = CARTESIAN_POINT ('', (47.2181088044107, 74.4545156215668, 135.665216596992));
#14640 = CARTESIAN_POINT ('', (47.5659569950471, 81.6583830633055, 132.61287908552));
#14650 = CARTESIAN_POINT ('', (47.8864824348703, 87.6293249787443, 129.800296327613));
#14660 = CARTESIAN_POINT ('', (48.0226190498297, 90.0000000000031, 128.605709413807));
#14670 = CARTESIAN_POINT ('', (2.58029594821929E-14, -90.0000000000042, 128.605692675506));
#14680 = CARTESIAN_POINT ('', (2.56563668298783E-14, -85.2490689630106, 130.999732367876));
#14690 = CARTESIAN_POINT ('', (2.54294302139058E-14, -76.8045582030886, 134.705888561327));
#14700 = CARTESIAN_POINT ('', (2.51710463346322E-14, -66.0708126367899, 138.92561753875));
#14710 = CARTESIAN_POINT ('', (2.48994922512302E-14, -51.646268257769, 143.360432272126));
#14720 = CARTESIAN_POINT ('', (2.46985512950596E-14, -37.224397159536, 146.642047123208));
#14730 = CARTESIAN_POINT ('', (2.45647057943771E-14, -22.8042075822437, 148.827910031203));
#14740 = CARTESIAN_POINT ('', (2.44957413395482E-14, -8.38511742956317, 149.954185049876));
#14750 = CARTESIAN_POINT ('', (2.44905623165533E-14, 6.0342896386934, 150.038764914021));
#14760 = CARTESIAN_POINT ('', (2.45490811742879E-14, 20.4536701601922, 149.083079441683));
#14770 = CARTESIAN_POINT ('', (2.46722308138099E-14, 34.8736358285335, 147.071893202388));
#14780 = CARTESIAN_POINT ('', (2.48620331555863E-14, 49.2952352174801, 143.972185729041));
#14790 = CARTESIAN_POINT ('', (2.51217753692732E-14, 63.7193466012696, 139.730273467192));
#14800 = CARTESIAN_POINT ('', (2.53706883134953E-14, 74.4545156215668, 135.665216596992));
#14810 = CARTESIAN_POINT ('', (2.55575900816624E-14, 81.6583830633055, 132.61287908552));
#14820 = CARTESIAN_POINT ('', (2.57298111052528E-14, 87.6293249787443, 129.800296327613));
#14830 = CARTESIAN_POINT ('', (2.58029584572676E-14, 90.0000000000032, 128.605709413807));
#14840 = CARTESIAN_POINT ('', (-48.0225402645104, -90.0000000000042, 128.605692675506));
#14850 = CARTESIAN_POINT ('', (-47.7497129730085, -85.2490689630106, 130.999732367876));
#14860 = CARTESIAN_POINT ('', (-47.327355499419, -76.8045582030886, 134.705888561327));
#14870 = CARTESIAN_POINT ('', (-46.8464707290237, -66.0708126367899, 138.92561753875));
#14880 = CARTESIAN_POINT ('', (-46.3410745587447, -51.646268257769, 143.360432272126));
#14890 = CARTESIAN_POINT ('', (-45.9670982648567, -37.224397159536, 146.642047123208));
#14900 = CARTESIAN_POINT ('', (-45.7179950195415, -22.8042075822437, 148.827910031203));
#14910 = CARTESIAN_POINT ('', (-45.5896435290419, -8.38511742956317, 149.954185049876));
#14920 = CARTESIAN_POINT ('', (-45.5800047184057, 6.0342896386934, 150.038764914021));
#14930 = CARTESIAN_POINT ('', (-45.6889156440586, 20.4536701601921, 149.083079441683));
#14940 = CARTESIAN_POINT ('', (-45.9181125517463, 34.8736358285335, 147.071893202388));
#14950 = CARTESIAN_POINT ('', (-46.2713584887693, 49.2952352174801, 143.972185729041));
#14960 = CARTESIAN_POINT ('', (-46.7547712896838, 63.7193466012696, 139.730273467192));
#14970 = CARTESIAN_POINT ('', (-47.2180294634028, 74.4545156215668, 135.665216596992));
#14980 = CARTESIAN_POINT ('', (-47.5658770695468, 81.6583830633055, 132.61287908552));
#14990 = CARTESIAN_POINT ('', (-47.8864019707882, 87.6293249787443, 129.800296327612));
#15000 = CARTESIAN_POINT ('', (-48.022538356996, 90.0000000000032, 128.605709413807));
#15010 = CARTESIAN_POINT ('', (-94.8137231122177, -90.0000000000042, 139.410764686786));
#15020 = CARTESIAN_POINT ('', (-94.275064158913, -85.2490689630106, 141.743418236001));
#15030 = CARTESIAN_POINT ('', (-93.4411789805214, -76.8045582030886, 145.354543993921));
#15040 = CARTESIAN_POINT ('', (-92.4917399209047, -66.0708126367899, 149.466073893482));
#15050 = CARTESIAN_POINT ('', (-91.4939065641752, -51.646268257769, 153.78717448379));
#15060 = CARTESIAN_POINT ('', (-90.7555431918105, -37.224397159536, 156.984644665229));
#15070 = CARTESIAN_POINT ('', (-90.2637240169484, -22.8042075822437, 159.114459340685));
#15080 = CARTESIAN_POINT ('', (-90.0103121271516, -8.38511742956317, 160.211855272789));
#15090 = CARTESIAN_POINT ('', (-89.9912816569233, 6.0342896386934, 160.29426640445));
#15100 = CARTESIAN_POINT ('', (-90.20631089719, 20.4536701601922, 159.363085891408));
#15110 = CARTESIAN_POINT ('', (-90.6588278199512, 34.8736358285335, 157.403468958499));
#15120 = CARTESIAN_POINT ('', (-91.3562620306143, 49.2952352174801, 154.383241824305));
#15130 = CARTESIAN_POINT ('', (-92.3106923294355, 63.7193466012696, 150.25009744721));
#15140 = CARTESIAN_POINT ('', (-93.225330163472, 74.4545156215668, 146.289273670454));
#15150 = CARTESIAN_POINT ('', (-93.9121061322676, 81.6583830633055, 143.315201873637));
#15160 = CARTESIAN_POINT ('', (-94.5449372792557, 87.6293249787443, 140.574737221524));
#15170 = CARTESIAN_POINT ('', (-94.8137193460999, 90.0000000000032, 139.410780995896));
#15180 = (
   BOUNDED_SURFACE ()
   B_SPLINE_SURFACE (2, 2, ((#14330, #14340, #14350, #14360, #14370, #14380, #14390, #14400, #14410, #14420, #14430, #14440, #14450, #14460, #14470, #14480, #14490), (#14500, #14510, #14520, #14530, #14540, #14550, #14560, #14570, #14580, #14590, #14600, #14610, #14620, #14630, #14640, #14650, #14660), (#14670, #14680, #14690, #14700, #14710, #14720, #14730, #14740, #14750, #14760, #14770, #14780, #14790, #14800, #14810, #14820, #14830), (#14840, #14850, #14860, #14870, #14880, #14890, #14900, #14910, #14920, #14930, #14940, #14950, #14960, #14970, #14980, #14990, #15000), (#15010, #15020, #15030, #15040, #15050, #15060, #15070, #15080, #15090, #15100, #15110, #15120, #15130, #15140, #15150, #15160, #15170)), .UNSPECIFIED., .F., .F., .U.)
   B_SPLINE_SURFACE_WITH_KNOTS ((3, 2, 3), (3, 1, 1, 1, 1, 1, 1, 1, 1, 1, 1, 1, 1, 1, 1, 3), (0.423049617589615, 0.5, 0.576950258938373), (0.0318788761249107, 0.0848323889242368, 0.123639917168681, 0.199575751464719, 0.273766551305667, 0.346716902657069, 0.418863780137699, 0.490603542107861, 0.562312881374381, 0.634367045362743, 0.707157860688832, 0.781114043227696, 0.85672692027117, 0.895333793797385, 0.934586355771647, 0.961011988706806), .UNSPECIFIED.)
   SURFACE ()
   GEOMETRIC_REPRESENTATION_ITEM ()
   RATIONAL_B_SPLINE_SURFACE (((0.923721631919332, 0.923721631919332, 0.923721631919332, 0.923721631919332, 0.923721631919332, 0.923721631919332, 0.923721631919332, 0.923721631919332, 0.923721631919332, 0.923721631919332, 0.923721631919332, 0.923721631919332, 0.923721631919332, 0.923721631919332, 0.923721631919332, 0.923721631919332, 0.923721631919332), (0.954923509613793, 0.954923509613793, 0.954923509613793, 0.954923509613793, 0.954923509613793, 0.954923509613793, 0.954923509613793, 0.954923509613793, 0.954923509613793, 0.954923509613793, 0.954923509613793, 0.954923509613793, 0.954923509613793, 0.954923509613793, 0.954923509613793, 0.954923509613793, 0.954923509613793), (1., 1., 1., 1., 1., 1., 1., 1., 1., 1., 1., 1., 1., 1., 1., 1., 1.), (0.954923581942023, 0.954923581942023, 0.954923581942023, 0.954923581942023, 0.954923581942023, 0.954923581942023, 0.954923581942023, 0.954923581942023, 0.954923581942023, 0.954923581942023, 0.954923581942023, 0.954923581942023, 0.954923581942023, 0.954923581942023, 0.954923581942023, 0.954923581942023, 0.954923581942023), (0.923721732050348, 0.923721732050348, 0.923721732050348, 0.923721732050348, 0.923721732050348, 0.923721732050348, 0.923721732050348, 0.923721732050348, 0.923721732050348, 0.923721732050348, 0.923721732050348, 0.923721732050348, 0.923721732050348, 0.923721732050348, 0.923721732050348, 0.923721732050348, 0.923721732050348)))
   REPRESENTATION_ITEM ('')
);
#15190 = ADVANCED_FACE ('', (#14320), #15180, .T.);
#15200 = ORIENTED_EDGE ('', *, *, #2260, .T.);
#15210 = ORIENTED_EDGE ('', *, *, #11380, .T.);
#15220 = ORIENTED_EDGE ('', *, *, #710, .F.);
#15230 = ORIENTED_EDGE ('', *, *, #6100, .T.);
#15240 = EDGE_LOOP ('', (#15200, #15210, #15220, #15230));
#15250 = FACE_OUTER_BOUND ('', #15240, .T.);
#15260 = CARTESIAN_POINT ('', (-94.8137231122176, -90.0000000000042, 220.589235313214));
#15270 = CARTESIAN_POINT ('', (-94.2750641589129, -85.2490689630105, 218.256581763999));
#15280 = CARTESIAN_POINT ('', (-93.4411789805213, -76.8045582030886, 214.645456006079));
#15290 = CARTESIAN_POINT ('', (-92.4917399209046, -66.0708126367899, 210.533926106518));
#15300 = CARTESIAN_POINT ('', (-91.4939065641751, -51.646268257769, 206.21282551621));
#15310 = CARTESIAN_POINT ('', (-90.7555431918104, -37.224397159536, 203.015355334771));
#15320 = CARTESIAN_POINT ('', (-90.2637240169483, -22.8042075822437, 200.885540659315));
#15330 = CARTESIAN_POINT ('', (-90.0103121271515, -8.38511742956317, 199.788144727211));
#15340 = CARTESIAN_POINT ('', (-89.9912816569232, 6.0342896386934, 199.70573359555));
#15350 = CARTESIAN_POINT ('', (-90.2063108971899, 20.4536701601922, 200.636914108592));
#15360 = CARTESIAN_POINT ('', (-90.6588278199511, 34.8736358285335, 202.596531041501));
#15370 = CARTESIAN_POINT ('', (-91.3562620306142, 49.2952352174801, 205.616758175695));
#15380 = CARTESIAN_POINT ('', (-92.3106923294354, 63.7193466012696, 209.74990255279));
#15390 = CARTESIAN_POINT ('', (-93.2253301634719, 74.4545156215669, 213.710726329546));
#15400 = CARTESIAN_POINT ('', (-93.9121061322675, 81.6583830633055, 216.684798126363));
#15410 = CARTESIAN_POINT ('', (-94.5449372792555, 87.6293249787427, 219.425262778475));
#15420 = CARTESIAN_POINT ('', (-94.8137193460995, 90., 220.589219004103));
#15430 = CARTESIAN_POINT ('', (-48.0225402645104, -90.0000000000042, 231.394307324494));
#15440 = CARTESIAN_POINT ('', (-47.7497129730085, -85.2490689630105, 229.000267632124));
#15450 = CARTESIAN_POINT ('', (-47.327355499419, -76.8045582030886, 225.294111438673));
#15460 = CARTESIAN_POINT ('', (-46.8464707290237, -66.0708126367899, 221.07438246125));
#15470 = CARTESIAN_POINT ('', (-46.3410745587447, -51.646268257769, 216.639567727874));
#15480 = CARTESIAN_POINT ('', (-45.9670982648567, -37.224397159536, 213.357952876792));
#15490 = CARTESIAN_POINT ('', (-45.7179950195415, -22.8042075822437, 211.172089968797));
#15500 = CARTESIAN_POINT ('', (-45.5896435290419, -8.38511742956317, 210.045814950124));
#15510 = CARTESIAN_POINT ('', (-45.5800047184057, 6.0342896386934, 209.961235085979));
#15520 = CARTESIAN_POINT ('', (-45.6889156440586, 20.4536701601922, 210.916920558317));
#15530 = CARTESIAN_POINT ('', (-45.9181125517463, 34.8736358285335, 212.928106797612));
#15540 = CARTESIAN_POINT ('', (-46.2713584887693, 49.2952352174801, 216.027814270959));
#15550 = CARTESIAN_POINT ('', (-46.7547712896838, 63.7193466012696, 220.269726532808));
#15560 = CARTESIAN_POINT ('', (-47.2180294634028, 74.4545156215668, 224.334783403008));
#15570 = CARTESIAN_POINT ('', (-47.5658770695468, 81.6583830633055, 227.38712091448));
#15580 = CARTESIAN_POINT ('', (-47.8864019707881, 87.6293249787427, 230.199703672387));
#15590 = CARTESIAN_POINT ('', (-48.0225383569958, 90., 231.394290586192));
#15600 = CARTESIAN_POINT ('', (-2.58029594821929E-14, -90.0000000000042, 231.394307324494));
#15610 = CARTESIAN_POINT ('', (-2.56563668298783E-14, -85.2490689630105, 229.000267632124));
#15620 = CARTESIAN_POINT ('', (-2.54294302139058E-14, -76.8045582030886, 225.294111438673));
#15630 = CARTESIAN_POINT ('', (-2.51710463346322E-14, -66.0708126367899, 221.07438246125));
#15640 = CARTESIAN_POINT ('', (-2.48994922512302E-14, -51.646268257769, 216.639567727874));
#15650 = CARTESIAN_POINT ('', (-2.46985512950596E-14, -37.224397159536, 213.357952876792));
#15660 = CARTESIAN_POINT ('', (-2.45647057943771E-14, -22.8042075822437, 211.172089968797));
#15670 = CARTESIAN_POINT ('', (-2.44957413395482E-14, -8.38511742956317, 210.045814950124));
#15680 = CARTESIAN_POINT ('', (-2.44905623165533E-14, 6.0342896386934, 209.961235085979));
#15690 = CARTESIAN_POINT ('', (-2.45490811742879E-14, 20.4536701601922, 210.916920558317));
#15700 = CARTESIAN_POINT ('', (-2.46722308138099E-14, 34.8736358285335, 212.928106797612));
#15710 = CARTESIAN_POINT ('', (-2.48620331555863E-14, 49.2952352174801, 216.027814270959));
#15720 = CARTESIAN_POINT ('', (-2.51217753692732E-14, 63.7193466012696, 220.269726532808));
#15730 = CARTESIAN_POINT ('', (-2.53706883134953E-14, 74.4545156215668, 224.334783403008));
#15740 = CARTESIAN_POINT ('', (-2.55575900816624E-14, 81.6583830633055, 227.38712091448));
#15750 = CARTESIAN_POINT ('', (-2.57298111052527E-14, 87.6293249787427, 230.199703672387));
#15760 = CARTESIAN_POINT ('', (-2.58029584572675E-14, 90., 231.394290586192));
#15770 = CARTESIAN_POINT ('', (48.0226209573472, -90.0000000000042, 231.394307324494));
#15780 = CARTESIAN_POINT ('', (47.7497932074104, -85.2490689630105, 229.000267632124));
#15790 = CARTESIAN_POINT ('', (47.3274350241287, -76.8045582030886, 225.294111438673));
#15800 = CARTESIAN_POINT ('', (46.8465494456971, -66.0708126367899, 221.07438246125));
#15810 = CARTESIAN_POINT ('', (46.341152426195, -51.646268257769, 216.639567727874));
#15820 = CARTESIAN_POINT ('', (45.9671755039103, -37.224397159536, 213.357952876792));
#15830 = CARTESIAN_POINT ('', (45.718071840024, -22.8042075822437, 211.172089968797));
#15840 = CARTESIAN_POINT ('', (45.5897201338538, -8.38511742956317, 210.045814950124));
#15850 = CARTESIAN_POINT ('', (45.5800813070214, 6.0342896386934, 209.961235085979));
#15860 = CARTESIAN_POINT ('', (45.6889924156787, 20.4536701601922, 210.916920558317));
#15870 = CARTESIAN_POINT ('', (45.9181897084886, 34.8736358285335, 212.928106797612));
#15880 = CARTESIAN_POINT ('', (46.2714362390749, 49.2952352174801, 216.027814270959));
#15890 = CARTESIAN_POINT ('', (46.7548498522736, 63.7193466012696, 220.269726532808));
#15900 = CARTESIAN_POINT ('', (47.2181088044107, 74.4545156215668, 224.334783403008));
#15910 = CARTESIAN_POINT ('', (47.5659569950471, 81.6583830633055, 227.38712091448));
#15920 = CARTESIAN_POINT ('', (47.8864824348702, 87.6293249787427, 230.199703672387));
#15930 = CARTESIAN_POINT ('', (48.0226190498294, 90., 231.394290586192));
#15940 = CARTESIAN_POINT ('', (94.8138783437417, -90.0000000000042, 220.589199466946));
#15950 = CARTESIAN_POINT ('', (94.2752185085303, -85.2490689630105, 218.256546121383));
#15960 = CARTESIAN_POINT ('', (93.44133196488, -76.8045582030886, 214.64542067873));
#15970 = CARTESIAN_POINT ('', (92.4918913508166, -66.0708126367899, 210.533891138124));
#15980 = CARTESIAN_POINT ('', (91.4940563604081, -51.646268257769, 206.212790925067));
#15990 = CARTESIAN_POINT ('', (90.7556917791755, -37.224397159536, 203.015321022781));
#16000 = CARTESIAN_POINT ('', (90.2638717990941, -22.8042075822437, 200.885506533268));
#16010 = CARTESIAN_POINT ('', (90.0104594944046, -8.38511742956317, 199.788110696972));
#16020 = CARTESIAN_POINT ('', (89.9914289930191, 6.0342896386934, 199.705699572506));
#16030 = CARTESIAN_POINT ('', (90.2064585853373, 20.4536701601922, 200.636880004252));
#16040 = CARTESIAN_POINT ('', (90.6589762489712, 34.8736358285335, 202.596496766077));
#16050 = CARTESIAN_POINT ('', (91.356411601492, 49.2952352174801, 205.616723636591));
#16060 = CARTESIAN_POINT ('', (92.3108434629315, 63.7193466012696, 209.749867652845));
#16070 = CARTESIAN_POINT ('', (93.2254827944372, 74.4545156215669, 213.710691083803));
#16080 = CARTESIAN_POINT ('', (93.9122598876405, 81.6583830633055, 216.68476262097));
#16090 = CARTESIAN_POINT ('', (94.5450920707163, 87.6293249787427, 219.425227033828));
#16100 = CARTESIAN_POINT ('', (94.8138745776174, 90.0000000000001, 220.589183157837));
#16110 = (
   BOUNDED_SURFACE ()
   B_SPLINE_SURFACE (2, 2, ((#15260, #15270, #15280, #15290, #15300, #15310, #15320, #15330, #15340, #15350, #15360, #15370, #15380, #15390, #15400, #15410, #15420), (#15430, #15440, #15450, #15460, #15470, #15480, #15490, #15500, #15510, #15520, #15530, #15540, #15550, #15560, #15570, #15580, #15590), (#15600, #15610, #15620, #15630, #15640, #15650, #15660, #15670, #15680, #15690, #15700, #15710, #15720, #15730, #15740, #15750, #15760), (#15770, #15780, #15790, #15800, #15810, #15820, #15830, #15840, #15850, #15860, #15870, #15880, #15890, #15900, #15910, #15920, #15930), (#15940, #15950, #15960, #15970, #15980, #15990, #16000, #16010, #16020, #16030, #16040, #16050, #16060, #16070, #16080, #16090, #16100)), .UNSPECIFIED., .F., .F., .U.)
   B_SPLINE_SURFACE_WITH_KNOTS ((3, 2, 3), (3, 1, 1, 1, 1, 1, 1, 1, 1, 1, 1, 1, 1, 1, 1, 3), (0.423049741061628, 0.5, 0.576950382410385), (0.0318788761249111, 0.0848323889242368, 0.123639917168681, 0.199575751464719, 0.273766551305667, 0.346716902657069, 0.418863780137699, 0.490603542107861, 0.562312881374381, 0.634367045362743, 0.707157860688832, 0.781114043227696, 0.85672692027117, 0.895333793797385, 0.934586355771647, 0.961011988706788), .UNSPECIFIED.)
   SURFACE ()
   GEOMETRIC_REPRESENTATION_ITEM ()
   RATIONAL_B_SPLINE_SURFACE (((0.923721732050348, 0.923721732050348, 0.923721732050348, 0.923721732050348, 0.923721732050348, 0.923721732050348, 0.923721732050348, 0.923721732050348, 0.923721732050348, 0.923721732050348, 0.923721732050348, 0.923721732050348, 0.923721732050348, 0.923721732050348, 0.923721732050348, 0.923721732050348, 0.923721732050348), (0.954923581942023, 0.954923581942023, 0.954923581942023, 0.954923581942023, 0.954923581942023, 0.954923581942023, 0.954923581942023, 0.954923581942023, 0.954923581942023, 0.954923581942023, 0.954923581942023, 0.954923581942023, 0.954923581942023, 0.954923581942023, 0.954923581942023, 0.954923581942023, 0.954923581942023), (1., 1., 1., 1., 1., 1., 1., 1., 1., 1., 1., 1., 1., 1., 1., 1., 1.), (0.954923509613793, 0.954923509613793, 0.954923509613793, 0.954923509613793, 0.954923509613793, 0.954923509613793, 0.954923509613793, 0.954923509613793, 0.954923509613793, 0.954923509613793, 0.954923509613793, 0.954923509613793, 0.954923509613793, 0.954923509613793, 0.954923509613793, 0.954923509613793, 0.954923509613793), (0.923721631919332, 0.923721631919332, 0.923721631919332, 0.923721631919332, 0.923721631919332, 0.923721631919332, 0.923721631919332, 0.923721631919332, 0.923721631919332, 0.923721631919332, 0.923721631919332, 0.923721631919332, 0.923721631919332, 0.923721631919332, 0.923721631919332, 0.923721631919332, 0.923721631919332)))
   REPRESENTATION_ITEM ('')
);
#16120 = ADVANCED_FACE ('', (#15250), #16110, .T.);
#16130 = CLOSED_SHELL ('', (#2150, #3700, #8620, #14260, #15190, #16120));
#16140 = MANIFOLD_SOLID_BREP ('', #16130);
#16150 = (
   LENGTH_UNIT ()
   NAMED_UNIT (*)
   SI_UNIT (.MILLI., .METRE.)
);
#16160 = (
   NAMED_UNIT (*)
   SI_UNIT ($, .STERADIAN.)
   SOLID_ANGLE_UNIT ()
);
#16170 = (
   NAMED_UNIT (*)
   SI_UNIT ($, .RADIAN.)
   PLANE_ANGLE_UNIT ()
);
#16180 = UNCERTAINTY_MEASURE_WITH_UNIT (LENGTH_MEASURE(1.E-5), #16150, 'DISTANCE_ACCURACY_VALUE', '');
#16190 = (
   GEOMETRIC_REPRESENTATION_CONTEXT (3)
   GLOBAL_UNCERTAINTY_ASSIGNED_CONTEXT ((#16180))
   GLOBAL_UNIT_ASSIGNED_CONTEXT ((#16150, #16160, #16170))
   REPRESENTATION_CONTEXT ('', '3D')
);
#16200 = ADVANCED_BREP_SHAPE_REPRESENTATION ('', (#16140), #16190);
#16210 = APPLICATION_CONTEXT ('configuration controlled 3D designs of mechanical parts and assemblies');
#16220 = APPLICATION_PROTOCOL_DEFINITION ('International Standard', 'config_control_design', 1997, #16210);
#16230 = MECHANICAL_CONTEXT ('', #16210, 'mechanical');
#16240 = PRODUCT ('product-name', '', '', (#16230));
#16250 = PERSON_AND_ORGANIZATION_ROLE ('design_owner');
#16260 = PERSON ('', '', $, $, $, $);
#16270 = ORGANIZATION ($, '', '');
#16280 = PERSON_AND_ORGANIZATION (#16260, #16270);
#16290 = CC_DESIGN_PERSON_AND_ORGANIZATION_ASSIGNMENT (#16280, #16250, (#16240));
#16300 = PRODUCT_RELATED_PRODUCT_CATEGORY ('detail', $, (#16240));
#16310 = PRODUCT_DEFINITION_FORMATION_WITH_SPECIFIED_SOURCE ('', '', #16240, .NOT_KNOWN.);
#16320 = APPROVAL_STATUS ('approved');
#16330 = APPROVAL (#16320, '');
#16340 = CALENDAR_DATE (2019, 16, 1);
#16350 = COORDINATED_UNIVERSAL_TIME_OFFSET (0, $, .AHEAD.);
#16360 = LOCAL_TIME (10, 50, 15., #16350);
#16370 = DATE_AND_TIME (#16340, #16360);
#16380 = APPROVAL_DATE_TIME (#16370, #16330);
#16390 = APPROVAL_ROLE ('');
#16400 = PERSON ('', '', $, $, $, $);
#16410 = ORGANIZATION ($, '', '');
#16420 = PERSON_AND_ORGANIZATION (#16400, #16410);
#16430 = APPROVAL_PERSON_ORGANIZATION (#16420, #16330, #16390);
#16440 = CC_DESIGN_APPROVAL (#16330, (#16310));
#16450 = PERSON_AND_ORGANIZATION_ROLE ('creator');
#16460 = PERSON ('', '', $, $, $, $);
#16470 = ORGANIZATION ($, '', '');
#16480 = PERSON_AND_ORGANIZATION (#16460, #16470);
#16490 = CC_DESIGN_PERSON_AND_ORGANIZATION_ASSIGNMENT (#16480, #16450, (#16310));
#16500 = PERSON_AND_ORGANIZATION_ROLE ('part_supplier');
#16510 = PERSON ('', '', $, $, $, $);
#16520 = ORGANIZATION ($, '', '');
#16530 = PERSON_AND_ORGANIZATION (#16510, #16520);
#16540 = CC_DESIGN_PERSON_AND_ORGANIZATION_ASSIGNMENT (#16530, #16500, (#16310));
#16550 = SECURITY_CLASSIFICATION_LEVEL ('unclassified');
#16560 = SECURITY_CLASSIFICATION ('', '', #16550);
#16570 = APPROVAL_STATUS ('approved');
#16580 = APPROVAL (#16570, '');
#16590 = CALENDAR_DATE (2019, 16, 1);
#16600 = COORDINATED_UNIVERSAL_TIME_OFFSET (0, $, .AHEAD.);
#16610 = LOCAL_TIME (10, 50, 15., #16600);
#16620 = DATE_AND_TIME (#16590, #16610);
#16630 = APPROVAL_DATE_TIME (#16620, #16580);
#16640 = APPROVAL_ROLE ('');
#16650 = PERSON ('', '', $, $, $, $);
#16660 = ORGANIZATION ($, '', '');
#16670 = PERSON_AND_ORGANIZATION (#16650, #16660);
#16680 = APPROVAL_PERSON_ORGANIZATION (#16670, #16580, #16640);
#16690 = CC_DESIGN_APPROVAL (#16580, (#16560));
#16700 = DATE_TIME_ROLE ('classification_date');
#16710 = CALENDAR_DATE (2019, 16, 1);
#16720 = COORDINATED_UNIVERSAL_TIME_OFFSET (0, $, .AHEAD.);
#16730 = LOCAL_TIME (10, 50, 15., #16720);
#16740 = DATE_AND_TIME (#16710, #16730);
#16750 = CC_DESIGN_DATE_AND_TIME_ASSIGNMENT (#16740, #16700, (#16560));
#16760 = PERSON_AND_ORGANIZATION_ROLE ('classification_officer');
#16770 = PERSON ('', '', $, $, $, $);
#16780 = ORGANIZATION ($, '', '');
#16790 = PERSON_AND_ORGANIZATION (#16770, #16780);
#16800 = CC_DESIGN_PERSON_AND_ORGANIZATION_ASSIGNMENT (#16790, #16760, (#16560));
#16810 = CC_DESIGN_SECURITY_CLASSIFICATION (#16560, (#16310));
#16820 = DESIGN_CONTEXT ('', #16210, 'design');
#16830 = PRODUCT_DEFINITION ('', '', #16310, #16820);
#16840 = APPROVAL_STATUS ('approved');
#16850 = APPROVAL (#16840, '');
#16860 = CALENDAR_DATE (2019, 16, 1);
#16870 = COORDINATED_UNIVERSAL_TIME_OFFSET (0, $, .AHEAD.);
#16880 = LOCAL_TIME (10, 50, 15., #16870);
#16890 = DATE_AND_TIME (#16860, #16880);
#16900 = APPROVAL_DATE_TIME (#16890, #16850);
#16910 = APPROVAL_ROLE ('');
#16920 = PERSON ('', '', $, $, $, $);
#16930 = ORGANIZATION ($, '', '');
#16940 = PERSON_AND_ORGANIZATION (#16920, #16930);
#16950 = APPROVAL_PERSON_ORGANIZATION (#16940, #16850, #16910);
#16960 = CC_DESIGN_APPROVAL (#16850, (#16830));
#16970 = DATE_TIME_ROLE ('creation_date');
#16980 = CALENDAR_DATE (2019, 16, 1);
#16990 = COORDINATED_UNIVERSAL_TIME_OFFSET (0, $, .AHEAD.);
#17000 = LOCAL_TIME (10, 50, 15., #16990);
#17010 = DATE_AND_TIME (#16980, #17000);
#17020 = CC_DESIGN_DATE_AND_TIME_ASSIGNMENT (#17010, #16970, (#16830));
#17030 = PERSON_AND_ORGANIZATION_ROLE ('creator');
#17040 = PERSON ('', '', $, $, $, $);
#17050 = ORGANIZATION ($, '', '');
#17060 = PERSON_AND_ORGANIZATION (#17040, #17050);
#17070 = CC_DESIGN_PERSON_AND_ORGANIZATION_ASSIGNMENT (#17060, #17030, (#16830));
#17080 = PRODUCT_DEFINITION_SHAPE ('', '', #16830);
#17090 = SHAPE_DEFINITION_REPRESENTATION (#17080, #16200);
#17100 = CARTESIAN_POINT ('', (120., -300., 1175.49365401433));
#17110 = VERTEX_POINT ('', #17100);
#17120 = CARTESIAN_POINT ('', (-120., -300., 1175.49365401433));
#17130 = VERTEX_POINT ('', #17120);
#17140 = CARTESIAN_POINT ('', (120., -300., 1175.49365401433));
#17150 = CARTESIAN_POINT ('', (60.0846131422605, -300., 1180.));
#17160 = CARTESIAN_POINT ('', (9.79717439317883E-14, -300., 1180.));
#17170 = CARTESIAN_POINT ('', (-60.0846131422607, -300., 1180.));
#17180 = CARTESIAN_POINT ('', (-120., -300., 1175.49365401433));
#17190 = (
   BOUNDED_CURVE ()
   B_SPLINE_CURVE (2, (#17140, #17150, #17160, #17170, #17180), .UNSPECIFIED., .F., .U.)
   B_SPLINE_CURVE_WITH_KNOTS ((3, 2, 3), (0.473852818769519, 0.5, 0.526147181230482), .UNSPECIFIED.)
   CURVE ()
   GEOMETRIC_REPRESENTATION_ITEM ()
   RATIONAL_B_SPLINE_CURVE ((0.970968622079213, 0.984683335853011, 1., 0.984683335853011, 0.970968622079213))
   REPRESENTATION_ITEM ('')
);
#17200 = EDGE_CURVE ('', #17110, #17130, #17190, .T.);
#17210 = ORIENTED_EDGE ('', *, *, #17200, .T.);
#17220 = CARTESIAN_POINT ('', (-120., -300., 1114.50634598567));
#17230 = VERTEX_POINT ('', #17220);
#17240 = CARTESIAN_POINT ('', (-120., -300., 1114.50634598567));
#17250 = CARTESIAN_POINT ('', (-120., -300., 1175.49365401433));
#17260 = B_SPLINE_CURVE_WITH_KNOTS ('', 1, (#17240, #17250), .UNSPECIFIED., .F., .U., (2, 2), (0., 1.), .UNSPECIFIED.);
#17270 = EDGE_CURVE ('', #17230, #17130, #17260, .T.);
#17280 = ORIENTED_EDGE ('', *, *, #17270, .F.);
#17290 = CARTESIAN_POINT ('', (120., -300., 1114.50634598567));
#17300 = VERTEX_POINT ('', #17290);
#17310 = CARTESIAN_POINT ('', (-120., -300., 1114.50634598567));
#17320 = CARTESIAN_POINT ('', (-112.821088033569, -300., 1113.96640686789));
#17330 = CARTESIAN_POINT ('', (-105.648745784082, -300., 1113.47559654557));
#17340 = CARTESIAN_POINT ('', (-98.4632025378465, -300., 1113.03256208964));
#17350 = CARTESIAN_POINT ('', (-91.2784981782717, -300., 1112.5895793564));
#17360 = CARTESIAN_POINT ('', (-84.0990664462317, -300., 1112.19551783289));
#17370 = CARTESIAN_POINT ('', (-76.9090395585258, -300., 1111.84950657512));
#17380 = CARTESIAN_POINT ('', (-69.7198519557481, -300., 1111.50353570691));
#17390 = CARTESIAN_POINT ('', (-62.5346392812378, -300., 1111.20632256561));
#17400 = CARTESIAN_POINT ('', (-55.3414384640176, -300., 1110.95737230406));
#17410 = CARTESIAN_POINT ('', (-48.1490774361492, -300., 1110.70845110688));
#17420 = CARTESIAN_POINT ('', (-40.9593932770645, -300., 1110.5081681605));
#17430 = CARTESIAN_POINT ('', (-33.7643286714159, -300., 1110.35629901238));
#17440 = CARTESIAN_POINT ('', (-26.5701044651697, -300., 1110.20444760292));
#17450 = CARTESIAN_POINT ('', (-19.3772589577376, -300., 1110.10115889908));
#17460 = CARTESIAN_POINT ('', (-12.1816408941352, -300., 1110.04637328917));
#17470 = CARTESIAN_POINT ('', (-8.98154320705395, -300., 1110.02200855747));
#17480 = CARTESIAN_POINT ('', (-5.78153307362624, -300., 1110.00724529948));
#17490 = CARTESIAN_POINT ('', (-2.58134679929223, -300., 1110.00208229864));
#17500 = CARTESIAN_POINT ('', (-1.94891121729843, -300., 1110.00106196258));
#17510 = CARTESIAN_POINT ('', (-1.31647639188767, -300., 1110.00041660452));
#17520 = CARTESIAN_POINT ('', (-0.68404004461558, -300., 1110.00014622213));
#17530 = CARTESIAN_POINT ('', (-0.051540760511507, -300., 1109.99987581283));
#17540 = CARTESIAN_POINT ('', (0.580958648557688, -300., 1109.99998045548));
#17550 = CARTESIAN_POINT ('', (1.21345780856227, -300., 1110.00046015002));
#17560 = CARTESIAN_POINT ('', (12.0426456828388, -300., 1110.008673129));
#17570 = CARTESIAN_POINT ('', (22.8742216262245, -300., 1110.126867104));
#17580 = CARTESIAN_POINT ('', (33.7010101333309, -300., 1110.35496377603));
#17590 = CARTESIAN_POINT ('', (44.5249260527142, -300., 1110.58299992894));
#17600 = CARTESIAN_POINT ('', (55.3556525556281, -300., 1110.92121492202));
#17610 = CARTESIAN_POINT ('', (66.1727072598028, -300., 1111.36896914457));
#17620 = CARTESIAN_POINT ('', (73.3786059616595, -300., 1111.66724549235));
#17630 = CARTESIAN_POINT ('', (80.5891599958712, -300., 1112.01458040568));
#17640 = CARTESIAN_POINT ('', (87.7903648569696, -300., 1112.41029928261));
#17650 = CARTESIAN_POINT ('', (94.9907234117024, -300., 1112.80597165352));
#17660 = CARTESIAN_POINT ('', (102.197042340418, -300., 1113.25087560481));
#17670 = CARTESIAN_POINT ('', (109.3913903201, -300., 1113.74390409188));
#17680 = CARTESIAN_POINT ('', (112.927598413475, -300., 1113.98624034406));
#17690 = CARTESIAN_POINT ('', (116.465480954643, -300., 1114.2405083345));
#17700 = CARTESIAN_POINT ('', (120., -300., 1114.50634598567));
#17710 = B_SPLINE_CURVE_WITH_KNOTS ('', 3, (#17310, #17320, #17330, #17340, #17350, #17360, #17370, #17380, #17390, #17400, #17410, #17420, #17430, #17440, #17450, #17460, #17470, #17480, #17490, #17500, #17510, #17520, #17530, #17540, #17550, #17560, #17570, #17580, #17590, #17600, #17610, #17620, #17630, #17640, #17650, #17660, #17670, #17680, #17690, #17700), .UNSPECIFIED., .F., .U., (4, 3, 3, 3, 3, 3, 3, 3, 3, 3, 3, 3, 3, 4), (0., 21.5975647111896, 43.1926079833836, 64.7851304869316, 86.3751321140382, 107.962611981374, 117.563183298912, 119.460492514121, 121.357990539843, 153.845563505896, 186.324516796484, 207.960724965422, 229.594390384771, 240.227896431646), .UNSPECIFIED.);
#17720 = EDGE_CURVE ('', #17230, #17300, #17710, .T.);
#17730 = ORIENTED_EDGE ('', *, *, #17720, .T.);
#17740 = CARTESIAN_POINT ('', (120., -300., 1114.50634598567));
#17750 = CARTESIAN_POINT ('', (120., -300., 1175.49365401433));
#17760 = B_SPLINE_CURVE_WITH_KNOTS ('', 1, (#17740, #17750), .UNSPECIFIED., .F., .U., (2, 2), (0., 1.), .UNSPECIFIED.);
#17770 = EDGE_CURVE ('', #17300, #17110, #17760, .T.);
#17780 = ORIENTED_EDGE ('', *, *, #17770, .T.);
#17790 = EDGE_LOOP ('', (#17210, #17280, #17730, #17780));
#17800 = FACE_OUTER_BOUND ('', #17790, .T.);
#17810 = CARTESIAN_POINT ('', (120., -300., 1109.99987581283));
#17820 = CARTESIAN_POINT ('', (-120., -300., 1109.99987581283));
#17830 = CARTESIAN_POINT ('', (120., -300., 1180.));
#17840 = CARTESIAN_POINT ('', (-120., -300., 1180.));
#17850 = B_SPLINE_SURFACE_WITH_KNOTS ('', 1, 1, ((#17810, #17820), (#17830, #17840)), .UNSPECIFIED., .F., .F., .U., (2, 2), (2, 2), (0.488827132673443, 0.511172827683075), (0., 1.), .UNSPECIFIED.);
#17860 = ADVANCED_FACE ('', (#17800), #17850, .T.);
#17870 = CARTESIAN_POINT ('', (-120., 300., 1175.49365401433));
#17880 = VERTEX_POINT ('', #17870);
#17890 = CARTESIAN_POINT ('', (-120., -300., 1175.49365401433));
#17900 = CARTESIAN_POINT ('', (-120., 300., 1175.49365401433));
#17910 = B_SPLINE_CURVE_WITH_KNOTS ('', 1, (#17890, #17900), .UNSPECIFIED., .F., .U., (2, 2), (0., 1.), .UNSPECIFIED.);
#17920 = EDGE_CURVE ('', #17130, #17880, #17910, .T.);
#17930 = ORIENTED_EDGE ('', *, *, #17920, .T.);
#17940 = CARTESIAN_POINT ('', (-120., 300., 1114.50634598567));
#17950 = VERTEX_POINT ('', #17940);
#17960 = CARTESIAN_POINT ('', (-120., 300., 1114.50634598567));
#17970 = CARTESIAN_POINT ('', (-120., 300., 1175.49365401433));
#17980 = B_SPLINE_CURVE_WITH_KNOTS ('', 1, (#17960, #17970), .UNSPECIFIED., .F., .U., (2, 2), (0., 1.), .UNSPECIFIED.);
#17990 = EDGE_CURVE ('', #17950, #17880, #17980, .T.);
#18000 = ORIENTED_EDGE ('', *, *, #17990, .F.);
#18010 = CARTESIAN_POINT ('', (-120., 300., 1114.50634598567));
#18020 = CARTESIAN_POINT ('', (-120., 100., 1114.50634598567));
#18030 = CARTESIAN_POINT ('', (-120., -100., 1114.50634598567));
#18040 = CARTESIAN_POINT ('', (-120., -300., 1114.50634598567));
#18050 = B_SPLINE_CURVE_WITH_KNOTS ('', 3, (#18010, #18020, #18030, #18040), .UNSPECIFIED., .F., .U., (4, 4), (0., 600.), .UNSPECIFIED.);
#18060 = EDGE_CURVE ('', #17950, #17230, #18050, .T.);
#18070 = ORIENTED_EDGE ('', *, *, #18060, .T.);
#18080 = ORIENTED_EDGE ('', *, *, #17270, .T.);
#18090 = EDGE_LOOP ('', (#17930, #18000, #18070, #18080));
#18100 = FACE_OUTER_BOUND ('', #18090, .T.);
#18110 = CARTESIAN_POINT ('', (-120., -300., 1114.50634598567));
#18120 = CARTESIAN_POINT ('', (-120., 300., 1114.50634598567));
#18130 = CARTESIAN_POINT ('', (-120., -300., 1175.49365401433));
#18140 = CARTESIAN_POINT ('', (-120., 300., 1175.49365401433));
#18150 = B_SPLINE_SURFACE_WITH_KNOTS ('', 1, 1, ((#18110, #18120), (#18130, #18140)), .UNSPECIFIED., .F., .F., .U., (2, 2), (2, 2), (0.490265704522017, 0.509734295477984), (0., 1.), .UNSPECIFIED.);
#18160 = ADVANCED_FACE ('', (#18100), #18150, .T.);
#18170 = CARTESIAN_POINT ('', (120., 300., 1175.49365401433));
#18180 = VERTEX_POINT ('', #18170);
#18190 = CARTESIAN_POINT ('', (120., 300.000000000001, 1175.49365401433));
#18200 = CARTESIAN_POINT ('', (60.0846131422609, 300.000000000001, 1180.));
#18210 = CARTESIAN_POINT ('', (9.79717439317883E-14, 300.000000000001, 1180.));
#18220 = CARTESIAN_POINT ('', (-60.0846131422607, 300.000000000001, 1180.));
#18230 = CARTESIAN_POINT ('', (-120., 300.000000000001, 1175.49365401433));
#18240 = (
   BOUNDED_CURVE ()
   B_SPLINE_CURVE (2, (#18190, #18200, #18210, #18220, #18230), .UNSPECIFIED., .F., .U.)
   B_SPLINE_CURVE_WITH_KNOTS ((3, 2, 3), (0.473852818769518, 0.5, 0.526147181230482), .UNSPECIFIED.)
   CURVE ()
   GEOMETRIC_REPRESENTATION_ITEM ()
   RATIONAL_B_SPLINE_CURVE ((0.970968622079213, 0.984683335853011, 1., 0.984683335853011, 0.970968622079213))
   REPRESENTATION_ITEM ('')
);
#18250 = EDGE_CURVE ('', #18180, #17880, #18240, .T.);
#18260 = ORIENTED_EDGE ('', *, *, #18250, .F.);
#18270 = CARTESIAN_POINT ('', (120., 300., 1114.50634598567));
#18280 = VERTEX_POINT ('', #18270);
#18290 = CARTESIAN_POINT ('', (120., 300., 1114.50634598567));
#18300 = CARTESIAN_POINT ('', (120., 300., 1175.49365401433));
#18310 = B_SPLINE_CURVE_WITH_KNOTS ('', 1, (#18290, #18300), .UNSPECIFIED., .F., .U., (2, 2), (0., 1.), .UNSPECIFIED.);
#18320 = EDGE_CURVE ('', #18280, #18180, #18310, .T.);
#18330 = ORIENTED_EDGE ('', *, *, #18320, .F.);
#18340 = CARTESIAN_POINT ('', (120., 300., 1114.50634598567));
#18350 = CARTESIAN_POINT ('', (112.821088033569, 300., 1113.96640686789));
#18360 = CARTESIAN_POINT ('', (105.648745784082, 300., 1113.47559654557));
#18370 = CARTESIAN_POINT ('', (98.4632025378465, 300., 1113.03256208964));
#18380 = CARTESIAN_POINT ('', (91.2784981782716, 300., 1112.5895793564));
#18390 = CARTESIAN_POINT ('', (84.0990664462315, 300., 1112.19551783289));
#18400 = CARTESIAN_POINT ('', (76.9090395585255, 300., 1111.84950657512));
#18410 = CARTESIAN_POINT ('', (69.7198519557478, 300., 1111.50353570691));
#18420 = CARTESIAN_POINT ('', (62.5346392812376, 300., 1111.20632256561));
#18430 = CARTESIAN_POINT ('', (55.3414384640173, 300., 1110.95737230406));
#18440 = CARTESIAN_POINT ('', (48.1490774361489, 300., 1110.70845110688));
#18450 = CARTESIAN_POINT ('', (40.9593932770642, 300., 1110.5081681605));
#18460 = CARTESIAN_POINT ('', (33.7643286714155, 300., 1110.35629901238));
#18470 = CARTESIAN_POINT ('', (26.5701044651693, 300., 1110.20444760292));
#18480 = CARTESIAN_POINT ('', (19.3772589577373, 300., 1110.10115889908));
#18490 = CARTESIAN_POINT ('', (12.1816408941349, 300., 1110.04637328917));
#18500 = CARTESIAN_POINT ('', (8.98154320705369, 300., 1110.02200855747));
#18510 = CARTESIAN_POINT ('', (5.7815330736261, 300., 1110.00724529948));
#18520 = CARTESIAN_POINT ('', (2.58134679929211, 300., 1110.00208229864));
#18530 = CARTESIAN_POINT ('', (1.94891121729836, 300., 1110.00106196258));
#18540 = CARTESIAN_POINT ('', (1.31647639188733, 300., 1110.00041660452));
#18550 = CARTESIAN_POINT ('', (0.684040044615286, 300., 1110.00014622213));
#18560 = CARTESIAN_POINT ('', (0.0515407605111603, 300., 1109.99987581283));
#18570 = CARTESIAN_POINT ('', (-0.580958648557876, 300., 1109.99998045548));
#18580 = CARTESIAN_POINT ('', (-1.21345780856251, 300., 1110.00046015002));
#18590 = CARTESIAN_POINT ('', (-12.042645682839, 300., 1110.008673129));
#18600 = CARTESIAN_POINT ('', (-22.8742216262249, 300., 1110.126867104));
#18610 = CARTESIAN_POINT ('', (-33.7010101333313, 300., 1110.35496377603));
#18620 = CARTESIAN_POINT ('', (-44.5249260527146, 300., 1110.58299992894));
#18630 = CARTESIAN_POINT ('', (-55.3556525556285, 300., 1110.92121492202));
#18640 = CARTESIAN_POINT ('', (-66.1727072598033, 300., 1111.36896914457));
#18650 = CARTESIAN_POINT ('', (-73.3786059616599, 300., 1111.66724549235));
#18660 = CARTESIAN_POINT ('', (-80.5891599958715, 300., 1112.01458040568));
#18670 = CARTESIAN_POINT ('', (-87.7903648569699, 300., 1112.41029928261));
#18680 = CARTESIAN_POINT ('', (-94.9907234117027, 300., 1112.80597165352));
#18690 = CARTESIAN_POINT ('', (-102.197042340419, 300., 1113.25087560481));
#18700 = CARTESIAN_POINT ('', (-109.3913903201, 300., 1113.74390409188));
#18710 = CARTESIAN_POINT ('', (-112.927598413475, 300., 1113.98624034406));
#18720 = CARTESIAN_POINT ('', (-116.465480954643, 300., 1114.2405083345));
#18730 = CARTESIAN_POINT ('', (-120., 300., 1114.50634598567));
#18740 = B_SPLINE_CURVE_WITH_KNOTS ('', 3, (#18340, #18350, #18360, #18370, #18380, #18390, #18400, #18410, #18420, #18430, #18440, #18450, #18460, #18470, #18480, #18490, #18500, #18510, #18520, #18530, #18540, #18550, #18560, #18570, #18580, #18590, #18600, #18610, #18620, #18630, #18640, #18650, #18660, #18670, #18680, #18690, #18700, #18710, #18720, #18730), .UNSPECIFIED., .F., .U., (4, 3, 3, 3, 3, 3, 3, 3, 3, 3, 3, 3, 3, 4), (0., 21.5975647111896, 43.1926079833838, 64.7851304869318, 86.3751321140386, 107.962611981375, 117.563183298912, 119.460492514121, 121.357990539844, 153.845563505897, 186.324516796485, 207.960724965423, 229.594390384771, 240.227896431646), .UNSPECIFIED.);
#18750 = EDGE_CURVE ('', #18280, #17950, #18740, .T.);
#18760 = ORIENTED_EDGE ('', *, *, #18750, .T.);
#18770 = ORIENTED_EDGE ('', *, *, #17990, .T.);
#18780 = EDGE_LOOP ('', (#18260, #18330, #18760, #18770));
#18790 = FACE_OUTER_BOUND ('', #18780, .T.);
#18800 = CARTESIAN_POINT ('', (-120., 300., 1109.99987581283));
#18810 = CARTESIAN_POINT ('', (120., 300., 1109.99987581283));
#18820 = CARTESIAN_POINT ('', (-120., 300., 1180.));
#18830 = CARTESIAN_POINT ('', (120., 300., 1180.));
#18840 = B_SPLINE_SURFACE_WITH_KNOTS ('', 1, 1, ((#18800, #18810), (#18820, #18830)), .UNSPECIFIED., .F., .F., .U., (2, 2), (2, 2), (0.488827132673443, 0.511172827683075), (0., 1.), .UNSPECIFIED.);
#18850 = ADVANCED_FACE ('', (#18790), #18840, .T.);
#18860 = CARTESIAN_POINT ('', (120., -300., 1175.49365401433));
#18870 = CARTESIAN_POINT ('', (120., 300., 1175.49365401433));
#18880 = B_SPLINE_CURVE_WITH_KNOTS ('', 1, (#18860, #18870), .UNSPECIFIED., .F., .U., (2, 2), (0., 1.), .UNSPECIFIED.);
#18890 = EDGE_CURVE ('', #17110, #18180, #18880, .T.);
#18900 = ORIENTED_EDGE ('', *, *, #18890, .F.);
#18910 = ORIENTED_EDGE ('', *, *, #17770, .F.);
#18920 = CARTESIAN_POINT ('', (120., -300., 1114.50634598567));
#18930 = CARTESIAN_POINT ('', (120., -100., 1114.50634598567));
#18940 = CARTESIAN_POINT ('', (120., 100., 1114.50634598567));
#18950 = CARTESIAN_POINT ('', (120., 300., 1114.50634598567));
#18960 = B_SPLINE_CURVE_WITH_KNOTS ('', 3, (#18920, #18930, #18940, #18950), .UNSPECIFIED., .F., .U., (4, 4), (0., 600.), .UNSPECIFIED.);
#18970 = EDGE_CURVE ('', #17300, #18280, #18960, .T.);
#18980 = ORIENTED_EDGE ('', *, *, #18970, .T.);
#18990 = ORIENTED_EDGE ('', *, *, #18320, .T.);
#19000 = EDGE_LOOP ('', (#18900, #18910, #18980, #18990));
#19010 = FACE_OUTER_BOUND ('', #19000, .T.);
#19020 = CARTESIAN_POINT ('', (120., 300., 1114.50634598567));
#19030 = CARTESIAN_POINT ('', (120., -300., 1114.50634598567));
#19040 = CARTESIAN_POINT ('', (120., 300., 1175.49365401433));
#19050 = CARTESIAN_POINT ('', (120., -300., 1175.49365401433));
#19060 = B_SPLINE_SURFACE_WITH_KNOTS ('', 1, 1, ((#19020, #19030), (#19040, #19050)), .UNSPECIFIED., .F., .F., .U., (2, 2), (2, 2), (0.490265704522017, 0.509734295477984), (0., 1.), .UNSPECIFIED.);
#19070 = ADVANCED_FACE ('', (#19010), #19060, .T.);
#19080 = ORIENTED_EDGE ('', *, *, #17720, .F.);
#19090 = ORIENTED_EDGE ('', *, *, #18060, .F.);
#19100 = ORIENTED_EDGE ('', *, *, #18750, .F.);
#19110 = ORIENTED_EDGE ('', *, *, #18970, .F.);
#19120 = EDGE_LOOP ('', (#19080, #19090, #19100, #19110));
#19130 = FACE_OUTER_BOUND ('', #19120, .T.);
#19140 = CARTESIAN_POINT ('', (-120.000000000571, -300., 1114.50634598571));
#19150 = CARTESIAN_POINT ('', (-60.0846131425474, -300., 1110.));
#19160 = CARTESIAN_POINT ('', (-9.79717439317883E-14, -300., 1110.));
#19170 = CARTESIAN_POINT ('', (60.0846131425472, -300., 1110.));
#19180 = CARTESIAN_POINT ('', (120.000000000571, -300., 1114.50634598571));
#19190 = CARTESIAN_POINT ('', (-120.000000000571, 300., 1114.50634598571));
#19200 = CARTESIAN_POINT ('', (-60.0846131425474, 300., 1110.));
#19210 = CARTESIAN_POINT ('', (-9.79717439317883E-14, 300., 1110.));
#19220 = CARTESIAN_POINT ('', (60.0846131425472, 300., 1110.));
#19230 = CARTESIAN_POINT ('', (120.000000000571, 300., 1114.50634598571));
#19240 = (
   BOUNDED_SURFACE ()
   B_SPLINE_SURFACE (1, 2, ((#19140, #19150, #19160, #19170, #19180), (#19190, #19200, #19210, #19220, #19230)), .UNSPECIFIED., .F., .F., .U.)
   B_SPLINE_SURFACE_WITH_KNOTS ((2, 2), (3, 2, 3), (0.00108099118576405, 0.998919008814236), (0.473852818769396, 0.5, 0.526147181230604), .UNSPECIFIED.)
   SURFACE ()
   GEOMETRIC_REPRESENTATION_ITEM ()
   RATIONAL_B_SPLINE_SURFACE (((0.970968622079084, 0.984683335852939, 1., 0.984683335852939, 0.970968622079084), (0.970968622079084, 0.984683335852939, 1., 0.984683335852939, 0.970968622079084)))
   REPRESENTATION_ITEM ('')
);
#19250 = ADVANCED_FACE ('', (#19130), #19240, .T.);
#19260 = ORIENTED_EDGE ('', *, *, #17200, .F.);
#19270 = ORIENTED_EDGE ('', *, *, #18890, .T.);
#19280 = ORIENTED_EDGE ('', *, *, #18250, .T.);
#19290 = ORIENTED_EDGE ('', *, *, #17920, .F.);
#19300 = EDGE_LOOP ('', (#19260, #19270, #19280, #19290));
#19310 = FACE_OUTER_BOUND ('', #19300, .T.);
#19320 = CARTESIAN_POINT ('', (120.000000000571, -300., 1175.49365401429));
#19330 = CARTESIAN_POINT ('', (60.0846131425474, -300., 1180.));
#19340 = CARTESIAN_POINT ('', (9.79717439317883E-14, -300., 1180.));
#19350 = CARTESIAN_POINT ('', (-60.0846131422524, -300., 1180.));
#19360 = CARTESIAN_POINT ('', (-119.999999999984, -300., 1175.49365401433));
#19370 = CARTESIAN_POINT ('', (120.000000000571, 300., 1175.49365401429));
#19380 = CARTESIAN_POINT ('', (60.0846131425474, 300., 1180.));
#19390 = CARTESIAN_POINT ('', (9.79717439317883E-14, 300., 1180.));
#19400 = CARTESIAN_POINT ('', (-60.0846131422524, 300., 1180.));
#19410 = CARTESIAN_POINT ('', (-119.999999999984, 300., 1175.49365401433));
#19420 = (
   BOUNDED_SURFACE ()
   B_SPLINE_SURFACE (1, 2, ((#19320, #19330, #19340, #19350, #19360), (#19370, #19380, #19390, #19400, #19410)), .UNSPECIFIED., .F., .F., .U.)
   B_SPLINE_SURFACE_WITH_KNOTS ((2, 2), (3, 2, 3), (0.0010809911857648, 0.998919008814236), (0.473852818769396, 0.5, 0.526147181230478), .UNSPECIFIED.)
   SURFACE ()
   GEOMETRIC_REPRESENTATION_ITEM ()
   RATIONAL_B_SPLINE_SURFACE (((0.970968622079084, 0.984683335852939, 1., 0.984683335853013, 0.970968622079217), (0.970968622079084, 0.984683335852939, 1., 0.984683335853013, 0.970968622079217)))
   REPRESENTATION_ITEM ('')
);
#19430 = ADVANCED_FACE ('', (#19310), #19420, .T.);
#19440 = CLOSED_SHELL ('', (#17860, #18160, #18850, #19070, #19250, #19430));
#19450 = MANIFOLD_SOLID_BREP ('', #19440);
#19460 = (
   LENGTH_UNIT ()
   NAMED_UNIT (*)
   SI_UNIT (.MILLI., .METRE.)
);
#19470 = (
   NAMED_UNIT (*)
   SI_UNIT ($, .STERADIAN.)
   SOLID_ANGLE_UNIT ()
);
#19480 = (
   NAMED_UNIT (*)
   SI_UNIT ($, .RADIAN.)
   PLANE_ANGLE_UNIT ()
);
#19490 = UNCERTAINTY_MEASURE_WITH_UNIT (LENGTH_MEASURE(1.E-5), #19460, 'DISTANCE_ACCURACY_VALUE', '');
#19500 = (
   GEOMETRIC_REPRESENTATION_CONTEXT (3)
   GLOBAL_UNCERTAINTY_ASSIGNED_CONTEXT ((#19490))
   GLOBAL_UNIT_ASSIGNED_CONTEXT ((#19460, #19470, #19480))
   REPRESENTATION_CONTEXT ('', '3D')
);
#19510 = ADVANCED_BREP_SHAPE_REPRESENTATION ('', (#19450), #19500);
#19520 = APPLICATION_CONTEXT ('configuration controlled 3D designs of mechanical parts and assemblies');
#19530 = APPLICATION_PROTOCOL_DEFINITION ('International Standard', 'config_control_design', 1997, #19520);
#19540 = MECHANICAL_CONTEXT ('', #19520, 'mechanical');
#19550 = PRODUCT ('product-name', '', '', (#19540));
#19560 = PERSON_AND_ORGANIZATION_ROLE ('design_owner');
#19570 = PERSON ('', '', $, $, $, $);
#19580 = ORGANIZATION ($, '', '');
#19590 = PERSON_AND_ORGANIZATION (#19570, #19580);
#19600 = CC_DESIGN_PERSON_AND_ORGANIZATION_ASSIGNMENT (#19590, #19560, (#19550));
#19610 = PRODUCT_RELATED_PRODUCT_CATEGORY ('detail', $, (#19550));
#19620 = PRODUCT_DEFINITION_FORMATION_WITH_SPECIFIED_SOURCE ('', '', #19550, .NOT_KNOWN.);
#19630 = APPROVAL_STATUS ('approved');
#19640 = APPROVAL (#19630, '');
#19650 = CALENDAR_DATE (2019, 16, 1);
#19660 = COORDINATED_UNIVERSAL_TIME_OFFSET (0, $, .AHEAD.);
#19670 = LOCAL_TIME (10, 50, 15., #19660);
#19680 = DATE_AND_TIME (#19650, #19670);
#19690 = APPROVAL_DATE_TIME (#19680, #19640);
#19700 = APPROVAL_ROLE ('');
#19710 = PERSON ('', '', $, $, $, $);
#19720 = ORGANIZATION ($, '', '');
#19730 = PERSON_AND_ORGANIZATION (#19710, #19720);
#19740 = APPROVAL_PERSON_ORGANIZATION (#19730, #19640, #19700);
#19750 = CC_DESIGN_APPROVAL (#19640, (#19620));
#19760 = PERSON_AND_ORGANIZATION_ROLE ('creator');
#19770 = PERSON ('', '', $, $, $, $);
#19780 = ORGANIZATION ($, '', '');
#19790 = PERSON_AND_ORGANIZATION (#19770, #19780);
#19800 = CC_DESIGN_PERSON_AND_ORGANIZATION_ASSIGNMENT (#19790, #19760, (#19620));
#19810 = PERSON_AND_ORGANIZATION_ROLE ('part_supplier');
#19820 = PERSON ('', '', $, $, $, $);
#19830 = ORGANIZATION ($, '', '');
#19840 = PERSON_AND_ORGANIZATION (#19820, #19830);
#19850 = CC_DESIGN_PERSON_AND_ORGANIZATION_ASSIGNMENT (#19840, #19810, (#19620));
#19860 = SECURITY_CLASSIFICATION_LEVEL ('unclassified');
#19870 = SECURITY_CLASSIFICATION ('', '', #19860);
#19880 = APPROVAL_STATUS ('approved');
#19890 = APPROVAL (#19880, '');
#19900 = CALENDAR_DATE (2019, 16, 1);
#19910 = COORDINATED_UNIVERSAL_TIME_OFFSET (0, $, .AHEAD.);
#19920 = LOCAL_TIME (10, 50, 15., #19910);
#19930 = DATE_AND_TIME (#19900, #19920);
#19940 = APPROVAL_DATE_TIME (#19930, #19890);
#19950 = APPROVAL_ROLE ('');
#19960 = PERSON ('', '', $, $, $, $);
#19970 = ORGANIZATION ($, '', '');
#19980 = PERSON_AND_ORGANIZATION (#19960, #19970);
#19990 = APPROVAL_PERSON_ORGANIZATION (#19980, #19890, #19950);
#20000 = CC_DESIGN_APPROVAL (#19890, (#19870));
#20010 = DATE_TIME_ROLE ('classification_date');
#20020 = CALENDAR_DATE (2019, 16, 1);
#20030 = COORDINATED_UNIVERSAL_TIME_OFFSET (0, $, .AHEAD.);
#20040 = LOCAL_TIME (10, 50, 15., #20030);
#20050 = DATE_AND_TIME (#20020, #20040);
#20060 = CC_DESIGN_DATE_AND_TIME_ASSIGNMENT (#20050, #20010, (#19870));
#20070 = PERSON_AND_ORGANIZATION_ROLE ('classification_officer');
#20080 = PERSON ('', '', $, $, $, $);
#20090 = ORGANIZATION ($, '', '');
#20100 = PERSON_AND_ORGANIZATION (#20080, #20090);
#20110 = CC_DESIGN_PERSON_AND_ORGANIZATION_ASSIGNMENT (#20100, #20070, (#19870));
#20120 = CC_DESIGN_SECURITY_CLASSIFICATION (#19870, (#19620));
#20130 = DESIGN_CONTEXT ('', #19520, 'design');
#20140 = PRODUCT_DEFINITION ('', '', #19620, #20130);
#20150 = APPROVAL_STATUS ('approved');
#20160 = APPROVAL (#20150, '');
#20170 = CALENDAR_DATE (2019, 16, 1);
#20180 = COORDINATED_UNIVERSAL_TIME_OFFSET (0, $, .AHEAD.);
#20190 = LOCAL_TIME (10, 50, 15., #20180);
#20200 = DATE_AND_TIME (#20170, #20190);
#20210 = APPROVAL_DATE_TIME (#20200, #20160);
#20220 = APPROVAL_ROLE ('');
#20230 = PERSON ('', '', $, $, $, $);
#20240 = ORGANIZATION ($, '', '');
#20250 = PERSON_AND_ORGANIZATION (#20230, #20240);
#20260 = APPROVAL_PERSON_ORGANIZATION (#20250, #20160, #20220);
#20270 = CC_DESIGN_APPROVAL (#20160, (#20140));
#20280 = DATE_TIME_ROLE ('creation_date');
#20290 = CALENDAR_DATE (2019, 16, 1);
#20300 = COORDINATED_UNIVERSAL_TIME_OFFSET (0, $, .AHEAD.);
#20310 = LOCAL_TIME (10, 50, 15., #20300);
#20320 = DATE_AND_TIME (#20290, #20310);
#20330 = CC_DESIGN_DATE_AND_TIME_ASSIGNMENT (#20320, #20280, (#20140));
#20340 = PERSON_AND_ORGANIZATION_ROLE ('creator');
#20350 = PERSON ('', '', $, $, $, $);
#20360 = ORGANIZATION ($, '', '');
#20370 = PERSON_AND_ORGANIZATION (#20350, #20360);
#20380 = CC_DESIGN_PERSON_AND_ORGANIZATION_ASSIGNMENT (#20370, #20340, (#20140));
#20390 = PRODUCT_DEFINITION_SHAPE ('', '', #20140);
#20400 = SHAPE_DEFINITION_REPRESENTATION (#20390, #19510);
#20410 = CARTESIAN_POINT ('', (-60., -60., 0.));
#20420 = VERTEX_POINT ('', #20410);
#20430 = CARTESIAN_POINT ('', (60., -60., 0.));
#20440 = VERTEX_POINT ('', #20430);
#20450 = CARTESIAN_POINT ('', (-60., -60., 0.));
#20460 = CARTESIAN_POINT ('', (-20., -60., 0.));
#20470 = CARTESIAN_POINT ('', (20., -60., 0.));
#20480 = CARTESIAN_POINT ('', (60., -60., 0.));
#20490 = B_SPLINE_CURVE_WITH_KNOTS ('', 3, (#20450, #20460, #20470, #20480), .UNSPECIFIED., .F., .U., (4, 4), (0., 120.), .UNSPECIFIED.);
#20500 = EDGE_CURVE ('', #20420, #20440, #20490, .T.);
#20510 = ORIENTED_EDGE ('', *, *, #20500, .T.);
#20520 = CARTESIAN_POINT ('', (60., 60., 0.));
#20530 = VERTEX_POINT ('', #20520);
#20540 = CARTESIAN_POINT ('', (60., -60., 0.));
#20550 = CARTESIAN_POINT ('', (60., -20., 0.));
#20560 = CARTESIAN_POINT ('', (60., 20., 0.));
#20570 = CARTESIAN_POINT ('', (60., 60., 0.));
#20580 = B_SPLINE_CURVE_WITH_KNOTS ('', 3, (#20540, #20550, #20560, #20570), .UNSPECIFIED., .F., .U., (4, 4), (0., 120.), .UNSPECIFIED.);
#20590 = EDGE_CURVE ('', #20440, #20530, #20580, .T.);
#20600 = ORIENTED_EDGE ('', *, *, #20590, .T.);
#20610 = CARTESIAN_POINT ('', (-60., 60., 0.));
#20620 = VERTEX_POINT ('', #20610);
#20630 = CARTESIAN_POINT ('', (60., 60., 0.));
#20640 = CARTESIAN_POINT ('', (20., 60., 0.));
#20650 = CARTESIAN_POINT ('', (-20., 60., 0.));
#20660 = CARTESIAN_POINT ('', (-60., 60., 0.));
#20670 = B_SPLINE_CURVE_WITH_KNOTS ('', 3, (#20630, #20640, #20650, #20660), .UNSPECIFIED., .F., .U., (4, 4), (0., 120.), .UNSPECIFIED.);
#20680 = EDGE_CURVE ('', #20530, #20620, #20670, .T.);
#20690 = ORIENTED_EDGE ('', *, *, #20680, .T.);
#20700 = CARTESIAN_POINT ('', (-60., 60., 0.));
#20710 = CARTESIAN_POINT ('', (-60., 20., 0.));
#20720 = CARTESIAN_POINT ('', (-60., -20., 0.));
#20730 = CARTESIAN_POINT ('', (-60., -60., 0.));
#20740 = B_SPLINE_CURVE_WITH_KNOTS ('', 3, (#20700, #20710, #20720, #20730), .UNSPECIFIED., .F., .U., (4, 4), (0., 120.), .UNSPECIFIED.);
#20750 = EDGE_CURVE ('', #20620, #20420, #20740, .T.);
#20760 = ORIENTED_EDGE ('', *, *, #20750, .T.);
#20770 = EDGE_LOOP ('', (#20510, #20600, #20690, #20760));
#20780 = FACE_OUTER_BOUND ('', #20770, .T.);
#20790 = CARTESIAN_POINT ('', (-60., -60., 0.));
#20800 = CARTESIAN_POINT ('', (-60., 60., 0.));
#20810 = CARTESIAN_POINT ('', (60., -60., 0.));
#20820 = CARTESIAN_POINT ('', (60., 60., 0.));
#20830 = B_SPLINE_SURFACE_WITH_KNOTS ('', 1, 1, ((#20790, #20800), (#20810, #20820)), .UNSPECIFIED., .F., .F., .U., (2, 2), (2, 2), (0.00141022484417187, 0.998589775155828), (0.00141022484417187, 0.998589775155828), .UNSPECIFIED.);
#20840 = ADVANCED_FACE ('', (#20780), #20830, .T.);
#20850 = OPEN_SHELL ('', (#20840));
#20860 = SHELL_BASED_SURFACE_MODEL ('', (#20850));
#20870 = (
   LENGTH_UNIT ()
   NAMED_UNIT (*)
   SI_UNIT (.MILLI., .METRE.)
);
#20880 = (
   NAMED_UNIT (*)
   SI_UNIT ($, .STERADIAN.)
   SOLID_ANGLE_UNIT ()
);
#20890 = (
   NAMED_UNIT (*)
   SI_UNIT ($, .RADIAN.)
   PLANE_ANGLE_UNIT ()
);
#20900 = UNCERTAINTY_MEASURE_WITH_UNIT (LENGTH_MEASURE(1.E-5), #20870, 'DISTANCE_ACCURACY_VALUE', '');
#20910 = (
   GEOMETRIC_REPRESENTATION_CONTEXT (3)
   GLOBAL_UNCERTAINTY_ASSIGNED_CONTEXT ((#20900))
   GLOBAL_UNIT_ASSIGNED_CONTEXT ((#20870, #20880, #20890))
   REPRESENTATION_CONTEXT ('', '3D')
);
#20920 = MANIFOLD_SURFACE_SHAPE_REPRESENTATION ('', (#20860), #20910);
#20930 = APPLICATION_CONTEXT ('configuration controlled 3D designs of mechanical parts and assemblies');
#20940 = APPLICATION_PROTOCOL_DEFINITION ('International Standard', 'config_control_design', 1997, #20930);
#20950 = MECHANICAL_CONTEXT ('', #20930, 'mechanical');
#20960 = PRODUCT ('product-name', '', '', (#20950));
#20970 = PERSON_AND_ORGANIZATION_ROLE ('design_owner');
#20980 = PERSON ('', '', $, $, $, $);
#20990 = ORGANIZATION ($, '', '');
#21000 = PERSON_AND_ORGANIZATION (#20980, #20990);
#21010 = CC_DESIGN_PERSON_AND_ORGANIZATION_ASSIGNMENT (#21000, #20970, (#20960));
#21020 = PRODUCT_RELATED_PRODUCT_CATEGORY ('detail', $, (#20960));
#21030 = PRODUCT_DEFINITION_FORMATION_WITH_SPECIFIED_SOURCE ('', '', #20960, .NOT_KNOWN.);
#21040 = APPROVAL_STATUS ('approved');
#21050 = APPROVAL (#21040, '');
#21060 = CALENDAR_DATE (2019, 16, 1);
#21070 = COORDINATED_UNIVERSAL_TIME_OFFSET (0, $, .AHEAD.);
#21080 = LOCAL_TIME (10, 50, 15., #21070);
#21090 = DATE_AND_TIME (#21060, #21080);
#21100 = APPROVAL_DATE_TIME (#21090, #21050);
#21110 = APPROVAL_ROLE ('');
#21120 = PERSON ('', '', $, $, $, $);
#21130 = ORGANIZATION ($, '', '');
#21140 = PERSON_AND_ORGANIZATION (#21120, #21130);
#21150 = APPROVAL_PERSON_ORGANIZATION (#21140, #21050, #21110);
#21160 = CC_DESIGN_APPROVAL (#21050, (#21030));
#21170 = PERSON_AND_ORGANIZATION_ROLE ('creator');
#21180 = PERSON ('', '', $, $, $, $);
#21190 = ORGANIZATION ($, '', '');
#21200 = PERSON_AND_ORGANIZATION (#21180, #21190);
#21210 = CC_DESIGN_PERSON_AND_ORGANIZATION_ASSIGNMENT (#21200, #21170, (#21030));
#21220 = PERSON_AND_ORGANIZATION_ROLE ('part_supplier');
#21230 = PERSON ('', '', $, $, $, $);
#21240 = ORGANIZATION ($, '', '');
#21250 = PERSON_AND_ORGANIZATION (#21230, #21240);
#21260 = CC_DESIGN_PERSON_AND_ORGANIZATION_ASSIGNMENT (#21250, #21220, (#21030));
#21270 = SECURITY_CLASSIFICATION_LEVEL ('unclassified');
#21280 = SECURITY_CLASSIFICATION ('', '', #21270);
#21290 = APPROVAL_STATUS ('approved');
#21300 = APPROVAL (#21290, '');
#21310 = CALENDAR_DATE (2019, 16, 1);
#21320 = COORDINATED_UNIVERSAL_TIME_OFFSET (0, $, .AHEAD.);
#21330 = LOCAL_TIME (10, 50, 15., #21320);
#21340 = DATE_AND_TIME (#21310, #21330);
#21350 = APPROVAL_DATE_TIME (#21340, #21300);
#21360 = APPROVAL_ROLE ('');
#21370 = PERSON ('', '', $, $, $, $);
#21380 = ORGANIZATION ($, '', '');
#21390 = PERSON_AND_ORGANIZATION (#21370, #21380);
#21400 = APPROVAL_PERSON_ORGANIZATION (#21390, #21300, #21360);
#21410 = CC_DESIGN_APPROVAL (#21300, (#21280));
#21420 = DATE_TIME_ROLE ('classification_date');
#21430 = CALENDAR_DATE (2019, 16, 1);
#21440 = COORDINATED_UNIVERSAL_TIME_OFFSET (0, $, .AHEAD.);
#21450 = LOCAL_TIME (10, 50, 15., #21440);
#21460 = DATE_AND_TIME (#21430, #21450);
#21470 = CC_DESIGN_DATE_AND_TIME_ASSIGNMENT (#21460, #21420, (#21280));
#21480 = PERSON_AND_ORGANIZATION_ROLE ('classification_officer');
#21490 = PERSON ('', '', $, $, $, $);
#21500 = ORGANIZATION ($, '', '');
#21510 = PERSON_AND_ORGANIZATION (#21490, #21500);
#21520 = CC_DESIGN_PERSON_AND_ORGANIZATION_ASSIGNMENT (#21510, #21480, (#21280));
#21530 = CC_DESIGN_SECURITY_CLASSIFICATION (#21280, (#21030));
#21540 = DESIGN_CONTEXT ('', #20930, 'design');
#21550 = PRODUCT_DEFINITION ('', '', #21030, #21540);
#21560 = APPROVAL_STATUS ('approved');
#21570 = APPROVAL (#21560, '');
#21580 = CALENDAR_DATE (2019, 16, 1);
#21590 = COORDINATED_UNIVERSAL_TIME_OFFSET (0, $, .AHEAD.);
#21600 = LOCAL_TIME (10, 50, 15., #21590);
#21610 = DATE_AND_TIME (#21580, #21600);
#21620 = APPROVAL_DATE_TIME (#21610, #21570);
#21630 = APPROVAL_ROLE ('');
#21640 = PERSON ('', '', $, $, $, $);
#21650 = ORGANIZATION ($, '', '');
#21660 = PERSON_AND_ORGANIZATION (#21640, #21650);
#21670 = APPROVAL_PERSON_ORGANIZATION (#21660, #21570, #21630);
#21680 = CC_DESIGN_APPROVAL (#21570, (#21550));
#21690 = DATE_TIME_ROLE ('creation_date');
#21700 = CALENDAR_DATE (2019, 16, 1);
#21710 = COORDINATED_UNIVERSAL_TIME_OFFSET (0, $, .AHEAD.);
#21720 = LOCAL_TIME (10, 50, 15., #21710);
#21730 = DATE_AND_TIME (#21700, #21720);
#21740 = CC_DESIGN_DATE_AND_TIME_ASSIGNMENT (#21730, #21690, (#21550));
#21750 = PERSON_AND_ORGANIZATION_ROLE ('creator');
#21760 = PERSON ('', '', $, $, $, $);
#21770 = ORGANIZATION ($, '', '');
#21780 = PERSON_AND_ORGANIZATION (#21760, #21770);
#21790 = CC_DESIGN_PERSON_AND_ORGANIZATION_ASSIGNMENT (#21780, #21750, (#21550));
#21800 = PRODUCT_DEFINITION_SHAPE ('', '', #21550);
#21810 = SHAPE_DEFINITION_REPRESENTATION (#21800, #20920);
#21820 = GEOMETRIC_CURVE_SET ('', (#30, #60, #90, #120, #150, #180, #210, #240, #270, #300, #330, #360, #390, #420, #450, #480, #510, #540, #570, #600));
#21830 = (
   LENGTH_UNIT ()
   NAMED_UNIT (*)
   SI_UNIT (.MILLI., .METRE.)
);
#21840 = (
   NAMED_UNIT (*)
   SI_UNIT ($, .STERADIAN.)
   SOLID_ANGLE_UNIT ()
);
#21850 = (
   NAMED_UNIT (*)
   SI_UNIT ($, .RADIAN.)
   PLANE_ANGLE_UNIT ()
);
#21860 = UNCERTAINTY_MEASURE_WITH_UNIT (LENGTH_MEASURE(1.E-5), #21830, 'DISTANCE_ACCURACY_VALUE', '');
#21870 = (
   GEOMETRIC_REPRESENTATION_CONTEXT (3)
   GLOBAL_UNCERTAINTY_ASSIGNED_CONTEXT ((#21860))
   GLOBAL_UNIT_ASSIGNED_CONTEXT ((#21830, #21840, #21850))
   REPRESENTATION_CONTEXT ('', '3D')
);
#21880 = GEOMETRICALLY_BOUNDED_WIREFRAME_SHAPE_REPRESENTATION ('', (#21820), #21870);
#21890 = APPLICATION_CONTEXT ('configuration controlled 3D designs of mechanical parts and assemblies');
#21900 = APPLICATION_PROTOCOL_DEFINITION ('International Standard', 'config_control_design', 1997, #21890);
#21910 = MECHANICAL_CONTEXT ('', #21890, 'mechanical');
#21920 = PRODUCT ('product-name', '', '', (#21910));
#21930 = PERSON_AND_ORGANIZATION_ROLE ('design_owner');
#21940 = PERSON ('', '', $, $, $, $);
#21950 = ORGANIZATION ($, '', '');
#21960 = PERSON_AND_ORGANIZATION (#21940, #21950);
#21970 = CC_DESIGN_PERSON_AND_ORGANIZATION_ASSIGNMENT (#21960, #21930, (#21920));
#21980 = PRODUCT_RELATED_PRODUCT_CATEGORY ('detail', $, (#21920));
#21990 = PRODUCT_DEFINITION_FORMATION_WITH_SPECIFIED_SOURCE ('', '', #21920, .NOT_KNOWN.);
#22000 = APPROVAL_STATUS ('approved');
#22010 = APPROVAL (#22000, '');
#22020 = CALENDAR_DATE (2019, 16, 1);
#22030 = COORDINATED_UNIVERSAL_TIME_OFFSET (0, $, .AHEAD.);
#22040 = LOCAL_TIME (10, 50, 15., #22030);
#22050 = DATE_AND_TIME (#22020, #22040);
#22060 = APPROVAL_DATE_TIME (#22050, #22010);
#22070 = APPROVAL_ROLE ('');
#22080 = PERSON ('', '', $, $, $, $);
#22090 = ORGANIZATION ($, '', '');
#22100 = PERSON_AND_ORGANIZATION (#22080, #22090);
#22110 = APPROVAL_PERSON_ORGANIZATION (#22100, #22010, #22070);
#22120 = CC_DESIGN_APPROVAL (#22010, (#21990));
#22130 = PERSON_AND_ORGANIZATION_ROLE ('creator');
#22140 = PERSON ('', '', $, $, $, $);
#22150 = ORGANIZATION ($, '', '');
#22160 = PERSON_AND_ORGANIZATION (#22140, #22150);
#22170 = CC_DESIGN_PERSON_AND_ORGANIZATION_ASSIGNMENT (#22160, #22130, (#21990));
#22180 = PERSON_AND_ORGANIZATION_ROLE ('part_supplier');
#22190 = PERSON ('', '', $, $, $, $);
#22200 = ORGANIZATION ($, '', '');
#22210 = PERSON_AND_ORGANIZATION (#22190, #22200);
#22220 = CC_DESIGN_PERSON_AND_ORGANIZATION_ASSIGNMENT (#22210, #22180, (#21990));
#22230 = SECURITY_CLASSIFICATION_LEVEL ('unclassified');
#22240 = SECURITY_CLASSIFICATION ('', '', #22230);
#22250 = APPROVAL_STATUS ('approved');
#22260 = APPROVAL (#22250, '');
#22270 = CALENDAR_DATE (2019, 16, 1);
#22280 = COORDINATED_UNIVERSAL_TIME_OFFSET (0, $, .AHEAD.);
#22290 = LOCAL_TIME (10, 50, 15., #22280);
#22300 = DATE_AND_TIME (#22270, #22290);
#22310 = APPROVAL_DATE_TIME (#22300, #22260);
#22320 = APPROVAL_ROLE ('');
#22330 = PERSON ('', '', $, $, $, $);
#22340 = ORGANIZATION ($, '', '');
#22350 = PERSON_AND_ORGANIZATION (#22330, #22340);
#22360 = APPROVAL_PERSON_ORGANIZATION (#22350, #22260, #22320);
#22370 = CC_DESIGN_APPROVAL (#22260, (#22240));
#22380 = DATE_TIME_ROLE ('classification_date');
#22390 = CALENDAR_DATE (2019, 16, 1);
#22400 = COORDINATED_UNIVERSAL_TIME_OFFSET (0, $, .AHEAD.);
#22410 = LOCAL_TIME (10, 50, 15., #22400);
#22420 = DATE_AND_TIME (#22390, #22410);
#22430 = CC_DESIGN_DATE_AND_TIME_ASSIGNMENT (#22420, #22380, (#22240));
#22440 = PERSON_AND_ORGANIZATION_ROLE ('classification_officer');
#22450 = PERSON ('', '', $, $, $, $);
#22460 = ORGANIZATION ($, '', '');
#22470 = PERSON_AND_ORGANIZATION (#22450, #22460);
#22480 = CC_DESIGN_PERSON_AND_ORGANIZATION_ASSIGNMENT (#22470, #22440, (#22240));
#22490 = CC_DESIGN_SECURITY_CLASSIFICATION (#22240, (#21990));
#22500 = DESIGN_CONTEXT ('', #21890, 'design');
#22510 = PRODUCT_DEFINITION ('', '', #21990, #22500);
#22520 = APPROVAL_STATUS ('approved');
#22530 = APPROVAL (#22520, '');
#22540 = CALENDAR_DATE (2019, 16, 1);
#22550 = COORDINATED_UNIVERSAL_TIME_OFFSET (0, $, .AHEAD.);
#22560 = LOCAL_TIME (10, 50, 15., #22550);
#22570 = DATE_AND_TIME (#22540, #22560);
#22580 = APPROVAL_DATE_TIME (#22570, #22530);
#22590 = APPROVAL_ROLE ('');
#22600 = PERSON ('', '', $, $, $, $);
#22610 = ORGANIZATION ($, '', '');
#22620 = PERSON_AND_ORGANIZATION (#22600, #22610);
#22630 = APPROVAL_PERSON_ORGANIZATION (#22620, #22530, #22590);
#22640 = CC_DESIGN_APPROVAL (#22530, (#22510));
#22650 = DATE_TIME_ROLE ('creation_date');
#22660 = CALENDAR_DATE (2019, 16, 1);
#22670 = COORDINATED_UNIVERSAL_TIME_OFFSET (0, $, .AHEAD.);
#22680 = LOCAL_TIME (10, 50, 15., #22670);
#22690 = DATE_AND_TIME (#22660, #22680);
#22700 = CC_DESIGN_DATE_AND_TIME_ASSIGNMENT (#22690, #22650, (#22510));
#22710 = PERSON_AND_ORGANIZATION_ROLE ('creator');
#22720 = PERSON ('', '', $, $, $, $);
#22730 = ORGANIZATION ($, '', '');
#22740 = PERSON_AND_ORGANIZATION (#22720, #22730);
#22750 = CC_DESIGN_PERSON_AND_ORGANIZATION_ASSIGNMENT (#22740, #22710, (#22510));
#22760 = PRODUCT_DEFINITION_SHAPE ('', '', #22510);
#22770 = SHAPE_DEFINITION_REPRESENTATION (#22760, #21880);
ENDSEC;
END-ISO-10303-21;
