{
    "anchorpoints": [],
    "portpins": [
        {
            "name": "1",
            "position": [
                160.80580400005485,
                -84.31999999211578,
                -1.0290810000000001
            ],
            "rotation": [
                0.0,
                0.0,
                -1.0,
                -0.0,
                1.0,
                0.0,
                1.0,
                0.0,
                0.0
            ]
        },
        {
            "name": "2",
            "position": [
                183.6658040000548,
                -76.91472832165114,
                -1.0290810000000001
            ],
            "rotation": [
                0.0,
                0.0,
                1.0,
                0.0,
                1.0,
                0.0,
                -1.0,
                -0.0,
                -0.0
            ]
        },
        {
            "name": "3",
            "position": [
                183.6658040000548,
                -91.72603167834886,
                -1.0290810000000001
            ],
            "rotation": [
                0.0,
                0.0,
                1.0,
                0.0,
                1.0,
                0.0,
                -1.0,
                -0.0,
                -0.0
            ]
        }
    ],
    "version": 7
}