{
    "anchorpoints": [],
    "portpins": [
        {
            "name": "1",
            "position": [
                149.42883499972316,
                -77.90179999593991,
                -1.0290810000000001
            ],
            "rotation": [
                0.0,
                0.0,
                -1.0,
                -0.0,
                1.0,
                0.0,
                1.0,
                0.0,
                0.0
            ]
        },
        {
            "name": "2",
            "position": [
                174.32083499972316,
                -70.60045703355418,
                -1.0290810000000001
            ],
            "rotation": [
                0.0,
                0.0,
                1.0,
                0.0,
                1.0,
                0.0,
                -1.0,
                -0.0,
                -0.0
            ]
        },
        {
            "name": "3",
            "position": [
                174.32083499972316,
                -85.19315115329442,
                -1.0290810000000001
            ],
            "rotation": [
                0.0,
                0.0,
                1.0,
                0.0,
                1.0,
                0.0,
                -1.0,
                -0.0,
                -0.0
            ]
        }
    ],
    "version": 7
}